date,heure,timestamp,type,nom,velos_dispo,bornes_libres,total,taux_occupation_places,lat,lon
2026-03-20,00:37:54,2026-03-20T00:37:54+01:00,STATION,"Rue Jules Ferry - Gare Saint-Roch",3,9,12,0.25,43.605366,3.881346
2026-03-20,00:37:54,2026-03-20T00:37:54+01:00,STATION,"Comédie",13,7,20,0.65,43.608148,3.878778
2026-03-20,00:37:54,2026-03-20T00:37:54+01:00,STATION,"Hôtel de Ville",13,3,16,0.8125,43.599088,3.894866
2026-03-20,00:37:54,2026-03-20T00:37:54+01:00,STATION,"Corum",10,2,12,0.8333333333333334,43.613989,3.8816
2026-03-20,00:37:54,2026-03-20T00:37:54+01:00,STATION,"Place Albert 1er - St Charles",10,17,27,0.37037037037037035,43.616768,3.873375
2026-03-20,00:37:54,2026-03-20T00:37:54+01:00,STATION,"Foch",5,3,8,0.625,43.610989,3.873345
2026-03-20,00:37:54,2026-03-20T00:37:54+01:00,STATION,"Halles Castellane",0,12,12,0.0,43.609935,3.877208
2026-03-20,00:37:54,2026-03-20T00:37:54+01:00,STATION,"Observatoire",8,0,8,1.0,43.606301,3.87724
2026-03-20,00:37:54,2026-03-20T00:37:54+01:00,STATION,"Rondelet",10,6,16,0.625,43.603038,3.875796
2026-03-20,00:37:54,2026-03-20T00:37:54+01:00,STATION,"Plan Cabanes",11,1,12,0.9166666666666666,43.608491,3.868389
2026-03-20,00:37:54,2026-03-20T00:37:54+01:00,STATION,"Boutonnet",9,3,12,0.75,43.622629,3.868375
2026-03-20,00:37:54,2026-03-20T00:37:54+01:00,STATION,"Emile Combes",6,2,8,0.75,43.616742,3.87998
2026-03-20,00:37:54,2026-03-20T00:37:54+01:00,STATION,"Beaux-Arts",4,12,16,0.25,43.616698,3.884981
2026-03-20,00:37:54,2026-03-20T00:37:54+01:00,STATION,"Les Aubes",3,5,8,0.375,43.618692,3.893844
2026-03-20,00:37:54,2026-03-20T00:37:54+01:00,STATION,"Antigone centre",9,3,12,0.75,43.607942,3.890634
2026-03-20,00:37:54,2026-03-20T00:37:54+01:00,STATION,"Médiathèque Emile Zola",8,8,16,0.5,43.608218,3.89314
2026-03-20,00:37:54,2026-03-20T00:37:54+01:00,STATION,"Nombre d Or",6,10,16,0.375,43.607859,3.886644
2026-03-20,00:37:54,2026-03-20T00:37:54+01:00,STATION,"Louis Blanc",14,2,16,0.875,43.614642,3.877648
2026-03-20,00:37:54,2026-03-20T00:37:54+01:00,STATION,"Gambetta",8,0,8,1.0,43.607106,3.870693
2026-03-20,00:37:54,2026-03-20T00:37:54+01:00,STATION,"Port Marianne",6,10,16,0.375,43.60032,3.89851
2026-03-20,00:37:54,2026-03-20T00:37:54+01:00,STATION,"Les Arceaux",3,5,8,0.375,43.612659,3.867734
2026-03-20,00:37:54,2026-03-20T00:37:54+01:00,STATION,"Cité Mion",2,4,8,0.5,43.601143,3.884373
2026-03-20,00:37:54,2026-03-20T00:37:54+01:00,STATION,"Nouveau Saint-Roch",6,2,8,0.75,43.599817,3.875757
2026-03-20,00:37:54,2026-03-20T00:37:54+01:00,STATION,"Renouvier",7,0,8,1.0,43.603553,3.867884
2026-03-20,00:37:54,2026-03-20T00:37:54+01:00,STATION,"Odysseum",0,8,8,0.0,43.603727,3.918979
2026-03-20,00:37:54,2026-03-20T00:37:54+01:00,STATION,"Saint-Denis",0,8,8,0.0,43.605021,3.875065
2026-03-20,00:37:54,2026-03-20T00:37:54+01:00,STATION,"Richter",7,9,16,0.4375,43.603424,3.899263
2026-03-20,00:37:54,2026-03-20T00:37:54+01:00,STATION,"Charles Flahault",0,8,8,0.0,43.622038,3.86672
2026-03-20,00:37:54,2026-03-20T00:37:54+01:00,STATION,"Voltaire",2,6,8,0.25,43.603767,3.888659
2026-03-20,00:37:54,2026-03-20T00:37:54+01:00,STATION,"Prés d Arènes",5,3,8,0.625,43.59048,3.884611
2026-03-20,00:37:54,2026-03-20T00:37:54+01:00,STATION,"Garcia Lorca",6,2,8,0.75,43.590757,3.890616
2026-03-20,00:37:54,2026-03-20T00:37:54+01:00,STATION,"Vert Bois",3,13,16,0.1875,43.63543,3.871179
2026-03-20,00:37:54,2026-03-20T00:37:54+01:00,STATION,"Malbosc",4,4,8,0.5,43.633679,3.832861
2026-03-20,00:37:54,2026-03-20T00:37:54+01:00,STATION,"Occitanie",0,32,32,0.0,43.635689,3.849597
2026-03-20,00:37:54,2026-03-20T00:37:54+01:00,STATION,"Fac des Sciences",1,23,24,0.041666666666666664,43.631318,3.861299
2026-03-20,00:37:54,2026-03-20T00:37:54+01:00,STATION,"Fac de Lettres",6,6,12,0.5,43.630437,3.869539
2026-03-20,00:37:54,2026-03-20T00:37:54+01:00,STATION,"Aiguelongue",3,4,8,0.5,43.626163,3.882492
2026-03-20,00:37:54,2026-03-20T00:37:54+01:00,STATION,"Jeu de Mail des Abbés",4,4,8,0.5,43.619701,3.883831
2026-03-20,00:37:54,2026-03-20T00:37:54+01:00,STATION,"Euromédecine",1,7,8,0.125,43.639119,3.828199
2026-03-20,00:37:54,2026-03-20T00:37:54+01:00,STATION,"Marie Caizergues",3,5,8,0.375,43.619871,3.873812
2026-03-20,00:37:54,2026-03-20T00:37:54+01:00,STATION,"Sabines",2,6,8,0.25,43.584211,3.860031
2026-03-20,00:37:54,2026-03-20T00:37:54+01:00,STATION,"Celleneuve",2,6,8,0.25,43.61467,3.832624
2026-03-20,00:37:54,2026-03-20T00:37:54+01:00,STATION,"Jardin de la Lironde",5,3,8,0.625,43.60585,3.911576
2026-03-20,00:37:54,2026-03-20T00:37:54+01:00,STATION,"Père Soulas",3,5,8,0.375,43.621983,3.855603
2026-03-20,00:37:54,2026-03-20T00:37:54+01:00,STATION,"Place Viala",3,5,8,0.375,43.616812,3.855075
2026-03-20,00:37:54,2026-03-20T00:37:54+01:00,STATION,"Hôtel du Département",4,4,8,0.5,43.621682,3.83477
2026-03-20,00:37:54,2026-03-20T00:37:54+01:00,STATION,"Tonnelles",5,3,8,0.625,43.615155,3.839466
2026-03-20,00:37:54,2026-03-20T00:37:54+01:00,STATION,"Parvis Jules Ferry - Gare Saint-Roch",4,4,8,0.5,43.603889,3.879362
2026-03-20,00:37:54,2026-03-20T00:37:54+01:00,STATION,"Pont de Lattes - Gare Saint-Roch",1,11,12,0.08333333333333333,43.606036,3.882393
2026-03-20,00:37:54,2026-03-20T00:37:54+01:00,STATION,"Deux Ponts - Gare Saint-Roch",0,8,8,0.0,43.604319,3.880916
2026-03-20,00:37:54,2026-03-20T00:37:54+01:00,STATION,"Providence - Ovalie",5,3,8,0.625,43.588239,3.853421
2026-03-20,00:37:54,2026-03-20T00:37:54+01:00,STATION,"Pérols Etang de l Or",48,20,68,0.7058823529411765,43.558351,3.963412
2026-03-20,00:37:54,2026-03-20T00:37:54+01:00,STATION,"Albert 1er - Cathédrale",4,8,12,0.3333333333333333,43.614005,3.873218
2026-03-20,00:37:54,2026-03-20T00:37:54+01:00,STATION,"Saint-Guilhem - Courreau",2,6,8,0.25,43.608996,3.872752
2026-03-20,00:37:54,2026-03-20T00:37:54+01:00,STATION,"Sud De France",6,2,8,0.75,43.59562,3.9235
2026-03-20,00:37:54,2026-03-20T00:37:54+01:00,STATION,"Comedie Baudin",0,8,8,0.0,43.608717,3.880787
2026-03-20,00:37:54,2026-03-20T00:37:54+01:00,STATION,"Jean de Beins",6,10,16,0.375,43.609857,3.883884
2026-03-20,03:06:20,2026-03-20T03:06:20+01:00,STATION,"Rue Jules Ferry - Gare Saint-Roch",2,10,12,0.16666666666666666,43.605366,3.881346
2026-03-20,03:06:20,2026-03-20T03:06:20+01:00,STATION,"Comédie",4,16,20,0.2,43.608148,3.878778
2026-03-20,03:06:20,2026-03-20T03:06:20+01:00,STATION,"Hôtel de Ville",12,4,16,0.75,43.599088,3.894866
2026-03-20,03:06:20,2026-03-20T03:06:20+01:00,STATION,"Corum",7,5,12,0.5833333333333334,43.613989,3.8816
2026-03-20,03:06:20,2026-03-20T03:06:20+01:00,STATION,"Place Albert 1er - St Charles",5,22,27,0.18518518518518517,43.616768,3.873375
2026-03-20,03:06:20,2026-03-20T03:06:20+01:00,STATION,"Foch",5,3,8,0.625,43.610989,3.873345
2026-03-20,03:06:20,2026-03-20T03:06:20+01:00,STATION,"Halles Castellane",0,12,12,0.0,43.609935,3.877208
2026-03-20,03:06:20,2026-03-20T03:06:20+01:00,STATION,"Observatoire",2,5,8,0.375,43.606301,3.87724
2026-03-20,03:06:20,2026-03-20T03:06:20+01:00,STATION,"Rondelet",10,6,16,0.625,43.603038,3.875796
2026-03-20,03:06:20,2026-03-20T03:06:20+01:00,STATION,"Plan Cabanes",11,1,12,0.9166666666666666,43.608491,3.868389
2026-03-20,03:06:20,2026-03-20T03:06:20+01:00,STATION,"Boutonnet",9,3,12,0.75,43.622629,3.868375
2026-03-20,03:06:20,2026-03-20T03:06:20+01:00,STATION,"Emile Combes",6,2,8,0.75,43.616742,3.87998
2026-03-20,03:06:20,2026-03-20T03:06:20+01:00,STATION,"Beaux-Arts",4,12,16,0.25,43.616698,3.884981
2026-03-20,03:06:20,2026-03-20T03:06:20+01:00,STATION,"Les Aubes",3,5,8,0.375,43.618692,3.893844
2026-03-20,03:06:20,2026-03-20T03:06:20+01:00,STATION,"Antigone centre",9,3,12,0.75,43.607942,3.890634
2026-03-20,03:06:20,2026-03-20T03:06:20+01:00,STATION,"Médiathèque Emile Zola",3,13,16,0.1875,43.608218,3.89314
2026-03-20,03:06:20,2026-03-20T03:06:20+01:00,STATION,"Nombre d Or",6,10,16,0.375,43.607859,3.886644
2026-03-20,03:06:20,2026-03-20T03:06:20+01:00,STATION,"Louis Blanc",6,10,16,0.375,43.614642,3.877648
2026-03-20,03:06:20,2026-03-20T03:06:20+01:00,STATION,"Gambetta",7,1,8,0.875,43.607106,3.870693
2026-03-20,03:06:20,2026-03-20T03:06:20+01:00,STATION,"Port Marianne",5,11,16,0.3125,43.60032,3.89851
2026-03-20,03:06:20,2026-03-20T03:06:20+01:00,STATION,"Les Arceaux",3,5,8,0.375,43.612659,3.867734
2026-03-20,03:06:20,2026-03-20T03:06:20+01:00,STATION,"Cité Mion",2,4,8,0.5,43.601143,3.884373
2026-03-20,03:06:20,2026-03-20T03:06:20+01:00,STATION,"Nouveau Saint-Roch",7,1,8,0.875,43.599817,3.875757
2026-03-20,03:06:20,2026-03-20T03:06:20+01:00,STATION,"Renouvier",6,1,8,0.875,43.603553,3.867884
2026-03-20,03:06:20,2026-03-20T03:06:20+01:00,STATION,"Odysseum",0,8,8,0.0,43.603727,3.918979
2026-03-20,03:06:20,2026-03-20T03:06:20+01:00,STATION,"Saint-Denis",0,8,8,0.0,43.605021,3.875065
2026-03-20,03:06:20,2026-03-20T03:06:20+01:00,STATION,"Richter",12,4,16,0.75,43.603424,3.899263
2026-03-20,03:06:20,2026-03-20T03:06:20+01:00,STATION,"Charles Flahault",0,8,8,0.0,43.622038,3.86672
2026-03-20,03:06:20,2026-03-20T03:06:20+01:00,STATION,"Voltaire",4,4,8,0.5,43.603767,3.888659
2026-03-20,03:06:20,2026-03-20T03:06:20+01:00,STATION,"Prés d Arènes",6,2,8,0.75,43.59048,3.884611
2026-03-20,03:06:20,2026-03-20T03:06:20+01:00,STATION,"Garcia Lorca",7,1,8,0.875,43.590757,3.890616
2026-03-20,03:06:20,2026-03-20T03:06:20+01:00,STATION,"Vert Bois",4,12,16,0.25,43.63543,3.871179
2026-03-20,03:06:20,2026-03-20T03:06:20+01:00,STATION,"Malbosc",4,4,8,0.5,43.633679,3.832861
2026-03-20,03:06:20,2026-03-20T03:06:20+01:00,STATION,"Occitanie",14,18,32,0.4375,43.635689,3.849597
2026-03-20,03:06:20,2026-03-20T03:06:20+01:00,STATION,"Fac des Sciences",6,18,24,0.25,43.631318,3.861299
2026-03-20,03:06:20,2026-03-20T03:06:20+01:00,STATION,"Fac de Lettres",8,4,12,0.6666666666666666,43.630437,3.869539
2026-03-20,03:06:20,2026-03-20T03:06:20+01:00,STATION,"Aiguelongue",3,4,8,0.5,43.626163,3.882492
2026-03-20,03:06:20,2026-03-20T03:06:20+01:00,STATION,"Jeu de Mail des Abbés",4,4,8,0.5,43.619701,3.883831
2026-03-20,03:06:20,2026-03-20T03:06:20+01:00,STATION,"Euromédecine",1,7,8,0.125,43.639119,3.828199
2026-03-20,03:06:20,2026-03-20T03:06:20+01:00,STATION,"Marie Caizergues",3,5,8,0.375,43.619871,3.873812
2026-03-20,03:06:20,2026-03-20T03:06:20+01:00,STATION,"Sabines",2,6,8,0.25,43.584211,3.860031
2026-03-20,03:06:20,2026-03-20T03:06:20+01:00,STATION,"Celleneuve",2,6,8,0.25,43.61467,3.832624
2026-03-20,03:06:20,2026-03-20T03:06:20+01:00,STATION,"Jardin de la Lironde",5,3,8,0.625,43.60585,3.911576
2026-03-20,03:06:20,2026-03-20T03:06:20+01:00,STATION,"Père Soulas",3,5,8,0.375,43.621983,3.855603
2026-03-20,03:06:20,2026-03-20T03:06:20+01:00,STATION,"Place Viala",6,2,8,0.75,43.616812,3.855075
2026-03-20,03:06:20,2026-03-20T03:06:20+01:00,STATION,"Hôtel du Département",4,4,8,0.5,43.621682,3.83477
2026-03-20,03:06:20,2026-03-20T03:06:20+01:00,STATION,"Tonnelles",8,0,8,1.0,43.615155,3.839466
2026-03-20,03:06:20,2026-03-20T03:06:20+01:00,STATION,"Parvis Jules Ferry - Gare Saint-Roch",2,6,8,0.25,43.603889,3.879362
2026-03-20,03:06:20,2026-03-20T03:06:20+01:00,STATION,"Pont de Lattes - Gare Saint-Roch",1,11,12,0.08333333333333333,43.606036,3.882393
2026-03-20,03:06:20,2026-03-20T03:06:20+01:00,STATION,"Deux Ponts - Gare Saint-Roch",0,8,8,0.0,43.604319,3.880916
2026-03-20,03:06:20,2026-03-20T03:06:20+01:00,STATION,"Providence - Ovalie",5,3,8,0.625,43.588239,3.853421
2026-03-20,03:06:20,2026-03-20T03:06:20+01:00,STATION,"Pérols Etang de l Or",48,20,68,0.7058823529411765,43.558351,3.963412
2026-03-20,03:06:20,2026-03-20T03:06:20+01:00,STATION,"Albert 1er - Cathédrale",4,8,12,0.3333333333333333,43.614005,3.873218
2026-03-20,03:06:20,2026-03-20T03:06:20+01:00,STATION,"Saint-Guilhem - Courreau",1,7,8,0.125,43.608996,3.872752
2026-03-20,03:06:20,2026-03-20T03:06:20+01:00,STATION,"Sud De France",6,2,8,0.75,43.59562,3.9235
2026-03-20,03:06:20,2026-03-20T03:06:20+01:00,STATION,"Comedie Baudin",0,8,8,0.0,43.608717,3.880787
2026-03-20,03:06:20,2026-03-20T03:06:20+01:00,STATION,"Jean de Beins",5,11,16,0.3125,43.609857,3.883884
2026-03-20,05:27:22,2026-03-20T05:27:22+01:00,STATION,"Rue Jules Ferry - Gare Saint-Roch",1,11,12,0.08333333333333333,43.605366,3.881346
2026-03-20,05:27:22,2026-03-20T05:27:22+01:00,STATION,"Comédie",5,15,20,0.25,43.608148,3.878778
2026-03-20,05:27:22,2026-03-20T05:27:22+01:00,STATION,"Hôtel de Ville",12,4,16,0.75,43.599088,3.894866
2026-03-20,05:27:22,2026-03-20T05:27:22+01:00,STATION,"Corum",3,9,12,0.25,43.613989,3.8816
2026-03-20,05:27:22,2026-03-20T05:27:22+01:00,STATION,"Place Albert 1er - St Charles",4,23,27,0.14814814814814814,43.616768,3.873375
2026-03-20,05:27:22,2026-03-20T05:27:22+01:00,STATION,"Foch",4,4,8,0.5,43.610989,3.873345
2026-03-20,05:27:22,2026-03-20T05:27:22+01:00,STATION,"Halles Castellane",0,12,12,0.0,43.609935,3.877208
2026-03-20,05:27:22,2026-03-20T05:27:22+01:00,STATION,"Observatoire",5,2,8,0.75,43.606301,3.87724
2026-03-20,05:27:22,2026-03-20T05:27:22+01:00,STATION,"Rondelet",8,8,16,0.5,43.603038,3.875796
2026-03-20,05:27:22,2026-03-20T05:27:22+01:00,STATION,"Plan Cabanes",11,1,12,0.9166666666666666,43.608491,3.868389
2026-03-20,05:27:22,2026-03-20T05:27:22+01:00,STATION,"Boutonnet",11,1,12,0.9166666666666666,43.622629,3.868375
2026-03-20,05:27:22,2026-03-20T05:27:22+01:00,STATION,"Emile Combes",6,2,8,0.75,43.616742,3.87998
2026-03-20,05:27:22,2026-03-20T05:27:22+01:00,STATION,"Beaux-Arts",4,12,16,0.25,43.616698,3.884981
2026-03-20,05:27:22,2026-03-20T05:27:22+01:00,STATION,"Les Aubes",3,5,8,0.375,43.618692,3.893844
2026-03-20,05:27:22,2026-03-20T05:27:22+01:00,STATION,"Antigone centre",9,3,12,0.75,43.607942,3.890634
2026-03-20,05:27:22,2026-03-20T05:27:22+01:00,STATION,"Médiathèque Emile Zola",3,13,16,0.1875,43.608218,3.89314
2026-03-20,05:27:22,2026-03-20T05:27:22+01:00,STATION,"Nombre d Or",6,10,16,0.375,43.607859,3.886644
2026-03-20,05:27:22,2026-03-20T05:27:22+01:00,STATION,"Louis Blanc",5,11,16,0.3125,43.614642,3.877648
2026-03-20,05:27:22,2026-03-20T05:27:22+01:00,STATION,"Gambetta",7,1,8,0.875,43.607106,3.870693
2026-03-20,05:27:22,2026-03-20T05:27:22+01:00,STATION,"Port Marianne",5,11,16,0.3125,43.60032,3.89851
2026-03-20,05:27:22,2026-03-20T05:27:22+01:00,STATION,"Les Arceaux",3,5,8,0.375,43.612659,3.867734
2026-03-20,05:27:22,2026-03-20T05:27:22+01:00,STATION,"Cité Mion",2,4,8,0.5,43.601143,3.884373
2026-03-20,05:27:22,2026-03-20T05:27:22+01:00,STATION,"Nouveau Saint-Roch",6,2,8,0.75,43.599817,3.875757
2026-03-20,05:27:22,2026-03-20T05:27:22+01:00,STATION,"Renouvier",6,1,8,0.875,43.603553,3.867884
2026-03-20,05:27:22,2026-03-20T05:27:22+01:00,STATION,"Odysseum",0,8,8,0.0,43.603727,3.918979
2026-03-20,05:27:22,2026-03-20T05:27:22+01:00,STATION,"Saint-Denis",0,8,8,0.0,43.605021,3.875065
2026-03-20,05:27:22,2026-03-20T05:27:22+01:00,STATION,"Richter",12,4,16,0.75,43.603424,3.899263
2026-03-20,05:27:22,2026-03-20T05:27:22+01:00,STATION,"Charles Flahault",0,8,8,0.0,43.622038,3.86672
2026-03-20,05:27:22,2026-03-20T05:27:22+01:00,STATION,"Voltaire",4,4,8,0.5,43.603767,3.888659
2026-03-20,05:27:22,2026-03-20T05:27:22+01:00,STATION,"Prés d Arènes",6,2,8,0.75,43.59048,3.884611
2026-03-20,05:27:22,2026-03-20T05:27:22+01:00,STATION,"Garcia Lorca",7,1,8,0.875,43.590757,3.890616
2026-03-20,05:27:22,2026-03-20T05:27:22+01:00,STATION,"Vert Bois",4,12,16,0.25,43.63543,3.871179
2026-03-20,05:27:22,2026-03-20T05:27:22+01:00,STATION,"Malbosc",4,4,8,0.5,43.633679,3.832861
2026-03-20,05:27:22,2026-03-20T05:27:22+01:00,STATION,"Occitanie",16,16,32,0.5,43.635689,3.849597
2026-03-20,05:27:22,2026-03-20T05:27:22+01:00,STATION,"Fac des Sciences",9,15,24,0.375,43.631318,3.861299
2026-03-20,05:27:22,2026-03-20T05:27:22+01:00,STATION,"Fac de Lettres",10,2,12,0.8333333333333334,43.630437,3.869539
2026-03-20,05:27:22,2026-03-20T05:27:22+01:00,STATION,"Aiguelongue",4,3,8,0.625,43.626163,3.882492
2026-03-20,05:27:22,2026-03-20T05:27:22+01:00,STATION,"Jeu de Mail des Abbés",4,4,8,0.5,43.619701,3.883831
2026-03-20,05:27:22,2026-03-20T05:27:22+01:00,STATION,"Euromédecine",1,7,8,0.125,43.639119,3.828199
2026-03-20,05:27:22,2026-03-20T05:27:22+01:00,STATION,"Marie Caizergues",3,5,8,0.375,43.619871,3.873812
2026-03-20,05:27:22,2026-03-20T05:27:22+01:00,STATION,"Sabines",2,6,8,0.25,43.584211,3.860031
2026-03-20,05:27:22,2026-03-20T05:27:22+01:00,STATION,"Celleneuve",2,6,8,0.25,43.61467,3.832624
2026-03-20,05:27:22,2026-03-20T05:27:22+01:00,STATION,"Jardin de la Lironde",5,3,8,0.625,43.60585,3.911576
2026-03-20,05:27:22,2026-03-20T05:27:22+01:00,STATION,"Père Soulas",6,2,8,0.75,43.621983,3.855603
2026-03-20,05:27:22,2026-03-20T05:27:22+01:00,STATION,"Place Viala",6,2,8,0.75,43.616812,3.855075
2026-03-20,05:27:22,2026-03-20T05:27:22+01:00,STATION,"Hôtel du Département",4,4,8,0.5,43.621682,3.83477
2026-03-20,05:27:22,2026-03-20T05:27:22+01:00,STATION,"Tonnelles",8,0,8,1.0,43.615155,3.839466
2026-03-20,05:27:22,2026-03-20T05:27:22+01:00,STATION,"Parvis Jules Ferry - Gare Saint-Roch",0,8,8,0.0,43.603889,3.879362
2026-03-20,05:27:22,2026-03-20T05:27:22+01:00,STATION,"Pont de Lattes - Gare Saint-Roch",0,12,12,0.0,43.606036,3.882393
2026-03-20,05:27:22,2026-03-20T05:27:22+01:00,STATION,"Deux Ponts - Gare Saint-Roch",0,8,8,0.0,43.604319,3.880916
2026-03-20,05:27:22,2026-03-20T05:27:22+01:00,STATION,"Providence - Ovalie",5,3,8,0.625,43.588239,3.853421
2026-03-20,05:27:22,2026-03-20T05:27:22+01:00,STATION,"Pérols Etang de l Or",48,20,68,0.7058823529411765,43.558351,3.963412
2026-03-20,05:27:22,2026-03-20T05:27:22+01:00,STATION,"Albert 1er - Cathédrale",2,10,12,0.16666666666666666,43.614005,3.873218
2026-03-20,05:27:22,2026-03-20T05:27:22+01:00,STATION,"Saint-Guilhem - Courreau",1,7,8,0.125,43.608996,3.872752
2026-03-20,05:27:22,2026-03-20T05:27:22+01:00,STATION,"Sud De France",6,2,8,0.75,43.59562,3.9235
2026-03-20,05:27:22,2026-03-20T05:27:22+01:00,STATION,"Comedie Baudin",0,8,8,0.0,43.608717,3.880787
2026-03-20,05:27:22,2026-03-20T05:27:22+01:00,STATION,"Jean de Beins",4,12,16,0.25,43.609857,3.883884
2026-03-20,06:35:57,2026-03-20T06:35:57+01:00,STATION,"Rue Jules Ferry - Gare Saint-Roch",1,11,12,0.08333333333333333,43.605366,3.881346
2026-03-20,06:35:57,2026-03-20T06:35:57+01:00,STATION,"Comédie",5,15,20,0.25,43.608148,3.878778
2026-03-20,06:35:57,2026-03-20T06:35:57+01:00,STATION,"Hôtel de Ville",12,4,16,0.75,43.599088,3.894866
2026-03-20,06:35:57,2026-03-20T06:35:57+01:00,STATION,"Corum",3,9,12,0.25,43.613989,3.8816
2026-03-20,06:35:57,2026-03-20T06:35:57+01:00,STATION,"Place Albert 1er - St Charles",4,23,27,0.14814814814814814,43.616768,3.873375
2026-03-20,06:35:57,2026-03-20T06:35:57+01:00,STATION,"Foch",4,4,8,0.5,43.610989,3.873345
2026-03-20,06:35:57,2026-03-20T06:35:57+01:00,STATION,"Halles Castellane",0,12,12,0.0,43.609935,3.877208
2026-03-20,06:35:57,2026-03-20T06:35:57+01:00,STATION,"Observatoire",5,2,8,0.75,43.606301,3.87724
2026-03-20,06:35:57,2026-03-20T06:35:57+01:00,STATION,"Rondelet",8,8,16,0.5,43.603038,3.875796
2026-03-20,06:35:57,2026-03-20T06:35:57+01:00,STATION,"Plan Cabanes",11,1,12,0.9166666666666666,43.608491,3.868389
2026-03-20,06:35:57,2026-03-20T06:35:57+01:00,STATION,"Boutonnet",11,1,12,0.9166666666666666,43.622629,3.868375
2026-03-20,06:35:57,2026-03-20T06:35:57+01:00,STATION,"Emile Combes",6,2,8,0.75,43.616742,3.87998
2026-03-20,06:35:57,2026-03-20T06:35:57+01:00,STATION,"Beaux-Arts",4,12,16,0.25,43.616698,3.884981
2026-03-20,06:35:57,2026-03-20T06:35:57+01:00,STATION,"Les Aubes",3,5,8,0.375,43.618692,3.893844
2026-03-20,06:35:57,2026-03-20T06:35:57+01:00,STATION,"Antigone centre",9,3,12,0.75,43.607942,3.890634
2026-03-20,06:35:57,2026-03-20T06:35:57+01:00,STATION,"Médiathèque Emile Zola",3,13,16,0.1875,43.608218,3.89314
2026-03-20,06:35:57,2026-03-20T06:35:57+01:00,STATION,"Nombre d Or",6,10,16,0.375,43.607859,3.886644
2026-03-20,06:35:57,2026-03-20T06:35:57+01:00,STATION,"Louis Blanc",6,10,16,0.375,43.614642,3.877648
2026-03-20,06:35:57,2026-03-20T06:35:57+01:00,STATION,"Gambetta",7,1,8,0.875,43.607106,3.870693
2026-03-20,06:35:57,2026-03-20T06:35:57+01:00,STATION,"Port Marianne",5,11,16,0.3125,43.60032,3.89851
2026-03-20,06:35:57,2026-03-20T06:35:57+01:00,STATION,"Les Arceaux",3,5,8,0.375,43.612659,3.867734
2026-03-20,06:35:57,2026-03-20T06:35:57+01:00,STATION,"Cité Mion",2,4,8,0.5,43.601143,3.884373
2026-03-20,06:35:57,2026-03-20T06:35:57+01:00,STATION,"Nouveau Saint-Roch",6,2,8,0.75,43.599817,3.875757
2026-03-20,06:35:57,2026-03-20T06:35:57+01:00,STATION,"Renouvier",6,1,8,0.875,43.603553,3.867884
2026-03-20,06:35:57,2026-03-20T06:35:57+01:00,STATION,"Odysseum",0,8,8,0.0,43.603727,3.918979
2026-03-20,06:35:57,2026-03-20T06:35:57+01:00,STATION,"Saint-Denis",0,8,8,0.0,43.605021,3.875065
2026-03-20,06:35:57,2026-03-20T06:35:57+01:00,STATION,"Richter",12,4,16,0.75,43.603424,3.899263
2026-03-20,06:35:57,2026-03-20T06:35:57+01:00,STATION,"Charles Flahault",0,8,8,0.0,43.622038,3.86672
2026-03-20,06:35:57,2026-03-20T06:35:57+01:00,STATION,"Voltaire",4,4,8,0.5,43.603767,3.888659
2026-03-20,06:35:57,2026-03-20T06:35:57+01:00,STATION,"Prés d Arènes",6,2,8,0.75,43.59048,3.884611
2026-03-20,06:35:57,2026-03-20T06:35:57+01:00,STATION,"Garcia Lorca",7,1,8,0.875,43.590757,3.890616
2026-03-20,06:35:57,2026-03-20T06:35:57+01:00,STATION,"Vert Bois",4,12,16,0.25,43.63543,3.871179
2026-03-20,06:35:57,2026-03-20T06:35:57+01:00,STATION,"Malbosc",4,4,8,0.5,43.633679,3.832861
2026-03-20,06:35:57,2026-03-20T06:35:57+01:00,STATION,"Occitanie",16,16,32,0.5,43.635689,3.849597
2026-03-20,06:35:57,2026-03-20T06:35:57+01:00,STATION,"Fac des Sciences",10,14,24,0.4166666666666667,43.631318,3.861299
2026-03-20,06:35:57,2026-03-20T06:35:57+01:00,STATION,"Fac de Lettres",10,2,12,0.8333333333333334,43.630437,3.869539
2026-03-20,06:35:57,2026-03-20T06:35:57+01:00,STATION,"Aiguelongue",4,3,8,0.625,43.626163,3.882492
2026-03-20,06:35:57,2026-03-20T06:35:57+01:00,STATION,"Jeu de Mail des Abbés",4,4,8,0.5,43.619701,3.883831
2026-03-20,06:35:57,2026-03-20T06:35:57+01:00,STATION,"Euromédecine",1,7,8,0.125,43.639119,3.828199
2026-03-20,06:35:57,2026-03-20T06:35:57+01:00,STATION,"Marie Caizergues",3,5,8,0.375,43.619871,3.873812
2026-03-20,06:35:57,2026-03-20T06:35:57+01:00,STATION,"Sabines",2,6,8,0.25,43.584211,3.860031
2026-03-20,06:35:57,2026-03-20T06:35:57+01:00,STATION,"Celleneuve",2,6,8,0.25,43.61467,3.832624
2026-03-20,06:35:57,2026-03-20T06:35:57+01:00,STATION,"Jardin de la Lironde",5,3,8,0.625,43.60585,3.911576
2026-03-20,06:35:57,2026-03-20T06:35:57+01:00,STATION,"Père Soulas",6,2,8,0.75,43.621983,3.855603
2026-03-20,06:35:57,2026-03-20T06:35:57+01:00,STATION,"Place Viala",6,2,8,0.75,43.616812,3.855075
2026-03-20,06:35:57,2026-03-20T06:35:57+01:00,STATION,"Hôtel du Département",4,4,8,0.5,43.621682,3.83477
2026-03-20,06:35:57,2026-03-20T06:35:57+01:00,STATION,"Tonnelles",8,0,8,1.0,43.615155,3.839466
2026-03-20,06:35:57,2026-03-20T06:35:57+01:00,STATION,"Parvis Jules Ferry - Gare Saint-Roch",0,8,8,0.0,43.603889,3.879362
2026-03-20,06:35:57,2026-03-20T06:35:57+01:00,STATION,"Pont de Lattes - Gare Saint-Roch",0,12,12,0.0,43.606036,3.882393
2026-03-20,06:35:57,2026-03-20T06:35:57+01:00,STATION,"Deux Ponts - Gare Saint-Roch",0,8,8,0.0,43.604319,3.880916
2026-03-20,06:35:57,2026-03-20T06:35:57+01:00,STATION,"Providence - Ovalie",5,3,8,0.625,43.588239,3.853421
2026-03-20,06:35:57,2026-03-20T06:35:57+01:00,STATION,"Pérols Etang de l Or",48,20,68,0.7058823529411765,43.558351,3.963412
2026-03-20,06:35:57,2026-03-20T06:35:57+01:00,STATION,"Albert 1er - Cathédrale",2,10,12,0.16666666666666666,43.614005,3.873218
2026-03-20,06:35:57,2026-03-20T06:35:57+01:00,STATION,"Saint-Guilhem - Courreau",1,7,8,0.125,43.608996,3.872752
2026-03-20,06:35:57,2026-03-20T06:35:57+01:00,STATION,"Sud De France",6,2,8,0.75,43.59562,3.9235
2026-03-20,06:35:57,2026-03-20T06:35:57+01:00,STATION,"Comedie Baudin",0,8,8,0.0,43.608717,3.880787
2026-03-20,06:35:57,2026-03-20T06:35:57+01:00,STATION,"Jean de Beins",4,12,16,0.25,43.609857,3.883884
2026-03-20,07:57:24,2026-03-20T07:57:24+01:00,STATION,"Rue Jules Ferry - Gare Saint-Roch",1,11,12,0.08333333333333333,43.605366,3.881346
2026-03-20,07:57:24,2026-03-20T07:57:24+01:00,STATION,"Comédie",5,15,20,0.25,43.608148,3.878778
2026-03-20,07:57:24,2026-03-20T07:57:24+01:00,STATION,"Hôtel de Ville",12,4,16,0.75,43.599088,3.894866
2026-03-20,07:57:24,2026-03-20T07:57:24+01:00,STATION,"Corum",3,9,12,0.25,43.613989,3.8816
2026-03-20,07:57:24,2026-03-20T07:57:24+01:00,STATION,"Place Albert 1er - St Charles",4,23,27,0.14814814814814814,43.616768,3.873375
2026-03-20,07:57:24,2026-03-20T07:57:24+01:00,STATION,"Foch",4,4,8,0.5,43.610989,3.873345
2026-03-20,07:57:24,2026-03-20T07:57:24+01:00,STATION,"Halles Castellane",0,12,12,0.0,43.609935,3.877208
2026-03-20,07:57:24,2026-03-20T07:57:24+01:00,STATION,"Observatoire",5,2,8,0.75,43.606301,3.87724
2026-03-20,07:57:24,2026-03-20T07:57:24+01:00,STATION,"Rondelet",8,8,16,0.5,43.603038,3.875796
2026-03-20,07:57:24,2026-03-20T07:57:24+01:00,STATION,"Plan Cabanes",12,0,12,1.0,43.608491,3.868389
2026-03-20,07:57:24,2026-03-20T07:57:24+01:00,STATION,"Boutonnet",11,1,12,0.9166666666666666,43.622629,3.868375
2026-03-20,07:57:24,2026-03-20T07:57:24+01:00,STATION,"Emile Combes",6,2,8,0.75,43.616742,3.87998
2026-03-20,07:57:24,2026-03-20T07:57:24+01:00,STATION,"Beaux-Arts",4,12,16,0.25,43.616698,3.884981
2026-03-20,07:57:24,2026-03-20T07:57:24+01:00,STATION,"Les Aubes",3,5,8,0.375,43.618692,3.893844
2026-03-20,07:57:24,2026-03-20T07:57:24+01:00,STATION,"Antigone centre",9,3,12,0.75,43.607942,3.890634
2026-03-20,07:57:24,2026-03-20T07:57:24+01:00,STATION,"Médiathèque Emile Zola",3,13,16,0.1875,43.608218,3.89314
2026-03-20,07:57:24,2026-03-20T07:57:24+01:00,STATION,"Nombre d Or",6,10,16,0.375,43.607859,3.886644
2026-03-20,07:57:24,2026-03-20T07:57:24+01:00,STATION,"Louis Blanc",5,11,16,0.3125,43.614642,3.877648
2026-03-20,07:57:24,2026-03-20T07:57:24+01:00,STATION,"Gambetta",7,1,8,0.875,43.607106,3.870693
2026-03-20,07:57:24,2026-03-20T07:57:24+01:00,STATION,"Port Marianne",5,11,16,0.3125,43.60032,3.89851
2026-03-20,07:57:24,2026-03-20T07:57:24+01:00,STATION,"Les Arceaux",3,5,8,0.375,43.612659,3.867734
2026-03-20,07:57:24,2026-03-20T07:57:24+01:00,STATION,"Cité Mion",2,4,8,0.5,43.601143,3.884373
2026-03-20,07:57:24,2026-03-20T07:57:24+01:00,STATION,"Nouveau Saint-Roch",6,2,8,0.75,43.599817,3.875757
2026-03-20,07:57:24,2026-03-20T07:57:24+01:00,STATION,"Renouvier",6,1,8,0.875,43.603553,3.867884
2026-03-20,07:57:24,2026-03-20T07:57:24+01:00,STATION,"Odysseum",0,8,8,0.0,43.603727,3.918979
2026-03-20,07:57:24,2026-03-20T07:57:24+01:00,STATION,"Saint-Denis",0,8,8,0.0,43.605021,3.875065
2026-03-20,07:57:24,2026-03-20T07:57:24+01:00,STATION,"Richter",12,4,16,0.75,43.603424,3.899263
2026-03-20,07:57:24,2026-03-20T07:57:24+01:00,STATION,"Charles Flahault",0,8,8,0.0,43.622038,3.86672
2026-03-20,07:57:24,2026-03-20T07:57:24+01:00,STATION,"Voltaire",4,4,8,0.5,43.603767,3.888659
2026-03-20,07:57:24,2026-03-20T07:57:24+01:00,STATION,"Prés d Arènes",6,2,8,0.75,43.59048,3.884611
2026-03-20,07:57:24,2026-03-20T07:57:24+01:00,STATION,"Garcia Lorca",7,1,8,0.875,43.590757,3.890616
2026-03-20,07:57:24,2026-03-20T07:57:24+01:00,STATION,"Vert Bois",4,12,16,0.25,43.63543,3.871179
2026-03-20,07:57:24,2026-03-20T07:57:24+01:00,STATION,"Malbosc",4,4,8,0.5,43.633679,3.832861
2026-03-20,07:57:24,2026-03-20T07:57:24+01:00,STATION,"Occitanie",17,15,32,0.53125,43.635689,3.849597
2026-03-20,07:57:24,2026-03-20T07:57:24+01:00,STATION,"Fac des Sciences",10,14,24,0.4166666666666667,43.631318,3.861299
2026-03-20,07:57:24,2026-03-20T07:57:24+01:00,STATION,"Fac de Lettres",10,2,12,0.8333333333333334,43.630437,3.869539
2026-03-20,07:57:24,2026-03-20T07:57:24+01:00,STATION,"Aiguelongue",4,3,8,0.625,43.626163,3.882492
2026-03-20,07:57:24,2026-03-20T07:57:24+01:00,STATION,"Jeu de Mail des Abbés",3,5,8,0.375,43.619701,3.883831
2026-03-20,07:57:24,2026-03-20T07:57:24+01:00,STATION,"Euromédecine",1,7,8,0.125,43.639119,3.828199
2026-03-20,07:57:24,2026-03-20T07:57:24+01:00,STATION,"Marie Caizergues",3,5,8,0.375,43.619871,3.873812
2026-03-20,07:57:24,2026-03-20T07:57:24+01:00,STATION,"Sabines",2,6,8,0.25,43.584211,3.860031
2026-03-20,07:57:24,2026-03-20T07:57:24+01:00,STATION,"Celleneuve",2,6,8,0.25,43.61467,3.832624
2026-03-20,07:57:24,2026-03-20T07:57:24+01:00,STATION,"Jardin de la Lironde",5,3,8,0.625,43.60585,3.911576
2026-03-20,07:57:24,2026-03-20T07:57:24+01:00,STATION,"Père Soulas",6,2,8,0.75,43.621983,3.855603
2026-03-20,07:57:24,2026-03-20T07:57:24+01:00,STATION,"Place Viala",6,2,8,0.75,43.616812,3.855075
2026-03-20,07:57:24,2026-03-20T07:57:24+01:00,STATION,"Hôtel du Département",4,4,8,0.5,43.621682,3.83477
2026-03-20,07:57:24,2026-03-20T07:57:24+01:00,STATION,"Tonnelles",8,0,8,1.0,43.615155,3.839466
2026-03-20,07:57:24,2026-03-20T07:57:24+01:00,STATION,"Parvis Jules Ferry - Gare Saint-Roch",0,8,8,0.0,43.603889,3.879362
2026-03-20,07:57:24,2026-03-20T07:57:24+01:00,STATION,"Pont de Lattes - Gare Saint-Roch",0,12,12,0.0,43.606036,3.882393
2026-03-20,07:57:24,2026-03-20T07:57:24+01:00,STATION,"Deux Ponts - Gare Saint-Roch",0,8,8,0.0,43.604319,3.880916
2026-03-20,07:57:24,2026-03-20T07:57:24+01:00,STATION,"Providence - Ovalie",5,3,8,0.625,43.588239,3.853421
2026-03-20,07:57:24,2026-03-20T07:57:24+01:00,STATION,"Pérols Etang de l Or",34,34,68,0.5,43.558351,3.963412
2026-03-20,07:57:24,2026-03-20T07:57:24+01:00,STATION,"Albert 1er - Cathédrale",2,10,12,0.16666666666666666,43.614005,3.873218
2026-03-20,07:57:24,2026-03-20T07:57:24+01:00,STATION,"Saint-Guilhem - Courreau",0,8,8,0.0,43.608996,3.872752
2026-03-20,07:57:24,2026-03-20T07:57:24+01:00,STATION,"Sud De France",6,2,8,0.75,43.59562,3.9235
2026-03-20,07:57:24,2026-03-20T07:57:24+01:00,STATION,"Comedie Baudin",0,8,8,0.0,43.608717,3.880787
2026-03-20,07:57:24,2026-03-20T07:57:24+01:00,STATION,"Jean de Beins",4,12,16,0.25,43.609857,3.883884
2026-03-20,08:48:09,2026-03-20T08:48:09+01:00,STATION,"Rue Jules Ferry - Gare Saint-Roch",7,5,12,0.5833333333333334,43.605366,3.881346
2026-03-20,08:48:09,2026-03-20T08:48:09+01:00,STATION,"Comédie",5,15,20,0.25,43.608148,3.878778
2026-03-20,08:48:09,2026-03-20T08:48:09+01:00,STATION,"Hôtel de Ville",12,4,16,0.75,43.599088,3.894866
2026-03-20,08:48:09,2026-03-20T08:48:09+01:00,STATION,"Corum",3,9,12,0.25,43.613989,3.8816
2026-03-20,08:48:09,2026-03-20T08:48:09+01:00,STATION,"Place Albert 1er - St Charles",3,24,27,0.1111111111111111,43.616768,3.873375
2026-03-20,08:48:09,2026-03-20T08:48:09+01:00,STATION,"Foch",4,4,8,0.5,43.610989,3.873345
2026-03-20,08:48:09,2026-03-20T08:48:09+01:00,STATION,"Halles Castellane",0,12,12,0.0,43.609935,3.877208
2026-03-20,08:48:09,2026-03-20T08:48:09+01:00,STATION,"Observatoire",5,2,8,0.75,43.606301,3.87724
2026-03-20,08:48:09,2026-03-20T08:48:09+01:00,STATION,"Rondelet",8,8,16,0.5,43.603038,3.875796
2026-03-20,08:48:09,2026-03-20T08:48:09+01:00,STATION,"Plan Cabanes",11,1,12,0.9166666666666666,43.608491,3.868389
2026-03-20,08:48:09,2026-03-20T08:48:09+01:00,STATION,"Boutonnet",11,1,12,0.9166666666666666,43.622629,3.868375
2026-03-20,08:48:09,2026-03-20T08:48:09+01:00,STATION,"Emile Combes",6,2,8,0.75,43.616742,3.87998
2026-03-20,08:48:09,2026-03-20T08:48:09+01:00,STATION,"Beaux-Arts",4,12,16,0.25,43.616698,3.884981
2026-03-20,08:48:09,2026-03-20T08:48:09+01:00,STATION,"Les Aubes",3,5,8,0.375,43.618692,3.893844
2026-03-20,08:48:09,2026-03-20T08:48:09+01:00,STATION,"Antigone centre",8,4,12,0.6666666666666666,43.607942,3.890634
2026-03-20,08:48:09,2026-03-20T08:48:09+01:00,STATION,"Médiathèque Emile Zola",3,13,16,0.1875,43.608218,3.89314
2026-03-20,08:48:09,2026-03-20T08:48:09+01:00,STATION,"Nombre d Or",6,10,16,0.375,43.607859,3.886644
2026-03-20,08:48:09,2026-03-20T08:48:09+01:00,STATION,"Louis Blanc",5,11,16,0.3125,43.614642,3.877648
2026-03-20,08:48:09,2026-03-20T08:48:09+01:00,STATION,"Gambetta",7,1,8,0.875,43.607106,3.870693
2026-03-20,08:48:09,2026-03-20T08:48:09+01:00,STATION,"Port Marianne",5,11,16,0.3125,43.60032,3.89851
2026-03-20,08:48:09,2026-03-20T08:48:09+01:00,STATION,"Les Arceaux",2,6,8,0.25,43.612659,3.867734
2026-03-20,08:48:09,2026-03-20T08:48:09+01:00,STATION,"Cité Mion",2,4,8,0.5,43.601143,3.884373
2026-03-20,08:48:09,2026-03-20T08:48:09+01:00,STATION,"Nouveau Saint-Roch",5,3,8,0.625,43.599817,3.875757
2026-03-20,08:48:09,2026-03-20T08:48:09+01:00,STATION,"Renouvier",5,2,8,0.75,43.603553,3.867884
2026-03-20,08:48:09,2026-03-20T08:48:09+01:00,STATION,"Odysseum",0,8,8,0.0,43.603727,3.918979
2026-03-20,08:48:09,2026-03-20T08:48:09+01:00,STATION,"Saint-Denis",0,8,8,0.0,43.605021,3.875065
2026-03-20,08:48:09,2026-03-20T08:48:09+01:00,STATION,"Richter",12,4,16,0.75,43.603424,3.899263
2026-03-20,08:48:09,2026-03-20T08:48:09+01:00,STATION,"Charles Flahault",0,8,8,0.0,43.622038,3.86672
2026-03-20,08:48:09,2026-03-20T08:48:09+01:00,STATION,"Voltaire",4,4,8,0.5,43.603767,3.888659
2026-03-20,08:48:09,2026-03-20T08:48:09+01:00,STATION,"Prés d Arènes",6,2,8,0.75,43.59048,3.884611
2026-03-20,08:48:09,2026-03-20T08:48:09+01:00,STATION,"Garcia Lorca",7,1,8,0.875,43.590757,3.890616
2026-03-20,08:48:09,2026-03-20T08:48:09+01:00,STATION,"Vert Bois",4,12,16,0.25,43.63543,3.871179
2026-03-20,08:48:09,2026-03-20T08:48:09+01:00,STATION,"Malbosc",4,4,8,0.5,43.633679,3.832861
2026-03-20,08:48:09,2026-03-20T08:48:09+01:00,STATION,"Occitanie",17,15,32,0.53125,43.635689,3.849597
2026-03-20,08:48:09,2026-03-20T08:48:09+01:00,STATION,"Fac des Sciences",10,14,24,0.4166666666666667,43.631318,3.861299
2026-03-20,08:48:09,2026-03-20T08:48:09+01:00,STATION,"Fac de Lettres",10,2,12,0.8333333333333334,43.630437,3.869539
2026-03-20,08:48:09,2026-03-20T08:48:09+01:00,STATION,"Aiguelongue",4,3,8,0.625,43.626163,3.882492
2026-03-20,08:48:09,2026-03-20T08:48:09+01:00,STATION,"Jeu de Mail des Abbés",3,5,8,0.375,43.619701,3.883831
2026-03-20,08:48:09,2026-03-20T08:48:09+01:00,STATION,"Euromédecine",1,7,8,0.125,43.639119,3.828199
2026-03-20,08:48:09,2026-03-20T08:48:09+01:00,STATION,"Marie Caizergues",3,5,8,0.375,43.619871,3.873812
2026-03-20,08:48:09,2026-03-20T08:48:09+01:00,STATION,"Sabines",2,6,8,0.25,43.584211,3.860031
2026-03-20,08:48:09,2026-03-20T08:48:09+01:00,STATION,"Celleneuve",2,6,8,0.25,43.61467,3.832624
2026-03-20,08:48:09,2026-03-20T08:48:09+01:00,STATION,"Jardin de la Lironde",5,3,8,0.625,43.60585,3.911576
2026-03-20,08:48:09,2026-03-20T08:48:09+01:00,STATION,"Père Soulas",5,3,8,0.625,43.621983,3.855603
2026-03-20,08:48:09,2026-03-20T08:48:09+01:00,STATION,"Place Viala",6,2,8,0.75,43.616812,3.855075
2026-03-20,08:48:09,2026-03-20T08:48:09+01:00,STATION,"Hôtel du Département",4,4,8,0.5,43.621682,3.83477
2026-03-20,08:48:09,2026-03-20T08:48:09+01:00,STATION,"Tonnelles",8,0,8,1.0,43.615155,3.839466
2026-03-20,08:48:09,2026-03-20T08:48:09+01:00,STATION,"Parvis Jules Ferry - Gare Saint-Roch",1,7,8,0.125,43.603889,3.879362
2026-03-20,08:48:09,2026-03-20T08:48:09+01:00,STATION,"Pont de Lattes - Gare Saint-Roch",6,6,12,0.5,43.606036,3.882393
2026-03-20,08:48:09,2026-03-20T08:48:09+01:00,STATION,"Deux Ponts - Gare Saint-Roch",0,8,8,0.0,43.604319,3.880916
2026-03-20,08:48:09,2026-03-20T08:48:09+01:00,STATION,"Providence - Ovalie",5,3,8,0.625,43.588239,3.853421
2026-03-20,08:48:09,2026-03-20T08:48:09+01:00,STATION,"Pérols Etang de l Or",34,34,68,0.5,43.558351,3.963412
2026-03-20,08:48:09,2026-03-20T08:48:09+01:00,STATION,"Albert 1er - Cathédrale",2,10,12,0.16666666666666666,43.614005,3.873218
2026-03-20,08:48:09,2026-03-20T08:48:09+01:00,STATION,"Saint-Guilhem - Courreau",0,8,8,0.0,43.608996,3.872752
2026-03-20,08:48:09,2026-03-20T08:48:09+01:00,STATION,"Sud De France",6,2,8,0.75,43.59562,3.9235
2026-03-20,08:48:09,2026-03-20T08:48:09+01:00,STATION,"Comedie Baudin",0,8,8,0.0,43.608717,3.880787
2026-03-20,08:48:09,2026-03-20T08:48:09+01:00,STATION,"Jean de Beins",4,12,16,0.25,43.609857,3.883884
2026-03-20,09:42:04,2026-03-20T09:42:04+01:00,STATION,"Rue Jules Ferry - Gare Saint-Roch",7,5,12,0.5833333333333334,43.605366,3.881346
2026-03-20,09:42:04,2026-03-20T09:42:04+01:00,STATION,"Comédie",6,14,20,0.3,43.608148,3.878778
2026-03-20,09:42:04,2026-03-20T09:42:04+01:00,STATION,"Hôtel de Ville",11,5,16,0.6875,43.599088,3.894866
2026-03-20,09:42:04,2026-03-20T09:42:04+01:00,STATION,"Corum",4,8,12,0.3333333333333333,43.613989,3.8816
2026-03-20,09:42:04,2026-03-20T09:42:04+01:00,STATION,"Place Albert 1er - St Charles",3,24,27,0.1111111111111111,43.616768,3.873375
2026-03-20,09:42:04,2026-03-20T09:42:04+01:00,STATION,"Foch",4,4,8,0.5,43.610989,3.873345
2026-03-20,09:42:04,2026-03-20T09:42:04+01:00,STATION,"Halles Castellane",0,12,12,0.0,43.609935,3.877208
2026-03-20,09:42:04,2026-03-20T09:42:04+01:00,STATION,"Observatoire",5,2,8,0.75,43.606301,3.87724
2026-03-20,09:42:04,2026-03-20T09:42:04+01:00,STATION,"Rondelet",8,8,16,0.5,43.603038,3.875796
2026-03-20,09:42:04,2026-03-20T09:42:04+01:00,STATION,"Plan Cabanes",11,1,12,0.9166666666666666,43.608491,3.868389
2026-03-20,09:42:04,2026-03-20T09:42:04+01:00,STATION,"Boutonnet",5,7,12,0.4166666666666667,43.622629,3.868375
2026-03-20,09:42:04,2026-03-20T09:42:04+01:00,STATION,"Emile Combes",6,2,8,0.75,43.616742,3.87998
2026-03-20,09:42:04,2026-03-20T09:42:04+01:00,STATION,"Beaux-Arts",4,12,16,0.25,43.616698,3.884981
2026-03-20,09:42:04,2026-03-20T09:42:04+01:00,STATION,"Les Aubes",2,6,8,0.25,43.618692,3.893844
2026-03-20,09:42:04,2026-03-20T09:42:04+01:00,STATION,"Antigone centre",10,2,12,0.8333333333333334,43.607942,3.890634
2026-03-20,09:42:04,2026-03-20T09:42:04+01:00,STATION,"Médiathèque Emile Zola",3,13,16,0.1875,43.608218,3.89314
2026-03-20,09:42:04,2026-03-20T09:42:04+01:00,STATION,"Nombre d Or",5,11,16,0.3125,43.607859,3.886644
2026-03-20,09:42:04,2026-03-20T09:42:04+01:00,STATION,"Louis Blanc",4,12,16,0.25,43.614642,3.877648
2026-03-20,09:42:04,2026-03-20T09:42:04+01:00,STATION,"Gambetta",7,1,8,0.875,43.607106,3.870693
2026-03-20,09:42:04,2026-03-20T09:42:04+01:00,STATION,"Port Marianne",5,11,16,0.3125,43.60032,3.89851
2026-03-20,09:42:04,2026-03-20T09:42:04+01:00,STATION,"Les Arceaux",2,6,8,0.25,43.612659,3.867734
2026-03-20,09:42:04,2026-03-20T09:42:04+01:00,STATION,"Cité Mion",2,4,8,0.5,43.601143,3.884373
2026-03-20,09:42:04,2026-03-20T09:42:04+01:00,STATION,"Nouveau Saint-Roch",5,3,8,0.625,43.599817,3.875757
2026-03-20,09:42:04,2026-03-20T09:42:04+01:00,STATION,"Renouvier",5,2,8,0.75,43.603553,3.867884
2026-03-20,09:42:04,2026-03-20T09:42:04+01:00,STATION,"Odysseum",0,8,8,0.0,43.603727,3.918979
2026-03-20,09:42:04,2026-03-20T09:42:04+01:00,STATION,"Saint-Denis",0,8,8,0.0,43.605021,3.875065
2026-03-20,09:42:04,2026-03-20T09:42:04+01:00,STATION,"Richter",12,4,16,0.75,43.603424,3.899263
2026-03-20,09:42:04,2026-03-20T09:42:04+01:00,STATION,"Charles Flahault",0,8,8,0.0,43.622038,3.86672
2026-03-20,09:42:04,2026-03-20T09:42:04+01:00,STATION,"Voltaire",4,4,8,0.5,43.603767,3.888659
2026-03-20,09:42:04,2026-03-20T09:42:04+01:00,STATION,"Prés d Arènes",6,2,8,0.75,43.59048,3.884611
2026-03-20,09:42:04,2026-03-20T09:42:04+01:00,STATION,"Garcia Lorca",7,1,8,0.875,43.590757,3.890616
2026-03-20,09:42:04,2026-03-20T09:42:04+01:00,STATION,"Vert Bois",7,9,16,0.4375,43.63543,3.871179
2026-03-20,09:42:04,2026-03-20T09:42:04+01:00,STATION,"Malbosc",3,5,8,0.375,43.633679,3.832861
2026-03-20,09:42:04,2026-03-20T09:42:04+01:00,STATION,"Occitanie",17,15,32,0.53125,43.635689,3.849597
2026-03-20,09:42:04,2026-03-20T09:42:04+01:00,STATION,"Fac des Sciences",10,14,24,0.4166666666666667,43.631318,3.861299
2026-03-20,09:42:04,2026-03-20T09:42:04+01:00,STATION,"Fac de Lettres",8,4,12,0.6666666666666666,43.630437,3.869539
2026-03-20,09:42:04,2026-03-20T09:42:04+01:00,STATION,"Aiguelongue",4,3,8,0.625,43.626163,3.882492
2026-03-20,09:42:04,2026-03-20T09:42:04+01:00,STATION,"Jeu de Mail des Abbés",3,5,8,0.375,43.619701,3.883831
2026-03-20,09:42:04,2026-03-20T09:42:04+01:00,STATION,"Euromédecine",1,7,8,0.125,43.639119,3.828199
2026-03-20,09:42:04,2026-03-20T09:42:04+01:00,STATION,"Marie Caizergues",3,5,8,0.375,43.619871,3.873812
2026-03-20,09:42:04,2026-03-20T09:42:04+01:00,STATION,"Sabines",2,6,8,0.25,43.584211,3.860031
2026-03-20,09:42:04,2026-03-20T09:42:04+01:00,STATION,"Celleneuve",2,6,8,0.25,43.61467,3.832624
2026-03-20,09:42:04,2026-03-20T09:42:04+01:00,STATION,"Jardin de la Lironde",5,3,8,0.625,43.60585,3.911576
2026-03-20,09:42:04,2026-03-20T09:42:04+01:00,STATION,"Père Soulas",5,3,8,0.625,43.621983,3.855603
2026-03-20,09:42:04,2026-03-20T09:42:04+01:00,STATION,"Place Viala",7,1,8,0.875,43.616812,3.855075
2026-03-20,09:42:04,2026-03-20T09:42:04+01:00,STATION,"Hôtel du Département",4,4,8,0.5,43.621682,3.83477
2026-03-20,09:42:04,2026-03-20T09:42:04+01:00,STATION,"Tonnelles",8,0,8,1.0,43.615155,3.839466
2026-03-20,09:42:04,2026-03-20T09:42:04+01:00,STATION,"Parvis Jules Ferry - Gare Saint-Roch",1,7,8,0.125,43.603889,3.879362
2026-03-20,09:42:04,2026-03-20T09:42:04+01:00,STATION,"Pont de Lattes - Gare Saint-Roch",6,6,12,0.5,43.606036,3.882393
2026-03-20,09:42:04,2026-03-20T09:42:04+01:00,STATION,"Deux Ponts - Gare Saint-Roch",0,8,8,0.0,43.604319,3.880916
2026-03-20,09:42:04,2026-03-20T09:42:04+01:00,STATION,"Providence - Ovalie",5,3,8,0.625,43.588239,3.853421
2026-03-20,09:42:04,2026-03-20T09:42:04+01:00,STATION,"Pérols Etang de l Or",34,34,68,0.5,43.558351,3.963412
2026-03-20,09:42:04,2026-03-20T09:42:04+01:00,STATION,"Albert 1er - Cathédrale",2,10,12,0.16666666666666666,43.614005,3.873218
2026-03-20,09:42:04,2026-03-20T09:42:04+01:00,STATION,"Saint-Guilhem - Courreau",3,5,8,0.375,43.608996,3.872752
2026-03-20,09:42:04,2026-03-20T09:42:04+01:00,STATION,"Sud De France",6,2,8,0.75,43.59562,3.9235
2026-03-20,09:42:04,2026-03-20T09:42:04+01:00,STATION,"Comedie Baudin",0,8,8,0.0,43.608717,3.880787
2026-03-20,09:42:04,2026-03-20T09:42:04+01:00,STATION,"Jean de Beins",4,12,16,0.25,43.609857,3.883884
2026-03-20,10:42:46,2026-03-20T10:42:46+01:00,STATION,"Rue Jules Ferry - Gare Saint-Roch",7,5,12,0.5833333333333334,43.605366,3.881346
2026-03-20,10:42:46,2026-03-20T10:42:46+01:00,STATION,"Comédie",6,14,20,0.3,43.608148,3.878778
2026-03-20,10:42:46,2026-03-20T10:42:46+01:00,STATION,"Hôtel de Ville",11,5,16,0.6875,43.599088,3.894866
2026-03-20,10:42:46,2026-03-20T10:42:46+01:00,STATION,"Corum",4,8,12,0.3333333333333333,43.613989,3.8816
2026-03-20,10:42:46,2026-03-20T10:42:46+01:00,STATION,"Place Albert 1er - St Charles",3,24,27,0.1111111111111111,43.616768,3.873375
2026-03-20,10:42:46,2026-03-20T10:42:46+01:00,STATION,"Foch",4,4,8,0.5,43.610989,3.873345
2026-03-20,10:42:46,2026-03-20T10:42:46+01:00,STATION,"Halles Castellane",0,12,12,0.0,43.609935,3.877208
2026-03-20,10:42:46,2026-03-20T10:42:46+01:00,STATION,"Observatoire",5,2,8,0.75,43.606301,3.87724
2026-03-20,10:42:46,2026-03-20T10:42:46+01:00,STATION,"Rondelet",8,8,16,0.5,43.603038,3.875796
2026-03-20,10:42:46,2026-03-20T10:42:46+01:00,STATION,"Plan Cabanes",11,1,12,0.9166666666666666,43.608491,3.868389
2026-03-20,10:42:46,2026-03-20T10:42:46+01:00,STATION,"Boutonnet",5,7,12,0.4166666666666667,43.622629,3.868375
2026-03-20,10:42:46,2026-03-20T10:42:46+01:00,STATION,"Emile Combes",6,2,8,0.75,43.616742,3.87998
2026-03-20,10:42:46,2026-03-20T10:42:46+01:00,STATION,"Beaux-Arts",4,12,16,0.25,43.616698,3.884981
2026-03-20,10:42:46,2026-03-20T10:42:46+01:00,STATION,"Les Aubes",2,6,8,0.25,43.618692,3.893844
2026-03-20,10:42:46,2026-03-20T10:42:46+01:00,STATION,"Antigone centre",9,3,12,0.75,43.607942,3.890634
2026-03-20,10:42:46,2026-03-20T10:42:46+01:00,STATION,"Médiathèque Emile Zola",3,13,16,0.1875,43.608218,3.89314
2026-03-20,10:42:46,2026-03-20T10:42:46+01:00,STATION,"Nombre d Or",5,11,16,0.3125,43.607859,3.886644
2026-03-20,10:42:46,2026-03-20T10:42:46+01:00,STATION,"Louis Blanc",5,11,16,0.3125,43.614642,3.877648
2026-03-20,10:42:46,2026-03-20T10:42:46+01:00,STATION,"Gambetta",7,1,8,0.875,43.607106,3.870693
2026-03-20,10:42:46,2026-03-20T10:42:46+01:00,STATION,"Port Marianne",5,11,16,0.3125,43.60032,3.89851
2026-03-20,10:42:46,2026-03-20T10:42:46+01:00,STATION,"Les Arceaux",2,6,8,0.25,43.612659,3.867734
2026-03-20,10:42:46,2026-03-20T10:42:46+01:00,STATION,"Cité Mion",2,4,8,0.5,43.601143,3.884373
2026-03-20,10:42:46,2026-03-20T10:42:46+01:00,STATION,"Nouveau Saint-Roch",7,1,8,0.875,43.599817,3.875757
2026-03-20,10:42:46,2026-03-20T10:42:46+01:00,STATION,"Renouvier",7,0,8,1.0,43.603553,3.867884
2026-03-20,10:42:46,2026-03-20T10:42:46+01:00,STATION,"Odysseum",0,8,8,0.0,43.603727,3.918979
2026-03-20,10:42:46,2026-03-20T10:42:46+01:00,STATION,"Saint-Denis",0,8,8,0.0,43.605021,3.875065
2026-03-20,10:42:46,2026-03-20T10:42:46+01:00,STATION,"Richter",13,3,16,0.8125,43.603424,3.899263
2026-03-20,10:42:46,2026-03-20T10:42:46+01:00,STATION,"Charles Flahault",0,8,8,0.0,43.622038,3.86672
2026-03-20,10:42:46,2026-03-20T10:42:46+01:00,STATION,"Voltaire",4,4,8,0.5,43.603767,3.888659
2026-03-20,10:42:46,2026-03-20T10:42:46+01:00,STATION,"Prés d Arènes",6,2,8,0.75,43.59048,3.884611
2026-03-20,10:42:46,2026-03-20T10:42:46+01:00,STATION,"Garcia Lorca",8,0,8,1.0,43.590757,3.890616
2026-03-20,10:42:46,2026-03-20T10:42:46+01:00,STATION,"Vert Bois",9,7,16,0.5625,43.63543,3.871179
2026-03-20,10:42:46,2026-03-20T10:42:46+01:00,STATION,"Malbosc",3,5,8,0.375,43.633679,3.832861
2026-03-20,10:42:46,2026-03-20T10:42:46+01:00,STATION,"Occitanie",16,16,32,0.5,43.635689,3.849597
2026-03-20,10:42:46,2026-03-20T10:42:46+01:00,STATION,"Fac des Sciences",10,14,24,0.4166666666666667,43.631318,3.861299
2026-03-20,10:42:46,2026-03-20T10:42:46+01:00,STATION,"Fac de Lettres",8,4,12,0.6666666666666666,43.630437,3.869539
2026-03-20,10:42:46,2026-03-20T10:42:46+01:00,STATION,"Aiguelongue",4,3,8,0.625,43.626163,3.882492
2026-03-20,10:42:46,2026-03-20T10:42:46+01:00,STATION,"Jeu de Mail des Abbés",3,5,8,0.375,43.619701,3.883831
2026-03-20,10:42:46,2026-03-20T10:42:46+01:00,STATION,"Euromédecine",1,7,8,0.125,43.639119,3.828199
2026-03-20,10:42:46,2026-03-20T10:42:46+01:00,STATION,"Marie Caizergues",3,5,8,0.375,43.619871,3.873812
2026-03-20,10:42:46,2026-03-20T10:42:46+01:00,STATION,"Sabines",2,6,8,0.25,43.584211,3.860031
2026-03-20,10:42:46,2026-03-20T10:42:46+01:00,STATION,"Celleneuve",3,5,8,0.375,43.61467,3.832624
2026-03-20,10:42:46,2026-03-20T10:42:46+01:00,STATION,"Jardin de la Lironde",5,3,8,0.625,43.60585,3.911576
2026-03-20,10:42:46,2026-03-20T10:42:46+01:00,STATION,"Père Soulas",5,3,8,0.625,43.621983,3.855603
2026-03-20,10:42:46,2026-03-20T10:42:46+01:00,STATION,"Place Viala",7,1,8,0.875,43.616812,3.855075
2026-03-20,10:42:46,2026-03-20T10:42:46+01:00,STATION,"Hôtel du Département",3,5,8,0.375,43.621682,3.83477
2026-03-20,10:42:46,2026-03-20T10:42:46+01:00,STATION,"Tonnelles",8,0,8,1.0,43.615155,3.839466
2026-03-20,10:42:46,2026-03-20T10:42:46+01:00,STATION,"Parvis Jules Ferry - Gare Saint-Roch",1,7,8,0.125,43.603889,3.879362
2026-03-20,10:42:46,2026-03-20T10:42:46+01:00,STATION,"Pont de Lattes - Gare Saint-Roch",6,6,12,0.5,43.606036,3.882393
2026-03-20,10:42:46,2026-03-20T10:42:46+01:00,STATION,"Deux Ponts - Gare Saint-Roch",0,8,8,0.0,43.604319,3.880916
2026-03-20,10:42:46,2026-03-20T10:42:46+01:00,STATION,"Providence - Ovalie",5,3,8,0.625,43.588239,3.853421
2026-03-20,10:42:46,2026-03-20T10:42:46+01:00,STATION,"Pérols Etang de l Or",34,34,68,0.5,43.558351,3.963412
2026-03-20,10:42:46,2026-03-20T10:42:46+01:00,STATION,"Albert 1er - Cathédrale",2,10,12,0.16666666666666666,43.614005,3.873218
2026-03-20,10:42:46,2026-03-20T10:42:46+01:00,STATION,"Saint-Guilhem - Courreau",3,5,8,0.375,43.608996,3.872752
2026-03-20,10:42:46,2026-03-20T10:42:46+01:00,STATION,"Sud De France",6,2,8,0.75,43.59562,3.9235
2026-03-20,10:42:46,2026-03-20T10:42:46+01:00,STATION,"Comedie Baudin",0,8,8,0.0,43.608717,3.880787
2026-03-20,10:42:46,2026-03-20T10:42:46+01:00,STATION,"Jean de Beins",4,12,16,0.25,43.609857,3.883884
2026-03-20,11:39:39,2026-03-20T11:39:39+01:00,STATION,"Rue Jules Ferry - Gare Saint-Roch",7,5,12,0.5833333333333334,43.605366,3.881346
2026-03-20,11:39:39,2026-03-20T11:39:39+01:00,STATION,"Comédie",6,14,20,0.3,43.608148,3.878778
2026-03-20,11:39:39,2026-03-20T11:39:39+01:00,STATION,"Hôtel de Ville",11,5,16,0.6875,43.599088,3.894866
2026-03-20,11:39:39,2026-03-20T11:39:39+01:00,STATION,"Corum",4,8,12,0.3333333333333333,43.613989,3.8816
2026-03-20,11:39:39,2026-03-20T11:39:39+01:00,STATION,"Place Albert 1er - St Charles",4,23,27,0.14814814814814814,43.616768,3.873375
2026-03-20,11:39:39,2026-03-20T11:39:39+01:00,STATION,"Foch",4,4,8,0.5,43.610989,3.873345
2026-03-20,11:39:39,2026-03-20T11:39:39+01:00,STATION,"Halles Castellane",0,12,12,0.0,43.609935,3.877208
2026-03-20,11:39:39,2026-03-20T11:39:39+01:00,STATION,"Observatoire",5,2,8,0.75,43.606301,3.87724
2026-03-20,11:39:39,2026-03-20T11:39:39+01:00,STATION,"Rondelet",8,8,16,0.5,43.603038,3.875796
2026-03-20,11:39:39,2026-03-20T11:39:39+01:00,STATION,"Plan Cabanes",11,1,12,0.9166666666666666,43.608491,3.868389
2026-03-20,11:39:39,2026-03-20T11:39:39+01:00,STATION,"Boutonnet",4,8,12,0.3333333333333333,43.622629,3.868375
2026-03-20,11:39:39,2026-03-20T11:39:39+01:00,STATION,"Emile Combes",6,2,8,0.75,43.616742,3.87998
2026-03-20,11:39:39,2026-03-20T11:39:39+01:00,STATION,"Beaux-Arts",4,12,16,0.25,43.616698,3.884981
2026-03-20,11:39:39,2026-03-20T11:39:39+01:00,STATION,"Les Aubes",2,6,8,0.25,43.618692,3.893844
2026-03-20,11:39:39,2026-03-20T11:39:39+01:00,STATION,"Antigone centre",9,3,12,0.75,43.607942,3.890634
2026-03-20,11:39:39,2026-03-20T11:39:39+01:00,STATION,"Médiathèque Emile Zola",3,13,16,0.1875,43.608218,3.89314
2026-03-20,11:39:39,2026-03-20T11:39:39+01:00,STATION,"Nombre d Or",5,11,16,0.3125,43.607859,3.886644
2026-03-20,11:39:39,2026-03-20T11:39:39+01:00,STATION,"Louis Blanc",5,11,16,0.3125,43.614642,3.877648
2026-03-20,11:39:39,2026-03-20T11:39:39+01:00,STATION,"Gambetta",7,1,8,0.875,43.607106,3.870693
2026-03-20,11:39:39,2026-03-20T11:39:39+01:00,STATION,"Port Marianne",4,12,16,0.25,43.60032,3.89851
2026-03-20,11:39:39,2026-03-20T11:39:39+01:00,STATION,"Les Arceaux",3,5,8,0.375,43.612659,3.867734
2026-03-20,11:39:39,2026-03-20T11:39:39+01:00,STATION,"Cité Mion",2,4,8,0.5,43.601143,3.884373
2026-03-20,11:39:39,2026-03-20T11:39:39+01:00,STATION,"Nouveau Saint-Roch",6,2,8,0.75,43.599817,3.875757
2026-03-20,11:39:39,2026-03-20T11:39:39+01:00,STATION,"Renouvier",7,0,8,1.0,43.603553,3.867884
2026-03-20,11:39:39,2026-03-20T11:39:39+01:00,STATION,"Odysseum",0,8,8,0.0,43.603727,3.918979
2026-03-20,11:39:39,2026-03-20T11:39:39+01:00,STATION,"Saint-Denis",0,8,8,0.0,43.605021,3.875065
2026-03-20,11:39:39,2026-03-20T11:39:39+01:00,STATION,"Richter",13,3,16,0.8125,43.603424,3.899263
2026-03-20,11:39:39,2026-03-20T11:39:39+01:00,STATION,"Charles Flahault",0,8,8,0.0,43.622038,3.86672
2026-03-20,11:39:39,2026-03-20T11:39:39+01:00,STATION,"Voltaire",3,5,8,0.375,43.603767,3.888659
2026-03-20,11:39:39,2026-03-20T11:39:39+01:00,STATION,"Prés d Arènes",7,1,8,0.875,43.59048,3.884611
2026-03-20,11:39:39,2026-03-20T11:39:39+01:00,STATION,"Garcia Lorca",8,0,8,1.0,43.590757,3.890616
2026-03-20,11:39:39,2026-03-20T11:39:39+01:00,STATION,"Vert Bois",9,7,16,0.5625,43.63543,3.871179
2026-03-20,11:39:39,2026-03-20T11:39:39+01:00,STATION,"Malbosc",3,5,8,0.375,43.633679,3.832861
2026-03-20,11:39:39,2026-03-20T11:39:39+01:00,STATION,"Occitanie",16,16,32,0.5,43.635689,3.849597
2026-03-20,11:39:39,2026-03-20T11:39:39+01:00,STATION,"Fac des Sciences",10,14,24,0.4166666666666667,43.631318,3.861299
2026-03-20,11:39:39,2026-03-20T11:39:39+01:00,STATION,"Fac de Lettres",7,5,12,0.5833333333333334,43.630437,3.869539
2026-03-20,11:39:39,2026-03-20T11:39:39+01:00,STATION,"Aiguelongue",4,3,8,0.625,43.626163,3.882492
2026-03-20,11:39:39,2026-03-20T11:39:39+01:00,STATION,"Jeu de Mail des Abbés",3,5,8,0.375,43.619701,3.883831
2026-03-20,11:39:39,2026-03-20T11:39:39+01:00,STATION,"Euromédecine",1,7,8,0.125,43.639119,3.828199
2026-03-20,11:39:39,2026-03-20T11:39:39+01:00,STATION,"Marie Caizergues",3,5,8,0.375,43.619871,3.873812
2026-03-20,11:39:39,2026-03-20T11:39:39+01:00,STATION,"Sabines",2,6,8,0.25,43.584211,3.860031
2026-03-20,11:39:39,2026-03-20T11:39:39+01:00,STATION,"Celleneuve",3,5,8,0.375,43.61467,3.832624
2026-03-20,11:39:39,2026-03-20T11:39:39+01:00,STATION,"Jardin de la Lironde",5,3,8,0.625,43.60585,3.911576
2026-03-20,11:39:39,2026-03-20T11:39:39+01:00,STATION,"Père Soulas",5,3,8,0.625,43.621983,3.855603
2026-03-20,11:39:39,2026-03-20T11:39:39+01:00,STATION,"Place Viala",8,0,8,1.0,43.616812,3.855075
2026-03-20,11:39:39,2026-03-20T11:39:39+01:00,STATION,"Hôtel du Département",3,5,8,0.375,43.621682,3.83477
2026-03-20,11:39:39,2026-03-20T11:39:39+01:00,STATION,"Tonnelles",8,0,8,1.0,43.615155,3.839466
2026-03-20,11:39:39,2026-03-20T11:39:39+01:00,STATION,"Parvis Jules Ferry - Gare Saint-Roch",1,7,8,0.125,43.603889,3.879362
2026-03-20,11:39:39,2026-03-20T11:39:39+01:00,STATION,"Pont de Lattes - Gare Saint-Roch",6,6,12,0.5,43.606036,3.882393
2026-03-20,11:39:39,2026-03-20T11:39:39+01:00,STATION,"Deux Ponts - Gare Saint-Roch",0,8,8,0.0,43.604319,3.880916
2026-03-20,11:39:39,2026-03-20T11:39:39+01:00,STATION,"Providence - Ovalie",5,3,8,0.625,43.588239,3.853421
2026-03-20,11:39:39,2026-03-20T11:39:39+01:00,STATION,"Pérols Etang de l Or",34,34,68,0.5,43.558351,3.963412
2026-03-20,11:39:39,2026-03-20T11:39:39+01:00,STATION,"Albert 1er - Cathédrale",2,10,12,0.16666666666666666,43.614005,3.873218
2026-03-20,11:39:39,2026-03-20T11:39:39+01:00,STATION,"Saint-Guilhem - Courreau",3,5,8,0.375,43.608996,3.872752
2026-03-20,11:39:39,2026-03-20T11:39:39+01:00,STATION,"Sud De France",6,2,8,0.75,43.59562,3.9235
2026-03-20,11:39:39,2026-03-20T11:39:39+01:00,STATION,"Comedie Baudin",0,8,8,0.0,43.608717,3.880787
2026-03-20,11:39:39,2026-03-20T11:39:39+01:00,STATION,"Jean de Beins",4,12,16,0.25,43.609857,3.883884
2026-03-20,12:33:17,2026-03-20T12:33:17+01:00,STATION,"Rue Jules Ferry - Gare Saint-Roch",7,5,12,0.5833333333333334,43.605366,3.881346
2026-03-20,12:33:17,2026-03-20T12:33:17+01:00,STATION,"Comédie",6,14,20,0.3,43.608148,3.878778
2026-03-20,12:33:17,2026-03-20T12:33:17+01:00,STATION,"Hôtel de Ville",11,5,16,0.6875,43.599088,3.894866
2026-03-20,12:33:17,2026-03-20T12:33:17+01:00,STATION,"Corum",5,7,12,0.4166666666666667,43.613989,3.8816
2026-03-20,12:33:17,2026-03-20T12:33:17+01:00,STATION,"Place Albert 1er - St Charles",3,24,27,0.1111111111111111,43.616768,3.873375
2026-03-20,12:33:17,2026-03-20T12:33:17+01:00,STATION,"Foch",4,4,8,0.5,43.610989,3.873345
2026-03-20,12:33:17,2026-03-20T12:33:17+01:00,STATION,"Halles Castellane",0,12,12,0.0,43.609935,3.877208
2026-03-20,12:33:17,2026-03-20T12:33:17+01:00,STATION,"Observatoire",5,2,8,0.75,43.606301,3.87724
2026-03-20,12:33:17,2026-03-20T12:33:17+01:00,STATION,"Rondelet",8,8,16,0.5,43.603038,3.875796
2026-03-20,12:33:17,2026-03-20T12:33:17+01:00,STATION,"Plan Cabanes",11,1,12,0.9166666666666666,43.608491,3.868389
2026-03-20,12:33:17,2026-03-20T12:33:17+01:00,STATION,"Boutonnet",5,7,12,0.4166666666666667,43.622629,3.868375
2026-03-20,12:33:17,2026-03-20T12:33:17+01:00,STATION,"Emile Combes",6,2,8,0.75,43.616742,3.87998
2026-03-20,12:33:17,2026-03-20T12:33:17+01:00,STATION,"Beaux-Arts",4,12,16,0.25,43.616698,3.884981
2026-03-20,12:33:17,2026-03-20T12:33:17+01:00,STATION,"Les Aubes",2,6,8,0.25,43.618692,3.893844
2026-03-20,12:33:17,2026-03-20T12:33:17+01:00,STATION,"Antigone centre",9,3,12,0.75,43.607942,3.890634
2026-03-20,12:33:17,2026-03-20T12:33:17+01:00,STATION,"Médiathèque Emile Zola",3,13,16,0.1875,43.608218,3.89314
2026-03-20,12:33:17,2026-03-20T12:33:17+01:00,STATION,"Nombre d Or",7,9,16,0.4375,43.607859,3.886644
2026-03-20,12:33:17,2026-03-20T12:33:17+01:00,STATION,"Louis Blanc",5,11,16,0.3125,43.614642,3.877648
2026-03-20,12:33:17,2026-03-20T12:33:17+01:00,STATION,"Gambetta",7,1,8,0.875,43.607106,3.870693
2026-03-20,12:33:17,2026-03-20T12:33:17+01:00,STATION,"Port Marianne",4,12,16,0.25,43.60032,3.89851
2026-03-20,12:33:17,2026-03-20T12:33:17+01:00,STATION,"Les Arceaux",3,5,8,0.375,43.612659,3.867734
2026-03-20,12:33:17,2026-03-20T12:33:17+01:00,STATION,"Cité Mion",2,4,8,0.5,43.601143,3.884373
2026-03-20,12:33:17,2026-03-20T12:33:17+01:00,STATION,"Nouveau Saint-Roch",6,2,8,0.75,43.599817,3.875757
2026-03-20,12:33:17,2026-03-20T12:33:17+01:00,STATION,"Renouvier",7,0,8,1.0,43.603553,3.867884
2026-03-20,12:33:17,2026-03-20T12:33:17+01:00,STATION,"Odysseum",0,8,8,0.0,43.603727,3.918979
2026-03-20,12:33:17,2026-03-20T12:33:17+01:00,STATION,"Saint-Denis",0,8,8,0.0,43.605021,3.875065
2026-03-20,12:33:17,2026-03-20T12:33:17+01:00,STATION,"Richter",13,3,16,0.8125,43.603424,3.899263
2026-03-20,12:33:17,2026-03-20T12:33:17+01:00,STATION,"Charles Flahault",0,8,8,0.0,43.622038,3.86672
2026-03-20,12:33:17,2026-03-20T12:33:17+01:00,STATION,"Voltaire",3,5,8,0.375,43.603767,3.888659
2026-03-20,12:33:17,2026-03-20T12:33:17+01:00,STATION,"Prés d Arènes",7,1,8,0.875,43.59048,3.884611
2026-03-20,12:33:17,2026-03-20T12:33:17+01:00,STATION,"Garcia Lorca",8,0,8,1.0,43.590757,3.890616
2026-03-20,12:33:17,2026-03-20T12:33:17+01:00,STATION,"Vert Bois",9,7,16,0.5625,43.63543,3.871179
2026-03-20,12:33:17,2026-03-20T12:33:17+01:00,STATION,"Malbosc",3,5,8,0.375,43.633679,3.832861
2026-03-20,12:33:17,2026-03-20T12:33:17+01:00,STATION,"Occitanie",16,16,32,0.5,43.635689,3.849597
2026-03-20,12:33:17,2026-03-20T12:33:17+01:00,STATION,"Fac des Sciences",5,19,24,0.20833333333333334,43.631318,3.861299
2026-03-20,12:33:17,2026-03-20T12:33:17+01:00,STATION,"Fac de Lettres",6,6,12,0.5,43.630437,3.869539
2026-03-20,12:33:17,2026-03-20T12:33:17+01:00,STATION,"Aiguelongue",4,3,8,0.625,43.626163,3.882492
2026-03-20,12:33:17,2026-03-20T12:33:17+01:00,STATION,"Jeu de Mail des Abbés",3,5,8,0.375,43.619701,3.883831
2026-03-20,12:33:17,2026-03-20T12:33:17+01:00,STATION,"Euromédecine",1,7,8,0.125,43.639119,3.828199
2026-03-20,12:33:17,2026-03-20T12:33:17+01:00,STATION,"Marie Caizergues",3,5,8,0.375,43.619871,3.873812
2026-03-20,12:33:17,2026-03-20T12:33:17+01:00,STATION,"Sabines",2,6,8,0.25,43.584211,3.860031
2026-03-20,12:33:17,2026-03-20T12:33:17+01:00,STATION,"Celleneuve",3,5,8,0.375,43.61467,3.832624
2026-03-20,12:33:17,2026-03-20T12:33:17+01:00,STATION,"Jardin de la Lironde",5,3,8,0.625,43.60585,3.911576
2026-03-20,12:33:17,2026-03-20T12:33:17+01:00,STATION,"Père Soulas",5,3,8,0.625,43.621983,3.855603
2026-03-20,12:33:17,2026-03-20T12:33:17+01:00,STATION,"Place Viala",8,0,8,1.0,43.616812,3.855075
2026-03-20,12:33:17,2026-03-20T12:33:17+01:00,STATION,"Hôtel du Département",3,5,8,0.375,43.621682,3.83477
2026-03-20,12:33:17,2026-03-20T12:33:17+01:00,STATION,"Tonnelles",8,0,8,1.0,43.615155,3.839466
2026-03-20,12:33:17,2026-03-20T12:33:17+01:00,STATION,"Parvis Jules Ferry - Gare Saint-Roch",2,6,8,0.25,43.603889,3.879362
2026-03-20,12:33:17,2026-03-20T12:33:17+01:00,STATION,"Pont de Lattes - Gare Saint-Roch",6,6,12,0.5,43.606036,3.882393
2026-03-20,12:33:17,2026-03-20T12:33:17+01:00,STATION,"Deux Ponts - Gare Saint-Roch",0,8,8,0.0,43.604319,3.880916
2026-03-20,12:33:17,2026-03-20T12:33:17+01:00,STATION,"Providence - Ovalie",5,3,8,0.625,43.588239,3.853421
2026-03-20,12:33:17,2026-03-20T12:33:17+01:00,STATION,"Pérols Etang de l Or",32,36,68,0.47058823529411764,43.558351,3.963412
2026-03-20,12:33:17,2026-03-20T12:33:17+01:00,STATION,"Albert 1er - Cathédrale",2,10,12,0.16666666666666666,43.614005,3.873218
2026-03-20,12:33:17,2026-03-20T12:33:17+01:00,STATION,"Saint-Guilhem - Courreau",3,5,8,0.375,43.608996,3.872752
2026-03-20,12:33:17,2026-03-20T12:33:17+01:00,STATION,"Sud De France",6,2,8,0.75,43.59562,3.9235
2026-03-20,12:33:17,2026-03-20T12:33:17+01:00,STATION,"Comedie Baudin",0,8,8,0.0,43.608717,3.880787
2026-03-20,12:33:17,2026-03-20T12:33:17+01:00,STATION,"Jean de Beins",4,12,16,0.25,43.609857,3.883884
2026-03-20,14:01:34,2026-03-20T14:01:34+01:00,STATION,"Rue Jules Ferry - Gare Saint-Roch",7,5,12,0.5833333333333334,43.605366,3.881346
2026-03-20,14:01:34,2026-03-20T14:01:34+01:00,STATION,"Comédie",6,14,20,0.3,43.608148,3.878778
2026-03-20,14:01:34,2026-03-20T14:01:34+01:00,STATION,"Hôtel de Ville",11,5,16,0.6875,43.599088,3.894866
2026-03-20,14:01:34,2026-03-20T14:01:34+01:00,STATION,"Corum",3,9,12,0.25,43.613989,3.8816
2026-03-20,14:01:34,2026-03-20T14:01:34+01:00,STATION,"Place Albert 1er - St Charles",3,24,27,0.1111111111111111,43.616768,3.873375
2026-03-20,14:01:34,2026-03-20T14:01:34+01:00,STATION,"Foch",5,3,8,0.625,43.610989,3.873345
2026-03-20,14:01:34,2026-03-20T14:01:34+01:00,STATION,"Halles Castellane",0,12,12,0.0,43.609935,3.877208
2026-03-20,14:01:34,2026-03-20T14:01:34+01:00,STATION,"Observatoire",7,0,8,1.0,43.606301,3.87724
2026-03-20,14:01:34,2026-03-20T14:01:34+01:00,STATION,"Rondelet",8,8,16,0.5,43.603038,3.875796
2026-03-20,14:01:34,2026-03-20T14:01:34+01:00,STATION,"Plan Cabanes",11,1,12,0.9166666666666666,43.608491,3.868389
2026-03-20,14:01:34,2026-03-20T14:01:34+01:00,STATION,"Boutonnet",5,7,12,0.4166666666666667,43.622629,3.868375
2026-03-20,14:01:34,2026-03-20T14:01:34+01:00,STATION,"Emile Combes",6,2,8,0.75,43.616742,3.87998
2026-03-20,14:01:34,2026-03-20T14:01:34+01:00,STATION,"Beaux-Arts",4,12,16,0.25,43.616698,3.884981
2026-03-20,14:01:34,2026-03-20T14:01:34+01:00,STATION,"Les Aubes",2,6,8,0.25,43.618692,3.893844
2026-03-20,14:01:34,2026-03-20T14:01:34+01:00,STATION,"Antigone centre",9,3,12,0.75,43.607942,3.890634
2026-03-20,14:01:34,2026-03-20T14:01:34+01:00,STATION,"Médiathèque Emile Zola",2,14,16,0.125,43.608218,3.89314
2026-03-20,14:01:34,2026-03-20T14:01:34+01:00,STATION,"Nombre d Or",6,10,16,0.375,43.607859,3.886644
2026-03-20,14:01:34,2026-03-20T14:01:34+01:00,STATION,"Louis Blanc",5,11,16,0.3125,43.614642,3.877648
2026-03-20,14:01:34,2026-03-20T14:01:34+01:00,STATION,"Gambetta",7,1,8,0.875,43.607106,3.870693
2026-03-20,14:01:34,2026-03-20T14:01:34+01:00,STATION,"Port Marianne",4,12,16,0.25,43.60032,3.89851
2026-03-20,14:01:34,2026-03-20T14:01:34+01:00,STATION,"Les Arceaux",3,5,8,0.375,43.612659,3.867734
2026-03-20,14:01:34,2026-03-20T14:01:34+01:00,STATION,"Cité Mion",2,4,8,0.5,43.601143,3.884373
2026-03-20,14:01:34,2026-03-20T14:01:34+01:00,STATION,"Nouveau Saint-Roch",6,2,8,0.75,43.599817,3.875757
2026-03-20,14:01:34,2026-03-20T14:01:34+01:00,STATION,"Renouvier",7,0,8,1.0,43.603553,3.867884
2026-03-20,14:01:34,2026-03-20T14:01:34+01:00,STATION,"Odysseum",0,8,8,0.0,43.603727,3.918979
2026-03-20,14:01:34,2026-03-20T14:01:34+01:00,STATION,"Saint-Denis",0,8,8,0.0,43.605021,3.875065
2026-03-20,14:01:34,2026-03-20T14:01:34+01:00,STATION,"Richter",14,2,16,0.875,43.603424,3.899263
2026-03-20,14:01:34,2026-03-20T14:01:34+01:00,STATION,"Charles Flahault",0,8,8,0.0,43.622038,3.86672
2026-03-20,14:01:34,2026-03-20T14:01:34+01:00,STATION,"Voltaire",3,5,8,0.375,43.603767,3.888659
2026-03-20,14:01:34,2026-03-20T14:01:34+01:00,STATION,"Prés d Arènes",8,0,8,1.0,43.59048,3.884611
2026-03-20,14:01:34,2026-03-20T14:01:34+01:00,STATION,"Garcia Lorca",7,1,8,0.875,43.590757,3.890616
2026-03-20,14:01:34,2026-03-20T14:01:34+01:00,STATION,"Vert Bois",9,7,16,0.5625,43.63543,3.871179
2026-03-20,14:01:34,2026-03-20T14:01:34+01:00,STATION,"Malbosc",2,6,8,0.25,43.633679,3.832861
2026-03-20,14:01:34,2026-03-20T14:01:34+01:00,STATION,"Occitanie",17,15,32,0.53125,43.635689,3.849597
2026-03-20,14:01:34,2026-03-20T14:01:34+01:00,STATION,"Fac des Sciences",8,16,24,0.3333333333333333,43.631318,3.861299
2026-03-20,14:01:34,2026-03-20T14:01:34+01:00,STATION,"Fac de Lettres",3,9,12,0.25,43.630437,3.869539
2026-03-20,14:01:34,2026-03-20T14:01:34+01:00,STATION,"Aiguelongue",2,5,8,0.375,43.626163,3.882492
2026-03-20,14:01:34,2026-03-20T14:01:34+01:00,STATION,"Jeu de Mail des Abbés",3,5,8,0.375,43.619701,3.883831
2026-03-20,14:01:34,2026-03-20T14:01:34+01:00,STATION,"Euromédecine",1,7,8,0.125,43.639119,3.828199
2026-03-20,14:01:34,2026-03-20T14:01:34+01:00,STATION,"Marie Caizergues",4,4,8,0.5,43.619871,3.873812
2026-03-20,14:01:34,2026-03-20T14:01:34+01:00,STATION,"Sabines",2,6,8,0.25,43.584211,3.860031
2026-03-20,14:01:34,2026-03-20T14:01:34+01:00,STATION,"Celleneuve",3,5,8,0.375,43.61467,3.832624
2026-03-20,14:01:34,2026-03-20T14:01:34+01:00,STATION,"Jardin de la Lironde",5,3,8,0.625,43.60585,3.911576
2026-03-20,14:01:34,2026-03-20T14:01:34+01:00,STATION,"Père Soulas",5,3,8,0.625,43.621983,3.855603
2026-03-20,14:01:34,2026-03-20T14:01:34+01:00,STATION,"Place Viala",9,0,8,1.0,43.616812,3.855075
2026-03-20,14:01:34,2026-03-20T14:01:34+01:00,STATION,"Hôtel du Département",3,5,8,0.375,43.621682,3.83477
2026-03-20,14:01:34,2026-03-20T14:01:34+01:00,STATION,"Tonnelles",8,0,8,1.0,43.615155,3.839466
2026-03-20,14:01:34,2026-03-20T14:01:34+01:00,STATION,"Parvis Jules Ferry - Gare Saint-Roch",2,6,8,0.25,43.603889,3.879362
2026-03-20,14:01:34,2026-03-20T14:01:34+01:00,STATION,"Pont de Lattes - Gare Saint-Roch",6,6,12,0.5,43.606036,3.882393
2026-03-20,14:01:34,2026-03-20T14:01:34+01:00,STATION,"Deux Ponts - Gare Saint-Roch",0,8,8,0.0,43.604319,3.880916
2026-03-20,14:01:34,2026-03-20T14:01:34+01:00,STATION,"Providence - Ovalie",5,3,8,0.625,43.588239,3.853421
2026-03-20,14:01:34,2026-03-20T14:01:34+01:00,STATION,"Pérols Etang de l Or",21,47,68,0.3088235294117647,43.558351,3.963412
2026-03-20,14:01:34,2026-03-20T14:01:34+01:00,STATION,"Albert 1er - Cathédrale",2,10,12,0.16666666666666666,43.614005,3.873218
2026-03-20,14:01:34,2026-03-20T14:01:34+01:00,STATION,"Saint-Guilhem - Courreau",4,4,8,0.5,43.608996,3.872752
2026-03-20,14:01:34,2026-03-20T14:01:34+01:00,STATION,"Sud De France",6,2,8,0.75,43.59562,3.9235
2026-03-20,14:01:34,2026-03-20T14:01:34+01:00,STATION,"Comedie Baudin",0,8,8,0.0,43.608717,3.880787
2026-03-20,14:01:34,2026-03-20T14:01:34+01:00,STATION,"Jean de Beins",4,12,16,0.25,43.609857,3.883884
2026-03-20,15:06:11,2026-03-20T15:06:11+01:00,STATION,"Rue Jules Ferry - Gare Saint-Roch",6,6,12,0.5,43.605366,3.881346
2026-03-20,15:06:11,2026-03-20T15:06:11+01:00,STATION,"Comédie",6,14,20,0.3,43.608148,3.878778
2026-03-20,15:06:11,2026-03-20T15:06:11+01:00,STATION,"Hôtel de Ville",11,5,16,0.6875,43.599088,3.894866
2026-03-20,15:06:11,2026-03-20T15:06:11+01:00,STATION,"Corum",3,9,12,0.25,43.613989,3.8816
2026-03-20,15:06:11,2026-03-20T15:06:11+01:00,STATION,"Place Albert 1er - St Charles",4,23,27,0.14814814814814814,43.616768,3.873375
2026-03-20,15:06:11,2026-03-20T15:06:11+01:00,STATION,"Foch",4,4,8,0.5,43.610989,3.873345
2026-03-20,15:06:11,2026-03-20T15:06:11+01:00,STATION,"Halles Castellane",0,12,12,0.0,43.609935,3.877208
2026-03-20,15:06:11,2026-03-20T15:06:11+01:00,STATION,"Observatoire",8,0,8,1.0,43.606301,3.87724
2026-03-20,15:06:11,2026-03-20T15:06:11+01:00,STATION,"Rondelet",8,8,16,0.5,43.603038,3.875796
2026-03-20,15:06:11,2026-03-20T15:06:11+01:00,STATION,"Plan Cabanes",11,1,12,0.9166666666666666,43.608491,3.868389
2026-03-20,15:06:11,2026-03-20T15:06:11+01:00,STATION,"Boutonnet",5,7,12,0.4166666666666667,43.622629,3.868375
2026-03-20,15:06:11,2026-03-20T15:06:11+01:00,STATION,"Emile Combes",6,2,8,0.75,43.616742,3.87998
2026-03-20,15:06:11,2026-03-20T15:06:11+01:00,STATION,"Beaux-Arts",4,12,16,0.25,43.616698,3.884981
2026-03-20,15:06:11,2026-03-20T15:06:11+01:00,STATION,"Les Aubes",2,6,8,0.25,43.618692,3.893844
2026-03-20,15:06:11,2026-03-20T15:06:11+01:00,STATION,"Antigone centre",10,2,12,0.8333333333333334,43.607942,3.890634
2026-03-20,15:06:11,2026-03-20T15:06:11+01:00,STATION,"Médiathèque Emile Zola",3,13,16,0.1875,43.608218,3.89314
2026-03-20,15:06:11,2026-03-20T15:06:11+01:00,STATION,"Nombre d Or",6,10,16,0.375,43.607859,3.886644
2026-03-20,15:06:11,2026-03-20T15:06:11+01:00,STATION,"Louis Blanc",6,10,16,0.375,43.614642,3.877648
2026-03-20,15:06:11,2026-03-20T15:06:11+01:00,STATION,"Gambetta",7,1,8,0.875,43.607106,3.870693
2026-03-20,15:06:11,2026-03-20T15:06:11+01:00,STATION,"Port Marianne",3,13,16,0.1875,43.60032,3.89851
2026-03-20,15:06:11,2026-03-20T15:06:11+01:00,STATION,"Les Arceaux",3,5,8,0.375,43.612659,3.867734
2026-03-20,15:06:11,2026-03-20T15:06:11+01:00,STATION,"Cité Mion",2,4,8,0.5,43.601143,3.884373
2026-03-20,15:06:11,2026-03-20T15:06:11+01:00,STATION,"Nouveau Saint-Roch",5,3,8,0.625,43.599817,3.875757
2026-03-20,15:06:11,2026-03-20T15:06:11+01:00,STATION,"Renouvier",7,0,8,1.0,43.603553,3.867884
2026-03-20,15:06:11,2026-03-20T15:06:11+01:00,STATION,"Odysseum",0,8,8,0.0,43.603727,3.918979
2026-03-20,15:06:11,2026-03-20T15:06:11+01:00,STATION,"Saint-Denis",0,8,8,0.0,43.605021,3.875065
2026-03-20,15:06:11,2026-03-20T15:06:11+01:00,STATION,"Richter",15,1,16,0.9375,43.603424,3.899263
2026-03-20,15:06:11,2026-03-20T15:06:11+01:00,STATION,"Charles Flahault",0,8,8,0.0,43.622038,3.86672
2026-03-20,15:06:11,2026-03-20T15:06:11+01:00,STATION,"Voltaire",3,5,8,0.375,43.603767,3.888659
2026-03-20,15:06:11,2026-03-20T15:06:11+01:00,STATION,"Prés d Arènes",8,0,8,1.0,43.59048,3.884611
2026-03-20,15:06:11,2026-03-20T15:06:11+01:00,STATION,"Garcia Lorca",7,1,8,0.875,43.590757,3.890616
2026-03-20,15:06:11,2026-03-20T15:06:11+01:00,STATION,"Vert Bois",8,8,16,0.5,43.63543,3.871179
2026-03-20,15:06:11,2026-03-20T15:06:11+01:00,STATION,"Malbosc",2,6,8,0.25,43.633679,3.832861
2026-03-20,15:06:11,2026-03-20T15:06:11+01:00,STATION,"Occitanie",15,17,32,0.46875,43.635689,3.849597
2026-03-20,15:06:11,2026-03-20T15:06:11+01:00,STATION,"Fac des Sciences",6,18,24,0.25,43.631318,3.861299
2026-03-20,15:06:11,2026-03-20T15:06:11+01:00,STATION,"Fac de Lettres",3,9,12,0.25,43.630437,3.869539
2026-03-20,15:06:11,2026-03-20T15:06:11+01:00,STATION,"Aiguelongue",2,5,8,0.375,43.626163,3.882492
2026-03-20,15:06:11,2026-03-20T15:06:11+01:00,STATION,"Jeu de Mail des Abbés",3,5,8,0.375,43.619701,3.883831
2026-03-20,15:06:11,2026-03-20T15:06:11+01:00,STATION,"Euromédecine",1,7,8,0.125,43.639119,3.828199
2026-03-20,15:06:11,2026-03-20T15:06:11+01:00,STATION,"Marie Caizergues",3,5,8,0.375,43.619871,3.873812
2026-03-20,15:06:11,2026-03-20T15:06:11+01:00,STATION,"Sabines",2,6,8,0.25,43.584211,3.860031
2026-03-20,15:06:11,2026-03-20T15:06:11+01:00,STATION,"Celleneuve",3,5,8,0.375,43.61467,3.832624
2026-03-20,15:06:11,2026-03-20T15:06:11+01:00,STATION,"Jardin de la Lironde",5,3,8,0.625,43.60585,3.911576
2026-03-20,15:06:11,2026-03-20T15:06:11+01:00,STATION,"Père Soulas",5,3,8,0.625,43.621983,3.855603
2026-03-20,15:06:11,2026-03-20T15:06:11+01:00,STATION,"Place Viala",9,0,8,1.0,43.616812,3.855075
2026-03-20,15:06:11,2026-03-20T15:06:11+01:00,STATION,"Hôtel du Département",3,5,8,0.375,43.621682,3.83477
2026-03-20,15:06:11,2026-03-20T15:06:11+01:00,STATION,"Tonnelles",8,0,8,1.0,43.615155,3.839466
2026-03-20,15:06:11,2026-03-20T15:06:11+01:00,STATION,"Parvis Jules Ferry - Gare Saint-Roch",2,6,8,0.25,43.603889,3.879362
2026-03-20,15:06:11,2026-03-20T15:06:11+01:00,STATION,"Pont de Lattes - Gare Saint-Roch",6,6,12,0.5,43.606036,3.882393
2026-03-20,15:06:11,2026-03-20T15:06:11+01:00,STATION,"Deux Ponts - Gare Saint-Roch",0,8,8,0.0,43.604319,3.880916
2026-03-20,15:06:11,2026-03-20T15:06:11+01:00,STATION,"Providence - Ovalie",4,4,8,0.5,43.588239,3.853421
2026-03-20,15:06:11,2026-03-20T15:06:11+01:00,STATION,"Pérols Etang de l Or",14,54,68,0.20588235294117646,43.558351,3.963412
2026-03-20,15:06:11,2026-03-20T15:06:11+01:00,STATION,"Albert 1er - Cathédrale",2,10,12,0.16666666666666666,43.614005,3.873218
2026-03-20,15:06:11,2026-03-20T15:06:11+01:00,STATION,"Saint-Guilhem - Courreau",3,5,8,0.375,43.608996,3.872752
2026-03-20,15:06:11,2026-03-20T15:06:11+01:00,STATION,"Sud De France",6,2,8,0.75,43.59562,3.9235
2026-03-20,15:06:11,2026-03-20T15:06:11+01:00,STATION,"Comedie Baudin",0,8,8,0.0,43.608717,3.880787
2026-03-20,15:06:11,2026-03-20T15:06:11+01:00,STATION,"Jean de Beins",4,12,16,0.25,43.609857,3.883884
2026-03-20,16:12:56,2026-03-20T16:12:56+01:00,STATION,"Rue Jules Ferry - Gare Saint-Roch",5,7,12,0.4166666666666667,43.605366,3.881346
2026-03-20,16:12:56,2026-03-20T16:12:56+01:00,STATION,"Comédie",9,11,20,0.45,43.608148,3.878778
2026-03-20,16:12:56,2026-03-20T16:12:56+01:00,STATION,"Hôtel de Ville",11,5,16,0.6875,43.599088,3.894866
2026-03-20,16:12:56,2026-03-20T16:12:56+01:00,STATION,"Corum",3,9,12,0.25,43.613989,3.8816
2026-03-20,16:12:56,2026-03-20T16:12:56+01:00,STATION,"Place Albert 1er - St Charles",2,25,27,0.07407407407407407,43.616768,3.873375
2026-03-20,16:12:56,2026-03-20T16:12:56+01:00,STATION,"Foch",3,5,8,0.375,43.610989,3.873345
2026-03-20,16:12:56,2026-03-20T16:12:56+01:00,STATION,"Halles Castellane",0,12,12,0.0,43.609935,3.877208
2026-03-20,16:12:56,2026-03-20T16:12:56+01:00,STATION,"Observatoire",8,0,8,1.0,43.606301,3.87724
2026-03-20,16:12:56,2026-03-20T16:12:56+01:00,STATION,"Rondelet",8,8,16,0.5,43.603038,3.875796
2026-03-20,16:12:56,2026-03-20T16:12:56+01:00,STATION,"Plan Cabanes",12,0,12,1.0,43.608491,3.868389
2026-03-20,16:12:56,2026-03-20T16:12:56+01:00,STATION,"Boutonnet",5,7,12,0.4166666666666667,43.622629,3.868375
2026-03-20,16:12:56,2026-03-20T16:12:56+01:00,STATION,"Emile Combes",6,2,8,0.75,43.616742,3.87998
2026-03-20,16:12:56,2026-03-20T16:12:56+01:00,STATION,"Beaux-Arts",4,12,16,0.25,43.616698,3.884981
2026-03-20,16:12:56,2026-03-20T16:12:56+01:00,STATION,"Les Aubes",2,6,8,0.25,43.618692,3.893844
2026-03-20,16:12:56,2026-03-20T16:12:56+01:00,STATION,"Antigone centre",6,6,12,0.5,43.607942,3.890634
2026-03-20,16:12:56,2026-03-20T16:12:56+01:00,STATION,"Médiathèque Emile Zola",6,10,16,0.375,43.608218,3.89314
2026-03-20,16:12:56,2026-03-20T16:12:56+01:00,STATION,"Nombre d Or",6,10,16,0.375,43.607859,3.886644
2026-03-20,16:12:56,2026-03-20T16:12:56+01:00,STATION,"Louis Blanc",7,9,16,0.4375,43.614642,3.877648
2026-03-20,16:12:56,2026-03-20T16:12:56+01:00,STATION,"Gambetta",8,0,8,1.0,43.607106,3.870693
2026-03-20,16:12:56,2026-03-20T16:12:56+01:00,STATION,"Port Marianne",2,14,16,0.125,43.60032,3.89851
2026-03-20,16:12:56,2026-03-20T16:12:56+01:00,STATION,"Les Arceaux",3,5,8,0.375,43.612659,3.867734
2026-03-20,16:12:56,2026-03-20T16:12:56+01:00,STATION,"Cité Mion",2,4,8,0.5,43.601143,3.884373
2026-03-20,16:12:56,2026-03-20T16:12:56+01:00,STATION,"Nouveau Saint-Roch",5,3,8,0.625,43.599817,3.875757
2026-03-20,16:12:56,2026-03-20T16:12:56+01:00,STATION,"Renouvier",7,0,8,1.0,43.603553,3.867884
2026-03-20,16:12:56,2026-03-20T16:12:56+01:00,STATION,"Odysseum",0,8,8,0.0,43.603727,3.918979
2026-03-20,16:12:56,2026-03-20T16:12:56+01:00,STATION,"Saint-Denis",0,8,8,0.0,43.605021,3.875065
2026-03-20,16:12:56,2026-03-20T16:12:56+01:00,STATION,"Richter",15,1,16,0.9375,43.603424,3.899263
2026-03-20,16:12:56,2026-03-20T16:12:56+01:00,STATION,"Charles Flahault",0,8,8,0.0,43.622038,3.86672
2026-03-20,16:12:56,2026-03-20T16:12:56+01:00,STATION,"Voltaire",3,5,8,0.375,43.603767,3.888659
2026-03-20,16:12:56,2026-03-20T16:12:56+01:00,STATION,"Prés d Arènes",8,0,8,1.0,43.59048,3.884611
2026-03-20,16:12:56,2026-03-20T16:12:56+01:00,STATION,"Garcia Lorca",7,1,8,0.875,43.590757,3.890616
2026-03-20,16:12:56,2026-03-20T16:12:56+01:00,STATION,"Vert Bois",8,8,16,0.5,43.63543,3.871179
2026-03-20,16:12:56,2026-03-20T16:12:56+01:00,STATION,"Malbosc",2,6,8,0.25,43.633679,3.832861
2026-03-20,16:12:56,2026-03-20T16:12:56+01:00,STATION,"Occitanie",17,15,32,0.53125,43.635689,3.849597
2026-03-20,16:12:56,2026-03-20T16:12:56+01:00,STATION,"Fac des Sciences",8,16,24,0.3333333333333333,43.631318,3.861299
2026-03-20,16:12:56,2026-03-20T16:12:56+01:00,STATION,"Fac de Lettres",3,9,12,0.25,43.630437,3.869539
2026-03-20,16:12:56,2026-03-20T16:12:56+01:00,STATION,"Aiguelongue",2,5,8,0.375,43.626163,3.882492
2026-03-20,16:12:56,2026-03-20T16:12:56+01:00,STATION,"Jeu de Mail des Abbés",3,5,8,0.375,43.619701,3.883831
2026-03-20,16:12:56,2026-03-20T16:12:56+01:00,STATION,"Euromédecine",1,7,8,0.125,43.639119,3.828199
2026-03-20,16:12:56,2026-03-20T16:12:56+01:00,STATION,"Marie Caizergues",3,5,8,0.375,43.619871,3.873812
2026-03-20,16:12:56,2026-03-20T16:12:56+01:00,STATION,"Sabines",2,6,8,0.25,43.584211,3.860031
2026-03-20,16:12:56,2026-03-20T16:12:56+01:00,STATION,"Celleneuve",3,5,8,0.375,43.61467,3.832624
2026-03-20,16:12:56,2026-03-20T16:12:56+01:00,STATION,"Jardin de la Lironde",5,3,8,0.625,43.60585,3.911576
2026-03-20,16:12:56,2026-03-20T16:12:56+01:00,STATION,"Père Soulas",5,3,8,0.625,43.621983,3.855603
2026-03-20,16:12:56,2026-03-20T16:12:56+01:00,STATION,"Place Viala",9,0,8,1.0,43.616812,3.855075
2026-03-20,16:12:56,2026-03-20T16:12:56+01:00,STATION,"Hôtel du Département",3,5,8,0.375,43.621682,3.83477
2026-03-20,16:12:56,2026-03-20T16:12:56+01:00,STATION,"Tonnelles",8,0,8,1.0,43.615155,3.839466
2026-03-20,16:12:56,2026-03-20T16:12:56+01:00,STATION,"Parvis Jules Ferry - Gare Saint-Roch",2,6,8,0.25,43.603889,3.879362
2026-03-20,16:12:56,2026-03-20T16:12:56+01:00,STATION,"Pont de Lattes - Gare Saint-Roch",5,7,12,0.4166666666666667,43.606036,3.882393
2026-03-20,16:12:56,2026-03-20T16:12:56+01:00,STATION,"Deux Ponts - Gare Saint-Roch",0,8,8,0.0,43.604319,3.880916
2026-03-20,16:12:56,2026-03-20T16:12:56+01:00,STATION,"Providence - Ovalie",4,4,8,0.5,43.588239,3.853421
2026-03-20,16:12:56,2026-03-20T16:12:56+01:00,STATION,"Pérols Etang de l Or",11,57,68,0.16176470588235295,43.558351,3.963412
2026-03-20,16:12:56,2026-03-20T16:12:56+01:00,STATION,"Albert 1er - Cathédrale",2,10,12,0.16666666666666666,43.614005,3.873218
2026-03-20,16:12:56,2026-03-20T16:12:56+01:00,STATION,"Saint-Guilhem - Courreau",3,5,8,0.375,43.608996,3.872752
2026-03-20,16:12:56,2026-03-20T16:12:56+01:00,STATION,"Sud De France",8,0,8,1.0,43.59562,3.9235
2026-03-20,16:12:56,2026-03-20T16:12:56+01:00,STATION,"Comedie Baudin",0,8,8,0.0,43.608717,3.880787
2026-03-20,16:12:56,2026-03-20T16:12:56+01:00,STATION,"Jean de Beins",4,12,16,0.25,43.609857,3.883884
2026-03-20,17:06:24,2026-03-20T17:06:24+01:00,STATION,"Rue Jules Ferry - Gare Saint-Roch",5,7,12,0.4166666666666667,43.605366,3.881346
2026-03-20,17:06:24,2026-03-20T17:06:24+01:00,STATION,"Comédie",9,11,20,0.45,43.608148,3.878778
2026-03-20,17:06:24,2026-03-20T17:06:24+01:00,STATION,"Hôtel de Ville",11,5,16,0.6875,43.599088,3.894866
2026-03-20,17:06:24,2026-03-20T17:06:24+01:00,STATION,"Corum",3,9,12,0.25,43.613989,3.8816
2026-03-20,17:06:24,2026-03-20T17:06:24+01:00,STATION,"Place Albert 1er - St Charles",2,25,27,0.07407407407407407,43.616768,3.873375
2026-03-20,17:06:24,2026-03-20T17:06:24+01:00,STATION,"Foch",3,5,8,0.375,43.610989,3.873345
2026-03-20,17:06:24,2026-03-20T17:06:24+01:00,STATION,"Halles Castellane",0,12,12,0.0,43.609935,3.877208
2026-03-20,17:06:24,2026-03-20T17:06:24+01:00,STATION,"Observatoire",8,0,8,1.0,43.606301,3.87724
2026-03-20,17:06:24,2026-03-20T17:06:24+01:00,STATION,"Rondelet",8,8,16,0.5,43.603038,3.875796
2026-03-20,17:06:24,2026-03-20T17:06:24+01:00,STATION,"Plan Cabanes",12,0,12,1.0,43.608491,3.868389
2026-03-20,17:06:24,2026-03-20T17:06:24+01:00,STATION,"Boutonnet",5,7,12,0.4166666666666667,43.622629,3.868375
2026-03-20,17:06:24,2026-03-20T17:06:24+01:00,STATION,"Emile Combes",6,2,8,0.75,43.616742,3.87998
2026-03-20,17:06:24,2026-03-20T17:06:24+01:00,STATION,"Beaux-Arts",4,12,16,0.25,43.616698,3.884981
2026-03-20,17:06:24,2026-03-20T17:06:24+01:00,STATION,"Les Aubes",2,6,8,0.25,43.618692,3.893844
2026-03-20,17:06:24,2026-03-20T17:06:24+01:00,STATION,"Antigone centre",6,6,12,0.5,43.607942,3.890634
2026-03-20,17:06:24,2026-03-20T17:06:24+01:00,STATION,"Médiathèque Emile Zola",8,8,16,0.5,43.608218,3.89314
2026-03-20,17:06:24,2026-03-20T17:06:24+01:00,STATION,"Nombre d Or",7,9,16,0.4375,43.607859,3.886644
2026-03-20,17:06:24,2026-03-20T17:06:24+01:00,STATION,"Louis Blanc",4,12,16,0.25,43.614642,3.877648
2026-03-20,17:06:24,2026-03-20T17:06:24+01:00,STATION,"Gambetta",8,0,8,1.0,43.607106,3.870693
2026-03-20,17:06:24,2026-03-20T17:06:24+01:00,STATION,"Port Marianne",3,13,16,0.1875,43.60032,3.89851
2026-03-20,17:06:24,2026-03-20T17:06:24+01:00,STATION,"Les Arceaux",4,4,8,0.5,43.612659,3.867734
2026-03-20,17:06:24,2026-03-20T17:06:24+01:00,STATION,"Cité Mion",2,4,8,0.5,43.601143,3.884373
2026-03-20,17:06:24,2026-03-20T17:06:24+01:00,STATION,"Nouveau Saint-Roch",5,3,8,0.625,43.599817,3.875757
2026-03-20,17:06:24,2026-03-20T17:06:24+01:00,STATION,"Renouvier",7,0,8,1.0,43.603553,3.867884
2026-03-20,17:06:24,2026-03-20T17:06:24+01:00,STATION,"Odysseum",0,8,8,0.0,43.603727,3.918979
2026-03-20,17:06:24,2026-03-20T17:06:24+01:00,STATION,"Saint-Denis",0,8,8,0.0,43.605021,3.875065
2026-03-20,17:06:24,2026-03-20T17:06:24+01:00,STATION,"Richter",14,2,16,0.875,43.603424,3.899263
2026-03-20,17:06:24,2026-03-20T17:06:24+01:00,STATION,"Charles Flahault",0,8,8,0.0,43.622038,3.86672
2026-03-20,17:06:24,2026-03-20T17:06:24+01:00,STATION,"Voltaire",3,5,8,0.375,43.603767,3.888659
2026-03-20,17:06:24,2026-03-20T17:06:24+01:00,STATION,"Prés d Arènes",8,0,8,1.0,43.59048,3.884611
2026-03-20,17:06:24,2026-03-20T17:06:24+01:00,STATION,"Garcia Lorca",7,1,8,0.875,43.590757,3.890616
2026-03-20,17:06:24,2026-03-20T17:06:24+01:00,STATION,"Vert Bois",9,7,16,0.5625,43.63543,3.871179
2026-03-20,17:06:24,2026-03-20T17:06:24+01:00,STATION,"Malbosc",2,6,8,0.25,43.633679,3.832861
2026-03-20,17:06:24,2026-03-20T17:06:24+01:00,STATION,"Occitanie",15,17,32,0.46875,43.635689,3.849597
2026-03-20,17:06:24,2026-03-20T17:06:24+01:00,STATION,"Fac des Sciences",9,15,24,0.375,43.631318,3.861299
2026-03-20,17:06:24,2026-03-20T17:06:24+01:00,STATION,"Fac de Lettres",3,9,12,0.25,43.630437,3.869539
2026-03-20,17:06:24,2026-03-20T17:06:24+01:00,STATION,"Aiguelongue",2,5,8,0.375,43.626163,3.882492
2026-03-20,17:06:24,2026-03-20T17:06:24+01:00,STATION,"Jeu de Mail des Abbés",3,5,8,0.375,43.619701,3.883831
2026-03-20,17:06:24,2026-03-20T17:06:24+01:00,STATION,"Euromédecine",1,7,8,0.125,43.639119,3.828199
2026-03-20,17:06:24,2026-03-20T17:06:24+01:00,STATION,"Marie Caizergues",3,5,8,0.375,43.619871,3.873812
2026-03-20,17:06:24,2026-03-20T17:06:24+01:00,STATION,"Sabines",2,6,8,0.25,43.584211,3.860031
2026-03-20,17:06:24,2026-03-20T17:06:24+01:00,STATION,"Celleneuve",3,5,8,0.375,43.61467,3.832624
2026-03-20,17:06:24,2026-03-20T17:06:24+01:00,STATION,"Jardin de la Lironde",3,5,8,0.375,43.60585,3.911576
2026-03-20,17:06:24,2026-03-20T17:06:24+01:00,STATION,"Père Soulas",4,4,8,0.5,43.621983,3.855603
2026-03-20,17:06:24,2026-03-20T17:06:24+01:00,STATION,"Place Viala",7,1,8,0.875,43.616812,3.855075
2026-03-20,17:06:24,2026-03-20T17:06:24+01:00,STATION,"Hôtel du Département",3,5,8,0.375,43.621682,3.83477
2026-03-20,17:06:24,2026-03-20T17:06:24+01:00,STATION,"Tonnelles",8,0,8,1.0,43.615155,3.839466
2026-03-20,17:06:24,2026-03-20T17:06:24+01:00,STATION,"Parvis Jules Ferry - Gare Saint-Roch",2,6,8,0.25,43.603889,3.879362
2026-03-20,17:06:24,2026-03-20T17:06:24+01:00,STATION,"Pont de Lattes - Gare Saint-Roch",2,10,12,0.16666666666666666,43.606036,3.882393
2026-03-20,17:06:24,2026-03-20T17:06:24+01:00,STATION,"Deux Ponts - Gare Saint-Roch",0,8,8,0.0,43.604319,3.880916
2026-03-20,17:06:24,2026-03-20T17:06:24+01:00,STATION,"Providence - Ovalie",4,4,8,0.5,43.588239,3.853421
2026-03-20,17:06:24,2026-03-20T17:06:24+01:00,STATION,"Pérols Etang de l Or",22,46,68,0.3235294117647059,43.558351,3.963412
2026-03-20,17:06:24,2026-03-20T17:06:24+01:00,STATION,"Albert 1er - Cathédrale",2,10,12,0.16666666666666666,43.614005,3.873218
2026-03-20,17:06:24,2026-03-20T17:06:24+01:00,STATION,"Saint-Guilhem - Courreau",3,5,8,0.375,43.608996,3.872752
2026-03-20,17:06:24,2026-03-20T17:06:24+01:00,STATION,"Sud De France",8,0,8,1.0,43.59562,3.9235
2026-03-20,17:06:24,2026-03-20T17:06:24+01:00,STATION,"Comedie Baudin",0,8,8,0.0,43.608717,3.880787
2026-03-20,17:06:24,2026-03-20T17:06:24+01:00,STATION,"Jean de Beins",4,12,16,0.25,43.609857,3.883884
2026-03-20,18:10:54,2026-03-20T18:10:54+01:00,STATION,"Rue Jules Ferry - Gare Saint-Roch",5,7,12,0.4166666666666667,43.605366,3.881346
2026-03-20,18:10:54,2026-03-20T18:10:54+01:00,STATION,"Comédie",9,11,20,0.45,43.608148,3.878778
2026-03-20,18:10:54,2026-03-20T18:10:54+01:00,STATION,"Hôtel de Ville",12,4,16,0.75,43.599088,3.894866
2026-03-20,18:10:54,2026-03-20T18:10:54+01:00,STATION,"Corum",4,8,12,0.3333333333333333,43.613989,3.8816
2026-03-20,18:10:54,2026-03-20T18:10:54+01:00,STATION,"Place Albert 1er - St Charles",2,25,27,0.07407407407407407,43.616768,3.873375
2026-03-20,18:10:54,2026-03-20T18:10:54+01:00,STATION,"Foch",5,3,8,0.625,43.610989,3.873345
2026-03-20,18:10:54,2026-03-20T18:10:54+01:00,STATION,"Halles Castellane",0,12,12,0.0,43.609935,3.877208
2026-03-20,18:10:54,2026-03-20T18:10:54+01:00,STATION,"Observatoire",8,0,8,1.0,43.606301,3.87724
2026-03-20,18:10:54,2026-03-20T18:10:54+01:00,STATION,"Rondelet",8,8,16,0.5,43.603038,3.875796
2026-03-20,18:10:54,2026-03-20T18:10:54+01:00,STATION,"Plan Cabanes",12,0,12,1.0,43.608491,3.868389
2026-03-20,18:10:54,2026-03-20T18:10:54+01:00,STATION,"Boutonnet",5,7,12,0.4166666666666667,43.622629,3.868375
2026-03-20,18:10:54,2026-03-20T18:10:54+01:00,STATION,"Emile Combes",6,2,8,0.75,43.616742,3.87998
2026-03-20,18:10:54,2026-03-20T18:10:54+01:00,STATION,"Beaux-Arts",4,12,16,0.25,43.616698,3.884981
2026-03-20,18:10:54,2026-03-20T18:10:54+01:00,STATION,"Les Aubes",2,6,8,0.25,43.618692,3.893844
2026-03-20,18:10:54,2026-03-20T18:10:54+01:00,STATION,"Antigone centre",5,7,12,0.4166666666666667,43.607942,3.890634
2026-03-20,18:10:54,2026-03-20T18:10:54+01:00,STATION,"Médiathèque Emile Zola",6,10,16,0.375,43.608218,3.89314
2026-03-20,18:10:54,2026-03-20T18:10:54+01:00,STATION,"Nombre d Or",7,9,16,0.4375,43.607859,3.886644
2026-03-20,18:10:54,2026-03-20T18:10:54+01:00,STATION,"Louis Blanc",4,12,16,0.25,43.614642,3.877648
2026-03-20,18:10:54,2026-03-20T18:10:54+01:00,STATION,"Gambetta",8,0,8,1.0,43.607106,3.870693
2026-03-20,18:10:54,2026-03-20T18:10:54+01:00,STATION,"Port Marianne",3,13,16,0.1875,43.60032,3.89851
2026-03-20,18:10:54,2026-03-20T18:10:54+01:00,STATION,"Les Arceaux",2,6,8,0.25,43.612659,3.867734
2026-03-20,18:10:54,2026-03-20T18:10:54+01:00,STATION,"Cité Mion",2,4,8,0.5,43.601143,3.884373
2026-03-20,18:10:54,2026-03-20T18:10:54+01:00,STATION,"Nouveau Saint-Roch",5,3,8,0.625,43.599817,3.875757
2026-03-20,18:10:54,2026-03-20T18:10:54+01:00,STATION,"Renouvier",7,0,8,1.0,43.603553,3.867884
2026-03-20,18:10:54,2026-03-20T18:10:54+01:00,STATION,"Odysseum",0,8,8,0.0,43.603727,3.918979
2026-03-20,18:10:54,2026-03-20T18:10:54+01:00,STATION,"Saint-Denis",0,8,8,0.0,43.605021,3.875065
2026-03-20,18:10:54,2026-03-20T18:10:54+01:00,STATION,"Richter",15,1,16,0.9375,43.603424,3.899263
2026-03-20,18:10:54,2026-03-20T18:10:54+01:00,STATION,"Charles Flahault",0,8,8,0.0,43.622038,3.86672
2026-03-20,18:10:54,2026-03-20T18:10:54+01:00,STATION,"Voltaire",3,5,8,0.375,43.603767,3.888659
2026-03-20,18:10:54,2026-03-20T18:10:54+01:00,STATION,"Prés d Arènes",8,0,8,1.0,43.59048,3.884611
2026-03-20,18:10:54,2026-03-20T18:10:54+01:00,STATION,"Garcia Lorca",7,1,8,0.875,43.590757,3.890616
2026-03-20,18:10:54,2026-03-20T18:10:54+01:00,STATION,"Vert Bois",8,8,16,0.5,43.63543,3.871179
2026-03-20,18:10:54,2026-03-20T18:10:54+01:00,STATION,"Malbosc",2,6,8,0.25,43.633679,3.832861
2026-03-20,18:10:54,2026-03-20T18:10:54+01:00,STATION,"Occitanie",14,18,32,0.4375,43.635689,3.849597
2026-03-20,18:10:54,2026-03-20T18:10:54+01:00,STATION,"Fac des Sciences",9,15,24,0.375,43.631318,3.861299
2026-03-20,18:10:54,2026-03-20T18:10:54+01:00,STATION,"Fac de Lettres",2,10,12,0.16666666666666666,43.630437,3.869539
2026-03-20,18:10:54,2026-03-20T18:10:54+01:00,STATION,"Aiguelongue",2,5,8,0.375,43.626163,3.882492
2026-03-20,18:10:54,2026-03-20T18:10:54+01:00,STATION,"Jeu de Mail des Abbés",3,5,8,0.375,43.619701,3.883831
2026-03-20,18:10:54,2026-03-20T18:10:54+01:00,STATION,"Euromédecine",1,7,8,0.125,43.639119,3.828199
2026-03-20,18:10:54,2026-03-20T18:10:54+01:00,STATION,"Marie Caizergues",3,5,8,0.375,43.619871,3.873812
2026-03-20,18:10:54,2026-03-20T18:10:54+01:00,STATION,"Sabines",2,6,8,0.25,43.584211,3.860031
2026-03-20,18:10:54,2026-03-20T18:10:54+01:00,STATION,"Celleneuve",3,5,8,0.375,43.61467,3.832624
2026-03-20,18:10:54,2026-03-20T18:10:54+01:00,STATION,"Jardin de la Lironde",4,4,8,0.5,43.60585,3.911576
2026-03-20,18:10:54,2026-03-20T18:10:54+01:00,STATION,"Père Soulas",4,4,8,0.5,43.621983,3.855603
2026-03-20,18:10:54,2026-03-20T18:10:54+01:00,STATION,"Place Viala",7,1,8,0.875,43.616812,3.855075
2026-03-20,18:10:54,2026-03-20T18:10:54+01:00,STATION,"Hôtel du Département",3,5,8,0.375,43.621682,3.83477
2026-03-20,18:10:54,2026-03-20T18:10:54+01:00,STATION,"Tonnelles",8,0,8,1.0,43.615155,3.839466
2026-03-20,18:10:54,2026-03-20T18:10:54+01:00,STATION,"Parvis Jules Ferry - Gare Saint-Roch",2,6,8,0.25,43.603889,3.879362
2026-03-20,18:10:54,2026-03-20T18:10:54+01:00,STATION,"Pont de Lattes - Gare Saint-Roch",2,10,12,0.16666666666666666,43.606036,3.882393
2026-03-20,18:10:54,2026-03-20T18:10:54+01:00,STATION,"Deux Ponts - Gare Saint-Roch",0,8,8,0.0,43.604319,3.880916
2026-03-20,18:10:54,2026-03-20T18:10:54+01:00,STATION,"Providence - Ovalie",4,4,8,0.5,43.588239,3.853421
2026-03-20,18:10:54,2026-03-20T18:10:54+01:00,STATION,"Pérols Etang de l Or",23,45,68,0.3382352941176471,43.558351,3.963412
2026-03-20,18:10:54,2026-03-20T18:10:54+01:00,STATION,"Albert 1er - Cathédrale",2,10,12,0.16666666666666666,43.614005,3.873218
2026-03-20,18:10:54,2026-03-20T18:10:54+01:00,STATION,"Saint-Guilhem - Courreau",2,6,8,0.25,43.608996,3.872752
2026-03-20,18:10:54,2026-03-20T18:10:54+01:00,STATION,"Sud De France",8,0,8,1.0,43.59562,3.9235
2026-03-20,18:10:54,2026-03-20T18:10:54+01:00,STATION,"Comedie Baudin",0,8,8,0.0,43.608717,3.880787
2026-03-20,18:10:54,2026-03-20T18:10:54+01:00,STATION,"Jean de Beins",4,12,16,0.25,43.609857,3.883884
2026-03-20,19:02:04,2026-03-20T19:02:04+01:00,STATION,"Rue Jules Ferry - Gare Saint-Roch",6,6,12,0.5,43.605366,3.881346
2026-03-20,19:02:04,2026-03-20T19:02:04+01:00,STATION,"Comédie",9,11,20,0.45,43.608148,3.878778
2026-03-20,19:02:04,2026-03-20T19:02:04+01:00,STATION,"Hôtel de Ville",13,3,16,0.8125,43.599088,3.894866
2026-03-20,19:02:04,2026-03-20T19:02:04+01:00,STATION,"Corum",5,7,12,0.4166666666666667,43.613989,3.8816
2026-03-20,19:02:04,2026-03-20T19:02:04+01:00,STATION,"Place Albert 1er - St Charles",1,26,27,0.037037037037037035,43.616768,3.873375
2026-03-20,19:02:04,2026-03-20T19:02:04+01:00,STATION,"Foch",5,3,8,0.625,43.610989,3.873345
2026-03-20,19:02:04,2026-03-20T19:02:04+01:00,STATION,"Halles Castellane",0,12,12,0.0,43.609935,3.877208
2026-03-20,19:02:04,2026-03-20T19:02:04+01:00,STATION,"Observatoire",6,1,8,0.875,43.606301,3.87724
2026-03-20,19:02:04,2026-03-20T19:02:04+01:00,STATION,"Rondelet",8,8,16,0.5,43.603038,3.875796
2026-03-20,19:02:04,2026-03-20T19:02:04+01:00,STATION,"Plan Cabanes",12,0,12,1.0,43.608491,3.868389
2026-03-20,19:02:04,2026-03-20T19:02:04+01:00,STATION,"Boutonnet",5,7,12,0.4166666666666667,43.622629,3.868375
2026-03-20,19:02:04,2026-03-20T19:02:04+01:00,STATION,"Emile Combes",6,2,8,0.75,43.616742,3.87998
2026-03-20,19:02:04,2026-03-20T19:02:04+01:00,STATION,"Beaux-Arts",4,12,16,0.25,43.616698,3.884981
2026-03-20,19:02:04,2026-03-20T19:02:04+01:00,STATION,"Les Aubes",2,6,8,0.25,43.618692,3.893844
2026-03-20,19:02:04,2026-03-20T19:02:04+01:00,STATION,"Antigone centre",4,8,12,0.3333333333333333,43.607942,3.890634
2026-03-20,19:02:04,2026-03-20T19:02:04+01:00,STATION,"Médiathèque Emile Zola",5,11,16,0.3125,43.608218,3.89314
2026-03-20,19:02:04,2026-03-20T19:02:04+01:00,STATION,"Nombre d Or",10,6,16,0.625,43.607859,3.886644
2026-03-20,19:02:04,2026-03-20T19:02:04+01:00,STATION,"Louis Blanc",4,12,16,0.25,43.614642,3.877648
2026-03-20,19:02:04,2026-03-20T19:02:04+01:00,STATION,"Gambetta",7,1,8,0.875,43.607106,3.870693
2026-03-20,19:02:04,2026-03-20T19:02:04+01:00,STATION,"Port Marianne",3,13,16,0.1875,43.60032,3.89851
2026-03-20,19:02:04,2026-03-20T19:02:04+01:00,STATION,"Les Arceaux",1,7,8,0.125,43.612659,3.867734
2026-03-20,19:02:04,2026-03-20T19:02:04+01:00,STATION,"Cité Mion",2,4,8,0.5,43.601143,3.884373
2026-03-20,19:02:04,2026-03-20T19:02:04+01:00,STATION,"Nouveau Saint-Roch",8,0,8,1.0,43.599817,3.875757
2026-03-20,19:02:04,2026-03-20T19:02:04+01:00,STATION,"Renouvier",7,0,8,1.0,43.603553,3.867884
2026-03-20,19:02:04,2026-03-20T19:02:04+01:00,STATION,"Odysseum",0,8,8,0.0,43.603727,3.918979
2026-03-20,19:02:04,2026-03-20T19:02:04+01:00,STATION,"Saint-Denis",0,8,8,0.0,43.605021,3.875065
2026-03-20,19:02:04,2026-03-20T19:02:04+01:00,STATION,"Richter",15,1,16,0.9375,43.603424,3.899263
2026-03-20,19:02:04,2026-03-20T19:02:04+01:00,STATION,"Charles Flahault",0,8,8,0.0,43.622038,3.86672
2026-03-20,19:02:04,2026-03-20T19:02:04+01:00,STATION,"Voltaire",5,3,8,0.625,43.603767,3.888659
2026-03-20,19:02:04,2026-03-20T19:02:04+01:00,STATION,"Prés d Arènes",7,1,8,0.875,43.59048,3.884611
2026-03-20,19:02:04,2026-03-20T19:02:04+01:00,STATION,"Garcia Lorca",7,1,8,0.875,43.590757,3.890616
2026-03-20,19:02:04,2026-03-20T19:02:04+01:00,STATION,"Vert Bois",8,8,16,0.5,43.63543,3.871179
2026-03-20,19:02:04,2026-03-20T19:02:04+01:00,STATION,"Malbosc",2,6,8,0.25,43.633679,3.832861
2026-03-20,19:02:04,2026-03-20T19:02:04+01:00,STATION,"Occitanie",14,18,32,0.4375,43.635689,3.849597
2026-03-20,19:02:04,2026-03-20T19:02:04+01:00,STATION,"Fac des Sciences",9,15,24,0.375,43.631318,3.861299
2026-03-20,19:02:04,2026-03-20T19:02:04+01:00,STATION,"Fac de Lettres",2,10,12,0.16666666666666666,43.630437,3.869539
2026-03-20,19:02:04,2026-03-20T19:02:04+01:00,STATION,"Aiguelongue",3,4,8,0.5,43.626163,3.882492
2026-03-20,19:02:04,2026-03-20T19:02:04+01:00,STATION,"Jeu de Mail des Abbés",3,5,8,0.375,43.619701,3.883831
2026-03-20,19:02:04,2026-03-20T19:02:04+01:00,STATION,"Euromédecine",1,7,8,0.125,43.639119,3.828199
2026-03-20,19:02:04,2026-03-20T19:02:04+01:00,STATION,"Marie Caizergues",3,5,8,0.375,43.619871,3.873812
2026-03-20,19:02:04,2026-03-20T19:02:04+01:00,STATION,"Sabines",2,6,8,0.25,43.584211,3.860031
2026-03-20,19:02:04,2026-03-20T19:02:04+01:00,STATION,"Celleneuve",3,5,8,0.375,43.61467,3.832624
2026-03-20,19:02:04,2026-03-20T19:02:04+01:00,STATION,"Jardin de la Lironde",5,3,8,0.625,43.60585,3.911576
2026-03-20,19:02:04,2026-03-20T19:02:04+01:00,STATION,"Père Soulas",3,5,8,0.375,43.621983,3.855603
2026-03-20,19:02:04,2026-03-20T19:02:04+01:00,STATION,"Place Viala",3,5,8,0.375,43.616812,3.855075
2026-03-20,19:02:04,2026-03-20T19:02:04+01:00,STATION,"Hôtel du Département",3,5,8,0.375,43.621682,3.83477
2026-03-20,19:02:04,2026-03-20T19:02:04+01:00,STATION,"Tonnelles",8,0,8,1.0,43.615155,3.839466
2026-03-20,19:02:04,2026-03-20T19:02:04+01:00,STATION,"Parvis Jules Ferry - Gare Saint-Roch",4,4,8,0.5,43.603889,3.879362
2026-03-20,19:02:04,2026-03-20T19:02:04+01:00,STATION,"Pont de Lattes - Gare Saint-Roch",2,10,12,0.16666666666666666,43.606036,3.882393
2026-03-20,19:02:04,2026-03-20T19:02:04+01:00,STATION,"Deux Ponts - Gare Saint-Roch",0,8,8,0.0,43.604319,3.880916
2026-03-20,19:02:04,2026-03-20T19:02:04+01:00,STATION,"Providence - Ovalie",4,4,8,0.5,43.588239,3.853421
2026-03-20,19:02:04,2026-03-20T19:02:04+01:00,STATION,"Pérols Etang de l Or",30,38,68,0.4411764705882353,43.558351,3.963412
2026-03-20,19:02:04,2026-03-20T19:02:04+01:00,STATION,"Albert 1er - Cathédrale",3,9,12,0.25,43.614005,3.873218
2026-03-20,19:02:04,2026-03-20T19:02:04+01:00,STATION,"Saint-Guilhem - Courreau",2,6,8,0.25,43.608996,3.872752
2026-03-20,19:02:04,2026-03-20T19:02:04+01:00,STATION,"Sud De France",8,0,8,1.0,43.59562,3.9235
2026-03-20,19:02:04,2026-03-20T19:02:04+01:00,STATION,"Comedie Baudin",0,8,8,0.0,43.608717,3.880787
2026-03-20,19:02:04,2026-03-20T19:02:04+01:00,STATION,"Jean de Beins",3,13,16,0.1875,43.609857,3.883884
2026-03-20,20:04:41,2026-03-20T20:04:41+01:00,STATION,"Rue Jules Ferry - Gare Saint-Roch",8,4,12,0.6666666666666666,43.605366,3.881346
2026-03-20,20:04:41,2026-03-20T20:04:41+01:00,STATION,"Comédie",8,12,20,0.4,43.608148,3.878778
2026-03-20,20:04:41,2026-03-20T20:04:41+01:00,STATION,"Hôtel de Ville",13,3,16,0.8125,43.599088,3.894866
2026-03-20,20:04:41,2026-03-20T20:04:41+01:00,STATION,"Corum",8,4,12,0.6666666666666666,43.613989,3.8816
2026-03-20,20:04:41,2026-03-20T20:04:41+01:00,STATION,"Place Albert 1er - St Charles",1,26,27,0.037037037037037035,43.616768,3.873375
2026-03-20,20:04:41,2026-03-20T20:04:41+01:00,STATION,"Foch",7,1,8,0.875,43.610989,3.873345
2026-03-20,20:04:41,2026-03-20T20:04:41+01:00,STATION,"Halles Castellane",0,12,12,0.0,43.609935,3.877208
2026-03-20,20:04:41,2026-03-20T20:04:41+01:00,STATION,"Observatoire",6,1,8,0.875,43.606301,3.87724
2026-03-20,20:04:41,2026-03-20T20:04:41+01:00,STATION,"Rondelet",8,8,16,0.5,43.603038,3.875796
2026-03-20,20:04:41,2026-03-20T20:04:41+01:00,STATION,"Plan Cabanes",10,2,12,0.8333333333333334,43.608491,3.868389
2026-03-20,20:04:41,2026-03-20T20:04:41+01:00,STATION,"Boutonnet",4,8,12,0.3333333333333333,43.622629,3.868375
2026-03-20,20:04:41,2026-03-20T20:04:41+01:00,STATION,"Emile Combes",6,2,8,0.75,43.616742,3.87998
2026-03-20,20:04:41,2026-03-20T20:04:41+01:00,STATION,"Beaux-Arts",4,12,16,0.25,43.616698,3.884981
2026-03-20,20:04:41,2026-03-20T20:04:41+01:00,STATION,"Les Aubes",3,5,8,0.375,43.618692,3.893844
2026-03-20,20:04:41,2026-03-20T20:04:41+01:00,STATION,"Antigone centre",3,9,12,0.25,43.607942,3.890634
2026-03-20,20:04:41,2026-03-20T20:04:41+01:00,STATION,"Médiathèque Emile Zola",5,11,16,0.3125,43.608218,3.89314
2026-03-20,20:04:41,2026-03-20T20:04:41+01:00,STATION,"Nombre d Or",10,6,16,0.625,43.607859,3.886644
2026-03-20,20:04:41,2026-03-20T20:04:41+01:00,STATION,"Louis Blanc",4,12,16,0.25,43.614642,3.877648
2026-03-20,20:04:41,2026-03-20T20:04:41+01:00,STATION,"Gambetta",7,1,8,0.875,43.607106,3.870693
2026-03-20,20:04:41,2026-03-20T20:04:41+01:00,STATION,"Port Marianne",6,10,16,0.375,43.60032,3.89851
2026-03-20,20:04:41,2026-03-20T20:04:41+01:00,STATION,"Les Arceaux",2,6,8,0.25,43.612659,3.867734
2026-03-20,20:04:41,2026-03-20T20:04:41+01:00,STATION,"Cité Mion",0,6,8,0.25,43.601143,3.884373
2026-03-20,20:04:41,2026-03-20T20:04:41+01:00,STATION,"Nouveau Saint-Roch",8,0,8,1.0,43.599817,3.875757
2026-03-20,20:04:41,2026-03-20T20:04:41+01:00,STATION,"Renouvier",7,0,8,1.0,43.603553,3.867884
2026-03-20,20:04:41,2026-03-20T20:04:41+01:00,STATION,"Odysseum",0,8,8,0.0,43.603727,3.918979
2026-03-20,20:04:41,2026-03-20T20:04:41+01:00,STATION,"Saint-Denis",0,8,8,0.0,43.605021,3.875065
2026-03-20,20:04:41,2026-03-20T20:04:41+01:00,STATION,"Richter",15,1,16,0.9375,43.603424,3.899263
2026-03-20,20:04:41,2026-03-20T20:04:41+01:00,STATION,"Charles Flahault",1,7,8,0.125,43.622038,3.86672
2026-03-20,20:04:41,2026-03-20T20:04:41+01:00,STATION,"Voltaire",5,3,8,0.625,43.603767,3.888659
2026-03-20,20:04:41,2026-03-20T20:04:41+01:00,STATION,"Prés d Arènes",7,1,8,0.875,43.59048,3.884611
2026-03-20,20:04:41,2026-03-20T20:04:41+01:00,STATION,"Garcia Lorca",7,1,8,0.875,43.590757,3.890616
2026-03-20,20:04:41,2026-03-20T20:04:41+01:00,STATION,"Vert Bois",8,8,16,0.5,43.63543,3.871179
2026-03-20,20:04:41,2026-03-20T20:04:41+01:00,STATION,"Malbosc",2,6,8,0.25,43.633679,3.832861
2026-03-20,20:04:41,2026-03-20T20:04:41+01:00,STATION,"Occitanie",12,20,32,0.375,43.635689,3.849597
2026-03-20,20:04:41,2026-03-20T20:04:41+01:00,STATION,"Fac des Sciences",8,16,24,0.3333333333333333,43.631318,3.861299
2026-03-20,20:04:41,2026-03-20T20:04:41+01:00,STATION,"Fac de Lettres",2,10,12,0.16666666666666666,43.630437,3.869539
2026-03-20,20:04:41,2026-03-20T20:04:41+01:00,STATION,"Aiguelongue",3,4,8,0.5,43.626163,3.882492
2026-03-20,20:04:41,2026-03-20T20:04:41+01:00,STATION,"Jeu de Mail des Abbés",3,5,8,0.375,43.619701,3.883831
2026-03-20,20:04:41,2026-03-20T20:04:41+01:00,STATION,"Euromédecine",1,7,8,0.125,43.639119,3.828199
2026-03-20,20:04:41,2026-03-20T20:04:41+01:00,STATION,"Marie Caizergues",3,5,8,0.375,43.619871,3.873812
2026-03-20,20:04:41,2026-03-20T20:04:41+01:00,STATION,"Sabines",2,6,8,0.25,43.584211,3.860031
2026-03-20,20:04:41,2026-03-20T20:04:41+01:00,STATION,"Celleneuve",3,5,8,0.375,43.61467,3.832624
2026-03-20,20:04:41,2026-03-20T20:04:41+01:00,STATION,"Jardin de la Lironde",5,3,8,0.625,43.60585,3.911576
2026-03-20,20:04:41,2026-03-20T20:04:41+01:00,STATION,"Père Soulas",3,5,8,0.375,43.621983,3.855603
2026-03-20,20:04:41,2026-03-20T20:04:41+01:00,STATION,"Place Viala",2,6,8,0.25,43.616812,3.855075
2026-03-20,20:04:41,2026-03-20T20:04:41+01:00,STATION,"Hôtel du Département",3,5,8,0.375,43.621682,3.83477
2026-03-20,20:04:41,2026-03-20T20:04:41+01:00,STATION,"Tonnelles",8,0,8,1.0,43.615155,3.839466
2026-03-20,20:04:41,2026-03-20T20:04:41+01:00,STATION,"Parvis Jules Ferry - Gare Saint-Roch",3,5,8,0.375,43.603889,3.879362
2026-03-20,20:04:41,2026-03-20T20:04:41+01:00,STATION,"Pont de Lattes - Gare Saint-Roch",2,10,12,0.16666666666666666,43.606036,3.882393
2026-03-20,20:04:41,2026-03-20T20:04:41+01:00,STATION,"Deux Ponts - Gare Saint-Roch",0,8,8,0.0,43.604319,3.880916
2026-03-20,20:04:41,2026-03-20T20:04:41+01:00,STATION,"Providence - Ovalie",4,4,8,0.5,43.588239,3.853421
2026-03-20,20:04:41,2026-03-20T20:04:41+01:00,STATION,"Pérols Etang de l Or",37,31,68,0.5441176470588235,43.558351,3.963412
2026-03-20,20:04:41,2026-03-20T20:04:41+01:00,STATION,"Albert 1er - Cathédrale",3,9,12,0.25,43.614005,3.873218
2026-03-20,20:04:41,2026-03-20T20:04:41+01:00,STATION,"Saint-Guilhem - Courreau",4,4,8,0.5,43.608996,3.872752
2026-03-20,20:04:41,2026-03-20T20:04:41+01:00,STATION,"Sud De France",8,0,8,1.0,43.59562,3.9235
2026-03-20,20:04:41,2026-03-20T20:04:41+01:00,STATION,"Comedie Baudin",0,8,8,0.0,43.608717,3.880787
2026-03-20,20:04:41,2026-03-20T20:04:41+01:00,STATION,"Jean de Beins",3,13,16,0.1875,43.609857,3.883884
