date,heure,timestamp,type,nom,velos_dispo,bornes_libres,total,taux_occupation_places,lat,lon
2026-03-08,00:24:02,2026-03-08T00:24:02+01:00,STATION,"Rue Jules Ferry - Gare Saint-Roch",1,11,12,0.08333333333333333,43.605366,3.881346
2026-03-08,00:24:02,2026-03-08T00:24:02+01:00,STATION,"Comédie",10,10,20,0.5,43.608148,3.878778
2026-03-08,00:24:02,2026-03-08T00:24:02+01:00,STATION,"Hôtel de Ville",6,9,16,0.4375,43.599088,3.894866
2026-03-08,00:24:02,2026-03-08T00:24:02+01:00,STATION,"Corum",4,8,12,0.3333333333333333,43.613989,3.8816
2026-03-08,00:24:02,2026-03-08T00:24:02+01:00,STATION,"Place Albert 1er - St Charles",4,23,27,0.14814814814814814,43.616768,3.873375
2026-03-08,00:24:02,2026-03-08T00:24:02+01:00,STATION,"Foch",1,7,8,0.125,43.610989,3.873345
2026-03-08,00:24:02,2026-03-08T00:24:02+01:00,STATION,"Halles Castellane",0,12,12,0.0,43.609935,3.877208
2026-03-08,00:24:02,2026-03-08T00:24:02+01:00,STATION,"Observatoire",5,2,8,0.75,43.606301,3.87724
2026-03-08,00:24:02,2026-03-08T00:24:02+01:00,STATION,"Rondelet",11,5,16,0.6875,43.603038,3.875796
2026-03-08,00:24:02,2026-03-08T00:24:02+01:00,STATION,"Plan Cabanes",5,7,12,0.4166666666666667,43.608491,3.868389
2026-03-08,00:24:02,2026-03-08T00:24:02+01:00,STATION,"Boutonnet",5,7,12,0.4166666666666667,43.622629,3.868375
2026-03-08,00:24:02,2026-03-08T00:24:02+01:00,STATION,"Emile Combes",3,5,8,0.375,43.616742,3.87998
2026-03-08,00:24:02,2026-03-08T00:24:02+01:00,STATION,"Beaux-Arts",3,13,16,0.1875,43.616698,3.884981
2026-03-08,00:24:02,2026-03-08T00:24:02+01:00,STATION,"Les Aubes",5,3,8,0.625,43.618692,3.893844
2026-03-08,00:24:02,2026-03-08T00:24:02+01:00,STATION,"Antigone centre",4,8,12,0.3333333333333333,43.607942,3.890634
2026-03-08,00:24:02,2026-03-08T00:24:02+01:00,STATION,"Médiathèque Emile Zola",12,4,16,0.75,43.608218,3.89314
2026-03-08,00:24:02,2026-03-08T00:24:02+01:00,STATION,"Nombre d Or",9,7,16,0.5625,43.607859,3.886644
2026-03-08,00:24:02,2026-03-08T00:24:02+01:00,STATION,"Louis Blanc",8,8,16,0.5,43.614642,3.877648
2026-03-08,00:24:02,2026-03-08T00:24:02+01:00,STATION,"Gambetta",0,8,8,0.0,43.607106,3.870693
2026-03-08,00:24:02,2026-03-08T00:24:02+01:00,STATION,"Port Marianne",7,9,16,0.4375,43.60032,3.89851
2026-03-08,00:24:02,2026-03-08T00:24:02+01:00,STATION,"Les Arceaux",3,5,8,0.375,43.612659,3.867734
2026-03-08,00:24:02,2026-03-08T00:24:02+01:00,STATION,"Cité Mion",4,3,8,0.625,43.601143,3.884373
2026-03-08,00:24:02,2026-03-08T00:24:02+01:00,STATION,"Nouveau Saint-Roch",3,5,8,0.375,43.599817,3.875757
2026-03-08,00:24:02,2026-03-08T00:24:02+01:00,STATION,"Renouvier",1,6,8,0.25,43.603553,3.867884
2026-03-08,00:24:02,2026-03-08T00:24:02+01:00,STATION,"Odysseum",0,8,8,0.0,43.603727,3.918979
2026-03-08,00:24:02,2026-03-08T00:24:02+01:00,STATION,"Saint-Denis",0,8,8,0.0,43.605021,3.875065
2026-03-08,00:24:02,2026-03-08T00:24:02+01:00,STATION,"Richter",8,8,16,0.5,43.603424,3.899263
2026-03-08,00:24:02,2026-03-08T00:24:02+01:00,STATION,"Charles Flahault",1,7,8,0.125,43.622038,3.86672
2026-03-08,00:24:02,2026-03-08T00:24:02+01:00,STATION,"Voltaire",3,5,8,0.375,43.603767,3.888659
2026-03-08,00:24:02,2026-03-08T00:24:02+01:00,STATION,"Prés d Arènes",6,2,8,0.75,43.59048,3.884611
2026-03-08,00:24:02,2026-03-08T00:24:02+01:00,STATION,"Garcia Lorca",5,3,8,0.625,43.590757,3.890616
2026-03-08,00:24:02,2026-03-08T00:24:02+01:00,STATION,"Vert Bois",7,9,16,0.4375,43.63543,3.871179
2026-03-08,00:24:02,2026-03-08T00:24:02+01:00,STATION,"Malbosc",6,2,8,0.75,43.633679,3.832861
2026-03-08,00:24:02,2026-03-08T00:24:02+01:00,STATION,"Occitanie",4,28,32,0.125,43.635689,3.849597
2026-03-08,00:24:02,2026-03-08T00:24:02+01:00,STATION,"Fac des Sciences",13,11,24,0.5416666666666666,43.631318,3.861299
2026-03-08,00:24:02,2026-03-08T00:24:02+01:00,STATION,"Fac de Lettres",7,5,12,0.5833333333333334,43.630437,3.869539
2026-03-08,00:24:02,2026-03-08T00:24:02+01:00,STATION,"Aiguelongue",5,2,8,0.75,43.626163,3.882492
2026-03-08,00:24:02,2026-03-08T00:24:02+01:00,STATION,"Jeu de Mail des Abbés",5,3,8,0.625,43.619701,3.883831
2026-03-08,00:24:02,2026-03-08T00:24:02+01:00,STATION,"Euromédecine",2,6,8,0.25,43.639119,3.828199
2026-03-08,00:24:02,2026-03-08T00:24:02+01:00,STATION,"Marie Caizergues",1,7,8,0.125,43.619871,3.873812
2026-03-08,00:24:02,2026-03-08T00:24:02+01:00,STATION,"Sabines",5,3,8,0.625,43.584211,3.860031
2026-03-08,00:24:02,2026-03-08T00:24:02+01:00,STATION,"Celleneuve",4,4,8,0.5,43.61467,3.832624
2026-03-08,00:24:02,2026-03-08T00:24:02+01:00,STATION,"Jardin de la Lironde",8,0,8,1.0,43.60585,3.911576
2026-03-08,00:24:02,2026-03-08T00:24:02+01:00,STATION,"Père Soulas",7,1,8,0.875,43.621983,3.855603
2026-03-08,00:24:02,2026-03-08T00:24:02+01:00,STATION,"Place Viala",4,4,8,0.5,43.616812,3.855075
2026-03-08,00:24:02,2026-03-08T00:24:02+01:00,STATION,"Hôtel du Département",3,5,8,0.375,43.621682,3.83477
2026-03-08,00:24:02,2026-03-08T00:24:02+01:00,STATION,"Tonnelles",0,8,8,0.0,43.615155,3.839466
2026-03-08,00:24:02,2026-03-08T00:24:02+01:00,STATION,"Parvis Jules Ferry - Gare Saint-Roch",4,4,8,0.5,43.603889,3.879362
2026-03-08,00:24:02,2026-03-08T00:24:02+01:00,STATION,"Pont de Lattes - Gare Saint-Roch",5,7,12,0.4166666666666667,43.606036,3.882393
2026-03-08,00:24:02,2026-03-08T00:24:02+01:00,STATION,"Deux Ponts - Gare Saint-Roch",0,8,8,0.0,43.604319,3.880916
2026-03-08,00:24:02,2026-03-08T00:24:02+01:00,STATION,"Providence - Ovalie",1,7,8,0.125,43.588239,3.853421
2026-03-08,00:24:02,2026-03-08T00:24:02+01:00,STATION,"Pérols Etang de l Or",32,36,68,0.47058823529411764,43.558351,3.963412
2026-03-08,00:24:02,2026-03-08T00:24:02+01:00,STATION,"Albert 1er - Cathédrale",4,8,12,0.3333333333333333,43.614005,3.873218
2026-03-08,00:24:02,2026-03-08T00:24:02+01:00,STATION,"Saint-Guilhem - Courreau",3,5,8,0.375,43.608996,3.872752
2026-03-08,00:24:02,2026-03-08T00:24:02+01:00,STATION,"Sud De France",5,3,8,0.625,43.59562,3.9235
2026-03-08,00:24:02,2026-03-08T00:24:02+01:00,STATION,"Comedie Baudin",0,8,8,0.0,43.608717,3.880787
2026-03-08,00:24:02,2026-03-08T00:24:02+01:00,STATION,"Jean de Beins",6,10,16,0.375,43.609857,3.883884
2026-03-08,00:47:00,2026-03-08T00:47:00+01:00,STATION,"Rue Jules Ferry - Gare Saint-Roch",1,11,12,0.08333333333333333,43.605366,3.881346
2026-03-08,00:47:00,2026-03-08T00:47:00+01:00,STATION,"Comédie",10,10,20,0.5,43.608148,3.878778
2026-03-08,00:47:00,2026-03-08T00:47:00+01:00,STATION,"Hôtel de Ville",6,9,16,0.4375,43.599088,3.894866
2026-03-08,00:47:00,2026-03-08T00:47:00+01:00,STATION,"Corum",4,8,12,0.3333333333333333,43.613989,3.8816
2026-03-08,00:47:00,2026-03-08T00:47:00+01:00,STATION,"Place Albert 1er - St Charles",4,23,27,0.14814814814814814,43.616768,3.873375
2026-03-08,00:47:00,2026-03-08T00:47:00+01:00,STATION,"Foch",1,7,8,0.125,43.610989,3.873345
2026-03-08,00:47:00,2026-03-08T00:47:00+01:00,STATION,"Halles Castellane",0,12,12,0.0,43.609935,3.877208
2026-03-08,00:47:00,2026-03-08T00:47:00+01:00,STATION,"Observatoire",5,2,8,0.75,43.606301,3.87724
2026-03-08,00:47:00,2026-03-08T00:47:00+01:00,STATION,"Rondelet",11,5,16,0.6875,43.603038,3.875796
2026-03-08,00:47:00,2026-03-08T00:47:00+01:00,STATION,"Plan Cabanes",5,7,12,0.4166666666666667,43.608491,3.868389
2026-03-08,00:47:00,2026-03-08T00:47:00+01:00,STATION,"Boutonnet",6,6,12,0.5,43.622629,3.868375
2026-03-08,00:47:00,2026-03-08T00:47:00+01:00,STATION,"Emile Combes",3,5,8,0.375,43.616742,3.87998
2026-03-08,00:47:00,2026-03-08T00:47:00+01:00,STATION,"Beaux-Arts",3,13,16,0.1875,43.616698,3.884981
2026-03-08,00:47:00,2026-03-08T00:47:00+01:00,STATION,"Les Aubes",5,3,8,0.625,43.618692,3.893844
2026-03-08,00:47:00,2026-03-08T00:47:00+01:00,STATION,"Antigone centre",4,8,12,0.3333333333333333,43.607942,3.890634
2026-03-08,00:47:00,2026-03-08T00:47:00+01:00,STATION,"Médiathèque Emile Zola",12,4,16,0.75,43.608218,3.89314
2026-03-08,00:47:00,2026-03-08T00:47:00+01:00,STATION,"Nombre d Or",9,7,16,0.5625,43.607859,3.886644
2026-03-08,00:47:00,2026-03-08T00:47:00+01:00,STATION,"Louis Blanc",7,9,16,0.4375,43.614642,3.877648
2026-03-08,00:47:00,2026-03-08T00:47:00+01:00,STATION,"Gambetta",0,8,8,0.0,43.607106,3.870693
2026-03-08,00:47:00,2026-03-08T00:47:00+01:00,STATION,"Port Marianne",7,9,16,0.4375,43.60032,3.89851
2026-03-08,00:47:00,2026-03-08T00:47:00+01:00,STATION,"Les Arceaux",3,5,8,0.375,43.612659,3.867734
2026-03-08,00:47:00,2026-03-08T00:47:00+01:00,STATION,"Cité Mion",4,3,8,0.625,43.601143,3.884373
2026-03-08,00:47:00,2026-03-08T00:47:00+01:00,STATION,"Nouveau Saint-Roch",3,5,8,0.375,43.599817,3.875757
2026-03-08,00:47:00,2026-03-08T00:47:00+01:00,STATION,"Renouvier",1,6,8,0.25,43.603553,3.867884
2026-03-08,00:47:00,2026-03-08T00:47:00+01:00,STATION,"Odysseum",0,8,8,0.0,43.603727,3.918979
2026-03-08,00:47:00,2026-03-08T00:47:00+01:00,STATION,"Saint-Denis",0,8,8,0.0,43.605021,3.875065
2026-03-08,00:47:00,2026-03-08T00:47:00+01:00,STATION,"Richter",8,8,16,0.5,43.603424,3.899263
2026-03-08,00:47:00,2026-03-08T00:47:00+01:00,STATION,"Charles Flahault",1,7,8,0.125,43.622038,3.86672
2026-03-08,00:47:00,2026-03-08T00:47:00+01:00,STATION,"Voltaire",3,5,8,0.375,43.603767,3.888659
2026-03-08,00:47:00,2026-03-08T00:47:00+01:00,STATION,"Prés d Arènes",6,2,8,0.75,43.59048,3.884611
2026-03-08,00:47:00,2026-03-08T00:47:00+01:00,STATION,"Garcia Lorca",5,3,8,0.625,43.590757,3.890616
2026-03-08,00:47:00,2026-03-08T00:47:00+01:00,STATION,"Vert Bois",7,9,16,0.4375,43.63543,3.871179
2026-03-08,00:47:00,2026-03-08T00:47:00+01:00,STATION,"Malbosc",6,2,8,0.75,43.633679,3.832861
2026-03-08,00:47:00,2026-03-08T00:47:00+01:00,STATION,"Occitanie",4,28,32,0.125,43.635689,3.849597
2026-03-08,00:47:00,2026-03-08T00:47:00+01:00,STATION,"Fac des Sciences",13,11,24,0.5416666666666666,43.631318,3.861299
2026-03-08,00:47:00,2026-03-08T00:47:00+01:00,STATION,"Fac de Lettres",7,5,12,0.5833333333333334,43.630437,3.869539
2026-03-08,00:47:00,2026-03-08T00:47:00+01:00,STATION,"Aiguelongue",5,2,8,0.75,43.626163,3.882492
2026-03-08,00:47:00,2026-03-08T00:47:00+01:00,STATION,"Jeu de Mail des Abbés",5,3,8,0.625,43.619701,3.883831
2026-03-08,00:47:00,2026-03-08T00:47:00+01:00,STATION,"Euromédecine",2,6,8,0.25,43.639119,3.828199
2026-03-08,00:47:00,2026-03-08T00:47:00+01:00,STATION,"Marie Caizergues",1,7,8,0.125,43.619871,3.873812
2026-03-08,00:47:00,2026-03-08T00:47:00+01:00,STATION,"Sabines",5,3,8,0.625,43.584211,3.860031
2026-03-08,00:47:00,2026-03-08T00:47:00+01:00,STATION,"Celleneuve",4,4,8,0.5,43.61467,3.832624
2026-03-08,00:47:00,2026-03-08T00:47:00+01:00,STATION,"Jardin de la Lironde",8,0,8,1.0,43.60585,3.911576
2026-03-08,00:47:00,2026-03-08T00:47:00+01:00,STATION,"Père Soulas",7,1,8,0.875,43.621983,3.855603
2026-03-08,00:47:00,2026-03-08T00:47:00+01:00,STATION,"Place Viala",4,4,8,0.5,43.616812,3.855075
2026-03-08,00:47:00,2026-03-08T00:47:00+01:00,STATION,"Hôtel du Département",3,5,8,0.375,43.621682,3.83477
2026-03-08,00:47:00,2026-03-08T00:47:00+01:00,STATION,"Tonnelles",0,8,8,0.0,43.615155,3.839466
2026-03-08,00:47:00,2026-03-08T00:47:00+01:00,STATION,"Parvis Jules Ferry - Gare Saint-Roch",4,4,8,0.5,43.603889,3.879362
2026-03-08,00:47:00,2026-03-08T00:47:00+01:00,STATION,"Pont de Lattes - Gare Saint-Roch",5,7,12,0.4166666666666667,43.606036,3.882393
2026-03-08,00:47:00,2026-03-08T00:47:00+01:00,STATION,"Deux Ponts - Gare Saint-Roch",0,8,8,0.0,43.604319,3.880916
2026-03-08,00:47:00,2026-03-08T00:47:00+01:00,STATION,"Providence - Ovalie",1,7,8,0.125,43.588239,3.853421
2026-03-08,00:47:00,2026-03-08T00:47:00+01:00,STATION,"Pérols Etang de l Or",32,36,68,0.47058823529411764,43.558351,3.963412
2026-03-08,00:47:00,2026-03-08T00:47:00+01:00,STATION,"Albert 1er - Cathédrale",4,8,12,0.3333333333333333,43.614005,3.873218
2026-03-08,00:47:00,2026-03-08T00:47:00+01:00,STATION,"Saint-Guilhem - Courreau",3,5,8,0.375,43.608996,3.872752
2026-03-08,00:47:00,2026-03-08T00:47:00+01:00,STATION,"Sud De France",5,3,8,0.625,43.59562,3.9235
2026-03-08,00:47:00,2026-03-08T00:47:00+01:00,STATION,"Comedie Baudin",0,8,8,0.0,43.608717,3.880787
2026-03-08,00:47:00,2026-03-08T00:47:00+01:00,STATION,"Jean de Beins",6,10,16,0.375,43.609857,3.883884
2026-03-08,03:06:57,2026-03-08T03:06:57+01:00,STATION,"Rue Jules Ferry - Gare Saint-Roch",1,11,12,0.08333333333333333,43.605366,3.881346
2026-03-08,03:06:57,2026-03-08T03:06:57+01:00,STATION,"Comédie",8,12,20,0.4,43.608148,3.878778
2026-03-08,03:06:57,2026-03-08T03:06:57+01:00,STATION,"Hôtel de Ville",6,9,16,0.4375,43.599088,3.894866
2026-03-08,03:06:57,2026-03-08T03:06:57+01:00,STATION,"Corum",4,8,12,0.3333333333333333,43.613989,3.8816
2026-03-08,03:06:57,2026-03-08T03:06:57+01:00,STATION,"Place Albert 1er - St Charles",3,24,27,0.1111111111111111,43.616768,3.873375
2026-03-08,03:06:57,2026-03-08T03:06:57+01:00,STATION,"Foch",1,7,8,0.125,43.610989,3.873345
2026-03-08,03:06:57,2026-03-08T03:06:57+01:00,STATION,"Halles Castellane",0,12,12,0.0,43.609935,3.877208
2026-03-08,03:06:57,2026-03-08T03:06:57+01:00,STATION,"Observatoire",5,2,8,0.75,43.606301,3.87724
2026-03-08,03:06:57,2026-03-08T03:06:57+01:00,STATION,"Rondelet",10,6,16,0.625,43.603038,3.875796
2026-03-08,03:06:57,2026-03-08T03:06:57+01:00,STATION,"Plan Cabanes",5,7,12,0.4166666666666667,43.608491,3.868389
2026-03-08,03:06:57,2026-03-08T03:06:57+01:00,STATION,"Boutonnet",8,4,12,0.6666666666666666,43.622629,3.868375
2026-03-08,03:06:57,2026-03-08T03:06:57+01:00,STATION,"Emile Combes",3,5,8,0.375,43.616742,3.87998
2026-03-08,03:06:57,2026-03-08T03:06:57+01:00,STATION,"Beaux-Arts",3,13,16,0.1875,43.616698,3.884981
2026-03-08,03:06:57,2026-03-08T03:06:57+01:00,STATION,"Les Aubes",5,3,8,0.625,43.618692,3.893844
2026-03-08,03:06:57,2026-03-08T03:06:57+01:00,STATION,"Antigone centre",4,8,12,0.3333333333333333,43.607942,3.890634
2026-03-08,03:06:57,2026-03-08T03:06:57+01:00,STATION,"Médiathèque Emile Zola",12,4,16,0.75,43.608218,3.89314
2026-03-08,03:06:57,2026-03-08T03:06:57+01:00,STATION,"Nombre d Or",9,7,16,0.5625,43.607859,3.886644
2026-03-08,03:06:57,2026-03-08T03:06:57+01:00,STATION,"Louis Blanc",7,9,16,0.4375,43.614642,3.877648
2026-03-08,03:06:57,2026-03-08T03:06:57+01:00,STATION,"Gambetta",0,8,8,0.0,43.607106,3.870693
2026-03-08,03:06:57,2026-03-08T03:06:57+01:00,STATION,"Port Marianne",5,11,16,0.3125,43.60032,3.89851
2026-03-08,03:06:57,2026-03-08T03:06:57+01:00,STATION,"Les Arceaux",3,5,8,0.375,43.612659,3.867734
2026-03-08,03:06:57,2026-03-08T03:06:57+01:00,STATION,"Cité Mion",4,3,8,0.625,43.601143,3.884373
2026-03-08,03:06:57,2026-03-08T03:06:57+01:00,STATION,"Nouveau Saint-Roch",7,1,8,0.875,43.599817,3.875757
2026-03-08,03:06:57,2026-03-08T03:06:57+01:00,STATION,"Renouvier",1,6,8,0.25,43.603553,3.867884
2026-03-08,03:06:57,2026-03-08T03:06:57+01:00,STATION,"Odysseum",0,8,8,0.0,43.603727,3.918979
2026-03-08,03:06:57,2026-03-08T03:06:57+01:00,STATION,"Saint-Denis",0,8,8,0.0,43.605021,3.875065
2026-03-08,03:06:57,2026-03-08T03:06:57+01:00,STATION,"Richter",8,8,16,0.5,43.603424,3.899263
2026-03-08,03:06:57,2026-03-08T03:06:57+01:00,STATION,"Charles Flahault",1,7,8,0.125,43.622038,3.86672
2026-03-08,03:06:57,2026-03-08T03:06:57+01:00,STATION,"Voltaire",3,5,8,0.375,43.603767,3.888659
2026-03-08,03:06:57,2026-03-08T03:06:57+01:00,STATION,"Prés d Arènes",6,2,8,0.75,43.59048,3.884611
2026-03-08,03:06:57,2026-03-08T03:06:57+01:00,STATION,"Garcia Lorca",5,3,8,0.625,43.590757,3.890616
2026-03-08,03:06:57,2026-03-08T03:06:57+01:00,STATION,"Vert Bois",8,8,16,0.5,43.63543,3.871179
2026-03-08,03:06:57,2026-03-08T03:06:57+01:00,STATION,"Malbosc",6,2,8,0.75,43.633679,3.832861
2026-03-08,03:06:57,2026-03-08T03:06:57+01:00,STATION,"Occitanie",4,28,32,0.125,43.635689,3.849597
2026-03-08,03:06:57,2026-03-08T03:06:57+01:00,STATION,"Fac des Sciences",12,12,24,0.5,43.631318,3.861299
2026-03-08,03:06:57,2026-03-08T03:06:57+01:00,STATION,"Fac de Lettres",8,4,12,0.6666666666666666,43.630437,3.869539
2026-03-08,03:06:57,2026-03-08T03:06:57+01:00,STATION,"Aiguelongue",5,2,8,0.75,43.626163,3.882492
2026-03-08,03:06:57,2026-03-08T03:06:57+01:00,STATION,"Jeu de Mail des Abbés",5,3,8,0.625,43.619701,3.883831
2026-03-08,03:06:57,2026-03-08T03:06:57+01:00,STATION,"Euromédecine",2,6,8,0.25,43.639119,3.828199
2026-03-08,03:06:57,2026-03-08T03:06:57+01:00,STATION,"Marie Caizergues",2,6,8,0.25,43.619871,3.873812
2026-03-08,03:06:57,2026-03-08T03:06:57+01:00,STATION,"Sabines",5,3,8,0.625,43.584211,3.860031
2026-03-08,03:06:57,2026-03-08T03:06:57+01:00,STATION,"Celleneuve",1,7,8,0.125,43.61467,3.832624
2026-03-08,03:06:57,2026-03-08T03:06:57+01:00,STATION,"Jardin de la Lironde",8,0,8,1.0,43.60585,3.911576
2026-03-08,03:06:57,2026-03-08T03:06:57+01:00,STATION,"Père Soulas",7,1,8,0.875,43.621983,3.855603
2026-03-08,03:06:57,2026-03-08T03:06:57+01:00,STATION,"Place Viala",4,4,8,0.5,43.616812,3.855075
2026-03-08,03:06:57,2026-03-08T03:06:57+01:00,STATION,"Hôtel du Département",3,5,8,0.375,43.621682,3.83477
2026-03-08,03:06:57,2026-03-08T03:06:57+01:00,STATION,"Tonnelles",0,8,8,0.0,43.615155,3.839466
2026-03-08,03:06:57,2026-03-08T03:06:57+01:00,STATION,"Parvis Jules Ferry - Gare Saint-Roch",4,4,8,0.5,43.603889,3.879362
2026-03-08,03:06:57,2026-03-08T03:06:57+01:00,STATION,"Pont de Lattes - Gare Saint-Roch",4,8,12,0.3333333333333333,43.606036,3.882393
2026-03-08,03:06:57,2026-03-08T03:06:57+01:00,STATION,"Deux Ponts - Gare Saint-Roch",0,8,8,0.0,43.604319,3.880916
2026-03-08,03:06:57,2026-03-08T03:06:57+01:00,STATION,"Providence - Ovalie",0,8,8,0.0,43.588239,3.853421
2026-03-08,03:06:57,2026-03-08T03:06:57+01:00,STATION,"Pérols Etang de l Or",32,36,68,0.47058823529411764,43.558351,3.963412
2026-03-08,03:06:57,2026-03-08T03:06:57+01:00,STATION,"Albert 1er - Cathédrale",2,10,12,0.16666666666666666,43.614005,3.873218
2026-03-08,03:06:57,2026-03-08T03:06:57+01:00,STATION,"Saint-Guilhem - Courreau",1,7,8,0.125,43.608996,3.872752
2026-03-08,03:06:57,2026-03-08T03:06:57+01:00,STATION,"Sud De France",5,3,8,0.625,43.59562,3.9235
2026-03-08,03:06:57,2026-03-08T03:06:57+01:00,STATION,"Comedie Baudin",0,8,8,0.0,43.608717,3.880787
2026-03-08,03:06:57,2026-03-08T03:06:57+01:00,STATION,"Jean de Beins",4,12,16,0.25,43.609857,3.883884
2026-03-08,05:24:16,2026-03-08T05:24:16+01:00,STATION,"Rue Jules Ferry - Gare Saint-Roch",1,11,12,0.08333333333333333,43.605366,3.881346
2026-03-08,05:24:16,2026-03-08T05:24:16+01:00,STATION,"Comédie",6,14,20,0.3,43.608148,3.878778
2026-03-08,05:24:16,2026-03-08T05:24:16+01:00,STATION,"Hôtel de Ville",6,9,16,0.4375,43.599088,3.894866
2026-03-08,05:24:16,2026-03-08T05:24:16+01:00,STATION,"Corum",4,8,12,0.3333333333333333,43.613989,3.8816
2026-03-08,05:24:16,2026-03-08T05:24:16+01:00,STATION,"Place Albert 1er - St Charles",2,25,27,0.07407407407407407,43.616768,3.873375
2026-03-08,05:24:16,2026-03-08T05:24:16+01:00,STATION,"Foch",1,7,8,0.125,43.610989,3.873345
2026-03-08,05:24:16,2026-03-08T05:24:16+01:00,STATION,"Halles Castellane",0,12,12,0.0,43.609935,3.877208
2026-03-08,05:24:16,2026-03-08T05:24:16+01:00,STATION,"Observatoire",2,5,8,0.375,43.606301,3.87724
2026-03-08,05:24:16,2026-03-08T05:24:16+01:00,STATION,"Rondelet",10,6,16,0.625,43.603038,3.875796
2026-03-08,05:24:16,2026-03-08T05:24:16+01:00,STATION,"Plan Cabanes",4,8,12,0.3333333333333333,43.608491,3.868389
2026-03-08,05:24:16,2026-03-08T05:24:16+01:00,STATION,"Boutonnet",9,3,12,0.75,43.622629,3.868375
2026-03-08,05:24:16,2026-03-08T05:24:16+01:00,STATION,"Emile Combes",3,5,8,0.375,43.616742,3.87998
2026-03-08,05:24:16,2026-03-08T05:24:16+01:00,STATION,"Beaux-Arts",3,13,16,0.1875,43.616698,3.884981
2026-03-08,05:24:16,2026-03-08T05:24:16+01:00,STATION,"Les Aubes",5,3,8,0.625,43.618692,3.893844
2026-03-08,05:24:16,2026-03-08T05:24:16+01:00,STATION,"Antigone centre",4,8,12,0.3333333333333333,43.607942,3.890634
2026-03-08,05:24:16,2026-03-08T05:24:16+01:00,STATION,"Médiathèque Emile Zola",12,4,16,0.75,43.608218,3.89314
2026-03-08,05:24:16,2026-03-08T05:24:16+01:00,STATION,"Nombre d Or",9,7,16,0.5625,43.607859,3.886644
2026-03-08,05:24:16,2026-03-08T05:24:16+01:00,STATION,"Louis Blanc",7,9,16,0.4375,43.614642,3.877648
2026-03-08,05:24:16,2026-03-08T05:24:16+01:00,STATION,"Gambetta",0,8,8,0.0,43.607106,3.870693
2026-03-08,05:24:16,2026-03-08T05:24:16+01:00,STATION,"Port Marianne",7,9,16,0.4375,43.60032,3.89851
2026-03-08,05:24:16,2026-03-08T05:24:16+01:00,STATION,"Les Arceaux",3,5,8,0.375,43.612659,3.867734
2026-03-08,05:24:16,2026-03-08T05:24:16+01:00,STATION,"Cité Mion",4,3,8,0.625,43.601143,3.884373
2026-03-08,05:24:16,2026-03-08T05:24:16+01:00,STATION,"Nouveau Saint-Roch",7,1,8,0.875,43.599817,3.875757
2026-03-08,05:24:16,2026-03-08T05:24:16+01:00,STATION,"Renouvier",1,6,8,0.25,43.603553,3.867884
2026-03-08,05:24:16,2026-03-08T05:24:16+01:00,STATION,"Odysseum",0,8,8,0.0,43.603727,3.918979
2026-03-08,05:24:16,2026-03-08T05:24:16+01:00,STATION,"Saint-Denis",0,8,8,0.0,43.605021,3.875065
2026-03-08,05:24:16,2026-03-08T05:24:16+01:00,STATION,"Richter",9,7,16,0.5625,43.603424,3.899263
2026-03-08,05:24:16,2026-03-08T05:24:16+01:00,STATION,"Charles Flahault",1,7,8,0.125,43.622038,3.86672
2026-03-08,05:24:16,2026-03-08T05:24:16+01:00,STATION,"Voltaire",4,4,8,0.5,43.603767,3.888659
2026-03-08,05:24:16,2026-03-08T05:24:16+01:00,STATION,"Prés d Arènes",6,2,8,0.75,43.59048,3.884611
2026-03-08,05:24:16,2026-03-08T05:24:16+01:00,STATION,"Garcia Lorca",5,3,8,0.625,43.590757,3.890616
2026-03-08,05:24:16,2026-03-08T05:24:16+01:00,STATION,"Vert Bois",8,8,16,0.5,43.63543,3.871179
2026-03-08,05:24:16,2026-03-08T05:24:16+01:00,STATION,"Malbosc",6,2,8,0.75,43.633679,3.832861
2026-03-08,05:24:16,2026-03-08T05:24:16+01:00,STATION,"Occitanie",7,25,32,0.21875,43.635689,3.849597
2026-03-08,05:24:16,2026-03-08T05:24:16+01:00,STATION,"Fac des Sciences",12,12,24,0.5,43.631318,3.861299
2026-03-08,05:24:16,2026-03-08T05:24:16+01:00,STATION,"Fac de Lettres",11,1,12,0.9166666666666666,43.630437,3.869539
2026-03-08,05:24:16,2026-03-08T05:24:16+01:00,STATION,"Aiguelongue",6,1,8,0.875,43.626163,3.882492
2026-03-08,05:24:16,2026-03-08T05:24:16+01:00,STATION,"Jeu de Mail des Abbés",5,3,8,0.625,43.619701,3.883831
2026-03-08,05:24:16,2026-03-08T05:24:16+01:00,STATION,"Euromédecine",2,6,8,0.25,43.639119,3.828199
2026-03-08,05:24:16,2026-03-08T05:24:16+01:00,STATION,"Marie Caizergues",4,4,8,0.5,43.619871,3.873812
2026-03-08,05:24:16,2026-03-08T05:24:16+01:00,STATION,"Sabines",5,3,8,0.625,43.584211,3.860031
2026-03-08,05:24:16,2026-03-08T05:24:16+01:00,STATION,"Celleneuve",1,7,8,0.125,43.61467,3.832624
2026-03-08,05:24:16,2026-03-08T05:24:16+01:00,STATION,"Jardin de la Lironde",8,0,8,1.0,43.60585,3.911576
2026-03-08,05:24:16,2026-03-08T05:24:16+01:00,STATION,"Père Soulas",7,1,8,0.875,43.621983,3.855603
2026-03-08,05:24:16,2026-03-08T05:24:16+01:00,STATION,"Place Viala",4,4,8,0.5,43.616812,3.855075
2026-03-08,05:24:16,2026-03-08T05:24:16+01:00,STATION,"Hôtel du Département",3,5,8,0.375,43.621682,3.83477
2026-03-08,05:24:16,2026-03-08T05:24:16+01:00,STATION,"Tonnelles",0,8,8,0.0,43.615155,3.839466
2026-03-08,05:24:16,2026-03-08T05:24:16+01:00,STATION,"Parvis Jules Ferry - Gare Saint-Roch",6,2,8,0.75,43.603889,3.879362
2026-03-08,05:24:16,2026-03-08T05:24:16+01:00,STATION,"Pont de Lattes - Gare Saint-Roch",4,8,12,0.3333333333333333,43.606036,3.882393
2026-03-08,05:24:16,2026-03-08T05:24:16+01:00,STATION,"Deux Ponts - Gare Saint-Roch",0,8,8,0.0,43.604319,3.880916
2026-03-08,05:24:16,2026-03-08T05:24:16+01:00,STATION,"Providence - Ovalie",1,7,8,0.125,43.588239,3.853421
2026-03-08,05:24:16,2026-03-08T05:24:16+01:00,STATION,"Pérols Etang de l Or",32,36,68,0.47058823529411764,43.558351,3.963412
2026-03-08,05:24:16,2026-03-08T05:24:16+01:00,STATION,"Albert 1er - Cathédrale",1,11,12,0.08333333333333333,43.614005,3.873218
2026-03-08,05:24:16,2026-03-08T05:24:16+01:00,STATION,"Saint-Guilhem - Courreau",1,7,8,0.125,43.608996,3.872752
2026-03-08,05:24:16,2026-03-08T05:24:16+01:00,STATION,"Sud De France",5,3,8,0.625,43.59562,3.9235
2026-03-08,05:24:16,2026-03-08T05:24:16+01:00,STATION,"Comedie Baudin",0,8,8,0.0,43.608717,3.880787
2026-03-08,05:24:16,2026-03-08T05:24:16+01:00,STATION,"Jean de Beins",4,12,16,0.25,43.609857,3.883884
2026-03-08,06:30:04,2026-03-08T06:30:04+01:00,STATION,"Rue Jules Ferry - Gare Saint-Roch",1,11,12,0.08333333333333333,43.605366,3.881346
2026-03-08,06:30:04,2026-03-08T06:30:04+01:00,STATION,"Comédie",6,14,20,0.3,43.608148,3.878778
2026-03-08,06:30:04,2026-03-08T06:30:04+01:00,STATION,"Hôtel de Ville",6,9,16,0.4375,43.599088,3.894866
2026-03-08,06:30:04,2026-03-08T06:30:04+01:00,STATION,"Corum",6,6,12,0.5,43.613989,3.8816
2026-03-08,06:30:04,2026-03-08T06:30:04+01:00,STATION,"Place Albert 1er - St Charles",2,25,27,0.07407407407407407,43.616768,3.873375
2026-03-08,06:30:04,2026-03-08T06:30:04+01:00,STATION,"Foch",1,7,8,0.125,43.610989,3.873345
2026-03-08,06:30:04,2026-03-08T06:30:04+01:00,STATION,"Halles Castellane",0,12,12,0.0,43.609935,3.877208
2026-03-08,06:30:04,2026-03-08T06:30:04+01:00,STATION,"Observatoire",2,5,8,0.375,43.606301,3.87724
2026-03-08,06:30:04,2026-03-08T06:30:04+01:00,STATION,"Rondelet",10,6,16,0.625,43.603038,3.875796
2026-03-08,06:30:04,2026-03-08T06:30:04+01:00,STATION,"Plan Cabanes",4,8,12,0.3333333333333333,43.608491,3.868389
2026-03-08,06:30:04,2026-03-08T06:30:04+01:00,STATION,"Boutonnet",9,3,12,0.75,43.622629,3.868375
2026-03-08,06:30:04,2026-03-08T06:30:04+01:00,STATION,"Emile Combes",3,5,8,0.375,43.616742,3.87998
2026-03-08,06:30:04,2026-03-08T06:30:04+01:00,STATION,"Beaux-Arts",3,13,16,0.1875,43.616698,3.884981
2026-03-08,06:30:04,2026-03-08T06:30:04+01:00,STATION,"Les Aubes",4,4,8,0.5,43.618692,3.893844
2026-03-08,06:30:04,2026-03-08T06:30:04+01:00,STATION,"Antigone centre",4,8,12,0.3333333333333333,43.607942,3.890634
2026-03-08,06:30:04,2026-03-08T06:30:04+01:00,STATION,"Médiathèque Emile Zola",12,4,16,0.75,43.608218,3.89314
2026-03-08,06:30:04,2026-03-08T06:30:04+01:00,STATION,"Nombre d Or",9,7,16,0.5625,43.607859,3.886644
2026-03-08,06:30:04,2026-03-08T06:30:04+01:00,STATION,"Louis Blanc",7,9,16,0.4375,43.614642,3.877648
2026-03-08,06:30:04,2026-03-08T06:30:04+01:00,STATION,"Gambetta",0,8,8,0.0,43.607106,3.870693
2026-03-08,06:30:04,2026-03-08T06:30:04+01:00,STATION,"Port Marianne",6,10,16,0.375,43.60032,3.89851
2026-03-08,06:30:04,2026-03-08T06:30:04+01:00,STATION,"Les Arceaux",3,5,8,0.375,43.612659,3.867734
2026-03-08,06:30:04,2026-03-08T06:30:04+01:00,STATION,"Cité Mion",4,3,8,0.625,43.601143,3.884373
2026-03-08,06:30:04,2026-03-08T06:30:04+01:00,STATION,"Nouveau Saint-Roch",7,1,8,0.875,43.599817,3.875757
2026-03-08,06:30:04,2026-03-08T06:30:04+01:00,STATION,"Renouvier",1,6,8,0.25,43.603553,3.867884
2026-03-08,06:30:04,2026-03-08T06:30:04+01:00,STATION,"Odysseum",0,8,8,0.0,43.603727,3.918979
2026-03-08,06:30:04,2026-03-08T06:30:04+01:00,STATION,"Saint-Denis",0,8,8,0.0,43.605021,3.875065
2026-03-08,06:30:04,2026-03-08T06:30:04+01:00,STATION,"Richter",9,7,16,0.5625,43.603424,3.899263
2026-03-08,06:30:04,2026-03-08T06:30:04+01:00,STATION,"Charles Flahault",1,7,8,0.125,43.622038,3.86672
2026-03-08,06:30:04,2026-03-08T06:30:04+01:00,STATION,"Voltaire",4,4,8,0.5,43.603767,3.888659
2026-03-08,06:30:04,2026-03-08T06:30:04+01:00,STATION,"Prés d Arènes",6,2,8,0.75,43.59048,3.884611
2026-03-08,06:30:04,2026-03-08T06:30:04+01:00,STATION,"Garcia Lorca",4,4,8,0.5,43.590757,3.890616
2026-03-08,06:30:04,2026-03-08T06:30:04+01:00,STATION,"Vert Bois",8,8,16,0.5,43.63543,3.871179
2026-03-08,06:30:04,2026-03-08T06:30:04+01:00,STATION,"Malbosc",6,2,8,0.75,43.633679,3.832861
2026-03-08,06:30:04,2026-03-08T06:30:04+01:00,STATION,"Occitanie",7,25,32,0.21875,43.635689,3.849597
2026-03-08,06:30:04,2026-03-08T06:30:04+01:00,STATION,"Fac des Sciences",12,12,24,0.5,43.631318,3.861299
2026-03-08,06:30:04,2026-03-08T06:30:04+01:00,STATION,"Fac de Lettres",11,1,12,0.9166666666666666,43.630437,3.869539
2026-03-08,06:30:04,2026-03-08T06:30:04+01:00,STATION,"Aiguelongue",6,1,8,0.875,43.626163,3.882492
2026-03-08,06:30:04,2026-03-08T06:30:04+01:00,STATION,"Jeu de Mail des Abbés",5,3,8,0.625,43.619701,3.883831
2026-03-08,06:30:04,2026-03-08T06:30:04+01:00,STATION,"Euromédecine",2,6,8,0.25,43.639119,3.828199
2026-03-08,06:30:04,2026-03-08T06:30:04+01:00,STATION,"Marie Caizergues",4,4,8,0.5,43.619871,3.873812
2026-03-08,06:30:04,2026-03-08T06:30:04+01:00,STATION,"Sabines",5,3,8,0.625,43.584211,3.860031
2026-03-08,06:30:04,2026-03-08T06:30:04+01:00,STATION,"Celleneuve",1,7,8,0.125,43.61467,3.832624
2026-03-08,06:30:04,2026-03-08T06:30:04+01:00,STATION,"Jardin de la Lironde",8,0,8,1.0,43.60585,3.911576
2026-03-08,06:30:04,2026-03-08T06:30:04+01:00,STATION,"Père Soulas",7,1,8,0.875,43.621983,3.855603
2026-03-08,06:30:04,2026-03-08T06:30:04+01:00,STATION,"Place Viala",4,4,8,0.5,43.616812,3.855075
2026-03-08,06:30:04,2026-03-08T06:30:04+01:00,STATION,"Hôtel du Département",3,5,8,0.375,43.621682,3.83477
2026-03-08,06:30:04,2026-03-08T06:30:04+01:00,STATION,"Tonnelles",0,8,8,0.0,43.615155,3.839466
2026-03-08,06:30:04,2026-03-08T06:30:04+01:00,STATION,"Parvis Jules Ferry - Gare Saint-Roch",6,2,8,0.75,43.603889,3.879362
2026-03-08,06:30:04,2026-03-08T06:30:04+01:00,STATION,"Pont de Lattes - Gare Saint-Roch",4,8,12,0.3333333333333333,43.606036,3.882393
2026-03-08,06:30:04,2026-03-08T06:30:04+01:00,STATION,"Deux Ponts - Gare Saint-Roch",0,8,8,0.0,43.604319,3.880916
2026-03-08,06:30:04,2026-03-08T06:30:04+01:00,STATION,"Providence - Ovalie",1,7,8,0.125,43.588239,3.853421
2026-03-08,06:30:04,2026-03-08T06:30:04+01:00,STATION,"Pérols Etang de l Or",32,36,68,0.47058823529411764,43.558351,3.963412
2026-03-08,06:30:04,2026-03-08T06:30:04+01:00,STATION,"Albert 1er - Cathédrale",1,11,12,0.08333333333333333,43.614005,3.873218
2026-03-08,06:30:04,2026-03-08T06:30:04+01:00,STATION,"Saint-Guilhem - Courreau",1,7,8,0.125,43.608996,3.872752
2026-03-08,06:30:04,2026-03-08T06:30:04+01:00,STATION,"Sud De France",5,3,8,0.625,43.59562,3.9235
2026-03-08,06:30:04,2026-03-08T06:30:04+01:00,STATION,"Comedie Baudin",0,8,8,0.0,43.608717,3.880787
2026-03-08,06:30:04,2026-03-08T06:30:04+01:00,STATION,"Jean de Beins",4,12,16,0.25,43.609857,3.883884
2026-03-08,07:06:02,2026-03-08T07:06:02+01:00,STATION,"Rue Jules Ferry - Gare Saint-Roch",1,11,12,0.08333333333333333,43.605366,3.881346
2026-03-08,07:06:02,2026-03-08T07:06:02+01:00,STATION,"Comédie",5,15,20,0.25,43.608148,3.878778
2026-03-08,07:06:02,2026-03-08T07:06:02+01:00,STATION,"Hôtel de Ville",6,9,16,0.4375,43.599088,3.894866
2026-03-08,07:06:02,2026-03-08T07:06:02+01:00,STATION,"Corum",6,6,12,0.5,43.613989,3.8816
2026-03-08,07:06:02,2026-03-08T07:06:02+01:00,STATION,"Place Albert 1er - St Charles",2,25,27,0.07407407407407407,43.616768,3.873375
2026-03-08,07:06:02,2026-03-08T07:06:02+01:00,STATION,"Foch",1,7,8,0.125,43.610989,3.873345
2026-03-08,07:06:02,2026-03-08T07:06:02+01:00,STATION,"Halles Castellane",0,12,12,0.0,43.609935,3.877208
2026-03-08,07:06:02,2026-03-08T07:06:02+01:00,STATION,"Observatoire",2,5,8,0.375,43.606301,3.87724
2026-03-08,07:06:02,2026-03-08T07:06:02+01:00,STATION,"Rondelet",10,6,16,0.625,43.603038,3.875796
2026-03-08,07:06:02,2026-03-08T07:06:02+01:00,STATION,"Plan Cabanes",4,8,12,0.3333333333333333,43.608491,3.868389
2026-03-08,07:06:02,2026-03-08T07:06:02+01:00,STATION,"Boutonnet",9,3,12,0.75,43.622629,3.868375
2026-03-08,07:06:02,2026-03-08T07:06:02+01:00,STATION,"Emile Combes",3,5,8,0.375,43.616742,3.87998
2026-03-08,07:06:02,2026-03-08T07:06:02+01:00,STATION,"Beaux-Arts",3,13,16,0.1875,43.616698,3.884981
2026-03-08,07:06:02,2026-03-08T07:06:02+01:00,STATION,"Les Aubes",4,4,8,0.5,43.618692,3.893844
2026-03-08,07:06:02,2026-03-08T07:06:02+01:00,STATION,"Antigone centre",4,8,12,0.3333333333333333,43.607942,3.890634
2026-03-08,07:06:02,2026-03-08T07:06:02+01:00,STATION,"Médiathèque Emile Zola",12,4,16,0.75,43.608218,3.89314
2026-03-08,07:06:02,2026-03-08T07:06:02+01:00,STATION,"Nombre d Or",9,7,16,0.5625,43.607859,3.886644
2026-03-08,07:06:02,2026-03-08T07:06:02+01:00,STATION,"Louis Blanc",7,9,16,0.4375,43.614642,3.877648
2026-03-08,07:06:02,2026-03-08T07:06:02+01:00,STATION,"Gambetta",0,8,8,0.0,43.607106,3.870693
2026-03-08,07:06:02,2026-03-08T07:06:02+01:00,STATION,"Port Marianne",6,10,16,0.375,43.60032,3.89851
2026-03-08,07:06:02,2026-03-08T07:06:02+01:00,STATION,"Les Arceaux",3,5,8,0.375,43.612659,3.867734
2026-03-08,07:06:02,2026-03-08T07:06:02+01:00,STATION,"Cité Mion",4,3,8,0.625,43.601143,3.884373
2026-03-08,07:06:02,2026-03-08T07:06:02+01:00,STATION,"Nouveau Saint-Roch",7,1,8,0.875,43.599817,3.875757
2026-03-08,07:06:02,2026-03-08T07:06:02+01:00,STATION,"Renouvier",1,6,8,0.25,43.603553,3.867884
2026-03-08,07:06:02,2026-03-08T07:06:02+01:00,STATION,"Odysseum",0,8,8,0.0,43.603727,3.918979
2026-03-08,07:06:02,2026-03-08T07:06:02+01:00,STATION,"Saint-Denis",0,8,8,0.0,43.605021,3.875065
2026-03-08,07:06:02,2026-03-08T07:06:02+01:00,STATION,"Richter",9,7,16,0.5625,43.603424,3.899263
2026-03-08,07:06:02,2026-03-08T07:06:02+01:00,STATION,"Charles Flahault",1,7,8,0.125,43.622038,3.86672
2026-03-08,07:06:02,2026-03-08T07:06:02+01:00,STATION,"Voltaire",4,4,8,0.5,43.603767,3.888659
2026-03-08,07:06:02,2026-03-08T07:06:02+01:00,STATION,"Prés d Arènes",6,2,8,0.75,43.59048,3.884611
2026-03-08,07:06:02,2026-03-08T07:06:02+01:00,STATION,"Garcia Lorca",5,3,8,0.625,43.590757,3.890616
2026-03-08,07:06:02,2026-03-08T07:06:02+01:00,STATION,"Vert Bois",9,7,16,0.5625,43.63543,3.871179
2026-03-08,07:06:02,2026-03-08T07:06:02+01:00,STATION,"Malbosc",6,2,8,0.75,43.633679,3.832861
2026-03-08,07:06:02,2026-03-08T07:06:02+01:00,STATION,"Occitanie",7,25,32,0.21875,43.635689,3.849597
2026-03-08,07:06:02,2026-03-08T07:06:02+01:00,STATION,"Fac des Sciences",12,12,24,0.5,43.631318,3.861299
2026-03-08,07:06:02,2026-03-08T07:06:02+01:00,STATION,"Fac de Lettres",11,1,12,0.9166666666666666,43.630437,3.869539
2026-03-08,07:06:02,2026-03-08T07:06:02+01:00,STATION,"Aiguelongue",6,1,8,0.875,43.626163,3.882492
2026-03-08,07:06:02,2026-03-08T07:06:02+01:00,STATION,"Jeu de Mail des Abbés",5,3,8,0.625,43.619701,3.883831
2026-03-08,07:06:02,2026-03-08T07:06:02+01:00,STATION,"Euromédecine",2,6,8,0.25,43.639119,3.828199
2026-03-08,07:06:02,2026-03-08T07:06:02+01:00,STATION,"Marie Caizergues",5,3,8,0.625,43.619871,3.873812
2026-03-08,07:06:02,2026-03-08T07:06:02+01:00,STATION,"Sabines",5,3,8,0.625,43.584211,3.860031
2026-03-08,07:06:02,2026-03-08T07:06:02+01:00,STATION,"Celleneuve",1,7,8,0.125,43.61467,3.832624
2026-03-08,07:06:02,2026-03-08T07:06:02+01:00,STATION,"Jardin de la Lironde",8,0,8,1.0,43.60585,3.911576
2026-03-08,07:06:02,2026-03-08T07:06:02+01:00,STATION,"Père Soulas",7,1,8,0.875,43.621983,3.855603
2026-03-08,07:06:02,2026-03-08T07:06:02+01:00,STATION,"Place Viala",4,4,8,0.5,43.616812,3.855075
2026-03-08,07:06:02,2026-03-08T07:06:02+01:00,STATION,"Hôtel du Département",3,5,8,0.375,43.621682,3.83477
2026-03-08,07:06:02,2026-03-08T07:06:02+01:00,STATION,"Tonnelles",0,8,8,0.0,43.615155,3.839466
2026-03-08,07:06:02,2026-03-08T07:06:02+01:00,STATION,"Parvis Jules Ferry - Gare Saint-Roch",6,2,8,0.75,43.603889,3.879362
2026-03-08,07:06:02,2026-03-08T07:06:02+01:00,STATION,"Pont de Lattes - Gare Saint-Roch",4,8,12,0.3333333333333333,43.606036,3.882393
2026-03-08,07:06:02,2026-03-08T07:06:02+01:00,STATION,"Deux Ponts - Gare Saint-Roch",0,8,8,0.0,43.604319,3.880916
2026-03-08,07:06:02,2026-03-08T07:06:02+01:00,STATION,"Providence - Ovalie",1,7,8,0.125,43.588239,3.853421
2026-03-08,07:06:02,2026-03-08T07:06:02+01:00,STATION,"Pérols Etang de l Or",33,35,68,0.4852941176470588,43.558351,3.963412
2026-03-08,07:06:02,2026-03-08T07:06:02+01:00,STATION,"Albert 1er - Cathédrale",1,11,12,0.08333333333333333,43.614005,3.873218
2026-03-08,07:06:02,2026-03-08T07:06:02+01:00,STATION,"Saint-Guilhem - Courreau",1,7,8,0.125,43.608996,3.872752
2026-03-08,07:06:02,2026-03-08T07:06:02+01:00,STATION,"Sud De France",5,3,8,0.625,43.59562,3.9235
2026-03-08,07:06:02,2026-03-08T07:06:02+01:00,STATION,"Comedie Baudin",0,8,8,0.0,43.608717,3.880787
2026-03-08,07:06:02,2026-03-08T07:06:02+01:00,STATION,"Jean de Beins",4,12,16,0.25,43.609857,3.883884
2026-03-08,08:08:11,2026-03-08T08:08:11+01:00,STATION,"Rue Jules Ferry - Gare Saint-Roch",1,11,12,0.08333333333333333,43.605366,3.881346
2026-03-08,08:08:11,2026-03-08T08:08:11+01:00,STATION,"Comédie",5,15,20,0.25,43.608148,3.878778
2026-03-08,08:08:11,2026-03-08T08:08:11+01:00,STATION,"Hôtel de Ville",6,9,16,0.4375,43.599088,3.894866
2026-03-08,08:08:11,2026-03-08T08:08:11+01:00,STATION,"Corum",6,6,12,0.5,43.613989,3.8816
2026-03-08,08:08:11,2026-03-08T08:08:11+01:00,STATION,"Place Albert 1er - St Charles",2,25,27,0.07407407407407407,43.616768,3.873375
2026-03-08,08:08:11,2026-03-08T08:08:11+01:00,STATION,"Foch",1,7,8,0.125,43.610989,3.873345
2026-03-08,08:08:11,2026-03-08T08:08:11+01:00,STATION,"Halles Castellane",0,12,12,0.0,43.609935,3.877208
2026-03-08,08:08:11,2026-03-08T08:08:11+01:00,STATION,"Observatoire",2,5,8,0.375,43.606301,3.87724
2026-03-08,08:08:11,2026-03-08T08:08:11+01:00,STATION,"Rondelet",10,6,16,0.625,43.603038,3.875796
2026-03-08,08:08:11,2026-03-08T08:08:11+01:00,STATION,"Plan Cabanes",4,8,12,0.3333333333333333,43.608491,3.868389
2026-03-08,08:08:11,2026-03-08T08:08:11+01:00,STATION,"Boutonnet",9,3,12,0.75,43.622629,3.868375
2026-03-08,08:08:11,2026-03-08T08:08:11+01:00,STATION,"Emile Combes",3,5,8,0.375,43.616742,3.87998
2026-03-08,08:08:11,2026-03-08T08:08:11+01:00,STATION,"Beaux-Arts",3,13,16,0.1875,43.616698,3.884981
2026-03-08,08:08:11,2026-03-08T08:08:11+01:00,STATION,"Les Aubes",4,4,8,0.5,43.618692,3.893844
2026-03-08,08:08:11,2026-03-08T08:08:11+01:00,STATION,"Antigone centre",4,8,12,0.3333333333333333,43.607942,3.890634
2026-03-08,08:08:11,2026-03-08T08:08:11+01:00,STATION,"Médiathèque Emile Zola",12,4,16,0.75,43.608218,3.89314
2026-03-08,08:08:11,2026-03-08T08:08:11+01:00,STATION,"Nombre d Or",9,7,16,0.5625,43.607859,3.886644
2026-03-08,08:08:11,2026-03-08T08:08:11+01:00,STATION,"Louis Blanc",7,9,16,0.4375,43.614642,3.877648
2026-03-08,08:08:11,2026-03-08T08:08:11+01:00,STATION,"Gambetta",0,8,8,0.0,43.607106,3.870693
2026-03-08,08:08:11,2026-03-08T08:08:11+01:00,STATION,"Port Marianne",6,10,16,0.375,43.60032,3.89851
2026-03-08,08:08:11,2026-03-08T08:08:11+01:00,STATION,"Les Arceaux",3,5,8,0.375,43.612659,3.867734
2026-03-08,08:08:11,2026-03-08T08:08:11+01:00,STATION,"Cité Mion",4,3,8,0.625,43.601143,3.884373
2026-03-08,08:08:11,2026-03-08T08:08:11+01:00,STATION,"Nouveau Saint-Roch",7,1,8,0.875,43.599817,3.875757
2026-03-08,08:08:11,2026-03-08T08:08:11+01:00,STATION,"Renouvier",1,6,8,0.25,43.603553,3.867884
2026-03-08,08:08:11,2026-03-08T08:08:11+01:00,STATION,"Odysseum",0,8,8,0.0,43.603727,3.918979
2026-03-08,08:08:11,2026-03-08T08:08:11+01:00,STATION,"Saint-Denis",0,8,8,0.0,43.605021,3.875065
2026-03-08,08:08:11,2026-03-08T08:08:11+01:00,STATION,"Richter",9,7,16,0.5625,43.603424,3.899263
2026-03-08,08:08:11,2026-03-08T08:08:11+01:00,STATION,"Charles Flahault",1,7,8,0.125,43.622038,3.86672
2026-03-08,08:08:11,2026-03-08T08:08:11+01:00,STATION,"Voltaire",4,4,8,0.5,43.603767,3.888659
2026-03-08,08:08:11,2026-03-08T08:08:11+01:00,STATION,"Prés d Arènes",6,2,8,0.75,43.59048,3.884611
2026-03-08,08:08:11,2026-03-08T08:08:11+01:00,STATION,"Garcia Lorca",5,3,8,0.625,43.590757,3.890616
2026-03-08,08:08:11,2026-03-08T08:08:11+01:00,STATION,"Vert Bois",9,7,16,0.5625,43.63543,3.871179
2026-03-08,08:08:11,2026-03-08T08:08:11+01:00,STATION,"Malbosc",6,2,8,0.75,43.633679,3.832861
2026-03-08,08:08:11,2026-03-08T08:08:11+01:00,STATION,"Occitanie",7,25,32,0.21875,43.635689,3.849597
2026-03-08,08:08:11,2026-03-08T08:08:11+01:00,STATION,"Fac des Sciences",12,12,24,0.5,43.631318,3.861299
2026-03-08,08:08:11,2026-03-08T08:08:11+01:00,STATION,"Fac de Lettres",11,1,12,0.9166666666666666,43.630437,3.869539
2026-03-08,08:08:11,2026-03-08T08:08:11+01:00,STATION,"Aiguelongue",6,1,8,0.875,43.626163,3.882492
2026-03-08,08:08:11,2026-03-08T08:08:11+01:00,STATION,"Jeu de Mail des Abbés",5,3,8,0.625,43.619701,3.883831
2026-03-08,08:08:11,2026-03-08T08:08:11+01:00,STATION,"Euromédecine",2,6,8,0.25,43.639119,3.828199
2026-03-08,08:08:11,2026-03-08T08:08:11+01:00,STATION,"Marie Caizergues",5,3,8,0.625,43.619871,3.873812
2026-03-08,08:08:11,2026-03-08T08:08:11+01:00,STATION,"Sabines",5,3,8,0.625,43.584211,3.860031
2026-03-08,08:08:11,2026-03-08T08:08:11+01:00,STATION,"Celleneuve",1,7,8,0.125,43.61467,3.832624
2026-03-08,08:08:11,2026-03-08T08:08:11+01:00,STATION,"Jardin de la Lironde",8,0,8,1.0,43.60585,3.911576
2026-03-08,08:08:11,2026-03-08T08:08:11+01:00,STATION,"Père Soulas",7,1,8,0.875,43.621983,3.855603
2026-03-08,08:08:11,2026-03-08T08:08:11+01:00,STATION,"Place Viala",4,4,8,0.5,43.616812,3.855075
2026-03-08,08:08:11,2026-03-08T08:08:11+01:00,STATION,"Hôtel du Département",3,5,8,0.375,43.621682,3.83477
2026-03-08,08:08:11,2026-03-08T08:08:11+01:00,STATION,"Tonnelles",0,8,8,0.0,43.615155,3.839466
2026-03-08,08:08:11,2026-03-08T08:08:11+01:00,STATION,"Parvis Jules Ferry - Gare Saint-Roch",6,2,8,0.75,43.603889,3.879362
2026-03-08,08:08:11,2026-03-08T08:08:11+01:00,STATION,"Pont de Lattes - Gare Saint-Roch",4,8,12,0.3333333333333333,43.606036,3.882393
2026-03-08,08:08:11,2026-03-08T08:08:11+01:00,STATION,"Deux Ponts - Gare Saint-Roch",0,8,8,0.0,43.604319,3.880916
2026-03-08,08:08:11,2026-03-08T08:08:11+01:00,STATION,"Providence - Ovalie",1,7,8,0.125,43.588239,3.853421
2026-03-08,08:08:11,2026-03-08T08:08:11+01:00,STATION,"Pérols Etang de l Or",33,35,68,0.4852941176470588,43.558351,3.963412
2026-03-08,08:08:11,2026-03-08T08:08:11+01:00,STATION,"Albert 1er - Cathédrale",1,11,12,0.08333333333333333,43.614005,3.873218
2026-03-08,08:08:11,2026-03-08T08:08:11+01:00,STATION,"Saint-Guilhem - Courreau",1,7,8,0.125,43.608996,3.872752
2026-03-08,08:08:11,2026-03-08T08:08:11+01:00,STATION,"Sud De France",5,3,8,0.625,43.59562,3.9235
2026-03-08,08:08:11,2026-03-08T08:08:11+01:00,STATION,"Comedie Baudin",0,8,8,0.0,43.608717,3.880787
2026-03-08,08:08:11,2026-03-08T08:08:11+01:00,STATION,"Jean de Beins",4,12,16,0.25,43.609857,3.883884
2026-03-08,08:51:23,2026-03-08T08:51:23+01:00,STATION,"Rue Jules Ferry - Gare Saint-Roch",1,11,12,0.08333333333333333,43.605366,3.881346
2026-03-08,08:51:23,2026-03-08T08:51:23+01:00,STATION,"Comédie",5,15,20,0.25,43.608148,3.878778
2026-03-08,08:51:23,2026-03-08T08:51:23+01:00,STATION,"Hôtel de Ville",6,9,16,0.4375,43.599088,3.894866
2026-03-08,08:51:23,2026-03-08T08:51:23+01:00,STATION,"Corum",6,6,12,0.5,43.613989,3.8816
2026-03-08,08:51:23,2026-03-08T08:51:23+01:00,STATION,"Place Albert 1er - St Charles",2,25,27,0.07407407407407407,43.616768,3.873375
2026-03-08,08:51:23,2026-03-08T08:51:23+01:00,STATION,"Foch",1,7,8,0.125,43.610989,3.873345
2026-03-08,08:51:23,2026-03-08T08:51:23+01:00,STATION,"Halles Castellane",0,12,12,0.0,43.609935,3.877208
2026-03-08,08:51:23,2026-03-08T08:51:23+01:00,STATION,"Observatoire",2,5,8,0.375,43.606301,3.87724
2026-03-08,08:51:23,2026-03-08T08:51:23+01:00,STATION,"Rondelet",10,6,16,0.625,43.603038,3.875796
2026-03-08,08:51:23,2026-03-08T08:51:23+01:00,STATION,"Plan Cabanes",4,8,12,0.3333333333333333,43.608491,3.868389
2026-03-08,08:51:23,2026-03-08T08:51:23+01:00,STATION,"Boutonnet",9,3,12,0.75,43.622629,3.868375
2026-03-08,08:51:23,2026-03-08T08:51:23+01:00,STATION,"Emile Combes",3,5,8,0.375,43.616742,3.87998
2026-03-08,08:51:23,2026-03-08T08:51:23+01:00,STATION,"Beaux-Arts",3,13,16,0.1875,43.616698,3.884981
2026-03-08,08:51:23,2026-03-08T08:51:23+01:00,STATION,"Les Aubes",4,4,8,0.5,43.618692,3.893844
2026-03-08,08:51:23,2026-03-08T08:51:23+01:00,STATION,"Antigone centre",4,8,12,0.3333333333333333,43.607942,3.890634
2026-03-08,08:51:23,2026-03-08T08:51:23+01:00,STATION,"Médiathèque Emile Zola",12,4,16,0.75,43.608218,3.89314
2026-03-08,08:51:23,2026-03-08T08:51:23+01:00,STATION,"Nombre d Or",9,7,16,0.5625,43.607859,3.886644
2026-03-08,08:51:23,2026-03-08T08:51:23+01:00,STATION,"Louis Blanc",7,9,16,0.4375,43.614642,3.877648
2026-03-08,08:51:23,2026-03-08T08:51:23+01:00,STATION,"Gambetta",0,8,8,0.0,43.607106,3.870693
2026-03-08,08:51:23,2026-03-08T08:51:23+01:00,STATION,"Port Marianne",6,10,16,0.375,43.60032,3.89851
2026-03-08,08:51:23,2026-03-08T08:51:23+01:00,STATION,"Les Arceaux",3,5,8,0.375,43.612659,3.867734
2026-03-08,08:51:23,2026-03-08T08:51:23+01:00,STATION,"Cité Mion",4,3,8,0.625,43.601143,3.884373
2026-03-08,08:51:23,2026-03-08T08:51:23+01:00,STATION,"Nouveau Saint-Roch",7,1,8,0.875,43.599817,3.875757
2026-03-08,08:51:23,2026-03-08T08:51:23+01:00,STATION,"Renouvier",1,6,8,0.25,43.603553,3.867884
2026-03-08,08:51:23,2026-03-08T08:51:23+01:00,STATION,"Odysseum",0,8,8,0.0,43.603727,3.918979
2026-03-08,08:51:23,2026-03-08T08:51:23+01:00,STATION,"Saint-Denis",0,8,8,0.0,43.605021,3.875065
2026-03-08,08:51:23,2026-03-08T08:51:23+01:00,STATION,"Richter",9,7,16,0.5625,43.603424,3.899263
2026-03-08,08:51:23,2026-03-08T08:51:23+01:00,STATION,"Charles Flahault",1,7,8,0.125,43.622038,3.86672
2026-03-08,08:51:23,2026-03-08T08:51:23+01:00,STATION,"Voltaire",4,4,8,0.5,43.603767,3.888659
2026-03-08,08:51:23,2026-03-08T08:51:23+01:00,STATION,"Prés d Arènes",6,2,8,0.75,43.59048,3.884611
2026-03-08,08:51:23,2026-03-08T08:51:23+01:00,STATION,"Garcia Lorca",5,3,8,0.625,43.590757,3.890616
2026-03-08,08:51:23,2026-03-08T08:51:23+01:00,STATION,"Vert Bois",9,7,16,0.5625,43.63543,3.871179
2026-03-08,08:51:23,2026-03-08T08:51:23+01:00,STATION,"Malbosc",6,2,8,0.75,43.633679,3.832861
2026-03-08,08:51:23,2026-03-08T08:51:23+01:00,STATION,"Occitanie",7,25,32,0.21875,43.635689,3.849597
2026-03-08,08:51:23,2026-03-08T08:51:23+01:00,STATION,"Fac des Sciences",12,12,24,0.5,43.631318,3.861299
2026-03-08,08:51:23,2026-03-08T08:51:23+01:00,STATION,"Fac de Lettres",11,1,12,0.9166666666666666,43.630437,3.869539
2026-03-08,08:51:23,2026-03-08T08:51:23+01:00,STATION,"Aiguelongue",6,1,8,0.875,43.626163,3.882492
2026-03-08,08:51:23,2026-03-08T08:51:23+01:00,STATION,"Jeu de Mail des Abbés",5,3,8,0.625,43.619701,3.883831
2026-03-08,08:51:23,2026-03-08T08:51:23+01:00,STATION,"Euromédecine",2,6,8,0.25,43.639119,3.828199
2026-03-08,08:51:23,2026-03-08T08:51:23+01:00,STATION,"Marie Caizergues",5,3,8,0.625,43.619871,3.873812
2026-03-08,08:51:23,2026-03-08T08:51:23+01:00,STATION,"Sabines",5,3,8,0.625,43.584211,3.860031
2026-03-08,08:51:23,2026-03-08T08:51:23+01:00,STATION,"Celleneuve",1,7,8,0.125,43.61467,3.832624
2026-03-08,08:51:23,2026-03-08T08:51:23+01:00,STATION,"Jardin de la Lironde",8,0,8,1.0,43.60585,3.911576
2026-03-08,08:51:23,2026-03-08T08:51:23+01:00,STATION,"Père Soulas",7,1,8,0.875,43.621983,3.855603
2026-03-08,08:51:23,2026-03-08T08:51:23+01:00,STATION,"Place Viala",4,4,8,0.5,43.616812,3.855075
2026-03-08,08:51:23,2026-03-08T08:51:23+01:00,STATION,"Hôtel du Département",3,5,8,0.375,43.621682,3.83477
2026-03-08,08:51:23,2026-03-08T08:51:23+01:00,STATION,"Tonnelles",0,8,8,0.0,43.615155,3.839466
2026-03-08,08:51:23,2026-03-08T08:51:23+01:00,STATION,"Parvis Jules Ferry - Gare Saint-Roch",6,2,8,0.75,43.603889,3.879362
2026-03-08,08:51:23,2026-03-08T08:51:23+01:00,STATION,"Pont de Lattes - Gare Saint-Roch",4,8,12,0.3333333333333333,43.606036,3.882393
2026-03-08,08:51:23,2026-03-08T08:51:23+01:00,STATION,"Deux Ponts - Gare Saint-Roch",0,8,8,0.0,43.604319,3.880916
2026-03-08,08:51:23,2026-03-08T08:51:23+01:00,STATION,"Providence - Ovalie",1,7,8,0.125,43.588239,3.853421
2026-03-08,08:51:23,2026-03-08T08:51:23+01:00,STATION,"Pérols Etang de l Or",33,35,68,0.4852941176470588,43.558351,3.963412
2026-03-08,08:51:23,2026-03-08T08:51:23+01:00,STATION,"Albert 1er - Cathédrale",1,11,12,0.08333333333333333,43.614005,3.873218
2026-03-08,08:51:23,2026-03-08T08:51:23+01:00,STATION,"Saint-Guilhem - Courreau",1,7,8,0.125,43.608996,3.872752
2026-03-08,08:51:23,2026-03-08T08:51:23+01:00,STATION,"Sud De France",5,3,8,0.625,43.59562,3.9235
2026-03-08,08:51:23,2026-03-08T08:51:23+01:00,STATION,"Comedie Baudin",0,8,8,0.0,43.608717,3.880787
2026-03-08,08:51:23,2026-03-08T08:51:23+01:00,STATION,"Jean de Beins",4,12,16,0.25,43.609857,3.883884
2026-03-08,09:33:13,2026-03-08T09:33:13+01:00,STATION,"Rue Jules Ferry - Gare Saint-Roch",1,11,12,0.08333333333333333,43.605366,3.881346
2026-03-08,09:33:13,2026-03-08T09:33:13+01:00,STATION,"Comédie",5,15,20,0.25,43.608148,3.878778
2026-03-08,09:33:13,2026-03-08T09:33:13+01:00,STATION,"Hôtel de Ville",6,9,16,0.4375,43.599088,3.894866
2026-03-08,09:33:13,2026-03-08T09:33:13+01:00,STATION,"Corum",6,6,12,0.5,43.613989,3.8816
2026-03-08,09:33:13,2026-03-08T09:33:13+01:00,STATION,"Place Albert 1er - St Charles",2,25,27,0.07407407407407407,43.616768,3.873375
2026-03-08,09:33:13,2026-03-08T09:33:13+01:00,STATION,"Foch",1,7,8,0.125,43.610989,3.873345
2026-03-08,09:33:13,2026-03-08T09:33:13+01:00,STATION,"Halles Castellane",0,12,12,0.0,43.609935,3.877208
2026-03-08,09:33:13,2026-03-08T09:33:13+01:00,STATION,"Observatoire",2,5,8,0.375,43.606301,3.87724
2026-03-08,09:33:13,2026-03-08T09:33:13+01:00,STATION,"Rondelet",10,6,16,0.625,43.603038,3.875796
2026-03-08,09:33:13,2026-03-08T09:33:13+01:00,STATION,"Plan Cabanes",4,8,12,0.3333333333333333,43.608491,3.868389
2026-03-08,09:33:13,2026-03-08T09:33:13+01:00,STATION,"Boutonnet",9,3,12,0.75,43.622629,3.868375
2026-03-08,09:33:13,2026-03-08T09:33:13+01:00,STATION,"Emile Combes",3,5,8,0.375,43.616742,3.87998
2026-03-08,09:33:13,2026-03-08T09:33:13+01:00,STATION,"Beaux-Arts",3,13,16,0.1875,43.616698,3.884981
2026-03-08,09:33:13,2026-03-08T09:33:13+01:00,STATION,"Les Aubes",4,4,8,0.5,43.618692,3.893844
2026-03-08,09:33:13,2026-03-08T09:33:13+01:00,STATION,"Antigone centre",4,8,12,0.3333333333333333,43.607942,3.890634
2026-03-08,09:33:13,2026-03-08T09:33:13+01:00,STATION,"Médiathèque Emile Zola",12,4,16,0.75,43.608218,3.89314
2026-03-08,09:33:13,2026-03-08T09:33:13+01:00,STATION,"Nombre d Or",9,7,16,0.5625,43.607859,3.886644
2026-03-08,09:33:13,2026-03-08T09:33:13+01:00,STATION,"Louis Blanc",7,9,16,0.4375,43.614642,3.877648
2026-03-08,09:33:13,2026-03-08T09:33:13+01:00,STATION,"Gambetta",0,8,8,0.0,43.607106,3.870693
2026-03-08,09:33:13,2026-03-08T09:33:13+01:00,STATION,"Port Marianne",6,10,16,0.375,43.60032,3.89851
2026-03-08,09:33:13,2026-03-08T09:33:13+01:00,STATION,"Les Arceaux",3,5,8,0.375,43.612659,3.867734
2026-03-08,09:33:13,2026-03-08T09:33:13+01:00,STATION,"Cité Mion",4,3,8,0.625,43.601143,3.884373
2026-03-08,09:33:13,2026-03-08T09:33:13+01:00,STATION,"Nouveau Saint-Roch",7,1,8,0.875,43.599817,3.875757
2026-03-08,09:33:13,2026-03-08T09:33:13+01:00,STATION,"Renouvier",1,6,8,0.25,43.603553,3.867884
2026-03-08,09:33:13,2026-03-08T09:33:13+01:00,STATION,"Odysseum",0,8,8,0.0,43.603727,3.918979
2026-03-08,09:33:13,2026-03-08T09:33:13+01:00,STATION,"Saint-Denis",0,8,8,0.0,43.605021,3.875065
2026-03-08,09:33:13,2026-03-08T09:33:13+01:00,STATION,"Richter",9,7,16,0.5625,43.603424,3.899263
2026-03-08,09:33:13,2026-03-08T09:33:13+01:00,STATION,"Charles Flahault",1,7,8,0.125,43.622038,3.86672
2026-03-08,09:33:13,2026-03-08T09:33:13+01:00,STATION,"Voltaire",4,4,8,0.5,43.603767,3.888659
2026-03-08,09:33:13,2026-03-08T09:33:13+01:00,STATION,"Prés d Arènes",6,2,8,0.75,43.59048,3.884611
2026-03-08,09:33:13,2026-03-08T09:33:13+01:00,STATION,"Garcia Lorca",5,3,8,0.625,43.590757,3.890616
2026-03-08,09:33:13,2026-03-08T09:33:13+01:00,STATION,"Vert Bois",9,7,16,0.5625,43.63543,3.871179
2026-03-08,09:33:13,2026-03-08T09:33:13+01:00,STATION,"Malbosc",6,2,8,0.75,43.633679,3.832861
2026-03-08,09:33:13,2026-03-08T09:33:13+01:00,STATION,"Occitanie",7,25,32,0.21875,43.635689,3.849597
2026-03-08,09:33:13,2026-03-08T09:33:13+01:00,STATION,"Fac des Sciences",12,12,24,0.5,43.631318,3.861299
2026-03-08,09:33:13,2026-03-08T09:33:13+01:00,STATION,"Fac de Lettres",11,1,12,0.9166666666666666,43.630437,3.869539
2026-03-08,09:33:13,2026-03-08T09:33:13+01:00,STATION,"Aiguelongue",6,1,8,0.875,43.626163,3.882492
2026-03-08,09:33:13,2026-03-08T09:33:13+01:00,STATION,"Jeu de Mail des Abbés",5,3,8,0.625,43.619701,3.883831
2026-03-08,09:33:13,2026-03-08T09:33:13+01:00,STATION,"Euromédecine",2,6,8,0.25,43.639119,3.828199
2026-03-08,09:33:13,2026-03-08T09:33:13+01:00,STATION,"Marie Caizergues",5,3,8,0.625,43.619871,3.873812
2026-03-08,09:33:13,2026-03-08T09:33:13+01:00,STATION,"Sabines",5,3,8,0.625,43.584211,3.860031
2026-03-08,09:33:13,2026-03-08T09:33:13+01:00,STATION,"Celleneuve",1,7,8,0.125,43.61467,3.832624
2026-03-08,09:33:13,2026-03-08T09:33:13+01:00,STATION,"Jardin de la Lironde",8,0,8,1.0,43.60585,3.911576
2026-03-08,09:33:13,2026-03-08T09:33:13+01:00,STATION,"Père Soulas",7,1,8,0.875,43.621983,3.855603
2026-03-08,09:33:13,2026-03-08T09:33:13+01:00,STATION,"Place Viala",4,4,8,0.5,43.616812,3.855075
2026-03-08,09:33:13,2026-03-08T09:33:13+01:00,STATION,"Hôtel du Département",3,5,8,0.375,43.621682,3.83477
2026-03-08,09:33:13,2026-03-08T09:33:13+01:00,STATION,"Tonnelles",0,8,8,0.0,43.615155,3.839466
2026-03-08,09:33:13,2026-03-08T09:33:13+01:00,STATION,"Parvis Jules Ferry - Gare Saint-Roch",6,2,8,0.75,43.603889,3.879362
2026-03-08,09:33:13,2026-03-08T09:33:13+01:00,STATION,"Pont de Lattes - Gare Saint-Roch",4,8,12,0.3333333333333333,43.606036,3.882393
2026-03-08,09:33:13,2026-03-08T09:33:13+01:00,STATION,"Deux Ponts - Gare Saint-Roch",0,8,8,0.0,43.604319,3.880916
2026-03-08,09:33:13,2026-03-08T09:33:13+01:00,STATION,"Providence - Ovalie",1,7,8,0.125,43.588239,3.853421
2026-03-08,09:33:13,2026-03-08T09:33:13+01:00,STATION,"Pérols Etang de l Or",33,35,68,0.4852941176470588,43.558351,3.963412
2026-03-08,09:33:13,2026-03-08T09:33:13+01:00,STATION,"Albert 1er - Cathédrale",1,11,12,0.08333333333333333,43.614005,3.873218
2026-03-08,09:33:13,2026-03-08T09:33:13+01:00,STATION,"Saint-Guilhem - Courreau",1,7,8,0.125,43.608996,3.872752
2026-03-08,09:33:13,2026-03-08T09:33:13+01:00,STATION,"Sud De France",5,3,8,0.625,43.59562,3.9235
2026-03-08,09:33:13,2026-03-08T09:33:13+01:00,STATION,"Comedie Baudin",0,8,8,0.0,43.608717,3.880787
2026-03-08,09:33:13,2026-03-08T09:33:13+01:00,STATION,"Jean de Beins",4,12,16,0.25,43.609857,3.883884
2026-03-08,10:30:50,2026-03-08T10:30:50+01:00,STATION,"Rue Jules Ferry - Gare Saint-Roch",1,11,12,0.08333333333333333,43.605366,3.881346
2026-03-08,10:30:50,2026-03-08T10:30:50+01:00,STATION,"Comédie",5,15,20,0.25,43.608148,3.878778
2026-03-08,10:30:50,2026-03-08T10:30:50+01:00,STATION,"Hôtel de Ville",6,9,16,0.4375,43.599088,3.894866
2026-03-08,10:30:50,2026-03-08T10:30:50+01:00,STATION,"Corum",6,6,12,0.5,43.613989,3.8816
2026-03-08,10:30:50,2026-03-08T10:30:50+01:00,STATION,"Place Albert 1er - St Charles",2,25,27,0.07407407407407407,43.616768,3.873375
2026-03-08,10:30:50,2026-03-08T10:30:50+01:00,STATION,"Foch",1,7,8,0.125,43.610989,3.873345
2026-03-08,10:30:50,2026-03-08T10:30:50+01:00,STATION,"Halles Castellane",0,12,12,0.0,43.609935,3.877208
2026-03-08,10:30:50,2026-03-08T10:30:50+01:00,STATION,"Observatoire",2,5,8,0.375,43.606301,3.87724
2026-03-08,10:30:50,2026-03-08T10:30:50+01:00,STATION,"Rondelet",10,6,16,0.625,43.603038,3.875796
2026-03-08,10:30:50,2026-03-08T10:30:50+01:00,STATION,"Plan Cabanes",4,8,12,0.3333333333333333,43.608491,3.868389
2026-03-08,10:30:50,2026-03-08T10:30:50+01:00,STATION,"Boutonnet",9,3,12,0.75,43.622629,3.868375
2026-03-08,10:30:50,2026-03-08T10:30:50+01:00,STATION,"Emile Combes",3,5,8,0.375,43.616742,3.87998
2026-03-08,10:30:50,2026-03-08T10:30:50+01:00,STATION,"Beaux-Arts",3,13,16,0.1875,43.616698,3.884981
2026-03-08,10:30:50,2026-03-08T10:30:50+01:00,STATION,"Les Aubes",4,4,8,0.5,43.618692,3.893844
2026-03-08,10:30:50,2026-03-08T10:30:50+01:00,STATION,"Antigone centre",4,8,12,0.3333333333333333,43.607942,3.890634
2026-03-08,10:30:50,2026-03-08T10:30:50+01:00,STATION,"Médiathèque Emile Zola",12,4,16,0.75,43.608218,3.89314
2026-03-08,10:30:50,2026-03-08T10:30:50+01:00,STATION,"Nombre d Or",9,7,16,0.5625,43.607859,3.886644
2026-03-08,10:30:50,2026-03-08T10:30:50+01:00,STATION,"Louis Blanc",7,9,16,0.4375,43.614642,3.877648
2026-03-08,10:30:50,2026-03-08T10:30:50+01:00,STATION,"Gambetta",0,8,8,0.0,43.607106,3.870693
2026-03-08,10:30:50,2026-03-08T10:30:50+01:00,STATION,"Port Marianne",6,10,16,0.375,43.60032,3.89851
2026-03-08,10:30:50,2026-03-08T10:30:50+01:00,STATION,"Les Arceaux",3,5,8,0.375,43.612659,3.867734
2026-03-08,10:30:50,2026-03-08T10:30:50+01:00,STATION,"Cité Mion",4,3,8,0.625,43.601143,3.884373
2026-03-08,10:30:50,2026-03-08T10:30:50+01:00,STATION,"Nouveau Saint-Roch",7,1,8,0.875,43.599817,3.875757
2026-03-08,10:30:50,2026-03-08T10:30:50+01:00,STATION,"Renouvier",1,6,8,0.25,43.603553,3.867884
2026-03-08,10:30:50,2026-03-08T10:30:50+01:00,STATION,"Odysseum",0,8,8,0.0,43.603727,3.918979
2026-03-08,10:30:50,2026-03-08T10:30:50+01:00,STATION,"Saint-Denis",0,8,8,0.0,43.605021,3.875065
2026-03-08,10:30:50,2026-03-08T10:30:50+01:00,STATION,"Richter",9,7,16,0.5625,43.603424,3.899263
2026-03-08,10:30:50,2026-03-08T10:30:50+01:00,STATION,"Charles Flahault",1,7,8,0.125,43.622038,3.86672
2026-03-08,10:30:50,2026-03-08T10:30:50+01:00,STATION,"Voltaire",4,4,8,0.5,43.603767,3.888659
2026-03-08,10:30:50,2026-03-08T10:30:50+01:00,STATION,"Prés d Arènes",6,2,8,0.75,43.59048,3.884611
2026-03-08,10:30:50,2026-03-08T10:30:50+01:00,STATION,"Garcia Lorca",5,3,8,0.625,43.590757,3.890616
2026-03-08,10:30:50,2026-03-08T10:30:50+01:00,STATION,"Vert Bois",9,7,16,0.5625,43.63543,3.871179
2026-03-08,10:30:50,2026-03-08T10:30:50+01:00,STATION,"Malbosc",6,2,8,0.75,43.633679,3.832861
2026-03-08,10:30:50,2026-03-08T10:30:50+01:00,STATION,"Occitanie",7,25,32,0.21875,43.635689,3.849597
2026-03-08,10:30:50,2026-03-08T10:30:50+01:00,STATION,"Fac des Sciences",12,12,24,0.5,43.631318,3.861299
2026-03-08,10:30:50,2026-03-08T10:30:50+01:00,STATION,"Fac de Lettres",11,1,12,0.9166666666666666,43.630437,3.869539
2026-03-08,10:30:50,2026-03-08T10:30:50+01:00,STATION,"Aiguelongue",6,1,8,0.875,43.626163,3.882492
2026-03-08,10:30:50,2026-03-08T10:30:50+01:00,STATION,"Jeu de Mail des Abbés",5,3,8,0.625,43.619701,3.883831
2026-03-08,10:30:50,2026-03-08T10:30:50+01:00,STATION,"Euromédecine",2,6,8,0.25,43.639119,3.828199
2026-03-08,10:30:50,2026-03-08T10:30:50+01:00,STATION,"Marie Caizergues",5,3,8,0.625,43.619871,3.873812
2026-03-08,10:30:50,2026-03-08T10:30:50+01:00,STATION,"Sabines",5,3,8,0.625,43.584211,3.860031
2026-03-08,10:30:50,2026-03-08T10:30:50+01:00,STATION,"Celleneuve",1,7,8,0.125,43.61467,3.832624
2026-03-08,10:30:50,2026-03-08T10:30:50+01:00,STATION,"Jardin de la Lironde",8,0,8,1.0,43.60585,3.911576
2026-03-08,10:30:50,2026-03-08T10:30:50+01:00,STATION,"Père Soulas",7,1,8,0.875,43.621983,3.855603
2026-03-08,10:30:50,2026-03-08T10:30:50+01:00,STATION,"Place Viala",4,4,8,0.5,43.616812,3.855075
2026-03-08,10:30:50,2026-03-08T10:30:50+01:00,STATION,"Hôtel du Département",3,5,8,0.375,43.621682,3.83477
2026-03-08,10:30:50,2026-03-08T10:30:50+01:00,STATION,"Tonnelles",0,8,8,0.0,43.615155,3.839466
2026-03-08,10:30:50,2026-03-08T10:30:50+01:00,STATION,"Parvis Jules Ferry - Gare Saint-Roch",6,2,8,0.75,43.603889,3.879362
2026-03-08,10:30:50,2026-03-08T10:30:50+01:00,STATION,"Pont de Lattes - Gare Saint-Roch",4,8,12,0.3333333333333333,43.606036,3.882393
2026-03-08,10:30:50,2026-03-08T10:30:50+01:00,STATION,"Deux Ponts - Gare Saint-Roch",0,8,8,0.0,43.604319,3.880916
2026-03-08,10:30:50,2026-03-08T10:30:50+01:00,STATION,"Providence - Ovalie",1,7,8,0.125,43.588239,3.853421
2026-03-08,10:30:50,2026-03-08T10:30:50+01:00,STATION,"Pérols Etang de l Or",33,35,68,0.4852941176470588,43.558351,3.963412
2026-03-08,10:30:50,2026-03-08T10:30:50+01:00,STATION,"Albert 1er - Cathédrale",1,11,12,0.08333333333333333,43.614005,3.873218
2026-03-08,10:30:50,2026-03-08T10:30:50+01:00,STATION,"Saint-Guilhem - Courreau",1,7,8,0.125,43.608996,3.872752
2026-03-08,10:30:50,2026-03-08T10:30:50+01:00,STATION,"Sud De France",5,3,8,0.625,43.59562,3.9235
2026-03-08,10:30:50,2026-03-08T10:30:50+01:00,STATION,"Comedie Baudin",0,8,8,0.0,43.608717,3.880787
2026-03-08,10:30:50,2026-03-08T10:30:50+01:00,STATION,"Jean de Beins",4,12,16,0.25,43.609857,3.883884
2026-03-08,10:55:00,2026-03-08T10:55:00+01:00,STATION,"Rue Jules Ferry - Gare Saint-Roch",1,11,12,0.08333333333333333,43.605366,3.881346
2026-03-08,10:55:00,2026-03-08T10:55:00+01:00,STATION,"Comédie",5,15,20,0.25,43.608148,3.878778
2026-03-08,10:55:00,2026-03-08T10:55:00+01:00,STATION,"Hôtel de Ville",6,9,16,0.4375,43.599088,3.894866
2026-03-08,10:55:00,2026-03-08T10:55:00+01:00,STATION,"Corum",6,6,12,0.5,43.613989,3.8816
2026-03-08,10:55:00,2026-03-08T10:55:00+01:00,STATION,"Place Albert 1er - St Charles",2,25,27,0.07407407407407407,43.616768,3.873375
2026-03-08,10:55:00,2026-03-08T10:55:00+01:00,STATION,"Foch",1,7,8,0.125,43.610989,3.873345
2026-03-08,10:55:00,2026-03-08T10:55:00+01:00,STATION,"Halles Castellane",0,12,12,0.0,43.609935,3.877208
2026-03-08,10:55:00,2026-03-08T10:55:00+01:00,STATION,"Observatoire",2,5,8,0.375,43.606301,3.87724
2026-03-08,10:55:00,2026-03-08T10:55:00+01:00,STATION,"Rondelet",10,6,16,0.625,43.603038,3.875796
2026-03-08,10:55:00,2026-03-08T10:55:00+01:00,STATION,"Plan Cabanes",4,8,12,0.3333333333333333,43.608491,3.868389
2026-03-08,10:55:00,2026-03-08T10:55:00+01:00,STATION,"Boutonnet",9,3,12,0.75,43.622629,3.868375
2026-03-08,10:55:00,2026-03-08T10:55:00+01:00,STATION,"Emile Combes",3,5,8,0.375,43.616742,3.87998
2026-03-08,10:55:00,2026-03-08T10:55:00+01:00,STATION,"Beaux-Arts",3,13,16,0.1875,43.616698,3.884981
2026-03-08,10:55:00,2026-03-08T10:55:00+01:00,STATION,"Les Aubes",4,4,8,0.5,43.618692,3.893844
2026-03-08,10:55:00,2026-03-08T10:55:00+01:00,STATION,"Antigone centre",4,8,12,0.3333333333333333,43.607942,3.890634
2026-03-08,10:55:00,2026-03-08T10:55:00+01:00,STATION,"Médiathèque Emile Zola",12,4,16,0.75,43.608218,3.89314
2026-03-08,10:55:00,2026-03-08T10:55:00+01:00,STATION,"Nombre d Or",9,7,16,0.5625,43.607859,3.886644
2026-03-08,10:55:00,2026-03-08T10:55:00+01:00,STATION,"Louis Blanc",7,9,16,0.4375,43.614642,3.877648
2026-03-08,10:55:00,2026-03-08T10:55:00+01:00,STATION,"Gambetta",0,8,8,0.0,43.607106,3.870693
2026-03-08,10:55:00,2026-03-08T10:55:00+01:00,STATION,"Port Marianne",6,10,16,0.375,43.60032,3.89851
2026-03-08,10:55:00,2026-03-08T10:55:00+01:00,STATION,"Les Arceaux",3,5,8,0.375,43.612659,3.867734
2026-03-08,10:55:00,2026-03-08T10:55:00+01:00,STATION,"Cité Mion",4,3,8,0.625,43.601143,3.884373
2026-03-08,10:55:00,2026-03-08T10:55:00+01:00,STATION,"Nouveau Saint-Roch",7,1,8,0.875,43.599817,3.875757
2026-03-08,10:55:00,2026-03-08T10:55:00+01:00,STATION,"Renouvier",1,6,8,0.25,43.603553,3.867884
2026-03-08,10:55:00,2026-03-08T10:55:00+01:00,STATION,"Odysseum",0,8,8,0.0,43.603727,3.918979
2026-03-08,10:55:00,2026-03-08T10:55:00+01:00,STATION,"Saint-Denis",0,8,8,0.0,43.605021,3.875065
2026-03-08,10:55:00,2026-03-08T10:55:00+01:00,STATION,"Richter",9,7,16,0.5625,43.603424,3.899263
2026-03-08,10:55:00,2026-03-08T10:55:00+01:00,STATION,"Charles Flahault",1,7,8,0.125,43.622038,3.86672
2026-03-08,10:55:00,2026-03-08T10:55:00+01:00,STATION,"Voltaire",4,4,8,0.5,43.603767,3.888659
2026-03-08,10:55:00,2026-03-08T10:55:00+01:00,STATION,"Prés d Arènes",6,2,8,0.75,43.59048,3.884611
2026-03-08,10:55:00,2026-03-08T10:55:00+01:00,STATION,"Garcia Lorca",5,3,8,0.625,43.590757,3.890616
2026-03-08,10:55:00,2026-03-08T10:55:00+01:00,STATION,"Vert Bois",9,7,16,0.5625,43.63543,3.871179
2026-03-08,10:55:00,2026-03-08T10:55:00+01:00,STATION,"Malbosc",6,2,8,0.75,43.633679,3.832861
2026-03-08,10:55:00,2026-03-08T10:55:00+01:00,STATION,"Occitanie",7,25,32,0.21875,43.635689,3.849597
2026-03-08,10:55:00,2026-03-08T10:55:00+01:00,STATION,"Fac des Sciences",12,12,24,0.5,43.631318,3.861299
2026-03-08,10:55:00,2026-03-08T10:55:00+01:00,STATION,"Fac de Lettres",11,1,12,0.9166666666666666,43.630437,3.869539
2026-03-08,10:55:00,2026-03-08T10:55:00+01:00,STATION,"Aiguelongue",6,1,8,0.875,43.626163,3.882492
2026-03-08,10:55:00,2026-03-08T10:55:00+01:00,STATION,"Jeu de Mail des Abbés",5,3,8,0.625,43.619701,3.883831
2026-03-08,10:55:00,2026-03-08T10:55:00+01:00,STATION,"Euromédecine",2,6,8,0.25,43.639119,3.828199
2026-03-08,10:55:00,2026-03-08T10:55:00+01:00,STATION,"Marie Caizergues",5,3,8,0.625,43.619871,3.873812
2026-03-08,10:55:00,2026-03-08T10:55:00+01:00,STATION,"Sabines",5,3,8,0.625,43.584211,3.860031
2026-03-08,10:55:00,2026-03-08T10:55:00+01:00,STATION,"Celleneuve",1,7,8,0.125,43.61467,3.832624
2026-03-08,10:55:00,2026-03-08T10:55:00+01:00,STATION,"Jardin de la Lironde",8,0,8,1.0,43.60585,3.911576
2026-03-08,10:55:00,2026-03-08T10:55:00+01:00,STATION,"Père Soulas",7,1,8,0.875,43.621983,3.855603
2026-03-08,10:55:00,2026-03-08T10:55:00+01:00,STATION,"Place Viala",4,4,8,0.5,43.616812,3.855075
2026-03-08,10:55:00,2026-03-08T10:55:00+01:00,STATION,"Hôtel du Département",3,5,8,0.375,43.621682,3.83477
2026-03-08,10:55:00,2026-03-08T10:55:00+01:00,STATION,"Tonnelles",0,8,8,0.0,43.615155,3.839466
2026-03-08,10:55:00,2026-03-08T10:55:00+01:00,STATION,"Parvis Jules Ferry - Gare Saint-Roch",6,2,8,0.75,43.603889,3.879362
2026-03-08,10:55:00,2026-03-08T10:55:00+01:00,STATION,"Pont de Lattes - Gare Saint-Roch",4,8,12,0.3333333333333333,43.606036,3.882393
2026-03-08,10:55:00,2026-03-08T10:55:00+01:00,STATION,"Deux Ponts - Gare Saint-Roch",0,8,8,0.0,43.604319,3.880916
2026-03-08,10:55:00,2026-03-08T10:55:00+01:00,STATION,"Providence - Ovalie",1,7,8,0.125,43.588239,3.853421
2026-03-08,10:55:00,2026-03-08T10:55:00+01:00,STATION,"Pérols Etang de l Or",33,35,68,0.4852941176470588,43.558351,3.963412
2026-03-08,10:55:00,2026-03-08T10:55:00+01:00,STATION,"Albert 1er - Cathédrale",1,11,12,0.08333333333333333,43.614005,3.873218
2026-03-08,10:55:00,2026-03-08T10:55:00+01:00,STATION,"Saint-Guilhem - Courreau",1,7,8,0.125,43.608996,3.872752
2026-03-08,10:55:00,2026-03-08T10:55:00+01:00,STATION,"Sud De France",5,3,8,0.625,43.59562,3.9235
2026-03-08,10:55:00,2026-03-08T10:55:00+01:00,STATION,"Comedie Baudin",0,8,8,0.0,43.608717,3.880787
2026-03-08,10:55:00,2026-03-08T10:55:00+01:00,STATION,"Jean de Beins",4,12,16,0.25,43.609857,3.883884
2026-03-08,11:26:34,2026-03-08T11:26:34+01:00,STATION,"Rue Jules Ferry - Gare Saint-Roch",1,11,12,0.08333333333333333,43.605366,3.881346
2026-03-08,11:26:34,2026-03-08T11:26:34+01:00,STATION,"Comédie",5,15,20,0.25,43.608148,3.878778
2026-03-08,11:26:34,2026-03-08T11:26:34+01:00,STATION,"Hôtel de Ville",6,9,16,0.4375,43.599088,3.894866
2026-03-08,11:26:34,2026-03-08T11:26:34+01:00,STATION,"Corum",6,6,12,0.5,43.613989,3.8816
2026-03-08,11:26:34,2026-03-08T11:26:34+01:00,STATION,"Place Albert 1er - St Charles",2,25,27,0.07407407407407407,43.616768,3.873375
2026-03-08,11:26:34,2026-03-08T11:26:34+01:00,STATION,"Foch",1,7,8,0.125,43.610989,3.873345
2026-03-08,11:26:34,2026-03-08T11:26:34+01:00,STATION,"Halles Castellane",0,12,12,0.0,43.609935,3.877208
2026-03-08,11:26:34,2026-03-08T11:26:34+01:00,STATION,"Observatoire",2,5,8,0.375,43.606301,3.87724
2026-03-08,11:26:34,2026-03-08T11:26:34+01:00,STATION,"Rondelet",10,6,16,0.625,43.603038,3.875796
2026-03-08,11:26:34,2026-03-08T11:26:34+01:00,STATION,"Plan Cabanes",4,8,12,0.3333333333333333,43.608491,3.868389
2026-03-08,11:26:34,2026-03-08T11:26:34+01:00,STATION,"Boutonnet",9,3,12,0.75,43.622629,3.868375
2026-03-08,11:26:34,2026-03-08T11:26:34+01:00,STATION,"Emile Combes",3,5,8,0.375,43.616742,3.87998
2026-03-08,11:26:34,2026-03-08T11:26:34+01:00,STATION,"Beaux-Arts",3,13,16,0.1875,43.616698,3.884981
2026-03-08,11:26:34,2026-03-08T11:26:34+01:00,STATION,"Les Aubes",4,4,8,0.5,43.618692,3.893844
2026-03-08,11:26:34,2026-03-08T11:26:34+01:00,STATION,"Antigone centre",4,8,12,0.3333333333333333,43.607942,3.890634
2026-03-08,11:26:34,2026-03-08T11:26:34+01:00,STATION,"Médiathèque Emile Zola",12,4,16,0.75,43.608218,3.89314
2026-03-08,11:26:34,2026-03-08T11:26:34+01:00,STATION,"Nombre d Or",9,7,16,0.5625,43.607859,3.886644
2026-03-08,11:26:34,2026-03-08T11:26:34+01:00,STATION,"Louis Blanc",7,9,16,0.4375,43.614642,3.877648
2026-03-08,11:26:34,2026-03-08T11:26:34+01:00,STATION,"Gambetta",0,8,8,0.0,43.607106,3.870693
2026-03-08,11:26:34,2026-03-08T11:26:34+01:00,STATION,"Port Marianne",6,10,16,0.375,43.60032,3.89851
2026-03-08,11:26:34,2026-03-08T11:26:34+01:00,STATION,"Les Arceaux",3,5,8,0.375,43.612659,3.867734
2026-03-08,11:26:34,2026-03-08T11:26:34+01:00,STATION,"Cité Mion",4,3,8,0.625,43.601143,3.884373
2026-03-08,11:26:34,2026-03-08T11:26:34+01:00,STATION,"Nouveau Saint-Roch",7,1,8,0.875,43.599817,3.875757
2026-03-08,11:26:34,2026-03-08T11:26:34+01:00,STATION,"Renouvier",1,6,8,0.25,43.603553,3.867884
2026-03-08,11:26:34,2026-03-08T11:26:34+01:00,STATION,"Odysseum",0,8,8,0.0,43.603727,3.918979
2026-03-08,11:26:34,2026-03-08T11:26:34+01:00,STATION,"Saint-Denis",0,8,8,0.0,43.605021,3.875065
2026-03-08,11:26:34,2026-03-08T11:26:34+01:00,STATION,"Richter",9,7,16,0.5625,43.603424,3.899263
2026-03-08,11:26:34,2026-03-08T11:26:34+01:00,STATION,"Charles Flahault",1,7,8,0.125,43.622038,3.86672
2026-03-08,11:26:34,2026-03-08T11:26:34+01:00,STATION,"Voltaire",4,4,8,0.5,43.603767,3.888659
2026-03-08,11:26:34,2026-03-08T11:26:34+01:00,STATION,"Prés d Arènes",6,2,8,0.75,43.59048,3.884611
2026-03-08,11:26:34,2026-03-08T11:26:34+01:00,STATION,"Garcia Lorca",5,3,8,0.625,43.590757,3.890616
2026-03-08,11:26:34,2026-03-08T11:26:34+01:00,STATION,"Vert Bois",9,7,16,0.5625,43.63543,3.871179
2026-03-08,11:26:34,2026-03-08T11:26:34+01:00,STATION,"Malbosc",6,2,8,0.75,43.633679,3.832861
2026-03-08,11:26:34,2026-03-08T11:26:34+01:00,STATION,"Occitanie",7,25,32,0.21875,43.635689,3.849597
2026-03-08,11:26:34,2026-03-08T11:26:34+01:00,STATION,"Fac des Sciences",12,12,24,0.5,43.631318,3.861299
2026-03-08,11:26:34,2026-03-08T11:26:34+01:00,STATION,"Fac de Lettres",11,1,12,0.9166666666666666,43.630437,3.869539
2026-03-08,11:26:34,2026-03-08T11:26:34+01:00,STATION,"Aiguelongue",6,1,8,0.875,43.626163,3.882492
2026-03-08,11:26:34,2026-03-08T11:26:34+01:00,STATION,"Jeu de Mail des Abbés",5,3,8,0.625,43.619701,3.883831
2026-03-08,11:26:34,2026-03-08T11:26:34+01:00,STATION,"Euromédecine",2,6,8,0.25,43.639119,3.828199
2026-03-08,11:26:34,2026-03-08T11:26:34+01:00,STATION,"Marie Caizergues",5,3,8,0.625,43.619871,3.873812
2026-03-08,11:26:34,2026-03-08T11:26:34+01:00,STATION,"Sabines",5,3,8,0.625,43.584211,3.860031
2026-03-08,11:26:34,2026-03-08T11:26:34+01:00,STATION,"Celleneuve",1,7,8,0.125,43.61467,3.832624
2026-03-08,11:26:34,2026-03-08T11:26:34+01:00,STATION,"Jardin de la Lironde",8,0,8,1.0,43.60585,3.911576
2026-03-08,11:26:34,2026-03-08T11:26:34+01:00,STATION,"Père Soulas",7,1,8,0.875,43.621983,3.855603
2026-03-08,11:26:34,2026-03-08T11:26:34+01:00,STATION,"Place Viala",4,4,8,0.5,43.616812,3.855075
2026-03-08,11:26:34,2026-03-08T11:26:34+01:00,STATION,"Hôtel du Département",3,5,8,0.375,43.621682,3.83477
2026-03-08,11:26:34,2026-03-08T11:26:34+01:00,STATION,"Tonnelles",0,8,8,0.0,43.615155,3.839466
2026-03-08,11:26:34,2026-03-08T11:26:34+01:00,STATION,"Parvis Jules Ferry - Gare Saint-Roch",6,2,8,0.75,43.603889,3.879362
2026-03-08,11:26:34,2026-03-08T11:26:34+01:00,STATION,"Pont de Lattes - Gare Saint-Roch",4,8,12,0.3333333333333333,43.606036,3.882393
2026-03-08,11:26:34,2026-03-08T11:26:34+01:00,STATION,"Deux Ponts - Gare Saint-Roch",0,8,8,0.0,43.604319,3.880916
2026-03-08,11:26:34,2026-03-08T11:26:34+01:00,STATION,"Providence - Ovalie",1,7,8,0.125,43.588239,3.853421
2026-03-08,11:26:34,2026-03-08T11:26:34+01:00,STATION,"Pérols Etang de l Or",33,35,68,0.4852941176470588,43.558351,3.963412
2026-03-08,11:26:34,2026-03-08T11:26:34+01:00,STATION,"Albert 1er - Cathédrale",1,11,12,0.08333333333333333,43.614005,3.873218
2026-03-08,11:26:34,2026-03-08T11:26:34+01:00,STATION,"Saint-Guilhem - Courreau",1,7,8,0.125,43.608996,3.872752
2026-03-08,11:26:34,2026-03-08T11:26:34+01:00,STATION,"Sud De France",5,3,8,0.625,43.59562,3.9235
2026-03-08,11:26:34,2026-03-08T11:26:34+01:00,STATION,"Comedie Baudin",0,8,8,0.0,43.608717,3.880787
2026-03-08,11:26:34,2026-03-08T11:26:34+01:00,STATION,"Jean de Beins",4,12,16,0.25,43.609857,3.883884
2026-03-08,11:52:14,2026-03-08T11:52:14+01:00,STATION,"Rue Jules Ferry - Gare Saint-Roch",1,11,12,0.08333333333333333,43.605366,3.881346
2026-03-08,11:52:14,2026-03-08T11:52:14+01:00,STATION,"Comédie",5,15,20,0.25,43.608148,3.878778
2026-03-08,11:52:14,2026-03-08T11:52:14+01:00,STATION,"Hôtel de Ville",6,9,16,0.4375,43.599088,3.894866
2026-03-08,11:52:14,2026-03-08T11:52:14+01:00,STATION,"Corum",6,6,12,0.5,43.613989,3.8816
2026-03-08,11:52:14,2026-03-08T11:52:14+01:00,STATION,"Place Albert 1er - St Charles",2,25,27,0.07407407407407407,43.616768,3.873375
2026-03-08,11:52:14,2026-03-08T11:52:14+01:00,STATION,"Foch",1,7,8,0.125,43.610989,3.873345
2026-03-08,11:52:14,2026-03-08T11:52:14+01:00,STATION,"Halles Castellane",0,12,12,0.0,43.609935,3.877208
2026-03-08,11:52:14,2026-03-08T11:52:14+01:00,STATION,"Observatoire",2,5,8,0.375,43.606301,3.87724
2026-03-08,11:52:14,2026-03-08T11:52:14+01:00,STATION,"Rondelet",10,6,16,0.625,43.603038,3.875796
2026-03-08,11:52:14,2026-03-08T11:52:14+01:00,STATION,"Plan Cabanes",3,9,12,0.25,43.608491,3.868389
2026-03-08,11:52:14,2026-03-08T11:52:14+01:00,STATION,"Boutonnet",10,2,12,0.8333333333333334,43.622629,3.868375
2026-03-08,11:52:14,2026-03-08T11:52:14+01:00,STATION,"Emile Combes",3,5,8,0.375,43.616742,3.87998
2026-03-08,11:52:14,2026-03-08T11:52:14+01:00,STATION,"Beaux-Arts",3,13,16,0.1875,43.616698,3.884981
2026-03-08,11:52:14,2026-03-08T11:52:14+01:00,STATION,"Les Aubes",4,4,8,0.5,43.618692,3.893844
2026-03-08,11:52:14,2026-03-08T11:52:14+01:00,STATION,"Antigone centre",4,8,12,0.3333333333333333,43.607942,3.890634
2026-03-08,11:52:14,2026-03-08T11:52:14+01:00,STATION,"Médiathèque Emile Zola",12,4,16,0.75,43.608218,3.89314
2026-03-08,11:52:14,2026-03-08T11:52:14+01:00,STATION,"Nombre d Or",9,7,16,0.5625,43.607859,3.886644
2026-03-08,11:52:14,2026-03-08T11:52:14+01:00,STATION,"Louis Blanc",7,9,16,0.4375,43.614642,3.877648
2026-03-08,11:52:14,2026-03-08T11:52:14+01:00,STATION,"Gambetta",0,8,8,0.0,43.607106,3.870693
2026-03-08,11:52:14,2026-03-08T11:52:14+01:00,STATION,"Port Marianne",6,10,16,0.375,43.60032,3.89851
2026-03-08,11:52:14,2026-03-08T11:52:14+01:00,STATION,"Les Arceaux",3,5,8,0.375,43.612659,3.867734
2026-03-08,11:52:14,2026-03-08T11:52:14+01:00,STATION,"Cité Mion",4,3,8,0.625,43.601143,3.884373
2026-03-08,11:52:14,2026-03-08T11:52:14+01:00,STATION,"Nouveau Saint-Roch",7,1,8,0.875,43.599817,3.875757
2026-03-08,11:52:14,2026-03-08T11:52:14+01:00,STATION,"Renouvier",1,6,8,0.25,43.603553,3.867884
2026-03-08,11:52:14,2026-03-08T11:52:14+01:00,STATION,"Odysseum",0,8,8,0.0,43.603727,3.918979
2026-03-08,11:52:14,2026-03-08T11:52:14+01:00,STATION,"Saint-Denis",0,8,8,0.0,43.605021,3.875065
2026-03-08,11:52:14,2026-03-08T11:52:14+01:00,STATION,"Richter",9,7,16,0.5625,43.603424,3.899263
2026-03-08,11:52:14,2026-03-08T11:52:14+01:00,STATION,"Charles Flahault",1,7,8,0.125,43.622038,3.86672
2026-03-08,11:52:14,2026-03-08T11:52:14+01:00,STATION,"Voltaire",4,4,8,0.5,43.603767,3.888659
2026-03-08,11:52:14,2026-03-08T11:52:14+01:00,STATION,"Prés d Arènes",6,2,8,0.75,43.59048,3.884611
2026-03-08,11:52:14,2026-03-08T11:52:14+01:00,STATION,"Garcia Lorca",5,3,8,0.625,43.590757,3.890616
2026-03-08,11:52:14,2026-03-08T11:52:14+01:00,STATION,"Vert Bois",9,7,16,0.5625,43.63543,3.871179
2026-03-08,11:52:14,2026-03-08T11:52:14+01:00,STATION,"Malbosc",6,2,8,0.75,43.633679,3.832861
2026-03-08,11:52:14,2026-03-08T11:52:14+01:00,STATION,"Occitanie",7,25,32,0.21875,43.635689,3.849597
2026-03-08,11:52:14,2026-03-08T11:52:14+01:00,STATION,"Fac des Sciences",12,12,24,0.5,43.631318,3.861299
2026-03-08,11:52:14,2026-03-08T11:52:14+01:00,STATION,"Fac de Lettres",11,1,12,0.9166666666666666,43.630437,3.869539
2026-03-08,11:52:14,2026-03-08T11:52:14+01:00,STATION,"Aiguelongue",6,1,8,0.875,43.626163,3.882492
2026-03-08,11:52:14,2026-03-08T11:52:14+01:00,STATION,"Jeu de Mail des Abbés",5,3,8,0.625,43.619701,3.883831
2026-03-08,11:52:14,2026-03-08T11:52:14+01:00,STATION,"Euromédecine",2,6,8,0.25,43.639119,3.828199
2026-03-08,11:52:14,2026-03-08T11:52:14+01:00,STATION,"Marie Caizergues",5,3,8,0.625,43.619871,3.873812
2026-03-08,11:52:14,2026-03-08T11:52:14+01:00,STATION,"Sabines",5,3,8,0.625,43.584211,3.860031
2026-03-08,11:52:14,2026-03-08T11:52:14+01:00,STATION,"Celleneuve",1,7,8,0.125,43.61467,3.832624
2026-03-08,11:52:14,2026-03-08T11:52:14+01:00,STATION,"Jardin de la Lironde",8,0,8,1.0,43.60585,3.911576
2026-03-08,11:52:14,2026-03-08T11:52:14+01:00,STATION,"Père Soulas",7,1,8,0.875,43.621983,3.855603
2026-03-08,11:52:14,2026-03-08T11:52:14+01:00,STATION,"Place Viala",4,4,8,0.5,43.616812,3.855075
2026-03-08,11:52:14,2026-03-08T11:52:14+01:00,STATION,"Hôtel du Département",3,5,8,0.375,43.621682,3.83477
2026-03-08,11:52:14,2026-03-08T11:52:14+01:00,STATION,"Tonnelles",0,8,8,0.0,43.615155,3.839466
2026-03-08,11:52:14,2026-03-08T11:52:14+01:00,STATION,"Parvis Jules Ferry - Gare Saint-Roch",6,2,8,0.75,43.603889,3.879362
2026-03-08,11:52:14,2026-03-08T11:52:14+01:00,STATION,"Pont de Lattes - Gare Saint-Roch",4,8,12,0.3333333333333333,43.606036,3.882393
2026-03-08,11:52:14,2026-03-08T11:52:14+01:00,STATION,"Deux Ponts - Gare Saint-Roch",0,8,8,0.0,43.604319,3.880916
2026-03-08,11:52:14,2026-03-08T11:52:14+01:00,STATION,"Providence - Ovalie",1,7,8,0.125,43.588239,3.853421
2026-03-08,11:52:14,2026-03-08T11:52:14+01:00,STATION,"Pérols Etang de l Or",33,35,68,0.4852941176470588,43.558351,3.963412
2026-03-08,11:52:14,2026-03-08T11:52:14+01:00,STATION,"Albert 1er - Cathédrale",1,11,12,0.08333333333333333,43.614005,3.873218
2026-03-08,11:52:14,2026-03-08T11:52:14+01:00,STATION,"Saint-Guilhem - Courreau",1,7,8,0.125,43.608996,3.872752
2026-03-08,11:52:14,2026-03-08T11:52:14+01:00,STATION,"Sud De France",5,3,8,0.625,43.59562,3.9235
2026-03-08,11:52:14,2026-03-08T11:52:14+01:00,STATION,"Comedie Baudin",0,8,8,0.0,43.608717,3.880787
2026-03-08,11:52:14,2026-03-08T11:52:14+01:00,STATION,"Jean de Beins",4,12,16,0.25,43.609857,3.883884
2026-03-08,12:22:12,2026-03-08T12:22:12+01:00,STATION,"Rue Jules Ferry - Gare Saint-Roch",1,11,12,0.08333333333333333,43.605366,3.881346
2026-03-08,12:22:12,2026-03-08T12:22:12+01:00,STATION,"Comédie",5,15,20,0.25,43.608148,3.878778
2026-03-08,12:22:12,2026-03-08T12:22:12+01:00,STATION,"Hôtel de Ville",6,9,16,0.4375,43.599088,3.894866
2026-03-08,12:22:12,2026-03-08T12:22:12+01:00,STATION,"Corum",8,4,12,0.6666666666666666,43.613989,3.8816
2026-03-08,12:22:12,2026-03-08T12:22:12+01:00,STATION,"Place Albert 1er - St Charles",2,25,27,0.07407407407407407,43.616768,3.873375
2026-03-08,12:22:12,2026-03-08T12:22:12+01:00,STATION,"Foch",1,7,8,0.125,43.610989,3.873345
2026-03-08,12:22:12,2026-03-08T12:22:12+01:00,STATION,"Halles Castellane",0,12,12,0.0,43.609935,3.877208
2026-03-08,12:22:12,2026-03-08T12:22:12+01:00,STATION,"Observatoire",2,5,8,0.375,43.606301,3.87724
2026-03-08,12:22:12,2026-03-08T12:22:12+01:00,STATION,"Rondelet",10,6,16,0.625,43.603038,3.875796
2026-03-08,12:22:12,2026-03-08T12:22:12+01:00,STATION,"Plan Cabanes",3,9,12,0.25,43.608491,3.868389
2026-03-08,12:22:12,2026-03-08T12:22:12+01:00,STATION,"Boutonnet",10,2,12,0.8333333333333334,43.622629,3.868375
2026-03-08,12:22:12,2026-03-08T12:22:12+01:00,STATION,"Emile Combes",3,5,8,0.375,43.616742,3.87998
2026-03-08,12:22:12,2026-03-08T12:22:12+01:00,STATION,"Beaux-Arts",3,13,16,0.1875,43.616698,3.884981
2026-03-08,12:22:12,2026-03-08T12:22:12+01:00,STATION,"Les Aubes",4,4,8,0.5,43.618692,3.893844
2026-03-08,12:22:12,2026-03-08T12:22:12+01:00,STATION,"Antigone centre",4,8,12,0.3333333333333333,43.607942,3.890634
2026-03-08,12:22:12,2026-03-08T12:22:12+01:00,STATION,"Médiathèque Emile Zola",12,4,16,0.75,43.608218,3.89314
2026-03-08,12:22:12,2026-03-08T12:22:12+01:00,STATION,"Nombre d Or",9,7,16,0.5625,43.607859,3.886644
2026-03-08,12:22:12,2026-03-08T12:22:12+01:00,STATION,"Louis Blanc",7,9,16,0.4375,43.614642,3.877648
2026-03-08,12:22:12,2026-03-08T12:22:12+01:00,STATION,"Gambetta",0,8,8,0.0,43.607106,3.870693
2026-03-08,12:22:12,2026-03-08T12:22:12+01:00,STATION,"Port Marianne",5,11,16,0.3125,43.60032,3.89851
2026-03-08,12:22:12,2026-03-08T12:22:12+01:00,STATION,"Les Arceaux",3,5,8,0.375,43.612659,3.867734
2026-03-08,12:22:12,2026-03-08T12:22:12+01:00,STATION,"Cité Mion",4,3,8,0.625,43.601143,3.884373
2026-03-08,12:22:12,2026-03-08T12:22:12+01:00,STATION,"Nouveau Saint-Roch",7,1,8,0.875,43.599817,3.875757
2026-03-08,12:22:12,2026-03-08T12:22:12+01:00,STATION,"Renouvier",1,6,8,0.25,43.603553,3.867884
2026-03-08,12:22:12,2026-03-08T12:22:12+01:00,STATION,"Odysseum",0,8,8,0.0,43.603727,3.918979
2026-03-08,12:22:12,2026-03-08T12:22:12+01:00,STATION,"Saint-Denis",0,8,8,0.0,43.605021,3.875065
2026-03-08,12:22:12,2026-03-08T12:22:12+01:00,STATION,"Richter",9,7,16,0.5625,43.603424,3.899263
2026-03-08,12:22:12,2026-03-08T12:22:12+01:00,STATION,"Charles Flahault",1,7,8,0.125,43.622038,3.86672
2026-03-08,12:22:12,2026-03-08T12:22:12+01:00,STATION,"Voltaire",4,4,8,0.5,43.603767,3.888659
2026-03-08,12:22:12,2026-03-08T12:22:12+01:00,STATION,"Prés d Arènes",6,2,8,0.75,43.59048,3.884611
2026-03-08,12:22:12,2026-03-08T12:22:12+01:00,STATION,"Garcia Lorca",5,3,8,0.625,43.590757,3.890616
2026-03-08,12:22:12,2026-03-08T12:22:12+01:00,STATION,"Vert Bois",9,7,16,0.5625,43.63543,3.871179
2026-03-08,12:22:12,2026-03-08T12:22:12+01:00,STATION,"Malbosc",6,2,8,0.75,43.633679,3.832861
2026-03-08,12:22:12,2026-03-08T12:22:12+01:00,STATION,"Occitanie",7,25,32,0.21875,43.635689,3.849597
2026-03-08,12:22:12,2026-03-08T12:22:12+01:00,STATION,"Fac des Sciences",12,12,24,0.5,43.631318,3.861299
2026-03-08,12:22:12,2026-03-08T12:22:12+01:00,STATION,"Fac de Lettres",11,1,12,0.9166666666666666,43.630437,3.869539
2026-03-08,12:22:12,2026-03-08T12:22:12+01:00,STATION,"Aiguelongue",6,1,8,0.875,43.626163,3.882492
2026-03-08,12:22:12,2026-03-08T12:22:12+01:00,STATION,"Jeu de Mail des Abbés",5,3,8,0.625,43.619701,3.883831
2026-03-08,12:22:12,2026-03-08T12:22:12+01:00,STATION,"Euromédecine",2,6,8,0.25,43.639119,3.828199
2026-03-08,12:22:12,2026-03-08T12:22:12+01:00,STATION,"Marie Caizergues",4,4,8,0.5,43.619871,3.873812
2026-03-08,12:22:12,2026-03-08T12:22:12+01:00,STATION,"Sabines",5,3,8,0.625,43.584211,3.860031
2026-03-08,12:22:12,2026-03-08T12:22:12+01:00,STATION,"Celleneuve",1,7,8,0.125,43.61467,3.832624
2026-03-08,12:22:12,2026-03-08T12:22:12+01:00,STATION,"Jardin de la Lironde",8,0,8,1.0,43.60585,3.911576
2026-03-08,12:22:12,2026-03-08T12:22:12+01:00,STATION,"Père Soulas",7,1,8,0.875,43.621983,3.855603
2026-03-08,12:22:12,2026-03-08T12:22:12+01:00,STATION,"Place Viala",3,5,8,0.375,43.616812,3.855075
2026-03-08,12:22:12,2026-03-08T12:22:12+01:00,STATION,"Hôtel du Département",3,5,8,0.375,43.621682,3.83477
2026-03-08,12:22:12,2026-03-08T12:22:12+01:00,STATION,"Tonnelles",0,8,8,0.0,43.615155,3.839466
2026-03-08,12:22:12,2026-03-08T12:22:12+01:00,STATION,"Parvis Jules Ferry - Gare Saint-Roch",6,2,8,0.75,43.603889,3.879362
2026-03-08,12:22:12,2026-03-08T12:22:12+01:00,STATION,"Pont de Lattes - Gare Saint-Roch",4,8,12,0.3333333333333333,43.606036,3.882393
2026-03-08,12:22:12,2026-03-08T12:22:12+01:00,STATION,"Deux Ponts - Gare Saint-Roch",0,8,8,0.0,43.604319,3.880916
2026-03-08,12:22:12,2026-03-08T12:22:12+01:00,STATION,"Providence - Ovalie",1,7,8,0.125,43.588239,3.853421
2026-03-08,12:22:12,2026-03-08T12:22:12+01:00,STATION,"Pérols Etang de l Or",33,35,68,0.4852941176470588,43.558351,3.963412
2026-03-08,12:22:12,2026-03-08T12:22:12+01:00,STATION,"Albert 1er - Cathédrale",1,11,12,0.08333333333333333,43.614005,3.873218
2026-03-08,12:22:12,2026-03-08T12:22:12+01:00,STATION,"Saint-Guilhem - Courreau",1,7,8,0.125,43.608996,3.872752
2026-03-08,12:22:12,2026-03-08T12:22:12+01:00,STATION,"Sud De France",5,3,8,0.625,43.59562,3.9235
2026-03-08,12:22:12,2026-03-08T12:22:12+01:00,STATION,"Comedie Baudin",0,8,8,0.0,43.608717,3.880787
2026-03-08,12:22:12,2026-03-08T12:22:12+01:00,STATION,"Jean de Beins",4,12,16,0.25,43.609857,3.883884
2026-03-08,12:45:27,2026-03-08T12:45:27+01:00,STATION,"Rue Jules Ferry - Gare Saint-Roch",1,11,12,0.08333333333333333,43.605366,3.881346
2026-03-08,12:45:27,2026-03-08T12:45:27+01:00,STATION,"Comédie",5,15,20,0.25,43.608148,3.878778
2026-03-08,12:45:27,2026-03-08T12:45:27+01:00,STATION,"Hôtel de Ville",6,9,16,0.4375,43.599088,3.894866
2026-03-08,12:45:27,2026-03-08T12:45:27+01:00,STATION,"Corum",8,4,12,0.6666666666666666,43.613989,3.8816
2026-03-08,12:45:27,2026-03-08T12:45:27+01:00,STATION,"Place Albert 1er - St Charles",1,26,27,0.037037037037037035,43.616768,3.873375
2026-03-08,12:45:27,2026-03-08T12:45:27+01:00,STATION,"Foch",1,7,8,0.125,43.610989,3.873345
2026-03-08,12:45:27,2026-03-08T12:45:27+01:00,STATION,"Halles Castellane",0,12,12,0.0,43.609935,3.877208
2026-03-08,12:45:27,2026-03-08T12:45:27+01:00,STATION,"Observatoire",2,5,8,0.375,43.606301,3.87724
2026-03-08,12:45:27,2026-03-08T12:45:27+01:00,STATION,"Rondelet",10,6,16,0.625,43.603038,3.875796
2026-03-08,12:45:27,2026-03-08T12:45:27+01:00,STATION,"Plan Cabanes",3,9,12,0.25,43.608491,3.868389
2026-03-08,12:45:27,2026-03-08T12:45:27+01:00,STATION,"Boutonnet",10,2,12,0.8333333333333334,43.622629,3.868375
2026-03-08,12:45:27,2026-03-08T12:45:27+01:00,STATION,"Emile Combes",3,5,8,0.375,43.616742,3.87998
2026-03-08,12:45:27,2026-03-08T12:45:27+01:00,STATION,"Beaux-Arts",3,13,16,0.1875,43.616698,3.884981
2026-03-08,12:45:27,2026-03-08T12:45:27+01:00,STATION,"Les Aubes",4,4,8,0.5,43.618692,3.893844
2026-03-08,12:45:27,2026-03-08T12:45:27+01:00,STATION,"Antigone centre",4,8,12,0.3333333333333333,43.607942,3.890634
2026-03-08,12:45:27,2026-03-08T12:45:27+01:00,STATION,"Médiathèque Emile Zola",12,4,16,0.75,43.608218,3.89314
2026-03-08,12:45:27,2026-03-08T12:45:27+01:00,STATION,"Nombre d Or",9,7,16,0.5625,43.607859,3.886644
2026-03-08,12:45:27,2026-03-08T12:45:27+01:00,STATION,"Louis Blanc",7,9,16,0.4375,43.614642,3.877648
2026-03-08,12:45:27,2026-03-08T12:45:27+01:00,STATION,"Gambetta",0,8,8,0.0,43.607106,3.870693
2026-03-08,12:45:27,2026-03-08T12:45:27+01:00,STATION,"Port Marianne",5,11,16,0.3125,43.60032,3.89851
2026-03-08,12:45:27,2026-03-08T12:45:27+01:00,STATION,"Les Arceaux",3,5,8,0.375,43.612659,3.867734
2026-03-08,12:45:27,2026-03-08T12:45:27+01:00,STATION,"Cité Mion",4,3,8,0.625,43.601143,3.884373
2026-03-08,12:45:27,2026-03-08T12:45:27+01:00,STATION,"Nouveau Saint-Roch",7,1,8,0.875,43.599817,3.875757
2026-03-08,12:45:27,2026-03-08T12:45:27+01:00,STATION,"Renouvier",1,6,8,0.25,43.603553,3.867884
2026-03-08,12:45:27,2026-03-08T12:45:27+01:00,STATION,"Odysseum",0,8,8,0.0,43.603727,3.918979
2026-03-08,12:45:27,2026-03-08T12:45:27+01:00,STATION,"Saint-Denis",0,8,8,0.0,43.605021,3.875065
2026-03-08,12:45:27,2026-03-08T12:45:27+01:00,STATION,"Richter",9,7,16,0.5625,43.603424,3.899263
2026-03-08,12:45:27,2026-03-08T12:45:27+01:00,STATION,"Charles Flahault",1,7,8,0.125,43.622038,3.86672
2026-03-08,12:45:27,2026-03-08T12:45:27+01:00,STATION,"Voltaire",4,4,8,0.5,43.603767,3.888659
2026-03-08,12:45:27,2026-03-08T12:45:27+01:00,STATION,"Prés d Arènes",6,2,8,0.75,43.59048,3.884611
2026-03-08,12:45:27,2026-03-08T12:45:27+01:00,STATION,"Garcia Lorca",5,3,8,0.625,43.590757,3.890616
2026-03-08,12:45:27,2026-03-08T12:45:27+01:00,STATION,"Vert Bois",9,7,16,0.5625,43.63543,3.871179
2026-03-08,12:45:27,2026-03-08T12:45:27+01:00,STATION,"Malbosc",6,2,8,0.75,43.633679,3.832861
2026-03-08,12:45:27,2026-03-08T12:45:27+01:00,STATION,"Occitanie",7,25,32,0.21875,43.635689,3.849597
2026-03-08,12:45:27,2026-03-08T12:45:27+01:00,STATION,"Fac des Sciences",12,12,24,0.5,43.631318,3.861299
2026-03-08,12:45:27,2026-03-08T12:45:27+01:00,STATION,"Fac de Lettres",11,1,12,0.9166666666666666,43.630437,3.869539
2026-03-08,12:45:27,2026-03-08T12:45:27+01:00,STATION,"Aiguelongue",6,1,8,0.875,43.626163,3.882492
2026-03-08,12:45:27,2026-03-08T12:45:27+01:00,STATION,"Jeu de Mail des Abbés",5,3,8,0.625,43.619701,3.883831
2026-03-08,12:45:27,2026-03-08T12:45:27+01:00,STATION,"Euromédecine",2,6,8,0.25,43.639119,3.828199
2026-03-08,12:45:27,2026-03-08T12:45:27+01:00,STATION,"Marie Caizergues",4,4,8,0.5,43.619871,3.873812
2026-03-08,12:45:27,2026-03-08T12:45:27+01:00,STATION,"Sabines",5,3,8,0.625,43.584211,3.860031
2026-03-08,12:45:27,2026-03-08T12:45:27+01:00,STATION,"Celleneuve",1,7,8,0.125,43.61467,3.832624
2026-03-08,12:45:27,2026-03-08T12:45:27+01:00,STATION,"Jardin de la Lironde",8,0,8,1.0,43.60585,3.911576
2026-03-08,12:45:27,2026-03-08T12:45:27+01:00,STATION,"Père Soulas",7,1,8,0.875,43.621983,3.855603
2026-03-08,12:45:27,2026-03-08T12:45:27+01:00,STATION,"Place Viala",3,5,8,0.375,43.616812,3.855075
2026-03-08,12:45:27,2026-03-08T12:45:27+01:00,STATION,"Hôtel du Département",3,5,8,0.375,43.621682,3.83477
2026-03-08,12:45:27,2026-03-08T12:45:27+01:00,STATION,"Tonnelles",0,8,8,0.0,43.615155,3.839466
2026-03-08,12:45:27,2026-03-08T12:45:27+01:00,STATION,"Parvis Jules Ferry - Gare Saint-Roch",6,2,8,0.75,43.603889,3.879362
2026-03-08,12:45:27,2026-03-08T12:45:27+01:00,STATION,"Pont de Lattes - Gare Saint-Roch",4,8,12,0.3333333333333333,43.606036,3.882393
2026-03-08,12:45:27,2026-03-08T12:45:27+01:00,STATION,"Deux Ponts - Gare Saint-Roch",0,8,8,0.0,43.604319,3.880916
2026-03-08,12:45:27,2026-03-08T12:45:27+01:00,STATION,"Providence - Ovalie",1,7,8,0.125,43.588239,3.853421
2026-03-08,12:45:27,2026-03-08T12:45:27+01:00,STATION,"Pérols Etang de l Or",33,35,68,0.4852941176470588,43.558351,3.963412
2026-03-08,12:45:27,2026-03-08T12:45:27+01:00,STATION,"Albert 1er - Cathédrale",1,11,12,0.08333333333333333,43.614005,3.873218
2026-03-08,12:45:27,2026-03-08T12:45:27+01:00,STATION,"Saint-Guilhem - Courreau",1,7,8,0.125,43.608996,3.872752
2026-03-08,12:45:27,2026-03-08T12:45:27+01:00,STATION,"Sud De France",5,3,8,0.625,43.59562,3.9235
2026-03-08,12:45:27,2026-03-08T12:45:27+01:00,STATION,"Comedie Baudin",0,8,8,0.0,43.608717,3.880787
2026-03-08,12:45:27,2026-03-08T12:45:27+01:00,STATION,"Jean de Beins",4,12,16,0.25,43.609857,3.883884
2026-03-08,13:49:53,2026-03-08T13:49:53+01:00,STATION,"Rue Jules Ferry - Gare Saint-Roch",1,11,12,0.08333333333333333,43.605366,3.881346
2026-03-08,13:49:53,2026-03-08T13:49:53+01:00,STATION,"Comédie",5,15,20,0.25,43.608148,3.878778
2026-03-08,13:49:53,2026-03-08T13:49:53+01:00,STATION,"Hôtel de Ville",6,9,16,0.4375,43.599088,3.894866
2026-03-08,13:49:53,2026-03-08T13:49:53+01:00,STATION,"Corum",9,3,12,0.75,43.613989,3.8816
2026-03-08,13:49:53,2026-03-08T13:49:53+01:00,STATION,"Place Albert 1er - St Charles",1,26,27,0.037037037037037035,43.616768,3.873375
2026-03-08,13:49:53,2026-03-08T13:49:53+01:00,STATION,"Foch",1,7,8,0.125,43.610989,3.873345
2026-03-08,13:49:53,2026-03-08T13:49:53+01:00,STATION,"Halles Castellane",0,12,12,0.0,43.609935,3.877208
2026-03-08,13:49:53,2026-03-08T13:49:53+01:00,STATION,"Observatoire",2,5,8,0.375,43.606301,3.87724
2026-03-08,13:49:53,2026-03-08T13:49:53+01:00,STATION,"Rondelet",10,6,16,0.625,43.603038,3.875796
2026-03-08,13:49:53,2026-03-08T13:49:53+01:00,STATION,"Plan Cabanes",3,9,12,0.25,43.608491,3.868389
2026-03-08,13:49:53,2026-03-08T13:49:53+01:00,STATION,"Boutonnet",10,2,12,0.8333333333333334,43.622629,3.868375
2026-03-08,13:49:53,2026-03-08T13:49:53+01:00,STATION,"Emile Combes",3,5,8,0.375,43.616742,3.87998
2026-03-08,13:49:53,2026-03-08T13:49:53+01:00,STATION,"Beaux-Arts",3,13,16,0.1875,43.616698,3.884981
2026-03-08,13:49:53,2026-03-08T13:49:53+01:00,STATION,"Les Aubes",4,4,8,0.5,43.618692,3.893844
2026-03-08,13:49:53,2026-03-08T13:49:53+01:00,STATION,"Antigone centre",4,8,12,0.3333333333333333,43.607942,3.890634
2026-03-08,13:49:53,2026-03-08T13:49:53+01:00,STATION,"Médiathèque Emile Zola",12,4,16,0.75,43.608218,3.89314
2026-03-08,13:49:53,2026-03-08T13:49:53+01:00,STATION,"Nombre d Or",9,7,16,0.5625,43.607859,3.886644
2026-03-08,13:49:53,2026-03-08T13:49:53+01:00,STATION,"Louis Blanc",7,9,16,0.4375,43.614642,3.877648
2026-03-08,13:49:53,2026-03-08T13:49:53+01:00,STATION,"Gambetta",0,8,8,0.0,43.607106,3.870693
2026-03-08,13:49:53,2026-03-08T13:49:53+01:00,STATION,"Port Marianne",6,10,16,0.375,43.60032,3.89851
2026-03-08,13:49:53,2026-03-08T13:49:53+01:00,STATION,"Les Arceaux",4,4,8,0.5,43.612659,3.867734
2026-03-08,13:49:53,2026-03-08T13:49:53+01:00,STATION,"Cité Mion",4,3,8,0.625,43.601143,3.884373
2026-03-08,13:49:53,2026-03-08T13:49:53+01:00,STATION,"Nouveau Saint-Roch",7,1,8,0.875,43.599817,3.875757
2026-03-08,13:49:53,2026-03-08T13:49:53+01:00,STATION,"Renouvier",1,6,8,0.25,43.603553,3.867884
2026-03-08,13:49:53,2026-03-08T13:49:53+01:00,STATION,"Odysseum",0,8,8,0.0,43.603727,3.918979
2026-03-08,13:49:53,2026-03-08T13:49:53+01:00,STATION,"Saint-Denis",0,8,8,0.0,43.605021,3.875065
2026-03-08,13:49:53,2026-03-08T13:49:53+01:00,STATION,"Richter",9,7,16,0.5625,43.603424,3.899263
2026-03-08,13:49:53,2026-03-08T13:49:53+01:00,STATION,"Charles Flahault",1,7,8,0.125,43.622038,3.86672
2026-03-08,13:49:53,2026-03-08T13:49:53+01:00,STATION,"Voltaire",4,4,8,0.5,43.603767,3.888659
2026-03-08,13:49:53,2026-03-08T13:49:53+01:00,STATION,"Prés d Arènes",6,2,8,0.75,43.59048,3.884611
2026-03-08,13:49:53,2026-03-08T13:49:53+01:00,STATION,"Garcia Lorca",5,3,8,0.625,43.590757,3.890616
2026-03-08,13:49:53,2026-03-08T13:49:53+01:00,STATION,"Vert Bois",9,7,16,0.5625,43.63543,3.871179
2026-03-08,13:49:53,2026-03-08T13:49:53+01:00,STATION,"Malbosc",6,2,8,0.75,43.633679,3.832861
2026-03-08,13:49:53,2026-03-08T13:49:53+01:00,STATION,"Occitanie",7,25,32,0.21875,43.635689,3.849597
2026-03-08,13:49:53,2026-03-08T13:49:53+01:00,STATION,"Fac des Sciences",12,12,24,0.5,43.631318,3.861299
2026-03-08,13:49:53,2026-03-08T13:49:53+01:00,STATION,"Fac de Lettres",11,1,12,0.9166666666666666,43.630437,3.869539
2026-03-08,13:49:53,2026-03-08T13:49:53+01:00,STATION,"Aiguelongue",6,1,8,0.875,43.626163,3.882492
2026-03-08,13:49:53,2026-03-08T13:49:53+01:00,STATION,"Jeu de Mail des Abbés",5,3,8,0.625,43.619701,3.883831
2026-03-08,13:49:53,2026-03-08T13:49:53+01:00,STATION,"Euromédecine",2,6,8,0.25,43.639119,3.828199
2026-03-08,13:49:53,2026-03-08T13:49:53+01:00,STATION,"Marie Caizergues",4,4,8,0.5,43.619871,3.873812
2026-03-08,13:49:53,2026-03-08T13:49:53+01:00,STATION,"Sabines",5,3,8,0.625,43.584211,3.860031
2026-03-08,13:49:53,2026-03-08T13:49:53+01:00,STATION,"Celleneuve",1,7,8,0.125,43.61467,3.832624
2026-03-08,13:49:53,2026-03-08T13:49:53+01:00,STATION,"Jardin de la Lironde",8,0,8,1.0,43.60585,3.911576
2026-03-08,13:49:53,2026-03-08T13:49:53+01:00,STATION,"Père Soulas",6,2,8,0.75,43.621983,3.855603
2026-03-08,13:49:53,2026-03-08T13:49:53+01:00,STATION,"Place Viala",3,5,8,0.375,43.616812,3.855075
2026-03-08,13:49:53,2026-03-08T13:49:53+01:00,STATION,"Hôtel du Département",3,5,8,0.375,43.621682,3.83477
2026-03-08,13:49:53,2026-03-08T13:49:53+01:00,STATION,"Tonnelles",0,8,8,0.0,43.615155,3.839466
2026-03-08,13:49:53,2026-03-08T13:49:53+01:00,STATION,"Parvis Jules Ferry - Gare Saint-Roch",6,2,8,0.75,43.603889,3.879362
2026-03-08,13:49:53,2026-03-08T13:49:53+01:00,STATION,"Pont de Lattes - Gare Saint-Roch",4,8,12,0.3333333333333333,43.606036,3.882393
2026-03-08,13:49:53,2026-03-08T13:49:53+01:00,STATION,"Deux Ponts - Gare Saint-Roch",0,8,8,0.0,43.604319,3.880916
2026-03-08,13:49:53,2026-03-08T13:49:53+01:00,STATION,"Providence - Ovalie",1,7,8,0.125,43.588239,3.853421
2026-03-08,13:49:53,2026-03-08T13:49:53+01:00,STATION,"Pérols Etang de l Or",33,35,68,0.4852941176470588,43.558351,3.963412
2026-03-08,13:49:53,2026-03-08T13:49:53+01:00,STATION,"Albert 1er - Cathédrale",1,11,12,0.08333333333333333,43.614005,3.873218
2026-03-08,13:49:53,2026-03-08T13:49:53+01:00,STATION,"Saint-Guilhem - Courreau",1,7,8,0.125,43.608996,3.872752
2026-03-08,13:49:53,2026-03-08T13:49:53+01:00,STATION,"Sud De France",5,3,8,0.625,43.59562,3.9235
2026-03-08,13:49:53,2026-03-08T13:49:53+01:00,STATION,"Comedie Baudin",0,8,8,0.0,43.608717,3.880787
2026-03-08,13:49:53,2026-03-08T13:49:53+01:00,STATION,"Jean de Beins",4,12,16,0.25,43.609857,3.883884
2026-03-08,14:41:03,2026-03-08T14:41:03+01:00,STATION,"Rue Jules Ferry - Gare Saint-Roch",1,11,12,0.08333333333333333,43.605366,3.881346
2026-03-08,14:41:03,2026-03-08T14:41:03+01:00,STATION,"Comédie",5,15,20,0.25,43.608148,3.878778
2026-03-08,14:41:03,2026-03-08T14:41:03+01:00,STATION,"Hôtel de Ville",6,9,16,0.4375,43.599088,3.894866
2026-03-08,14:41:03,2026-03-08T14:41:03+01:00,STATION,"Corum",9,3,12,0.75,43.613989,3.8816
2026-03-08,14:41:03,2026-03-08T14:41:03+01:00,STATION,"Place Albert 1er - St Charles",1,26,27,0.037037037037037035,43.616768,3.873375
2026-03-08,14:41:03,2026-03-08T14:41:03+01:00,STATION,"Foch",1,7,8,0.125,43.610989,3.873345
2026-03-08,14:41:03,2026-03-08T14:41:03+01:00,STATION,"Halles Castellane",0,12,12,0.0,43.609935,3.877208
2026-03-08,14:41:03,2026-03-08T14:41:03+01:00,STATION,"Observatoire",2,5,8,0.375,43.606301,3.87724
2026-03-08,14:41:03,2026-03-08T14:41:03+01:00,STATION,"Rondelet",10,6,16,0.625,43.603038,3.875796
2026-03-08,14:41:03,2026-03-08T14:41:03+01:00,STATION,"Plan Cabanes",3,9,12,0.25,43.608491,3.868389
2026-03-08,14:41:03,2026-03-08T14:41:03+01:00,STATION,"Boutonnet",10,2,12,0.8333333333333334,43.622629,3.868375
2026-03-08,14:41:03,2026-03-08T14:41:03+01:00,STATION,"Emile Combes",3,5,8,0.375,43.616742,3.87998
2026-03-08,14:41:03,2026-03-08T14:41:03+01:00,STATION,"Beaux-Arts",3,13,16,0.1875,43.616698,3.884981
2026-03-08,14:41:03,2026-03-08T14:41:03+01:00,STATION,"Les Aubes",4,4,8,0.5,43.618692,3.893844
2026-03-08,14:41:03,2026-03-08T14:41:03+01:00,STATION,"Antigone centre",4,8,12,0.3333333333333333,43.607942,3.890634
2026-03-08,14:41:03,2026-03-08T14:41:03+01:00,STATION,"Médiathèque Emile Zola",12,4,16,0.75,43.608218,3.89314
2026-03-08,14:41:03,2026-03-08T14:41:03+01:00,STATION,"Nombre d Or",9,7,16,0.5625,43.607859,3.886644
2026-03-08,14:41:03,2026-03-08T14:41:03+01:00,STATION,"Louis Blanc",7,9,16,0.4375,43.614642,3.877648
2026-03-08,14:41:03,2026-03-08T14:41:03+01:00,STATION,"Gambetta",0,8,8,0.0,43.607106,3.870693
2026-03-08,14:41:03,2026-03-08T14:41:03+01:00,STATION,"Port Marianne",6,10,16,0.375,43.60032,3.89851
2026-03-08,14:41:03,2026-03-08T14:41:03+01:00,STATION,"Les Arceaux",4,4,8,0.5,43.612659,3.867734
2026-03-08,14:41:03,2026-03-08T14:41:03+01:00,STATION,"Cité Mion",4,3,8,0.625,43.601143,3.884373
2026-03-08,14:41:03,2026-03-08T14:41:03+01:00,STATION,"Nouveau Saint-Roch",7,1,8,0.875,43.599817,3.875757
2026-03-08,14:41:03,2026-03-08T14:41:03+01:00,STATION,"Renouvier",1,6,8,0.25,43.603553,3.867884
2026-03-08,14:41:03,2026-03-08T14:41:03+01:00,STATION,"Odysseum",0,8,8,0.0,43.603727,3.918979
2026-03-08,14:41:03,2026-03-08T14:41:03+01:00,STATION,"Saint-Denis",0,8,8,0.0,43.605021,3.875065
2026-03-08,14:41:03,2026-03-08T14:41:03+01:00,STATION,"Richter",9,7,16,0.5625,43.603424,3.899263
2026-03-08,14:41:03,2026-03-08T14:41:03+01:00,STATION,"Charles Flahault",1,7,8,0.125,43.622038,3.86672
2026-03-08,14:41:03,2026-03-08T14:41:03+01:00,STATION,"Voltaire",4,4,8,0.5,43.603767,3.888659
2026-03-08,14:41:03,2026-03-08T14:41:03+01:00,STATION,"Prés d Arènes",5,3,8,0.625,43.59048,3.884611
2026-03-08,14:41:03,2026-03-08T14:41:03+01:00,STATION,"Garcia Lorca",5,3,8,0.625,43.590757,3.890616
2026-03-08,14:41:03,2026-03-08T14:41:03+01:00,STATION,"Vert Bois",9,7,16,0.5625,43.63543,3.871179
2026-03-08,14:41:03,2026-03-08T14:41:03+01:00,STATION,"Malbosc",6,2,8,0.75,43.633679,3.832861
2026-03-08,14:41:03,2026-03-08T14:41:03+01:00,STATION,"Occitanie",8,24,32,0.25,43.635689,3.849597
2026-03-08,14:41:03,2026-03-08T14:41:03+01:00,STATION,"Fac des Sciences",12,12,24,0.5,43.631318,3.861299
2026-03-08,14:41:03,2026-03-08T14:41:03+01:00,STATION,"Fac de Lettres",11,1,12,0.9166666666666666,43.630437,3.869539
2026-03-08,14:41:03,2026-03-08T14:41:03+01:00,STATION,"Aiguelongue",6,1,8,0.875,43.626163,3.882492
2026-03-08,14:41:03,2026-03-08T14:41:03+01:00,STATION,"Jeu de Mail des Abbés",5,3,8,0.625,43.619701,3.883831
2026-03-08,14:41:03,2026-03-08T14:41:03+01:00,STATION,"Euromédecine",2,6,8,0.25,43.639119,3.828199
2026-03-08,14:41:03,2026-03-08T14:41:03+01:00,STATION,"Marie Caizergues",4,4,8,0.5,43.619871,3.873812
2026-03-08,14:41:03,2026-03-08T14:41:03+01:00,STATION,"Sabines",5,3,8,0.625,43.584211,3.860031
2026-03-08,14:41:03,2026-03-08T14:41:03+01:00,STATION,"Celleneuve",1,7,8,0.125,43.61467,3.832624
2026-03-08,14:41:03,2026-03-08T14:41:03+01:00,STATION,"Jardin de la Lironde",8,0,8,1.0,43.60585,3.911576
2026-03-08,14:41:03,2026-03-08T14:41:03+01:00,STATION,"Père Soulas",6,2,8,0.75,43.621983,3.855603
2026-03-08,14:41:03,2026-03-08T14:41:03+01:00,STATION,"Place Viala",3,5,8,0.375,43.616812,3.855075
2026-03-08,14:41:03,2026-03-08T14:41:03+01:00,STATION,"Hôtel du Département",3,5,8,0.375,43.621682,3.83477
2026-03-08,14:41:03,2026-03-08T14:41:03+01:00,STATION,"Tonnelles",0,8,8,0.0,43.615155,3.839466
2026-03-08,14:41:03,2026-03-08T14:41:03+01:00,STATION,"Parvis Jules Ferry - Gare Saint-Roch",6,2,8,0.75,43.603889,3.879362
2026-03-08,14:41:03,2026-03-08T14:41:03+01:00,STATION,"Pont de Lattes - Gare Saint-Roch",4,8,12,0.3333333333333333,43.606036,3.882393
2026-03-08,14:41:03,2026-03-08T14:41:03+01:00,STATION,"Deux Ponts - Gare Saint-Roch",0,8,8,0.0,43.604319,3.880916
2026-03-08,14:41:03,2026-03-08T14:41:03+01:00,STATION,"Providence - Ovalie",1,7,8,0.125,43.588239,3.853421
2026-03-08,14:41:03,2026-03-08T14:41:03+01:00,STATION,"Pérols Etang de l Or",33,35,68,0.4852941176470588,43.558351,3.963412
2026-03-08,14:41:03,2026-03-08T14:41:03+01:00,STATION,"Albert 1er - Cathédrale",2,10,12,0.16666666666666666,43.614005,3.873218
2026-03-08,14:41:03,2026-03-08T14:41:03+01:00,STATION,"Saint-Guilhem - Courreau",1,7,8,0.125,43.608996,3.872752
2026-03-08,14:41:03,2026-03-08T14:41:03+01:00,STATION,"Sud De France",5,3,8,0.625,43.59562,3.9235
2026-03-08,14:41:03,2026-03-08T14:41:03+01:00,STATION,"Comedie Baudin",0,8,8,0.0,43.608717,3.880787
2026-03-08,14:41:03,2026-03-08T14:41:03+01:00,STATION,"Jean de Beins",4,12,16,0.25,43.609857,3.883884
2026-03-08,15:26:11,2026-03-08T15:26:11+01:00,STATION,"Rue Jules Ferry - Gare Saint-Roch",1,11,12,0.08333333333333333,43.605366,3.881346
2026-03-08,15:26:11,2026-03-08T15:26:11+01:00,STATION,"Comédie",5,15,20,0.25,43.608148,3.878778
2026-03-08,15:26:11,2026-03-08T15:26:11+01:00,STATION,"Hôtel de Ville",6,9,16,0.4375,43.599088,3.894866
2026-03-08,15:26:11,2026-03-08T15:26:11+01:00,STATION,"Corum",9,3,12,0.75,43.613989,3.8816
2026-03-08,15:26:11,2026-03-08T15:26:11+01:00,STATION,"Place Albert 1er - St Charles",1,26,27,0.037037037037037035,43.616768,3.873375
2026-03-08,15:26:11,2026-03-08T15:26:11+01:00,STATION,"Foch",1,7,8,0.125,43.610989,3.873345
2026-03-08,15:26:11,2026-03-08T15:26:11+01:00,STATION,"Halles Castellane",0,12,12,0.0,43.609935,3.877208
2026-03-08,15:26:11,2026-03-08T15:26:11+01:00,STATION,"Observatoire",2,5,8,0.375,43.606301,3.87724
2026-03-08,15:26:11,2026-03-08T15:26:11+01:00,STATION,"Rondelet",10,6,16,0.625,43.603038,3.875796
2026-03-08,15:26:11,2026-03-08T15:26:11+01:00,STATION,"Plan Cabanes",3,9,12,0.25,43.608491,3.868389
2026-03-08,15:26:11,2026-03-08T15:26:11+01:00,STATION,"Boutonnet",10,2,12,0.8333333333333334,43.622629,3.868375
2026-03-08,15:26:11,2026-03-08T15:26:11+01:00,STATION,"Emile Combes",3,5,8,0.375,43.616742,3.87998
2026-03-08,15:26:11,2026-03-08T15:26:11+01:00,STATION,"Beaux-Arts",3,13,16,0.1875,43.616698,3.884981
2026-03-08,15:26:11,2026-03-08T15:26:11+01:00,STATION,"Les Aubes",4,4,8,0.5,43.618692,3.893844
2026-03-08,15:26:11,2026-03-08T15:26:11+01:00,STATION,"Antigone centre",4,8,12,0.3333333333333333,43.607942,3.890634
2026-03-08,15:26:11,2026-03-08T15:26:11+01:00,STATION,"Médiathèque Emile Zola",12,4,16,0.75,43.608218,3.89314
2026-03-08,15:26:11,2026-03-08T15:26:11+01:00,STATION,"Nombre d Or",9,7,16,0.5625,43.607859,3.886644
2026-03-08,15:26:11,2026-03-08T15:26:11+01:00,STATION,"Louis Blanc",7,9,16,0.4375,43.614642,3.877648
2026-03-08,15:26:11,2026-03-08T15:26:11+01:00,STATION,"Gambetta",0,8,8,0.0,43.607106,3.870693
2026-03-08,15:26:11,2026-03-08T15:26:11+01:00,STATION,"Port Marianne",6,10,16,0.375,43.60032,3.89851
2026-03-08,15:26:11,2026-03-08T15:26:11+01:00,STATION,"Les Arceaux",4,4,8,0.5,43.612659,3.867734
2026-03-08,15:26:11,2026-03-08T15:26:11+01:00,STATION,"Cité Mion",4,3,8,0.625,43.601143,3.884373
2026-03-08,15:26:11,2026-03-08T15:26:11+01:00,STATION,"Nouveau Saint-Roch",7,1,8,0.875,43.599817,3.875757
2026-03-08,15:26:11,2026-03-08T15:26:11+01:00,STATION,"Renouvier",1,6,8,0.25,43.603553,3.867884
2026-03-08,15:26:11,2026-03-08T15:26:11+01:00,STATION,"Odysseum",0,8,8,0.0,43.603727,3.918979
2026-03-08,15:26:11,2026-03-08T15:26:11+01:00,STATION,"Saint-Denis",0,8,8,0.0,43.605021,3.875065
2026-03-08,15:26:11,2026-03-08T15:26:11+01:00,STATION,"Richter",9,7,16,0.5625,43.603424,3.899263
2026-03-08,15:26:11,2026-03-08T15:26:11+01:00,STATION,"Charles Flahault",1,7,8,0.125,43.622038,3.86672
2026-03-08,15:26:11,2026-03-08T15:26:11+01:00,STATION,"Voltaire",4,4,8,0.5,43.603767,3.888659
2026-03-08,15:26:11,2026-03-08T15:26:11+01:00,STATION,"Prés d Arènes",5,3,8,0.625,43.59048,3.884611
2026-03-08,15:26:11,2026-03-08T15:26:11+01:00,STATION,"Garcia Lorca",5,3,8,0.625,43.590757,3.890616
2026-03-08,15:26:11,2026-03-08T15:26:11+01:00,STATION,"Vert Bois",9,7,16,0.5625,43.63543,3.871179
2026-03-08,15:26:11,2026-03-08T15:26:11+01:00,STATION,"Malbosc",6,2,8,0.75,43.633679,3.832861
2026-03-08,15:26:11,2026-03-08T15:26:11+01:00,STATION,"Occitanie",8,24,32,0.25,43.635689,3.849597
2026-03-08,15:26:11,2026-03-08T15:26:11+01:00,STATION,"Fac des Sciences",12,12,24,0.5,43.631318,3.861299
2026-03-08,15:26:11,2026-03-08T15:26:11+01:00,STATION,"Fac de Lettres",11,1,12,0.9166666666666666,43.630437,3.869539
2026-03-08,15:26:11,2026-03-08T15:26:11+01:00,STATION,"Aiguelongue",6,1,8,0.875,43.626163,3.882492
2026-03-08,15:26:11,2026-03-08T15:26:11+01:00,STATION,"Jeu de Mail des Abbés",5,3,8,0.625,43.619701,3.883831
2026-03-08,15:26:11,2026-03-08T15:26:11+01:00,STATION,"Euromédecine",2,6,8,0.25,43.639119,3.828199
2026-03-08,15:26:11,2026-03-08T15:26:11+01:00,STATION,"Marie Caizergues",4,4,8,0.5,43.619871,3.873812
2026-03-08,15:26:11,2026-03-08T15:26:11+01:00,STATION,"Sabines",5,3,8,0.625,43.584211,3.860031
2026-03-08,15:26:11,2026-03-08T15:26:11+01:00,STATION,"Celleneuve",1,7,8,0.125,43.61467,3.832624
2026-03-08,15:26:11,2026-03-08T15:26:11+01:00,STATION,"Jardin de la Lironde",8,0,8,1.0,43.60585,3.911576
2026-03-08,15:26:11,2026-03-08T15:26:11+01:00,STATION,"Père Soulas",6,2,8,0.75,43.621983,3.855603
2026-03-08,15:26:11,2026-03-08T15:26:11+01:00,STATION,"Place Viala",3,5,8,0.375,43.616812,3.855075
2026-03-08,15:26:11,2026-03-08T15:26:11+01:00,STATION,"Hôtel du Département",3,5,8,0.375,43.621682,3.83477
2026-03-08,15:26:11,2026-03-08T15:26:11+01:00,STATION,"Tonnelles",0,8,8,0.0,43.615155,3.839466
2026-03-08,15:26:11,2026-03-08T15:26:11+01:00,STATION,"Parvis Jules Ferry - Gare Saint-Roch",6,2,8,0.75,43.603889,3.879362
2026-03-08,15:26:11,2026-03-08T15:26:11+01:00,STATION,"Pont de Lattes - Gare Saint-Roch",4,8,12,0.3333333333333333,43.606036,3.882393
2026-03-08,15:26:11,2026-03-08T15:26:11+01:00,STATION,"Deux Ponts - Gare Saint-Roch",0,8,8,0.0,43.604319,3.880916
2026-03-08,15:26:11,2026-03-08T15:26:11+01:00,STATION,"Providence - Ovalie",1,7,8,0.125,43.588239,3.853421
2026-03-08,15:26:11,2026-03-08T15:26:11+01:00,STATION,"Pérols Etang de l Or",33,35,68,0.4852941176470588,43.558351,3.963412
2026-03-08,15:26:11,2026-03-08T15:26:11+01:00,STATION,"Albert 1er - Cathédrale",2,10,12,0.16666666666666666,43.614005,3.873218
2026-03-08,15:26:11,2026-03-08T15:26:11+01:00,STATION,"Saint-Guilhem - Courreau",1,7,8,0.125,43.608996,3.872752
2026-03-08,15:26:11,2026-03-08T15:26:11+01:00,STATION,"Sud De France",5,3,8,0.625,43.59562,3.9235
2026-03-08,15:26:11,2026-03-08T15:26:11+01:00,STATION,"Comedie Baudin",0,8,8,0.0,43.608717,3.880787
2026-03-08,15:26:11,2026-03-08T15:26:11+01:00,STATION,"Jean de Beins",4,12,16,0.25,43.609857,3.883884
2026-03-08,15:51:24,2026-03-08T15:51:24+01:00,STATION,"Rue Jules Ferry - Gare Saint-Roch",1,11,12,0.08333333333333333,43.605366,3.881346
2026-03-08,15:51:24,2026-03-08T15:51:24+01:00,STATION,"Comédie",5,15,20,0.25,43.608148,3.878778
2026-03-08,15:51:24,2026-03-08T15:51:24+01:00,STATION,"Hôtel de Ville",6,9,16,0.4375,43.599088,3.894866
2026-03-08,15:51:24,2026-03-08T15:51:24+01:00,STATION,"Corum",9,3,12,0.75,43.613989,3.8816
2026-03-08,15:51:24,2026-03-08T15:51:24+01:00,STATION,"Place Albert 1er - St Charles",1,26,27,0.037037037037037035,43.616768,3.873375
2026-03-08,15:51:24,2026-03-08T15:51:24+01:00,STATION,"Foch",1,7,8,0.125,43.610989,3.873345
2026-03-08,15:51:24,2026-03-08T15:51:24+01:00,STATION,"Halles Castellane",0,12,12,0.0,43.609935,3.877208
2026-03-08,15:51:24,2026-03-08T15:51:24+01:00,STATION,"Observatoire",2,5,8,0.375,43.606301,3.87724
2026-03-08,15:51:24,2026-03-08T15:51:24+01:00,STATION,"Rondelet",10,6,16,0.625,43.603038,3.875796
2026-03-08,15:51:24,2026-03-08T15:51:24+01:00,STATION,"Plan Cabanes",3,9,12,0.25,43.608491,3.868389
2026-03-08,15:51:24,2026-03-08T15:51:24+01:00,STATION,"Boutonnet",10,2,12,0.8333333333333334,43.622629,3.868375
2026-03-08,15:51:24,2026-03-08T15:51:24+01:00,STATION,"Emile Combes",3,5,8,0.375,43.616742,3.87998
2026-03-08,15:51:24,2026-03-08T15:51:24+01:00,STATION,"Beaux-Arts",3,13,16,0.1875,43.616698,3.884981
2026-03-08,15:51:24,2026-03-08T15:51:24+01:00,STATION,"Les Aubes",4,4,8,0.5,43.618692,3.893844
2026-03-08,15:51:24,2026-03-08T15:51:24+01:00,STATION,"Antigone centre",4,8,12,0.3333333333333333,43.607942,3.890634
2026-03-08,15:51:24,2026-03-08T15:51:24+01:00,STATION,"Médiathèque Emile Zola",12,4,16,0.75,43.608218,3.89314
2026-03-08,15:51:24,2026-03-08T15:51:24+01:00,STATION,"Nombre d Or",9,7,16,0.5625,43.607859,3.886644
2026-03-08,15:51:24,2026-03-08T15:51:24+01:00,STATION,"Louis Blanc",7,9,16,0.4375,43.614642,3.877648
2026-03-08,15:51:24,2026-03-08T15:51:24+01:00,STATION,"Gambetta",0,8,8,0.0,43.607106,3.870693
2026-03-08,15:51:24,2026-03-08T15:51:24+01:00,STATION,"Port Marianne",5,11,16,0.3125,43.60032,3.89851
2026-03-08,15:51:24,2026-03-08T15:51:24+01:00,STATION,"Les Arceaux",4,4,8,0.5,43.612659,3.867734
2026-03-08,15:51:24,2026-03-08T15:51:24+01:00,STATION,"Cité Mion",4,3,8,0.625,43.601143,3.884373
2026-03-08,15:51:24,2026-03-08T15:51:24+01:00,STATION,"Nouveau Saint-Roch",7,1,8,0.875,43.599817,3.875757
2026-03-08,15:51:24,2026-03-08T15:51:24+01:00,STATION,"Renouvier",1,6,8,0.25,43.603553,3.867884
2026-03-08,15:51:24,2026-03-08T15:51:24+01:00,STATION,"Odysseum",0,8,8,0.0,43.603727,3.918979
2026-03-08,15:51:24,2026-03-08T15:51:24+01:00,STATION,"Saint-Denis",0,8,8,0.0,43.605021,3.875065
2026-03-08,15:51:24,2026-03-08T15:51:24+01:00,STATION,"Richter",9,7,16,0.5625,43.603424,3.899263
2026-03-08,15:51:24,2026-03-08T15:51:24+01:00,STATION,"Charles Flahault",1,7,8,0.125,43.622038,3.86672
2026-03-08,15:51:24,2026-03-08T15:51:24+01:00,STATION,"Voltaire",4,4,8,0.5,43.603767,3.888659
2026-03-08,15:51:24,2026-03-08T15:51:24+01:00,STATION,"Prés d Arènes",5,3,8,0.625,43.59048,3.884611
2026-03-08,15:51:24,2026-03-08T15:51:24+01:00,STATION,"Garcia Lorca",5,3,8,0.625,43.590757,3.890616
2026-03-08,15:51:24,2026-03-08T15:51:24+01:00,STATION,"Vert Bois",9,7,16,0.5625,43.63543,3.871179
2026-03-08,15:51:24,2026-03-08T15:51:24+01:00,STATION,"Malbosc",6,2,8,0.75,43.633679,3.832861
2026-03-08,15:51:24,2026-03-08T15:51:24+01:00,STATION,"Occitanie",8,24,32,0.25,43.635689,3.849597
2026-03-08,15:51:24,2026-03-08T15:51:24+01:00,STATION,"Fac des Sciences",12,12,24,0.5,43.631318,3.861299
2026-03-08,15:51:24,2026-03-08T15:51:24+01:00,STATION,"Fac de Lettres",11,1,12,0.9166666666666666,43.630437,3.869539
2026-03-08,15:51:24,2026-03-08T15:51:24+01:00,STATION,"Aiguelongue",6,1,8,0.875,43.626163,3.882492
2026-03-08,15:51:24,2026-03-08T15:51:24+01:00,STATION,"Jeu de Mail des Abbés",5,3,8,0.625,43.619701,3.883831
2026-03-08,15:51:24,2026-03-08T15:51:24+01:00,STATION,"Euromédecine",2,6,8,0.25,43.639119,3.828199
2026-03-08,15:51:24,2026-03-08T15:51:24+01:00,STATION,"Marie Caizergues",4,4,8,0.5,43.619871,3.873812
2026-03-08,15:51:24,2026-03-08T15:51:24+01:00,STATION,"Sabines",5,3,8,0.625,43.584211,3.860031
2026-03-08,15:51:24,2026-03-08T15:51:24+01:00,STATION,"Celleneuve",1,7,8,0.125,43.61467,3.832624
2026-03-08,15:51:24,2026-03-08T15:51:24+01:00,STATION,"Jardin de la Lironde",8,0,8,1.0,43.60585,3.911576
2026-03-08,15:51:24,2026-03-08T15:51:24+01:00,STATION,"Père Soulas",6,2,8,0.75,43.621983,3.855603
2026-03-08,15:51:24,2026-03-08T15:51:24+01:00,STATION,"Place Viala",3,5,8,0.375,43.616812,3.855075
2026-03-08,15:51:24,2026-03-08T15:51:24+01:00,STATION,"Hôtel du Département",3,5,8,0.375,43.621682,3.83477
2026-03-08,15:51:24,2026-03-08T15:51:24+01:00,STATION,"Tonnelles",0,8,8,0.0,43.615155,3.839466
2026-03-08,15:51:24,2026-03-08T15:51:24+01:00,STATION,"Parvis Jules Ferry - Gare Saint-Roch",6,2,8,0.75,43.603889,3.879362
2026-03-08,15:51:24,2026-03-08T15:51:24+01:00,STATION,"Pont de Lattes - Gare Saint-Roch",4,8,12,0.3333333333333333,43.606036,3.882393
2026-03-08,15:51:24,2026-03-08T15:51:24+01:00,STATION,"Deux Ponts - Gare Saint-Roch",0,8,8,0.0,43.604319,3.880916
2026-03-08,15:51:24,2026-03-08T15:51:24+01:00,STATION,"Providence - Ovalie",1,7,8,0.125,43.588239,3.853421
2026-03-08,15:51:24,2026-03-08T15:51:24+01:00,STATION,"Pérols Etang de l Or",33,35,68,0.4852941176470588,43.558351,3.963412
2026-03-08,15:51:24,2026-03-08T15:51:24+01:00,STATION,"Albert 1er - Cathédrale",2,10,12,0.16666666666666666,43.614005,3.873218
2026-03-08,15:51:24,2026-03-08T15:51:24+01:00,STATION,"Saint-Guilhem - Courreau",1,7,8,0.125,43.608996,3.872752
2026-03-08,15:51:24,2026-03-08T15:51:24+01:00,STATION,"Sud De France",5,3,8,0.625,43.59562,3.9235
2026-03-08,15:51:24,2026-03-08T15:51:24+01:00,STATION,"Comedie Baudin",0,8,8,0.0,43.608717,3.880787
2026-03-08,15:51:24,2026-03-08T15:51:24+01:00,STATION,"Jean de Beins",4,12,16,0.25,43.609857,3.883884
2026-03-08,16:24:51,2026-03-08T16:24:51+01:00,STATION,"Rue Jules Ferry - Gare Saint-Roch",1,11,12,0.08333333333333333,43.605366,3.881346
2026-03-08,16:24:51,2026-03-08T16:24:51+01:00,STATION,"Comédie",5,15,20,0.25,43.608148,3.878778
2026-03-08,16:24:51,2026-03-08T16:24:51+01:00,STATION,"Hôtel de Ville",6,9,16,0.4375,43.599088,3.894866
2026-03-08,16:24:51,2026-03-08T16:24:51+01:00,STATION,"Corum",9,3,12,0.75,43.613989,3.8816
2026-03-08,16:24:51,2026-03-08T16:24:51+01:00,STATION,"Place Albert 1er - St Charles",1,26,27,0.037037037037037035,43.616768,3.873375
2026-03-08,16:24:51,2026-03-08T16:24:51+01:00,STATION,"Foch",1,7,8,0.125,43.610989,3.873345
2026-03-08,16:24:51,2026-03-08T16:24:51+01:00,STATION,"Halles Castellane",0,12,12,0.0,43.609935,3.877208
2026-03-08,16:24:51,2026-03-08T16:24:51+01:00,STATION,"Observatoire",2,5,8,0.375,43.606301,3.87724
2026-03-08,16:24:51,2026-03-08T16:24:51+01:00,STATION,"Rondelet",10,6,16,0.625,43.603038,3.875796
2026-03-08,16:24:51,2026-03-08T16:24:51+01:00,STATION,"Plan Cabanes",3,9,12,0.25,43.608491,3.868389
2026-03-08,16:24:51,2026-03-08T16:24:51+01:00,STATION,"Boutonnet",10,2,12,0.8333333333333334,43.622629,3.868375
2026-03-08,16:24:51,2026-03-08T16:24:51+01:00,STATION,"Emile Combes",3,5,8,0.375,43.616742,3.87998
2026-03-08,16:24:51,2026-03-08T16:24:51+01:00,STATION,"Beaux-Arts",3,13,16,0.1875,43.616698,3.884981
2026-03-08,16:24:51,2026-03-08T16:24:51+01:00,STATION,"Les Aubes",4,4,8,0.5,43.618692,3.893844
2026-03-08,16:24:51,2026-03-08T16:24:51+01:00,STATION,"Antigone centre",4,8,12,0.3333333333333333,43.607942,3.890634
2026-03-08,16:24:51,2026-03-08T16:24:51+01:00,STATION,"Médiathèque Emile Zola",12,4,16,0.75,43.608218,3.89314
2026-03-08,16:24:51,2026-03-08T16:24:51+01:00,STATION,"Nombre d Or",9,7,16,0.5625,43.607859,3.886644
2026-03-08,16:24:51,2026-03-08T16:24:51+01:00,STATION,"Louis Blanc",7,9,16,0.4375,43.614642,3.877648
2026-03-08,16:24:51,2026-03-08T16:24:51+01:00,STATION,"Gambetta",0,8,8,0.0,43.607106,3.870693
2026-03-08,16:24:51,2026-03-08T16:24:51+01:00,STATION,"Port Marianne",4,12,16,0.25,43.60032,3.89851
2026-03-08,16:24:51,2026-03-08T16:24:51+01:00,STATION,"Les Arceaux",4,4,8,0.5,43.612659,3.867734
2026-03-08,16:24:51,2026-03-08T16:24:51+01:00,STATION,"Cité Mion",4,3,8,0.625,43.601143,3.884373
2026-03-08,16:24:51,2026-03-08T16:24:51+01:00,STATION,"Nouveau Saint-Roch",7,1,8,0.875,43.599817,3.875757
2026-03-08,16:24:51,2026-03-08T16:24:51+01:00,STATION,"Renouvier",1,6,8,0.25,43.603553,3.867884
2026-03-08,16:24:51,2026-03-08T16:24:51+01:00,STATION,"Odysseum",0,8,8,0.0,43.603727,3.918979
2026-03-08,16:24:51,2026-03-08T16:24:51+01:00,STATION,"Saint-Denis",0,8,8,0.0,43.605021,3.875065
2026-03-08,16:24:51,2026-03-08T16:24:51+01:00,STATION,"Richter",9,7,16,0.5625,43.603424,3.899263
2026-03-08,16:24:51,2026-03-08T16:24:51+01:00,STATION,"Charles Flahault",1,7,8,0.125,43.622038,3.86672
2026-03-08,16:24:51,2026-03-08T16:24:51+01:00,STATION,"Voltaire",4,4,8,0.5,43.603767,3.888659
2026-03-08,16:24:51,2026-03-08T16:24:51+01:00,STATION,"Prés d Arènes",5,3,8,0.625,43.59048,3.884611
2026-03-08,16:24:51,2026-03-08T16:24:51+01:00,STATION,"Garcia Lorca",5,3,8,0.625,43.590757,3.890616
2026-03-08,16:24:51,2026-03-08T16:24:51+01:00,STATION,"Vert Bois",9,7,16,0.5625,43.63543,3.871179
2026-03-08,16:24:51,2026-03-08T16:24:51+01:00,STATION,"Malbosc",6,2,8,0.75,43.633679,3.832861
2026-03-08,16:24:51,2026-03-08T16:24:51+01:00,STATION,"Occitanie",8,24,32,0.25,43.635689,3.849597
2026-03-08,16:24:51,2026-03-08T16:24:51+01:00,STATION,"Fac des Sciences",12,12,24,0.5,43.631318,3.861299
2026-03-08,16:24:51,2026-03-08T16:24:51+01:00,STATION,"Fac de Lettres",11,1,12,0.9166666666666666,43.630437,3.869539
2026-03-08,16:24:51,2026-03-08T16:24:51+01:00,STATION,"Aiguelongue",6,1,8,0.875,43.626163,3.882492
2026-03-08,16:24:51,2026-03-08T16:24:51+01:00,STATION,"Jeu de Mail des Abbés",5,3,8,0.625,43.619701,3.883831
2026-03-08,16:24:51,2026-03-08T16:24:51+01:00,STATION,"Euromédecine",2,6,8,0.25,43.639119,3.828199
2026-03-08,16:24:51,2026-03-08T16:24:51+01:00,STATION,"Marie Caizergues",4,4,8,0.5,43.619871,3.873812
2026-03-08,16:24:51,2026-03-08T16:24:51+01:00,STATION,"Sabines",5,3,8,0.625,43.584211,3.860031
2026-03-08,16:24:51,2026-03-08T16:24:51+01:00,STATION,"Celleneuve",1,7,8,0.125,43.61467,3.832624
2026-03-08,16:24:51,2026-03-08T16:24:51+01:00,STATION,"Jardin de la Lironde",8,0,8,1.0,43.60585,3.911576
2026-03-08,16:24:51,2026-03-08T16:24:51+01:00,STATION,"Père Soulas",6,2,8,0.75,43.621983,3.855603
2026-03-08,16:24:51,2026-03-08T16:24:51+01:00,STATION,"Place Viala",3,5,8,0.375,43.616812,3.855075
2026-03-08,16:24:51,2026-03-08T16:24:51+01:00,STATION,"Hôtel du Département",3,5,8,0.375,43.621682,3.83477
2026-03-08,16:24:51,2026-03-08T16:24:51+01:00,STATION,"Tonnelles",0,8,8,0.0,43.615155,3.839466
2026-03-08,16:24:51,2026-03-08T16:24:51+01:00,STATION,"Parvis Jules Ferry - Gare Saint-Roch",6,2,8,0.75,43.603889,3.879362
2026-03-08,16:24:51,2026-03-08T16:24:51+01:00,STATION,"Pont de Lattes - Gare Saint-Roch",4,8,12,0.3333333333333333,43.606036,3.882393
2026-03-08,16:24:51,2026-03-08T16:24:51+01:00,STATION,"Deux Ponts - Gare Saint-Roch",0,8,8,0.0,43.604319,3.880916
2026-03-08,16:24:51,2026-03-08T16:24:51+01:00,STATION,"Providence - Ovalie",1,7,8,0.125,43.588239,3.853421
2026-03-08,16:24:51,2026-03-08T16:24:51+01:00,STATION,"Pérols Etang de l Or",33,35,68,0.4852941176470588,43.558351,3.963412
2026-03-08,16:24:51,2026-03-08T16:24:51+01:00,STATION,"Albert 1er - Cathédrale",2,10,12,0.16666666666666666,43.614005,3.873218
2026-03-08,16:24:51,2026-03-08T16:24:51+01:00,STATION,"Saint-Guilhem - Courreau",1,7,8,0.125,43.608996,3.872752
2026-03-08,16:24:51,2026-03-08T16:24:51+01:00,STATION,"Sud De France",6,2,8,0.75,43.59562,3.9235
2026-03-08,16:24:51,2026-03-08T16:24:51+01:00,STATION,"Comedie Baudin",0,8,8,0.0,43.608717,3.880787
2026-03-08,16:24:51,2026-03-08T16:24:51+01:00,STATION,"Jean de Beins",4,12,16,0.25,43.609857,3.883884
2026-03-08,16:47:40,2026-03-08T16:47:40+01:00,STATION,"Rue Jules Ferry - Gare Saint-Roch",1,11,12,0.08333333333333333,43.605366,3.881346
2026-03-08,16:47:40,2026-03-08T16:47:40+01:00,STATION,"Comédie",5,15,20,0.25,43.608148,3.878778
2026-03-08,16:47:40,2026-03-08T16:47:40+01:00,STATION,"Hôtel de Ville",6,9,16,0.4375,43.599088,3.894866
2026-03-08,16:47:40,2026-03-08T16:47:40+01:00,STATION,"Corum",9,3,12,0.75,43.613989,3.8816
2026-03-08,16:47:40,2026-03-08T16:47:40+01:00,STATION,"Place Albert 1er - St Charles",1,26,27,0.037037037037037035,43.616768,3.873375
2026-03-08,16:47:40,2026-03-08T16:47:40+01:00,STATION,"Foch",1,7,8,0.125,43.610989,3.873345
2026-03-08,16:47:40,2026-03-08T16:47:40+01:00,STATION,"Halles Castellane",0,12,12,0.0,43.609935,3.877208
2026-03-08,16:47:40,2026-03-08T16:47:40+01:00,STATION,"Observatoire",2,5,8,0.375,43.606301,3.87724
2026-03-08,16:47:40,2026-03-08T16:47:40+01:00,STATION,"Rondelet",10,6,16,0.625,43.603038,3.875796
2026-03-08,16:47:40,2026-03-08T16:47:40+01:00,STATION,"Plan Cabanes",3,9,12,0.25,43.608491,3.868389
2026-03-08,16:47:40,2026-03-08T16:47:40+01:00,STATION,"Boutonnet",10,2,12,0.8333333333333334,43.622629,3.868375
2026-03-08,16:47:40,2026-03-08T16:47:40+01:00,STATION,"Emile Combes",3,5,8,0.375,43.616742,3.87998
2026-03-08,16:47:40,2026-03-08T16:47:40+01:00,STATION,"Beaux-Arts",3,13,16,0.1875,43.616698,3.884981
2026-03-08,16:47:40,2026-03-08T16:47:40+01:00,STATION,"Les Aubes",4,4,8,0.5,43.618692,3.893844
2026-03-08,16:47:40,2026-03-08T16:47:40+01:00,STATION,"Antigone centre",4,8,12,0.3333333333333333,43.607942,3.890634
2026-03-08,16:47:40,2026-03-08T16:47:40+01:00,STATION,"Médiathèque Emile Zola",12,4,16,0.75,43.608218,3.89314
2026-03-08,16:47:40,2026-03-08T16:47:40+01:00,STATION,"Nombre d Or",9,7,16,0.5625,43.607859,3.886644
2026-03-08,16:47:40,2026-03-08T16:47:40+01:00,STATION,"Louis Blanc",7,9,16,0.4375,43.614642,3.877648
2026-03-08,16:47:40,2026-03-08T16:47:40+01:00,STATION,"Gambetta",0,8,8,0.0,43.607106,3.870693
2026-03-08,16:47:40,2026-03-08T16:47:40+01:00,STATION,"Port Marianne",1,15,16,0.0625,43.60032,3.89851
2026-03-08,16:47:40,2026-03-08T16:47:40+01:00,STATION,"Les Arceaux",4,4,8,0.5,43.612659,3.867734
2026-03-08,16:47:40,2026-03-08T16:47:40+01:00,STATION,"Cité Mion",4,3,8,0.625,43.601143,3.884373
2026-03-08,16:47:40,2026-03-08T16:47:40+01:00,STATION,"Nouveau Saint-Roch",7,1,8,0.875,43.599817,3.875757
2026-03-08,16:47:40,2026-03-08T16:47:40+01:00,STATION,"Renouvier",1,6,8,0.25,43.603553,3.867884
2026-03-08,16:47:40,2026-03-08T16:47:40+01:00,STATION,"Odysseum",0,8,8,0.0,43.603727,3.918979
2026-03-08,16:47:40,2026-03-08T16:47:40+01:00,STATION,"Saint-Denis",0,8,8,0.0,43.605021,3.875065
2026-03-08,16:47:40,2026-03-08T16:47:40+01:00,STATION,"Richter",9,7,16,0.5625,43.603424,3.899263
2026-03-08,16:47:40,2026-03-08T16:47:40+01:00,STATION,"Charles Flahault",1,7,8,0.125,43.622038,3.86672
2026-03-08,16:47:40,2026-03-08T16:47:40+01:00,STATION,"Voltaire",4,4,8,0.5,43.603767,3.888659
2026-03-08,16:47:40,2026-03-08T16:47:40+01:00,STATION,"Prés d Arènes",5,3,8,0.625,43.59048,3.884611
2026-03-08,16:47:40,2026-03-08T16:47:40+01:00,STATION,"Garcia Lorca",5,3,8,0.625,43.590757,3.890616
2026-03-08,16:47:40,2026-03-08T16:47:40+01:00,STATION,"Vert Bois",9,7,16,0.5625,43.63543,3.871179
2026-03-08,16:47:40,2026-03-08T16:47:40+01:00,STATION,"Malbosc",6,2,8,0.75,43.633679,3.832861
2026-03-08,16:47:40,2026-03-08T16:47:40+01:00,STATION,"Occitanie",8,24,32,0.25,43.635689,3.849597
2026-03-08,16:47:40,2026-03-08T16:47:40+01:00,STATION,"Fac des Sciences",12,12,24,0.5,43.631318,3.861299
2026-03-08,16:47:40,2026-03-08T16:47:40+01:00,STATION,"Fac de Lettres",11,1,12,0.9166666666666666,43.630437,3.869539
2026-03-08,16:47:40,2026-03-08T16:47:40+01:00,STATION,"Aiguelongue",6,1,8,0.875,43.626163,3.882492
2026-03-08,16:47:40,2026-03-08T16:47:40+01:00,STATION,"Jeu de Mail des Abbés",5,3,8,0.625,43.619701,3.883831
2026-03-08,16:47:40,2026-03-08T16:47:40+01:00,STATION,"Euromédecine",2,6,8,0.25,43.639119,3.828199
2026-03-08,16:47:40,2026-03-08T16:47:40+01:00,STATION,"Marie Caizergues",4,4,8,0.5,43.619871,3.873812
2026-03-08,16:47:40,2026-03-08T16:47:40+01:00,STATION,"Sabines",5,3,8,0.625,43.584211,3.860031
2026-03-08,16:47:40,2026-03-08T16:47:40+01:00,STATION,"Celleneuve",1,7,8,0.125,43.61467,3.832624
2026-03-08,16:47:40,2026-03-08T16:47:40+01:00,STATION,"Jardin de la Lironde",8,0,8,1.0,43.60585,3.911576
2026-03-08,16:47:40,2026-03-08T16:47:40+01:00,STATION,"Père Soulas",6,2,8,0.75,43.621983,3.855603
2026-03-08,16:47:40,2026-03-08T16:47:40+01:00,STATION,"Place Viala",3,5,8,0.375,43.616812,3.855075
2026-03-08,16:47:40,2026-03-08T16:47:40+01:00,STATION,"Hôtel du Département",3,5,8,0.375,43.621682,3.83477
2026-03-08,16:47:40,2026-03-08T16:47:40+01:00,STATION,"Tonnelles",0,8,8,0.0,43.615155,3.839466
2026-03-08,16:47:40,2026-03-08T16:47:40+01:00,STATION,"Parvis Jules Ferry - Gare Saint-Roch",6,2,8,0.75,43.603889,3.879362
2026-03-08,16:47:40,2026-03-08T16:47:40+01:00,STATION,"Pont de Lattes - Gare Saint-Roch",4,8,12,0.3333333333333333,43.606036,3.882393
2026-03-08,16:47:40,2026-03-08T16:47:40+01:00,STATION,"Deux Ponts - Gare Saint-Roch",0,8,8,0.0,43.604319,3.880916
2026-03-08,16:47:40,2026-03-08T16:47:40+01:00,STATION,"Providence - Ovalie",1,7,8,0.125,43.588239,3.853421
2026-03-08,16:47:40,2026-03-08T16:47:40+01:00,STATION,"Pérols Etang de l Or",33,35,68,0.4852941176470588,43.558351,3.963412
2026-03-08,16:47:40,2026-03-08T16:47:40+01:00,STATION,"Albert 1er - Cathédrale",2,10,12,0.16666666666666666,43.614005,3.873218
2026-03-08,16:47:40,2026-03-08T16:47:40+01:00,STATION,"Saint-Guilhem - Courreau",1,7,8,0.125,43.608996,3.872752
2026-03-08,16:47:40,2026-03-08T16:47:40+01:00,STATION,"Sud De France",6,2,8,0.75,43.59562,3.9235
2026-03-08,16:47:40,2026-03-08T16:47:40+01:00,STATION,"Comedie Baudin",0,8,8,0.0,43.608717,3.880787
2026-03-08,16:47:40,2026-03-08T16:47:40+01:00,STATION,"Jean de Beins",4,12,16,0.25,43.609857,3.883884
2026-03-08,17:29:43,2026-03-08T17:29:43+01:00,STATION,"Rue Jules Ferry - Gare Saint-Roch",1,11,12,0.08333333333333333,43.605366,3.881346
2026-03-08,17:29:43,2026-03-08T17:29:43+01:00,STATION,"Comédie",5,15,20,0.25,43.608148,3.878778
2026-03-08,17:29:43,2026-03-08T17:29:43+01:00,STATION,"Hôtel de Ville",6,9,16,0.4375,43.599088,3.894866
2026-03-08,17:29:43,2026-03-08T17:29:43+01:00,STATION,"Corum",10,2,12,0.8333333333333334,43.613989,3.8816
2026-03-08,17:29:43,2026-03-08T17:29:43+01:00,STATION,"Place Albert 1er - St Charles",1,26,27,0.037037037037037035,43.616768,3.873375
2026-03-08,17:29:43,2026-03-08T17:29:43+01:00,STATION,"Foch",1,7,8,0.125,43.610989,3.873345
2026-03-08,17:29:43,2026-03-08T17:29:43+01:00,STATION,"Halles Castellane",0,12,12,0.0,43.609935,3.877208
2026-03-08,17:29:43,2026-03-08T17:29:43+01:00,STATION,"Observatoire",2,5,8,0.375,43.606301,3.87724
2026-03-08,17:29:43,2026-03-08T17:29:43+01:00,STATION,"Rondelet",10,6,16,0.625,43.603038,3.875796
2026-03-08,17:29:43,2026-03-08T17:29:43+01:00,STATION,"Plan Cabanes",3,9,12,0.25,43.608491,3.868389
2026-03-08,17:29:43,2026-03-08T17:29:43+01:00,STATION,"Boutonnet",9,3,12,0.75,43.622629,3.868375
2026-03-08,17:29:43,2026-03-08T17:29:43+01:00,STATION,"Emile Combes",3,5,8,0.375,43.616742,3.87998
2026-03-08,17:29:43,2026-03-08T17:29:43+01:00,STATION,"Beaux-Arts",3,13,16,0.1875,43.616698,3.884981
2026-03-08,17:29:43,2026-03-08T17:29:43+01:00,STATION,"Les Aubes",4,4,8,0.5,43.618692,3.893844
2026-03-08,17:29:43,2026-03-08T17:29:43+01:00,STATION,"Antigone centre",4,8,12,0.3333333333333333,43.607942,3.890634
2026-03-08,17:29:43,2026-03-08T17:29:43+01:00,STATION,"Médiathèque Emile Zola",12,4,16,0.75,43.608218,3.89314
2026-03-08,17:29:43,2026-03-08T17:29:43+01:00,STATION,"Nombre d Or",9,7,16,0.5625,43.607859,3.886644
2026-03-08,17:29:43,2026-03-08T17:29:43+01:00,STATION,"Louis Blanc",7,9,16,0.4375,43.614642,3.877648
2026-03-08,17:29:43,2026-03-08T17:29:43+01:00,STATION,"Gambetta",0,8,8,0.0,43.607106,3.870693
2026-03-08,17:29:43,2026-03-08T17:29:43+01:00,STATION,"Port Marianne",1,15,16,0.0625,43.60032,3.89851
2026-03-08,17:29:43,2026-03-08T17:29:43+01:00,STATION,"Les Arceaux",4,4,8,0.5,43.612659,3.867734
2026-03-08,17:29:43,2026-03-08T17:29:43+01:00,STATION,"Cité Mion",4,3,8,0.625,43.601143,3.884373
2026-03-08,17:29:43,2026-03-08T17:29:43+01:00,STATION,"Nouveau Saint-Roch",7,1,8,0.875,43.599817,3.875757
2026-03-08,17:29:43,2026-03-08T17:29:43+01:00,STATION,"Renouvier",1,6,8,0.25,43.603553,3.867884
2026-03-08,17:29:43,2026-03-08T17:29:43+01:00,STATION,"Odysseum",0,8,8,0.0,43.603727,3.918979
2026-03-08,17:29:43,2026-03-08T17:29:43+01:00,STATION,"Saint-Denis",0,8,8,0.0,43.605021,3.875065
2026-03-08,17:29:43,2026-03-08T17:29:43+01:00,STATION,"Richter",9,7,16,0.5625,43.603424,3.899263
2026-03-08,17:29:43,2026-03-08T17:29:43+01:00,STATION,"Charles Flahault",1,7,8,0.125,43.622038,3.86672
2026-03-08,17:29:43,2026-03-08T17:29:43+01:00,STATION,"Voltaire",4,4,8,0.5,43.603767,3.888659
2026-03-08,17:29:43,2026-03-08T17:29:43+01:00,STATION,"Prés d Arènes",5,3,8,0.625,43.59048,3.884611
2026-03-08,17:29:43,2026-03-08T17:29:43+01:00,STATION,"Garcia Lorca",5,3,8,0.625,43.590757,3.890616
2026-03-08,17:29:43,2026-03-08T17:29:43+01:00,STATION,"Vert Bois",9,7,16,0.5625,43.63543,3.871179
2026-03-08,17:29:43,2026-03-08T17:29:43+01:00,STATION,"Malbosc",6,2,8,0.75,43.633679,3.832861
2026-03-08,17:29:43,2026-03-08T17:29:43+01:00,STATION,"Occitanie",8,24,32,0.25,43.635689,3.849597
2026-03-08,17:29:43,2026-03-08T17:29:43+01:00,STATION,"Fac des Sciences",12,12,24,0.5,43.631318,3.861299
2026-03-08,17:29:43,2026-03-08T17:29:43+01:00,STATION,"Fac de Lettres",11,1,12,0.9166666666666666,43.630437,3.869539
2026-03-08,17:29:43,2026-03-08T17:29:43+01:00,STATION,"Aiguelongue",6,1,8,0.875,43.626163,3.882492
2026-03-08,17:29:43,2026-03-08T17:29:43+01:00,STATION,"Jeu de Mail des Abbés",5,3,8,0.625,43.619701,3.883831
2026-03-08,17:29:43,2026-03-08T17:29:43+01:00,STATION,"Euromédecine",2,6,8,0.25,43.639119,3.828199
2026-03-08,17:29:43,2026-03-08T17:29:43+01:00,STATION,"Marie Caizergues",4,4,8,0.5,43.619871,3.873812
2026-03-08,17:29:43,2026-03-08T17:29:43+01:00,STATION,"Sabines",5,3,8,0.625,43.584211,3.860031
2026-03-08,17:29:43,2026-03-08T17:29:43+01:00,STATION,"Celleneuve",1,7,8,0.125,43.61467,3.832624
2026-03-08,17:29:43,2026-03-08T17:29:43+01:00,STATION,"Jardin de la Lironde",8,0,8,1.0,43.60585,3.911576
2026-03-08,17:29:43,2026-03-08T17:29:43+01:00,STATION,"Père Soulas",6,2,8,0.75,43.621983,3.855603
2026-03-08,17:29:43,2026-03-08T17:29:43+01:00,STATION,"Place Viala",3,5,8,0.375,43.616812,3.855075
2026-03-08,17:29:43,2026-03-08T17:29:43+01:00,STATION,"Hôtel du Département",3,5,8,0.375,43.621682,3.83477
2026-03-08,17:29:43,2026-03-08T17:29:43+01:00,STATION,"Tonnelles",0,8,8,0.0,43.615155,3.839466
2026-03-08,17:29:43,2026-03-08T17:29:43+01:00,STATION,"Parvis Jules Ferry - Gare Saint-Roch",6,2,8,0.75,43.603889,3.879362
2026-03-08,17:29:43,2026-03-08T17:29:43+01:00,STATION,"Pont de Lattes - Gare Saint-Roch",3,9,12,0.25,43.606036,3.882393
2026-03-08,17:29:43,2026-03-08T17:29:43+01:00,STATION,"Deux Ponts - Gare Saint-Roch",0,8,8,0.0,43.604319,3.880916
2026-03-08,17:29:43,2026-03-08T17:29:43+01:00,STATION,"Providence - Ovalie",1,7,8,0.125,43.588239,3.853421
2026-03-08,17:29:43,2026-03-08T17:29:43+01:00,STATION,"Pérols Etang de l Or",33,35,68,0.4852941176470588,43.558351,3.963412
2026-03-08,17:29:43,2026-03-08T17:29:43+01:00,STATION,"Albert 1er - Cathédrale",2,10,12,0.16666666666666666,43.614005,3.873218
2026-03-08,17:29:43,2026-03-08T17:29:43+01:00,STATION,"Saint-Guilhem - Courreau",1,7,8,0.125,43.608996,3.872752
2026-03-08,17:29:43,2026-03-08T17:29:43+01:00,STATION,"Sud De France",6,2,8,0.75,43.59562,3.9235
2026-03-08,17:29:43,2026-03-08T17:29:43+01:00,STATION,"Comedie Baudin",0,8,8,0.0,43.608717,3.880787
2026-03-08,17:29:43,2026-03-08T17:29:43+01:00,STATION,"Jean de Beins",4,12,16,0.25,43.609857,3.883884
2026-03-08,17:55:18,2026-03-08T17:55:18+01:00,STATION,"Rue Jules Ferry - Gare Saint-Roch",1,11,12,0.08333333333333333,43.605366,3.881346
2026-03-08,17:55:18,2026-03-08T17:55:18+01:00,STATION,"Comédie",5,15,20,0.25,43.608148,3.878778
2026-03-08,17:55:18,2026-03-08T17:55:18+01:00,STATION,"Hôtel de Ville",5,10,16,0.375,43.599088,3.894866
2026-03-08,17:55:18,2026-03-08T17:55:18+01:00,STATION,"Corum",11,1,12,0.9166666666666666,43.613989,3.8816
2026-03-08,17:55:18,2026-03-08T17:55:18+01:00,STATION,"Place Albert 1er - St Charles",1,26,27,0.037037037037037035,43.616768,3.873375
2026-03-08,17:55:18,2026-03-08T17:55:18+01:00,STATION,"Foch",1,7,8,0.125,43.610989,3.873345
2026-03-08,17:55:18,2026-03-08T17:55:18+01:00,STATION,"Halles Castellane",0,12,12,0.0,43.609935,3.877208
2026-03-08,17:55:18,2026-03-08T17:55:18+01:00,STATION,"Observatoire",2,5,8,0.375,43.606301,3.87724
2026-03-08,17:55:18,2026-03-08T17:55:18+01:00,STATION,"Rondelet",10,6,16,0.625,43.603038,3.875796
2026-03-08,17:55:18,2026-03-08T17:55:18+01:00,STATION,"Plan Cabanes",3,9,12,0.25,43.608491,3.868389
2026-03-08,17:55:18,2026-03-08T17:55:18+01:00,STATION,"Boutonnet",8,4,12,0.6666666666666666,43.622629,3.868375
2026-03-08,17:55:18,2026-03-08T17:55:18+01:00,STATION,"Emile Combes",3,5,8,0.375,43.616742,3.87998
2026-03-08,17:55:18,2026-03-08T17:55:18+01:00,STATION,"Beaux-Arts",3,13,16,0.1875,43.616698,3.884981
2026-03-08,17:55:18,2026-03-08T17:55:18+01:00,STATION,"Les Aubes",4,4,8,0.5,43.618692,3.893844
2026-03-08,17:55:18,2026-03-08T17:55:18+01:00,STATION,"Antigone centre",4,8,12,0.3333333333333333,43.607942,3.890634
2026-03-08,17:55:18,2026-03-08T17:55:18+01:00,STATION,"Médiathèque Emile Zola",12,4,16,0.75,43.608218,3.89314
2026-03-08,17:55:18,2026-03-08T17:55:18+01:00,STATION,"Nombre d Or",9,7,16,0.5625,43.607859,3.886644
2026-03-08,17:55:18,2026-03-08T17:55:18+01:00,STATION,"Louis Blanc",6,10,16,0.375,43.614642,3.877648
2026-03-08,17:55:18,2026-03-08T17:55:18+01:00,STATION,"Gambetta",0,8,8,0.0,43.607106,3.870693
2026-03-08,17:55:18,2026-03-08T17:55:18+01:00,STATION,"Port Marianne",1,15,16,0.0625,43.60032,3.89851
2026-03-08,17:55:18,2026-03-08T17:55:18+01:00,STATION,"Les Arceaux",3,5,8,0.375,43.612659,3.867734
2026-03-08,17:55:18,2026-03-08T17:55:18+01:00,STATION,"Cité Mion",4,3,8,0.625,43.601143,3.884373
2026-03-08,17:55:18,2026-03-08T17:55:18+01:00,STATION,"Nouveau Saint-Roch",7,1,8,0.875,43.599817,3.875757
2026-03-08,17:55:18,2026-03-08T17:55:18+01:00,STATION,"Renouvier",1,6,8,0.25,43.603553,3.867884
2026-03-08,17:55:18,2026-03-08T17:55:18+01:00,STATION,"Odysseum",0,8,8,0.0,43.603727,3.918979
2026-03-08,17:55:18,2026-03-08T17:55:18+01:00,STATION,"Saint-Denis",0,8,8,0.0,43.605021,3.875065
2026-03-08,17:55:18,2026-03-08T17:55:18+01:00,STATION,"Richter",8,8,16,0.5,43.603424,3.899263
2026-03-08,17:55:18,2026-03-08T17:55:18+01:00,STATION,"Charles Flahault",1,7,8,0.125,43.622038,3.86672
2026-03-08,17:55:18,2026-03-08T17:55:18+01:00,STATION,"Voltaire",4,4,8,0.5,43.603767,3.888659
2026-03-08,17:55:18,2026-03-08T17:55:18+01:00,STATION,"Prés d Arènes",5,3,8,0.625,43.59048,3.884611
2026-03-08,17:55:18,2026-03-08T17:55:18+01:00,STATION,"Garcia Lorca",5,3,8,0.625,43.590757,3.890616
2026-03-08,17:55:18,2026-03-08T17:55:18+01:00,STATION,"Vert Bois",9,7,16,0.5625,43.63543,3.871179
2026-03-08,17:55:18,2026-03-08T17:55:18+01:00,STATION,"Malbosc",6,2,8,0.75,43.633679,3.832861
2026-03-08,17:55:18,2026-03-08T17:55:18+01:00,STATION,"Occitanie",8,24,32,0.25,43.635689,3.849597
2026-03-08,17:55:18,2026-03-08T17:55:18+01:00,STATION,"Fac des Sciences",12,12,24,0.5,43.631318,3.861299
2026-03-08,17:55:18,2026-03-08T17:55:18+01:00,STATION,"Fac de Lettres",11,1,12,0.9166666666666666,43.630437,3.869539
2026-03-08,17:55:18,2026-03-08T17:55:18+01:00,STATION,"Aiguelongue",6,1,8,0.875,43.626163,3.882492
2026-03-08,17:55:18,2026-03-08T17:55:18+01:00,STATION,"Jeu de Mail des Abbés",4,4,8,0.5,43.619701,3.883831
2026-03-08,17:55:18,2026-03-08T17:55:18+01:00,STATION,"Euromédecine",2,6,8,0.25,43.639119,3.828199
2026-03-08,17:55:18,2026-03-08T17:55:18+01:00,STATION,"Marie Caizergues",4,4,8,0.5,43.619871,3.873812
2026-03-08,17:55:18,2026-03-08T17:55:18+01:00,STATION,"Sabines",5,3,8,0.625,43.584211,3.860031
2026-03-08,17:55:18,2026-03-08T17:55:18+01:00,STATION,"Celleneuve",1,7,8,0.125,43.61467,3.832624
2026-03-08,17:55:18,2026-03-08T17:55:18+01:00,STATION,"Jardin de la Lironde",8,0,8,1.0,43.60585,3.911576
2026-03-08,17:55:18,2026-03-08T17:55:18+01:00,STATION,"Père Soulas",6,2,8,0.75,43.621983,3.855603
2026-03-08,17:55:18,2026-03-08T17:55:18+01:00,STATION,"Place Viala",3,5,8,0.375,43.616812,3.855075
2026-03-08,17:55:18,2026-03-08T17:55:18+01:00,STATION,"Hôtel du Département",3,5,8,0.375,43.621682,3.83477
2026-03-08,17:55:18,2026-03-08T17:55:18+01:00,STATION,"Tonnelles",0,8,8,0.0,43.615155,3.839466
2026-03-08,17:55:18,2026-03-08T17:55:18+01:00,STATION,"Parvis Jules Ferry - Gare Saint-Roch",6,2,8,0.75,43.603889,3.879362
2026-03-08,17:55:18,2026-03-08T17:55:18+01:00,STATION,"Pont de Lattes - Gare Saint-Roch",3,9,12,0.25,43.606036,3.882393
2026-03-08,17:55:18,2026-03-08T17:55:18+01:00,STATION,"Deux Ponts - Gare Saint-Roch",0,8,8,0.0,43.604319,3.880916
2026-03-08,17:55:18,2026-03-08T17:55:18+01:00,STATION,"Providence - Ovalie",1,7,8,0.125,43.588239,3.853421
2026-03-08,17:55:18,2026-03-08T17:55:18+01:00,STATION,"Pérols Etang de l Or",32,36,68,0.47058823529411764,43.558351,3.963412
2026-03-08,17:55:18,2026-03-08T17:55:18+01:00,STATION,"Albert 1er - Cathédrale",2,10,12,0.16666666666666666,43.614005,3.873218
2026-03-08,17:55:18,2026-03-08T17:55:18+01:00,STATION,"Saint-Guilhem - Courreau",1,7,8,0.125,43.608996,3.872752
2026-03-08,17:55:18,2026-03-08T17:55:18+01:00,STATION,"Sud De France",6,2,8,0.75,43.59562,3.9235
2026-03-08,17:55:18,2026-03-08T17:55:18+01:00,STATION,"Comedie Baudin",0,8,8,0.0,43.608717,3.880787
2026-03-08,17:55:18,2026-03-08T17:55:18+01:00,STATION,"Jean de Beins",4,12,16,0.25,43.609857,3.883884
2026-03-08,18:24:17,2026-03-08T18:24:17+01:00,STATION,"Rue Jules Ferry - Gare Saint-Roch",1,11,12,0.08333333333333333,43.605366,3.881346
2026-03-08,18:24:17,2026-03-08T18:24:17+01:00,STATION,"Comédie",5,15,20,0.25,43.608148,3.878778
2026-03-08,18:24:17,2026-03-08T18:24:17+01:00,STATION,"Hôtel de Ville",5,10,16,0.375,43.599088,3.894866
2026-03-08,18:24:17,2026-03-08T18:24:17+01:00,STATION,"Corum",11,1,12,0.9166666666666666,43.613989,3.8816
2026-03-08,18:24:17,2026-03-08T18:24:17+01:00,STATION,"Place Albert 1er - St Charles",1,26,27,0.037037037037037035,43.616768,3.873375
2026-03-08,18:24:17,2026-03-08T18:24:17+01:00,STATION,"Foch",1,7,8,0.125,43.610989,3.873345
2026-03-08,18:24:17,2026-03-08T18:24:17+01:00,STATION,"Halles Castellane",0,12,12,0.0,43.609935,3.877208
2026-03-08,18:24:17,2026-03-08T18:24:17+01:00,STATION,"Observatoire",3,4,8,0.5,43.606301,3.87724
2026-03-08,18:24:17,2026-03-08T18:24:17+01:00,STATION,"Rondelet",10,6,16,0.625,43.603038,3.875796
2026-03-08,18:24:17,2026-03-08T18:24:17+01:00,STATION,"Plan Cabanes",2,10,12,0.16666666666666666,43.608491,3.868389
2026-03-08,18:24:17,2026-03-08T18:24:17+01:00,STATION,"Boutonnet",10,2,12,0.8333333333333334,43.622629,3.868375
2026-03-08,18:24:17,2026-03-08T18:24:17+01:00,STATION,"Emile Combes",3,5,8,0.375,43.616742,3.87998
2026-03-08,18:24:17,2026-03-08T18:24:17+01:00,STATION,"Beaux-Arts",3,13,16,0.1875,43.616698,3.884981
2026-03-08,18:24:17,2026-03-08T18:24:17+01:00,STATION,"Les Aubes",4,4,8,0.5,43.618692,3.893844
2026-03-08,18:24:17,2026-03-08T18:24:17+01:00,STATION,"Antigone centre",4,8,12,0.3333333333333333,43.607942,3.890634
2026-03-08,18:24:17,2026-03-08T18:24:17+01:00,STATION,"Médiathèque Emile Zola",13,3,16,0.8125,43.608218,3.89314
2026-03-08,18:24:17,2026-03-08T18:24:17+01:00,STATION,"Nombre d Or",9,7,16,0.5625,43.607859,3.886644
2026-03-08,18:24:17,2026-03-08T18:24:17+01:00,STATION,"Louis Blanc",6,10,16,0.375,43.614642,3.877648
2026-03-08,18:24:17,2026-03-08T18:24:17+01:00,STATION,"Gambetta",0,8,8,0.0,43.607106,3.870693
2026-03-08,18:24:17,2026-03-08T18:24:17+01:00,STATION,"Port Marianne",3,13,16,0.1875,43.60032,3.89851
2026-03-08,18:24:17,2026-03-08T18:24:17+01:00,STATION,"Les Arceaux",3,5,8,0.375,43.612659,3.867734
2026-03-08,18:24:17,2026-03-08T18:24:17+01:00,STATION,"Cité Mion",4,3,8,0.625,43.601143,3.884373
2026-03-08,18:24:17,2026-03-08T18:24:17+01:00,STATION,"Nouveau Saint-Roch",6,2,8,0.75,43.599817,3.875757
2026-03-08,18:24:17,2026-03-08T18:24:17+01:00,STATION,"Renouvier",1,6,8,0.25,43.603553,3.867884
2026-03-08,18:24:17,2026-03-08T18:24:17+01:00,STATION,"Odysseum",0,8,8,0.0,43.603727,3.918979
2026-03-08,18:24:17,2026-03-08T18:24:17+01:00,STATION,"Saint-Denis",0,8,8,0.0,43.605021,3.875065
2026-03-08,18:24:17,2026-03-08T18:24:17+01:00,STATION,"Richter",9,7,16,0.5625,43.603424,3.899263
2026-03-08,18:24:17,2026-03-08T18:24:17+01:00,STATION,"Charles Flahault",1,7,8,0.125,43.622038,3.86672
2026-03-08,18:24:17,2026-03-08T18:24:17+01:00,STATION,"Voltaire",4,4,8,0.5,43.603767,3.888659
2026-03-08,18:24:17,2026-03-08T18:24:17+01:00,STATION,"Prés d Arènes",5,3,8,0.625,43.59048,3.884611
2026-03-08,18:24:17,2026-03-08T18:24:17+01:00,STATION,"Garcia Lorca",5,3,8,0.625,43.590757,3.890616
2026-03-08,18:24:17,2026-03-08T18:24:17+01:00,STATION,"Vert Bois",9,7,16,0.5625,43.63543,3.871179
2026-03-08,18:24:17,2026-03-08T18:24:17+01:00,STATION,"Malbosc",6,2,8,0.75,43.633679,3.832861
2026-03-08,18:24:17,2026-03-08T18:24:17+01:00,STATION,"Occitanie",8,24,32,0.25,43.635689,3.849597
2026-03-08,18:24:17,2026-03-08T18:24:17+01:00,STATION,"Fac des Sciences",12,12,24,0.5,43.631318,3.861299
2026-03-08,18:24:17,2026-03-08T18:24:17+01:00,STATION,"Fac de Lettres",12,0,12,1.0,43.630437,3.869539
2026-03-08,18:24:17,2026-03-08T18:24:17+01:00,STATION,"Aiguelongue",6,1,8,0.875,43.626163,3.882492
2026-03-08,18:24:17,2026-03-08T18:24:17+01:00,STATION,"Jeu de Mail des Abbés",4,4,8,0.5,43.619701,3.883831
2026-03-08,18:24:17,2026-03-08T18:24:17+01:00,STATION,"Euromédecine",2,6,8,0.25,43.639119,3.828199
2026-03-08,18:24:17,2026-03-08T18:24:17+01:00,STATION,"Marie Caizergues",4,4,8,0.5,43.619871,3.873812
2026-03-08,18:24:17,2026-03-08T18:24:17+01:00,STATION,"Sabines",5,3,8,0.625,43.584211,3.860031
2026-03-08,18:24:17,2026-03-08T18:24:17+01:00,STATION,"Celleneuve",1,7,8,0.125,43.61467,3.832624
2026-03-08,18:24:17,2026-03-08T18:24:17+01:00,STATION,"Jardin de la Lironde",8,0,8,1.0,43.60585,3.911576
2026-03-08,18:24:17,2026-03-08T18:24:17+01:00,STATION,"Père Soulas",7,1,8,0.875,43.621983,3.855603
2026-03-08,18:24:17,2026-03-08T18:24:17+01:00,STATION,"Place Viala",3,5,8,0.375,43.616812,3.855075
2026-03-08,18:24:17,2026-03-08T18:24:17+01:00,STATION,"Hôtel du Département",3,5,8,0.375,43.621682,3.83477
2026-03-08,18:24:17,2026-03-08T18:24:17+01:00,STATION,"Tonnelles",0,8,8,0.0,43.615155,3.839466
2026-03-08,18:24:17,2026-03-08T18:24:17+01:00,STATION,"Parvis Jules Ferry - Gare Saint-Roch",6,2,8,0.75,43.603889,3.879362
2026-03-08,18:24:17,2026-03-08T18:24:17+01:00,STATION,"Pont de Lattes - Gare Saint-Roch",3,9,12,0.25,43.606036,3.882393
2026-03-08,18:24:17,2026-03-08T18:24:17+01:00,STATION,"Deux Ponts - Gare Saint-Roch",0,8,8,0.0,43.604319,3.880916
2026-03-08,18:24:17,2026-03-08T18:24:17+01:00,STATION,"Providence - Ovalie",1,7,8,0.125,43.588239,3.853421
2026-03-08,18:24:17,2026-03-08T18:24:17+01:00,STATION,"Pérols Etang de l Or",32,36,68,0.47058823529411764,43.558351,3.963412
2026-03-08,18:24:17,2026-03-08T18:24:17+01:00,STATION,"Albert 1er - Cathédrale",2,10,12,0.16666666666666666,43.614005,3.873218
2026-03-08,18:24:17,2026-03-08T18:24:17+01:00,STATION,"Saint-Guilhem - Courreau",1,7,8,0.125,43.608996,3.872752
2026-03-08,18:24:17,2026-03-08T18:24:17+01:00,STATION,"Sud De France",6,2,8,0.75,43.59562,3.9235
2026-03-08,18:24:17,2026-03-08T18:24:17+01:00,STATION,"Comedie Baudin",0,8,8,0.0,43.608717,3.880787
2026-03-08,18:24:17,2026-03-08T18:24:17+01:00,STATION,"Jean de Beins",4,12,16,0.25,43.609857,3.883884
2026-03-08,18:49:11,2026-03-08T18:49:11+01:00,STATION,"Rue Jules Ferry - Gare Saint-Roch",1,11,12,0.08333333333333333,43.605366,3.881346
2026-03-08,18:49:11,2026-03-08T18:49:11+01:00,STATION,"Comédie",5,15,20,0.25,43.608148,3.878778
2026-03-08,18:49:11,2026-03-08T18:49:11+01:00,STATION,"Hôtel de Ville",5,10,16,0.375,43.599088,3.894866
2026-03-08,18:49:11,2026-03-08T18:49:11+01:00,STATION,"Corum",11,1,12,0.9166666666666666,43.613989,3.8816
2026-03-08,18:49:11,2026-03-08T18:49:11+01:00,STATION,"Place Albert 1er - St Charles",1,26,27,0.037037037037037035,43.616768,3.873375
2026-03-08,18:49:11,2026-03-08T18:49:11+01:00,STATION,"Foch",1,7,8,0.125,43.610989,3.873345
2026-03-08,18:49:11,2026-03-08T18:49:11+01:00,STATION,"Halles Castellane",0,12,12,0.0,43.609935,3.877208
2026-03-08,18:49:11,2026-03-08T18:49:11+01:00,STATION,"Observatoire",3,4,8,0.5,43.606301,3.87724
2026-03-08,18:49:11,2026-03-08T18:49:11+01:00,STATION,"Rondelet",10,6,16,0.625,43.603038,3.875796
2026-03-08,18:49:11,2026-03-08T18:49:11+01:00,STATION,"Plan Cabanes",2,10,12,0.16666666666666666,43.608491,3.868389
2026-03-08,18:49:11,2026-03-08T18:49:11+01:00,STATION,"Boutonnet",10,2,12,0.8333333333333334,43.622629,3.868375
2026-03-08,18:49:11,2026-03-08T18:49:11+01:00,STATION,"Emile Combes",3,5,8,0.375,43.616742,3.87998
2026-03-08,18:49:11,2026-03-08T18:49:11+01:00,STATION,"Beaux-Arts",3,13,16,0.1875,43.616698,3.884981
2026-03-08,18:49:11,2026-03-08T18:49:11+01:00,STATION,"Les Aubes",4,4,8,0.5,43.618692,3.893844
2026-03-08,18:49:11,2026-03-08T18:49:11+01:00,STATION,"Antigone centre",4,8,12,0.3333333333333333,43.607942,3.890634
2026-03-08,18:49:11,2026-03-08T18:49:11+01:00,STATION,"Médiathèque Emile Zola",13,3,16,0.8125,43.608218,3.89314
2026-03-08,18:49:11,2026-03-08T18:49:11+01:00,STATION,"Nombre d Or",9,7,16,0.5625,43.607859,3.886644
2026-03-08,18:49:11,2026-03-08T18:49:11+01:00,STATION,"Louis Blanc",6,10,16,0.375,43.614642,3.877648
2026-03-08,18:49:11,2026-03-08T18:49:11+01:00,STATION,"Gambetta",0,8,8,0.0,43.607106,3.870693
2026-03-08,18:49:11,2026-03-08T18:49:11+01:00,STATION,"Port Marianne",3,13,16,0.1875,43.60032,3.89851
2026-03-08,18:49:11,2026-03-08T18:49:11+01:00,STATION,"Les Arceaux",3,5,8,0.375,43.612659,3.867734
2026-03-08,18:49:11,2026-03-08T18:49:11+01:00,STATION,"Cité Mion",4,3,8,0.625,43.601143,3.884373
2026-03-08,18:49:11,2026-03-08T18:49:11+01:00,STATION,"Nouveau Saint-Roch",7,1,8,0.875,43.599817,3.875757
2026-03-08,18:49:11,2026-03-08T18:49:11+01:00,STATION,"Renouvier",0,7,8,0.125,43.603553,3.867884
2026-03-08,18:49:11,2026-03-08T18:49:11+01:00,STATION,"Odysseum",0,8,8,0.0,43.603727,3.918979
2026-03-08,18:49:11,2026-03-08T18:49:11+01:00,STATION,"Saint-Denis",0,8,8,0.0,43.605021,3.875065
2026-03-08,18:49:11,2026-03-08T18:49:11+01:00,STATION,"Richter",9,7,16,0.5625,43.603424,3.899263
2026-03-08,18:49:11,2026-03-08T18:49:11+01:00,STATION,"Charles Flahault",1,7,8,0.125,43.622038,3.86672
2026-03-08,18:49:11,2026-03-08T18:49:11+01:00,STATION,"Voltaire",4,4,8,0.5,43.603767,3.888659
2026-03-08,18:49:11,2026-03-08T18:49:11+01:00,STATION,"Prés d Arènes",5,3,8,0.625,43.59048,3.884611
2026-03-08,18:49:11,2026-03-08T18:49:11+01:00,STATION,"Garcia Lorca",5,3,8,0.625,43.590757,3.890616
2026-03-08,18:49:11,2026-03-08T18:49:11+01:00,STATION,"Vert Bois",9,7,16,0.5625,43.63543,3.871179
2026-03-08,18:49:11,2026-03-08T18:49:11+01:00,STATION,"Malbosc",6,2,8,0.75,43.633679,3.832861
2026-03-08,18:49:11,2026-03-08T18:49:11+01:00,STATION,"Occitanie",8,24,32,0.25,43.635689,3.849597
2026-03-08,18:49:11,2026-03-08T18:49:11+01:00,STATION,"Fac des Sciences",12,12,24,0.5,43.631318,3.861299
2026-03-08,18:49:11,2026-03-08T18:49:11+01:00,STATION,"Fac de Lettres",10,2,12,0.8333333333333334,43.630437,3.869539
2026-03-08,18:49:11,2026-03-08T18:49:11+01:00,STATION,"Aiguelongue",6,1,8,0.875,43.626163,3.882492
2026-03-08,18:49:11,2026-03-08T18:49:11+01:00,STATION,"Jeu de Mail des Abbés",4,4,8,0.5,43.619701,3.883831
2026-03-08,18:49:11,2026-03-08T18:49:11+01:00,STATION,"Euromédecine",2,6,8,0.25,43.639119,3.828199
2026-03-08,18:49:11,2026-03-08T18:49:11+01:00,STATION,"Marie Caizergues",4,4,8,0.5,43.619871,3.873812
2026-03-08,18:49:11,2026-03-08T18:49:11+01:00,STATION,"Sabines",5,3,8,0.625,43.584211,3.860031
2026-03-08,18:49:11,2026-03-08T18:49:11+01:00,STATION,"Celleneuve",1,7,8,0.125,43.61467,3.832624
2026-03-08,18:49:11,2026-03-08T18:49:11+01:00,STATION,"Jardin de la Lironde",8,0,8,1.0,43.60585,3.911576
2026-03-08,18:49:11,2026-03-08T18:49:11+01:00,STATION,"Père Soulas",7,1,8,0.875,43.621983,3.855603
2026-03-08,18:49:11,2026-03-08T18:49:11+01:00,STATION,"Place Viala",3,5,8,0.375,43.616812,3.855075
2026-03-08,18:49:11,2026-03-08T18:49:11+01:00,STATION,"Hôtel du Département",3,5,8,0.375,43.621682,3.83477
2026-03-08,18:49:11,2026-03-08T18:49:11+01:00,STATION,"Tonnelles",0,8,8,0.0,43.615155,3.839466
2026-03-08,18:49:11,2026-03-08T18:49:11+01:00,STATION,"Parvis Jules Ferry - Gare Saint-Roch",6,2,8,0.75,43.603889,3.879362
2026-03-08,18:49:11,2026-03-08T18:49:11+01:00,STATION,"Pont de Lattes - Gare Saint-Roch",3,9,12,0.25,43.606036,3.882393
2026-03-08,18:49:11,2026-03-08T18:49:11+01:00,STATION,"Deux Ponts - Gare Saint-Roch",0,8,8,0.0,43.604319,3.880916
2026-03-08,18:49:11,2026-03-08T18:49:11+01:00,STATION,"Providence - Ovalie",1,7,8,0.125,43.588239,3.853421
2026-03-08,18:49:11,2026-03-08T18:49:11+01:00,STATION,"Pérols Etang de l Or",32,36,68,0.47058823529411764,43.558351,3.963412
2026-03-08,18:49:11,2026-03-08T18:49:11+01:00,STATION,"Albert 1er - Cathédrale",2,10,12,0.16666666666666666,43.614005,3.873218
2026-03-08,18:49:11,2026-03-08T18:49:11+01:00,STATION,"Saint-Guilhem - Courreau",1,7,8,0.125,43.608996,3.872752
2026-03-08,18:49:11,2026-03-08T18:49:11+01:00,STATION,"Sud De France",6,2,8,0.75,43.59562,3.9235
2026-03-08,18:49:11,2026-03-08T18:49:11+01:00,STATION,"Comedie Baudin",0,8,8,0.0,43.608717,3.880787
2026-03-08,18:49:11,2026-03-08T18:49:11+01:00,STATION,"Jean de Beins",4,12,16,0.25,43.609857,3.883884
2026-03-08,19:35:43,2026-03-08T19:35:43+01:00,STATION,"Rue Jules Ferry - Gare Saint-Roch",1,11,12,0.08333333333333333,43.605366,3.881346
2026-03-08,19:35:43,2026-03-08T19:35:43+01:00,STATION,"Comédie",5,15,20,0.25,43.608148,3.878778
2026-03-08,19:35:43,2026-03-08T19:35:43+01:00,STATION,"Hôtel de Ville",5,10,16,0.375,43.599088,3.894866
2026-03-08,19:35:43,2026-03-08T19:35:43+01:00,STATION,"Corum",11,1,12,0.9166666666666666,43.613989,3.8816
2026-03-08,19:35:43,2026-03-08T19:35:43+01:00,STATION,"Place Albert 1er - St Charles",1,26,27,0.037037037037037035,43.616768,3.873375
2026-03-08,19:35:43,2026-03-08T19:35:43+01:00,STATION,"Foch",1,7,8,0.125,43.610989,3.873345
2026-03-08,19:35:43,2026-03-08T19:35:43+01:00,STATION,"Halles Castellane",0,12,12,0.0,43.609935,3.877208
2026-03-08,19:35:43,2026-03-08T19:35:43+01:00,STATION,"Observatoire",3,4,8,0.5,43.606301,3.87724
2026-03-08,19:35:43,2026-03-08T19:35:43+01:00,STATION,"Rondelet",9,7,16,0.5625,43.603038,3.875796
2026-03-08,19:35:43,2026-03-08T19:35:43+01:00,STATION,"Plan Cabanes",2,10,12,0.16666666666666666,43.608491,3.868389
2026-03-08,19:35:43,2026-03-08T19:35:43+01:00,STATION,"Boutonnet",10,2,12,0.8333333333333334,43.622629,3.868375
2026-03-08,19:35:43,2026-03-08T19:35:43+01:00,STATION,"Emile Combes",3,5,8,0.375,43.616742,3.87998
2026-03-08,19:35:43,2026-03-08T19:35:43+01:00,STATION,"Beaux-Arts",3,13,16,0.1875,43.616698,3.884981
2026-03-08,19:35:43,2026-03-08T19:35:43+01:00,STATION,"Les Aubes",4,4,8,0.5,43.618692,3.893844
2026-03-08,19:35:43,2026-03-08T19:35:43+01:00,STATION,"Antigone centre",4,8,12,0.3333333333333333,43.607942,3.890634
2026-03-08,19:35:43,2026-03-08T19:35:43+01:00,STATION,"Médiathèque Emile Zola",13,3,16,0.8125,43.608218,3.89314
2026-03-08,19:35:43,2026-03-08T19:35:43+01:00,STATION,"Nombre d Or",9,7,16,0.5625,43.607859,3.886644
2026-03-08,19:35:43,2026-03-08T19:35:43+01:00,STATION,"Louis Blanc",6,10,16,0.375,43.614642,3.877648
2026-03-08,19:35:43,2026-03-08T19:35:43+01:00,STATION,"Gambetta",0,8,8,0.0,43.607106,3.870693
2026-03-08,19:35:43,2026-03-08T19:35:43+01:00,STATION,"Port Marianne",3,13,16,0.1875,43.60032,3.89851
2026-03-08,19:35:43,2026-03-08T19:35:43+01:00,STATION,"Les Arceaux",3,5,8,0.375,43.612659,3.867734
2026-03-08,19:35:43,2026-03-08T19:35:43+01:00,STATION,"Cité Mion",4,3,8,0.625,43.601143,3.884373
2026-03-08,19:35:43,2026-03-08T19:35:43+01:00,STATION,"Nouveau Saint-Roch",7,1,8,0.875,43.599817,3.875757
2026-03-08,19:35:43,2026-03-08T19:35:43+01:00,STATION,"Renouvier",1,6,8,0.25,43.603553,3.867884
2026-03-08,19:35:43,2026-03-08T19:35:43+01:00,STATION,"Odysseum",0,8,8,0.0,43.603727,3.918979
2026-03-08,19:35:43,2026-03-08T19:35:43+01:00,STATION,"Saint-Denis",0,8,8,0.0,43.605021,3.875065
2026-03-08,19:35:43,2026-03-08T19:35:43+01:00,STATION,"Richter",9,7,16,0.5625,43.603424,3.899263
2026-03-08,19:35:43,2026-03-08T19:35:43+01:00,STATION,"Charles Flahault",1,7,8,0.125,43.622038,3.86672
2026-03-08,19:35:43,2026-03-08T19:35:43+01:00,STATION,"Voltaire",4,4,8,0.5,43.603767,3.888659
2026-03-08,19:35:43,2026-03-08T19:35:43+01:00,STATION,"Prés d Arènes",5,3,8,0.625,43.59048,3.884611
2026-03-08,19:35:43,2026-03-08T19:35:43+01:00,STATION,"Garcia Lorca",5,3,8,0.625,43.590757,3.890616
2026-03-08,19:35:43,2026-03-08T19:35:43+01:00,STATION,"Vert Bois",9,7,16,0.5625,43.63543,3.871179
2026-03-08,19:35:43,2026-03-08T19:35:43+01:00,STATION,"Malbosc",6,2,8,0.75,43.633679,3.832861
2026-03-08,19:35:43,2026-03-08T19:35:43+01:00,STATION,"Occitanie",8,24,32,0.25,43.635689,3.849597
2026-03-08,19:35:43,2026-03-08T19:35:43+01:00,STATION,"Fac des Sciences",12,12,24,0.5,43.631318,3.861299
2026-03-08,19:35:43,2026-03-08T19:35:43+01:00,STATION,"Fac de Lettres",10,2,12,0.8333333333333334,43.630437,3.869539
2026-03-08,19:35:43,2026-03-08T19:35:43+01:00,STATION,"Aiguelongue",8,0,8,1.0,43.626163,3.882492
2026-03-08,19:35:43,2026-03-08T19:35:43+01:00,STATION,"Jeu de Mail des Abbés",4,4,8,0.5,43.619701,3.883831
2026-03-08,19:35:43,2026-03-08T19:35:43+01:00,STATION,"Euromédecine",2,6,8,0.25,43.639119,3.828199
2026-03-08,19:35:43,2026-03-08T19:35:43+01:00,STATION,"Marie Caizergues",4,4,8,0.5,43.619871,3.873812
2026-03-08,19:35:43,2026-03-08T19:35:43+01:00,STATION,"Sabines",5,3,8,0.625,43.584211,3.860031
2026-03-08,19:35:43,2026-03-08T19:35:43+01:00,STATION,"Celleneuve",1,7,8,0.125,43.61467,3.832624
2026-03-08,19:35:43,2026-03-08T19:35:43+01:00,STATION,"Jardin de la Lironde",8,0,8,1.0,43.60585,3.911576
2026-03-08,19:35:43,2026-03-08T19:35:43+01:00,STATION,"Père Soulas",7,1,8,0.875,43.621983,3.855603
2026-03-08,19:35:43,2026-03-08T19:35:43+01:00,STATION,"Place Viala",3,5,8,0.375,43.616812,3.855075
2026-03-08,19:35:43,2026-03-08T19:35:43+01:00,STATION,"Hôtel du Département",3,5,8,0.375,43.621682,3.83477
2026-03-08,19:35:43,2026-03-08T19:35:43+01:00,STATION,"Tonnelles",0,8,8,0.0,43.615155,3.839466
2026-03-08,19:35:43,2026-03-08T19:35:43+01:00,STATION,"Parvis Jules Ferry - Gare Saint-Roch",5,3,8,0.625,43.603889,3.879362
2026-03-08,19:35:43,2026-03-08T19:35:43+01:00,STATION,"Pont de Lattes - Gare Saint-Roch",3,9,12,0.25,43.606036,3.882393
2026-03-08,19:35:43,2026-03-08T19:35:43+01:00,STATION,"Deux Ponts - Gare Saint-Roch",0,8,8,0.0,43.604319,3.880916
2026-03-08,19:35:43,2026-03-08T19:35:43+01:00,STATION,"Providence - Ovalie",1,7,8,0.125,43.588239,3.853421
2026-03-08,19:35:43,2026-03-08T19:35:43+01:00,STATION,"Pérols Etang de l Or",33,35,68,0.4852941176470588,43.558351,3.963412
2026-03-08,19:35:43,2026-03-08T19:35:43+01:00,STATION,"Albert 1er - Cathédrale",2,10,12,0.16666666666666666,43.614005,3.873218
2026-03-08,19:35:43,2026-03-08T19:35:43+01:00,STATION,"Saint-Guilhem - Courreau",1,7,8,0.125,43.608996,3.872752
2026-03-08,19:35:43,2026-03-08T19:35:43+01:00,STATION,"Sud De France",6,2,8,0.75,43.59562,3.9235
2026-03-08,19:35:43,2026-03-08T19:35:43+01:00,STATION,"Comedie Baudin",0,8,8,0.0,43.608717,3.880787
2026-03-08,19:35:43,2026-03-08T19:35:43+01:00,STATION,"Jean de Beins",4,12,16,0.25,43.609857,3.883884
