date,heure,timestamp,type,nom,velos_dispo,bornes_libres,total,taux_occupation_places,lat,lon
2026-03-13,00:28:59,2026-03-13T00:28:59+01:00,STATION,"Rue Jules Ferry - Gare Saint-Roch",9,3,12,0.75,43.605366,3.881346
2026-03-13,00:28:59,2026-03-13T00:28:59+01:00,STATION,"Comédie",3,17,20,0.15,43.608148,3.878778
2026-03-13,00:28:59,2026-03-13T00:28:59+01:00,STATION,"Hôtel de Ville",11,4,16,0.75,43.599088,3.894866
2026-03-13,00:28:59,2026-03-13T00:28:59+01:00,STATION,"Corum",8,4,12,0.6666666666666666,43.613989,3.8816
2026-03-13,00:28:59,2026-03-13T00:28:59+01:00,STATION,"Place Albert 1er - St Charles",17,10,27,0.6296296296296297,43.616768,3.873375
2026-03-13,00:28:59,2026-03-13T00:28:59+01:00,STATION,"Foch",1,7,8,0.125,43.610989,3.873345
2026-03-13,00:28:59,2026-03-13T00:28:59+01:00,STATION,"Halles Castellane",0,12,12,0.0,43.609935,3.877208
2026-03-13,00:28:59,2026-03-13T00:28:59+01:00,STATION,"Observatoire",8,0,8,1.0,43.606301,3.87724
2026-03-13,00:28:59,2026-03-13T00:28:59+01:00,STATION,"Rondelet",8,8,16,0.5,43.603038,3.875796
2026-03-13,00:28:59,2026-03-13T00:28:59+01:00,STATION,"Plan Cabanes",3,9,12,0.25,43.608491,3.868389
2026-03-13,00:28:59,2026-03-13T00:28:59+01:00,STATION,"Boutonnet",7,5,12,0.5833333333333334,43.622629,3.868375
2026-03-13,00:28:59,2026-03-13T00:28:59+01:00,STATION,"Emile Combes",5,3,8,0.625,43.616742,3.87998
2026-03-13,00:28:59,2026-03-13T00:28:59+01:00,STATION,"Beaux-Arts",10,6,16,0.625,43.616698,3.884981
2026-03-13,00:28:59,2026-03-13T00:28:59+01:00,STATION,"Les Aubes",4,4,8,0.5,43.618692,3.893844
2026-03-13,00:28:59,2026-03-13T00:28:59+01:00,STATION,"Antigone centre",2,10,12,0.16666666666666666,43.607942,3.890634
2026-03-13,00:28:59,2026-03-13T00:28:59+01:00,STATION,"Médiathèque Emile Zola",16,0,16,1.0,43.608218,3.89314
2026-03-13,00:28:59,2026-03-13T00:28:59+01:00,STATION,"Nombre d Or",5,11,16,0.3125,43.607859,3.886644
2026-03-13,00:28:59,2026-03-13T00:28:59+01:00,STATION,"Louis Blanc",13,3,16,0.8125,43.614642,3.877648
2026-03-13,00:28:59,2026-03-13T00:28:59+01:00,STATION,"Gambetta",5,3,8,0.625,43.607106,3.870693
2026-03-13,00:28:59,2026-03-13T00:28:59+01:00,STATION,"Port Marianne",8,8,16,0.5,43.60032,3.89851
2026-03-13,00:28:59,2026-03-13T00:28:59+01:00,STATION,"Les Arceaux",6,2,8,0.75,43.612659,3.867734
2026-03-13,00:28:59,2026-03-13T00:28:59+01:00,STATION,"Cité Mion",1,5,8,0.375,43.601143,3.884373
2026-03-13,00:28:59,2026-03-13T00:28:59+01:00,STATION,"Nouveau Saint-Roch",2,6,8,0.25,43.599817,3.875757
2026-03-13,00:28:59,2026-03-13T00:28:59+01:00,STATION,"Renouvier",4,3,8,0.625,43.603553,3.867884
2026-03-13,00:28:59,2026-03-13T00:28:59+01:00,STATION,"Odysseum",0,8,8,0.0,43.603727,3.918979
2026-03-13,00:28:59,2026-03-13T00:28:59+01:00,STATION,"Saint-Denis",0,8,8,0.0,43.605021,3.875065
2026-03-13,00:28:59,2026-03-13T00:28:59+01:00,STATION,"Richter",14,2,16,0.875,43.603424,3.899263
2026-03-13,00:28:59,2026-03-13T00:28:59+01:00,STATION,"Charles Flahault",1,7,8,0.125,43.622038,3.86672
2026-03-13,00:28:59,2026-03-13T00:28:59+01:00,STATION,"Voltaire",6,2,8,0.75,43.603767,3.888659
2026-03-13,00:28:59,2026-03-13T00:28:59+01:00,STATION,"Prés d Arènes",7,1,8,0.875,43.59048,3.884611
2026-03-13,00:28:59,2026-03-13T00:28:59+01:00,STATION,"Garcia Lorca",6,2,8,0.75,43.590757,3.890616
2026-03-13,00:28:59,2026-03-13T00:28:59+01:00,STATION,"Vert Bois",5,11,16,0.3125,43.63543,3.871179
2026-03-13,00:28:59,2026-03-13T00:28:59+01:00,STATION,"Malbosc",1,7,8,0.125,43.633679,3.832861
2026-03-13,00:28:59,2026-03-13T00:28:59+01:00,STATION,"Occitanie",0,32,32,0.0,43.635689,3.849597
2026-03-13,00:28:59,2026-03-13T00:28:59+01:00,STATION,"Fac des Sciences",10,14,24,0.4166666666666667,43.631318,3.861299
2026-03-13,00:28:59,2026-03-13T00:28:59+01:00,STATION,"Fac de Lettres",1,11,12,0.08333333333333333,43.630437,3.869539
2026-03-13,00:28:59,2026-03-13T00:28:59+01:00,STATION,"Aiguelongue",3,4,8,0.5,43.626163,3.882492
2026-03-13,00:28:59,2026-03-13T00:28:59+01:00,STATION,"Jeu de Mail des Abbés",7,1,8,0.875,43.619701,3.883831
2026-03-13,00:28:59,2026-03-13T00:28:59+01:00,STATION,"Euromédecine",0,8,8,0.0,43.639119,3.828199
2026-03-13,00:28:59,2026-03-13T00:28:59+01:00,STATION,"Marie Caizergues",7,1,8,0.875,43.619871,3.873812
2026-03-13,00:28:59,2026-03-13T00:28:59+01:00,STATION,"Sabines",4,4,8,0.5,43.584211,3.860031
2026-03-13,00:28:59,2026-03-13T00:28:59+01:00,STATION,"Celleneuve",0,8,8,0.0,43.61467,3.832624
2026-03-13,00:28:59,2026-03-13T00:28:59+01:00,STATION,"Jardin de la Lironde",4,4,8,0.5,43.60585,3.911576
2026-03-13,00:28:59,2026-03-13T00:28:59+01:00,STATION,"Père Soulas",3,5,8,0.375,43.621983,3.855603
2026-03-13,00:28:59,2026-03-13T00:28:59+01:00,STATION,"Place Viala",5,3,8,0.625,43.616812,3.855075
2026-03-13,00:28:59,2026-03-13T00:28:59+01:00,STATION,"Hôtel du Département",0,8,8,0.0,43.621682,3.83477
2026-03-13,00:28:59,2026-03-13T00:28:59+01:00,STATION,"Tonnelles",0,8,8,0.0,43.615155,3.839466
2026-03-13,00:28:59,2026-03-13T00:28:59+01:00,STATION,"Parvis Jules Ferry - Gare Saint-Roch",4,4,8,0.5,43.603889,3.879362
2026-03-13,00:28:59,2026-03-13T00:28:59+01:00,STATION,"Pont de Lattes - Gare Saint-Roch",5,7,12,0.4166666666666667,43.606036,3.882393
2026-03-13,00:28:59,2026-03-13T00:28:59+01:00,STATION,"Deux Ponts - Gare Saint-Roch",0,8,8,0.0,43.604319,3.880916
2026-03-13,00:28:59,2026-03-13T00:28:59+01:00,STATION,"Providence - Ovalie",4,4,8,0.5,43.588239,3.853421
2026-03-13,00:28:59,2026-03-13T00:28:59+01:00,STATION,"Pérols Etang de l Or",44,24,68,0.6470588235294118,43.558351,3.963412
2026-03-13,00:28:59,2026-03-13T00:28:59+01:00,STATION,"Albert 1er - Cathédrale",2,10,12,0.16666666666666666,43.614005,3.873218
2026-03-13,00:28:59,2026-03-13T00:28:59+01:00,STATION,"Saint-Guilhem - Courreau",0,8,8,0.0,43.608996,3.872752
2026-03-13,00:28:59,2026-03-13T00:28:59+01:00,STATION,"Sud De France",6,2,8,0.75,43.59562,3.9235
2026-03-13,00:28:59,2026-03-13T00:28:59+01:00,STATION,"Comedie Baudin",0,8,8,0.0,43.608717,3.880787
2026-03-13,00:28:59,2026-03-13T00:28:59+01:00,STATION,"Jean de Beins",5,11,16,0.3125,43.609857,3.883884
2026-03-13,00:53:31,2026-03-13T00:53:31+01:00,STATION,"Rue Jules Ferry - Gare Saint-Roch",9,3,12,0.75,43.605366,3.881346
2026-03-13,00:53:31,2026-03-13T00:53:31+01:00,STATION,"Comédie",3,17,20,0.15,43.608148,3.878778
2026-03-13,00:53:31,2026-03-13T00:53:31+01:00,STATION,"Hôtel de Ville",11,4,16,0.75,43.599088,3.894866
2026-03-13,00:53:31,2026-03-13T00:53:31+01:00,STATION,"Corum",8,4,12,0.6666666666666666,43.613989,3.8816
2026-03-13,00:53:31,2026-03-13T00:53:31+01:00,STATION,"Place Albert 1er - St Charles",17,10,27,0.6296296296296297,43.616768,3.873375
2026-03-13,00:53:31,2026-03-13T00:53:31+01:00,STATION,"Foch",1,7,8,0.125,43.610989,3.873345
2026-03-13,00:53:31,2026-03-13T00:53:31+01:00,STATION,"Halles Castellane",0,12,12,0.0,43.609935,3.877208
2026-03-13,00:53:31,2026-03-13T00:53:31+01:00,STATION,"Observatoire",8,0,8,1.0,43.606301,3.87724
2026-03-13,00:53:31,2026-03-13T00:53:31+01:00,STATION,"Rondelet",9,7,16,0.5625,43.603038,3.875796
2026-03-13,00:53:31,2026-03-13T00:53:31+01:00,STATION,"Plan Cabanes",3,9,12,0.25,43.608491,3.868389
2026-03-13,00:53:31,2026-03-13T00:53:31+01:00,STATION,"Boutonnet",5,7,12,0.4166666666666667,43.622629,3.868375
2026-03-13,00:53:31,2026-03-13T00:53:31+01:00,STATION,"Emile Combes",5,3,8,0.625,43.616742,3.87998
2026-03-13,00:53:31,2026-03-13T00:53:31+01:00,STATION,"Beaux-Arts",10,6,16,0.625,43.616698,3.884981
2026-03-13,00:53:31,2026-03-13T00:53:31+01:00,STATION,"Les Aubes",4,4,8,0.5,43.618692,3.893844
2026-03-13,00:53:31,2026-03-13T00:53:31+01:00,STATION,"Antigone centre",2,10,12,0.16666666666666666,43.607942,3.890634
2026-03-13,00:53:31,2026-03-13T00:53:31+01:00,STATION,"Médiathèque Emile Zola",16,0,16,1.0,43.608218,3.89314
2026-03-13,00:53:31,2026-03-13T00:53:31+01:00,STATION,"Nombre d Or",6,10,16,0.375,43.607859,3.886644
2026-03-13,00:53:31,2026-03-13T00:53:31+01:00,STATION,"Louis Blanc",14,2,16,0.875,43.614642,3.877648
2026-03-13,00:53:31,2026-03-13T00:53:31+01:00,STATION,"Gambetta",5,3,8,0.625,43.607106,3.870693
2026-03-13,00:53:31,2026-03-13T00:53:31+01:00,STATION,"Port Marianne",8,8,16,0.5,43.60032,3.89851
2026-03-13,00:53:31,2026-03-13T00:53:31+01:00,STATION,"Les Arceaux",6,2,8,0.75,43.612659,3.867734
2026-03-13,00:53:31,2026-03-13T00:53:31+01:00,STATION,"Cité Mion",1,5,8,0.375,43.601143,3.884373
2026-03-13,00:53:31,2026-03-13T00:53:31+01:00,STATION,"Nouveau Saint-Roch",2,6,8,0.25,43.599817,3.875757
2026-03-13,00:53:31,2026-03-13T00:53:31+01:00,STATION,"Renouvier",4,3,8,0.625,43.603553,3.867884
2026-03-13,00:53:31,2026-03-13T00:53:31+01:00,STATION,"Odysseum",0,8,8,0.0,43.603727,3.918979
2026-03-13,00:53:31,2026-03-13T00:53:31+01:00,STATION,"Saint-Denis",0,8,8,0.0,43.605021,3.875065
2026-03-13,00:53:31,2026-03-13T00:53:31+01:00,STATION,"Richter",14,2,16,0.875,43.603424,3.899263
2026-03-13,00:53:31,2026-03-13T00:53:31+01:00,STATION,"Charles Flahault",1,7,8,0.125,43.622038,3.86672
2026-03-13,00:53:31,2026-03-13T00:53:31+01:00,STATION,"Voltaire",6,2,8,0.75,43.603767,3.888659
2026-03-13,00:53:31,2026-03-13T00:53:31+01:00,STATION,"Prés d Arènes",7,1,8,0.875,43.59048,3.884611
2026-03-13,00:53:31,2026-03-13T00:53:31+01:00,STATION,"Garcia Lorca",6,2,8,0.75,43.590757,3.890616
2026-03-13,00:53:31,2026-03-13T00:53:31+01:00,STATION,"Vert Bois",6,10,16,0.375,43.63543,3.871179
2026-03-13,00:53:31,2026-03-13T00:53:31+01:00,STATION,"Malbosc",1,7,8,0.125,43.633679,3.832861
2026-03-13,00:53:31,2026-03-13T00:53:31+01:00,STATION,"Occitanie",0,32,32,0.0,43.635689,3.849597
2026-03-13,00:53:31,2026-03-13T00:53:31+01:00,STATION,"Fac des Sciences",10,14,24,0.4166666666666667,43.631318,3.861299
2026-03-13,00:53:31,2026-03-13T00:53:31+01:00,STATION,"Fac de Lettres",1,11,12,0.08333333333333333,43.630437,3.869539
2026-03-13,00:53:31,2026-03-13T00:53:31+01:00,STATION,"Aiguelongue",4,3,8,0.625,43.626163,3.882492
2026-03-13,00:53:31,2026-03-13T00:53:31+01:00,STATION,"Jeu de Mail des Abbés",7,1,8,0.875,43.619701,3.883831
2026-03-13,00:53:31,2026-03-13T00:53:31+01:00,STATION,"Euromédecine",0,8,8,0.0,43.639119,3.828199
2026-03-13,00:53:31,2026-03-13T00:53:31+01:00,STATION,"Marie Caizergues",7,1,8,0.875,43.619871,3.873812
2026-03-13,00:53:31,2026-03-13T00:53:31+01:00,STATION,"Sabines",4,4,8,0.5,43.584211,3.860031
2026-03-13,00:53:31,2026-03-13T00:53:31+01:00,STATION,"Celleneuve",0,8,8,0.0,43.61467,3.832624
2026-03-13,00:53:31,2026-03-13T00:53:31+01:00,STATION,"Jardin de la Lironde",4,4,8,0.5,43.60585,3.911576
2026-03-13,00:53:31,2026-03-13T00:53:31+01:00,STATION,"Père Soulas",3,5,8,0.375,43.621983,3.855603
2026-03-13,00:53:31,2026-03-13T00:53:31+01:00,STATION,"Place Viala",5,3,8,0.625,43.616812,3.855075
2026-03-13,00:53:31,2026-03-13T00:53:31+01:00,STATION,"Hôtel du Département",0,8,8,0.0,43.621682,3.83477
2026-03-13,00:53:31,2026-03-13T00:53:31+01:00,STATION,"Tonnelles",0,8,8,0.0,43.615155,3.839466
2026-03-13,00:53:31,2026-03-13T00:53:31+01:00,STATION,"Parvis Jules Ferry - Gare Saint-Roch",4,4,8,0.5,43.603889,3.879362
2026-03-13,00:53:31,2026-03-13T00:53:31+01:00,STATION,"Pont de Lattes - Gare Saint-Roch",5,7,12,0.4166666666666667,43.606036,3.882393
2026-03-13,00:53:31,2026-03-13T00:53:31+01:00,STATION,"Deux Ponts - Gare Saint-Roch",0,8,8,0.0,43.604319,3.880916
2026-03-13,00:53:31,2026-03-13T00:53:31+01:00,STATION,"Providence - Ovalie",4,4,8,0.5,43.588239,3.853421
2026-03-13,00:53:31,2026-03-13T00:53:31+01:00,STATION,"Pérols Etang de l Or",44,24,68,0.6470588235294118,43.558351,3.963412
2026-03-13,00:53:31,2026-03-13T00:53:31+01:00,STATION,"Albert 1er - Cathédrale",2,10,12,0.16666666666666666,43.614005,3.873218
2026-03-13,00:53:31,2026-03-13T00:53:31+01:00,STATION,"Saint-Guilhem - Courreau",0,8,8,0.0,43.608996,3.872752
2026-03-13,00:53:31,2026-03-13T00:53:31+01:00,STATION,"Sud De France",6,2,8,0.75,43.59562,3.9235
2026-03-13,00:53:31,2026-03-13T00:53:31+01:00,STATION,"Comedie Baudin",0,8,8,0.0,43.608717,3.880787
2026-03-13,00:53:31,2026-03-13T00:53:31+01:00,STATION,"Jean de Beins",5,11,16,0.3125,43.609857,3.883884
2026-03-13,03:04:17,2026-03-13T03:04:17+01:00,STATION,"Rue Jules Ferry - Gare Saint-Roch",1,11,12,0.08333333333333333,43.605366,3.881346
2026-03-13,03:04:17,2026-03-13T03:04:17+01:00,STATION,"Comédie",2,18,20,0.1,43.608148,3.878778
2026-03-13,03:04:17,2026-03-13T03:04:17+01:00,STATION,"Hôtel de Ville",9,6,16,0.625,43.599088,3.894866
2026-03-13,03:04:17,2026-03-13T03:04:17+01:00,STATION,"Corum",8,4,12,0.6666666666666666,43.613989,3.8816
2026-03-13,03:04:17,2026-03-13T03:04:17+01:00,STATION,"Place Albert 1er - St Charles",14,13,27,0.5185185185185185,43.616768,3.873375
2026-03-13,03:04:17,2026-03-13T03:04:17+01:00,STATION,"Foch",1,7,8,0.125,43.610989,3.873345
2026-03-13,03:04:17,2026-03-13T03:04:17+01:00,STATION,"Halles Castellane",0,12,12,0.0,43.609935,3.877208
2026-03-13,03:04:17,2026-03-13T03:04:17+01:00,STATION,"Observatoire",4,3,8,0.625,43.606301,3.87724
2026-03-13,03:04:17,2026-03-13T03:04:17+01:00,STATION,"Rondelet",7,9,16,0.4375,43.603038,3.875796
2026-03-13,03:04:17,2026-03-13T03:04:17+01:00,STATION,"Plan Cabanes",3,9,12,0.25,43.608491,3.868389
2026-03-13,03:04:17,2026-03-13T03:04:17+01:00,STATION,"Boutonnet",6,6,12,0.5,43.622629,3.868375
2026-03-13,03:04:17,2026-03-13T03:04:17+01:00,STATION,"Emile Combes",7,1,8,0.875,43.616742,3.87998
2026-03-13,03:04:17,2026-03-13T03:04:17+01:00,STATION,"Beaux-Arts",11,5,16,0.6875,43.616698,3.884981
2026-03-13,03:04:17,2026-03-13T03:04:17+01:00,STATION,"Les Aubes",4,4,8,0.5,43.618692,3.893844
2026-03-13,03:04:17,2026-03-13T03:04:17+01:00,STATION,"Antigone centre",2,10,12,0.16666666666666666,43.607942,3.890634
2026-03-13,03:04:17,2026-03-13T03:04:17+01:00,STATION,"Médiathèque Emile Zola",16,0,16,1.0,43.608218,3.89314
2026-03-13,03:04:17,2026-03-13T03:04:17+01:00,STATION,"Nombre d Or",6,10,16,0.375,43.607859,3.886644
2026-03-13,03:04:17,2026-03-13T03:04:17+01:00,STATION,"Louis Blanc",9,7,16,0.5625,43.614642,3.877648
2026-03-13,03:04:17,2026-03-13T03:04:17+01:00,STATION,"Gambetta",5,3,8,0.625,43.607106,3.870693
2026-03-13,03:04:17,2026-03-13T03:04:17+01:00,STATION,"Port Marianne",8,8,16,0.5,43.60032,3.89851
2026-03-13,03:04:17,2026-03-13T03:04:17+01:00,STATION,"Les Arceaux",4,4,8,0.5,43.612659,3.867734
2026-03-13,03:04:17,2026-03-13T03:04:17+01:00,STATION,"Cité Mion",1,5,8,0.375,43.601143,3.884373
2026-03-13,03:04:17,2026-03-13T03:04:17+01:00,STATION,"Nouveau Saint-Roch",2,6,8,0.25,43.599817,3.875757
2026-03-13,03:04:17,2026-03-13T03:04:17+01:00,STATION,"Renouvier",4,3,8,0.625,43.603553,3.867884
2026-03-13,03:04:17,2026-03-13T03:04:17+01:00,STATION,"Odysseum",0,8,8,0.0,43.603727,3.918979
2026-03-13,03:04:17,2026-03-13T03:04:17+01:00,STATION,"Saint-Denis",0,8,8,0.0,43.605021,3.875065
2026-03-13,03:04:17,2026-03-13T03:04:17+01:00,STATION,"Richter",15,1,16,0.9375,43.603424,3.899263
2026-03-13,03:04:17,2026-03-13T03:04:17+01:00,STATION,"Charles Flahault",1,7,8,0.125,43.622038,3.86672
2026-03-13,03:04:17,2026-03-13T03:04:17+01:00,STATION,"Voltaire",5,3,8,0.625,43.603767,3.888659
2026-03-13,03:04:17,2026-03-13T03:04:17+01:00,STATION,"Prés d Arènes",7,1,8,0.875,43.59048,3.884611
2026-03-13,03:04:17,2026-03-13T03:04:17+01:00,STATION,"Garcia Lorca",6,2,8,0.75,43.590757,3.890616
2026-03-13,03:04:17,2026-03-13T03:04:17+01:00,STATION,"Vert Bois",6,10,16,0.375,43.63543,3.871179
2026-03-13,03:04:17,2026-03-13T03:04:17+01:00,STATION,"Malbosc",2,6,8,0.25,43.633679,3.832861
2026-03-13,03:04:17,2026-03-13T03:04:17+01:00,STATION,"Occitanie",0,32,32,0.0,43.635689,3.849597
2026-03-13,03:04:17,2026-03-13T03:04:17+01:00,STATION,"Fac des Sciences",15,9,24,0.625,43.631318,3.861299
2026-03-13,03:04:17,2026-03-13T03:04:17+01:00,STATION,"Fac de Lettres",5,7,12,0.4166666666666667,43.630437,3.869539
2026-03-13,03:04:17,2026-03-13T03:04:17+01:00,STATION,"Aiguelongue",4,3,8,0.625,43.626163,3.882492
2026-03-13,03:04:17,2026-03-13T03:04:17+01:00,STATION,"Jeu de Mail des Abbés",7,1,8,0.875,43.619701,3.883831
2026-03-13,03:04:17,2026-03-13T03:04:17+01:00,STATION,"Euromédecine",1,7,8,0.125,43.639119,3.828199
2026-03-13,03:04:17,2026-03-13T03:04:17+01:00,STATION,"Marie Caizergues",7,1,8,0.875,43.619871,3.873812
2026-03-13,03:04:17,2026-03-13T03:04:17+01:00,STATION,"Sabines",4,4,8,0.5,43.584211,3.860031
2026-03-13,03:04:17,2026-03-13T03:04:17+01:00,STATION,"Celleneuve",0,8,8,0.0,43.61467,3.832624
2026-03-13,03:04:17,2026-03-13T03:04:17+01:00,STATION,"Jardin de la Lironde",4,4,8,0.5,43.60585,3.911576
2026-03-13,03:04:17,2026-03-13T03:04:17+01:00,STATION,"Père Soulas",5,3,8,0.625,43.621983,3.855603
2026-03-13,03:04:17,2026-03-13T03:04:17+01:00,STATION,"Place Viala",5,3,8,0.625,43.616812,3.855075
2026-03-13,03:04:17,2026-03-13T03:04:17+01:00,STATION,"Hôtel du Département",0,8,8,0.0,43.621682,3.83477
2026-03-13,03:04:17,2026-03-13T03:04:17+01:00,STATION,"Tonnelles",0,8,8,0.0,43.615155,3.839466
2026-03-13,03:04:17,2026-03-13T03:04:17+01:00,STATION,"Parvis Jules Ferry - Gare Saint-Roch",1,7,8,0.125,43.603889,3.879362
2026-03-13,03:04:17,2026-03-13T03:04:17+01:00,STATION,"Pont de Lattes - Gare Saint-Roch",5,7,12,0.4166666666666667,43.606036,3.882393
2026-03-13,03:04:17,2026-03-13T03:04:17+01:00,STATION,"Deux Ponts - Gare Saint-Roch",0,8,8,0.0,43.604319,3.880916
2026-03-13,03:04:17,2026-03-13T03:04:17+01:00,STATION,"Providence - Ovalie",7,1,8,0.875,43.588239,3.853421
2026-03-13,03:04:17,2026-03-13T03:04:17+01:00,STATION,"Pérols Etang de l Or",44,24,68,0.6470588235294118,43.558351,3.963412
2026-03-13,03:04:17,2026-03-13T03:04:17+01:00,STATION,"Albert 1er - Cathédrale",2,10,12,0.16666666666666666,43.614005,3.873218
2026-03-13,03:04:17,2026-03-13T03:04:17+01:00,STATION,"Saint-Guilhem - Courreau",1,7,8,0.125,43.608996,3.872752
2026-03-13,03:04:17,2026-03-13T03:04:17+01:00,STATION,"Sud De France",6,2,8,0.75,43.59562,3.9235
2026-03-13,03:04:17,2026-03-13T03:04:17+01:00,STATION,"Comedie Baudin",0,8,8,0.0,43.608717,3.880787
2026-03-13,03:04:17,2026-03-13T03:04:17+01:00,STATION,"Jean de Beins",5,11,16,0.3125,43.609857,3.883884
2026-03-13,05:25:38,2026-03-13T05:25:38+01:00,STATION,"Rue Jules Ferry - Gare Saint-Roch",1,11,12,0.08333333333333333,43.605366,3.881346
2026-03-13,05:25:38,2026-03-13T05:25:38+01:00,STATION,"Comédie",2,18,20,0.1,43.608148,3.878778
2026-03-13,05:25:38,2026-03-13T05:25:38+01:00,STATION,"Hôtel de Ville",12,3,16,0.8125,43.599088,3.894866
2026-03-13,05:25:38,2026-03-13T05:25:38+01:00,STATION,"Corum",5,7,12,0.4166666666666667,43.613989,3.8816
2026-03-13,05:25:38,2026-03-13T05:25:38+01:00,STATION,"Place Albert 1er - St Charles",13,14,27,0.48148148148148145,43.616768,3.873375
2026-03-13,05:25:38,2026-03-13T05:25:38+01:00,STATION,"Foch",1,7,8,0.125,43.610989,3.873345
2026-03-13,05:25:38,2026-03-13T05:25:38+01:00,STATION,"Halles Castellane",0,12,12,0.0,43.609935,3.877208
2026-03-13,05:25:38,2026-03-13T05:25:38+01:00,STATION,"Observatoire",3,4,8,0.5,43.606301,3.87724
2026-03-13,05:25:38,2026-03-13T05:25:38+01:00,STATION,"Rondelet",7,9,16,0.4375,43.603038,3.875796
2026-03-13,05:25:38,2026-03-13T05:25:38+01:00,STATION,"Plan Cabanes",3,9,12,0.25,43.608491,3.868389
2026-03-13,05:25:38,2026-03-13T05:25:38+01:00,STATION,"Boutonnet",11,1,12,0.9166666666666666,43.622629,3.868375
2026-03-13,05:25:38,2026-03-13T05:25:38+01:00,STATION,"Emile Combes",7,1,8,0.875,43.616742,3.87998
2026-03-13,05:25:38,2026-03-13T05:25:38+01:00,STATION,"Beaux-Arts",11,5,16,0.6875,43.616698,3.884981
2026-03-13,05:25:38,2026-03-13T05:25:38+01:00,STATION,"Les Aubes",3,5,8,0.375,43.618692,3.893844
2026-03-13,05:25:38,2026-03-13T05:25:38+01:00,STATION,"Antigone centre",2,10,12,0.16666666666666666,43.607942,3.890634
2026-03-13,05:25:38,2026-03-13T05:25:38+01:00,STATION,"Médiathèque Emile Zola",16,0,16,1.0,43.608218,3.89314
2026-03-13,05:25:38,2026-03-13T05:25:38+01:00,STATION,"Nombre d Or",6,10,16,0.375,43.607859,3.886644
2026-03-13,05:25:38,2026-03-13T05:25:38+01:00,STATION,"Louis Blanc",9,7,16,0.5625,43.614642,3.877648
2026-03-13,05:25:38,2026-03-13T05:25:38+01:00,STATION,"Gambetta",5,3,8,0.625,43.607106,3.870693
2026-03-13,05:25:38,2026-03-13T05:25:38+01:00,STATION,"Port Marianne",8,8,16,0.5,43.60032,3.89851
2026-03-13,05:25:38,2026-03-13T05:25:38+01:00,STATION,"Les Arceaux",1,7,8,0.125,43.612659,3.867734
2026-03-13,05:25:38,2026-03-13T05:25:38+01:00,STATION,"Cité Mion",1,5,8,0.375,43.601143,3.884373
2026-03-13,05:25:38,2026-03-13T05:25:38+01:00,STATION,"Nouveau Saint-Roch",2,6,8,0.25,43.599817,3.875757
2026-03-13,05:25:38,2026-03-13T05:25:38+01:00,STATION,"Renouvier",3,4,8,0.5,43.603553,3.867884
2026-03-13,05:25:38,2026-03-13T05:25:38+01:00,STATION,"Odysseum",0,8,8,0.0,43.603727,3.918979
2026-03-13,05:25:38,2026-03-13T05:25:38+01:00,STATION,"Saint-Denis",0,8,8,0.0,43.605021,3.875065
2026-03-13,05:25:38,2026-03-13T05:25:38+01:00,STATION,"Richter",15,1,16,0.9375,43.603424,3.899263
2026-03-13,05:25:38,2026-03-13T05:25:38+01:00,STATION,"Charles Flahault",1,7,8,0.125,43.622038,3.86672
2026-03-13,05:25:38,2026-03-13T05:25:38+01:00,STATION,"Voltaire",5,3,8,0.625,43.603767,3.888659
2026-03-13,05:25:38,2026-03-13T05:25:38+01:00,STATION,"Prés d Arènes",7,1,8,0.875,43.59048,3.884611
2026-03-13,05:25:38,2026-03-13T05:25:38+01:00,STATION,"Garcia Lorca",6,2,8,0.75,43.590757,3.890616
2026-03-13,05:25:38,2026-03-13T05:25:38+01:00,STATION,"Vert Bois",6,10,16,0.375,43.63543,3.871179
2026-03-13,05:25:38,2026-03-13T05:25:38+01:00,STATION,"Malbosc",2,6,8,0.25,43.633679,3.832861
2026-03-13,05:25:38,2026-03-13T05:25:38+01:00,STATION,"Occitanie",7,25,32,0.21875,43.635689,3.849597
2026-03-13,05:25:38,2026-03-13T05:25:38+01:00,STATION,"Fac des Sciences",20,4,24,0.8333333333333334,43.631318,3.861299
2026-03-13,05:25:38,2026-03-13T05:25:38+01:00,STATION,"Fac de Lettres",9,3,12,0.75,43.630437,3.869539
2026-03-13,05:25:38,2026-03-13T05:25:38+01:00,STATION,"Aiguelongue",4,3,8,0.625,43.626163,3.882492
2026-03-13,05:25:38,2026-03-13T05:25:38+01:00,STATION,"Jeu de Mail des Abbés",7,1,8,0.875,43.619701,3.883831
2026-03-13,05:25:38,2026-03-13T05:25:38+01:00,STATION,"Euromédecine",1,7,8,0.125,43.639119,3.828199
2026-03-13,05:25:38,2026-03-13T05:25:38+01:00,STATION,"Marie Caizergues",7,1,8,0.875,43.619871,3.873812
2026-03-13,05:25:38,2026-03-13T05:25:38+01:00,STATION,"Sabines",5,3,8,0.625,43.584211,3.860031
2026-03-13,05:25:38,2026-03-13T05:25:38+01:00,STATION,"Celleneuve",0,8,8,0.0,43.61467,3.832624
2026-03-13,05:25:38,2026-03-13T05:25:38+01:00,STATION,"Jardin de la Lironde",2,6,8,0.25,43.60585,3.911576
2026-03-13,05:25:38,2026-03-13T05:25:38+01:00,STATION,"Père Soulas",5,3,8,0.625,43.621983,3.855603
2026-03-13,05:25:38,2026-03-13T05:25:38+01:00,STATION,"Place Viala",3,5,8,0.375,43.616812,3.855075
2026-03-13,05:25:38,2026-03-13T05:25:38+01:00,STATION,"Hôtel du Département",0,8,8,0.0,43.621682,3.83477
2026-03-13,05:25:38,2026-03-13T05:25:38+01:00,STATION,"Tonnelles",1,7,8,0.125,43.615155,3.839466
2026-03-13,05:25:38,2026-03-13T05:25:38+01:00,STATION,"Parvis Jules Ferry - Gare Saint-Roch",3,5,8,0.375,43.603889,3.879362
2026-03-13,05:25:38,2026-03-13T05:25:38+01:00,STATION,"Pont de Lattes - Gare Saint-Roch",5,7,12,0.4166666666666667,43.606036,3.882393
2026-03-13,05:25:38,2026-03-13T05:25:38+01:00,STATION,"Deux Ponts - Gare Saint-Roch",0,8,8,0.0,43.604319,3.880916
2026-03-13,05:25:38,2026-03-13T05:25:38+01:00,STATION,"Providence - Ovalie",7,1,8,0.875,43.588239,3.853421
2026-03-13,05:25:38,2026-03-13T05:25:38+01:00,STATION,"Pérols Etang de l Or",42,26,68,0.6176470588235294,43.558351,3.963412
2026-03-13,05:25:38,2026-03-13T05:25:38+01:00,STATION,"Albert 1er - Cathédrale",1,11,12,0.08333333333333333,43.614005,3.873218
2026-03-13,05:25:38,2026-03-13T05:25:38+01:00,STATION,"Saint-Guilhem - Courreau",0,8,8,0.0,43.608996,3.872752
2026-03-13,05:25:38,2026-03-13T05:25:38+01:00,STATION,"Sud De France",6,2,8,0.75,43.59562,3.9235
2026-03-13,05:25:38,2026-03-13T05:25:38+01:00,STATION,"Comedie Baudin",0,8,8,0.0,43.608717,3.880787
2026-03-13,05:25:38,2026-03-13T05:25:38+01:00,STATION,"Jean de Beins",5,11,16,0.3125,43.609857,3.883884
2026-03-13,06:33:51,2026-03-13T06:33:51+01:00,STATION,"Rue Jules Ferry - Gare Saint-Roch",1,11,12,0.08333333333333333,43.605366,3.881346
2026-03-13,06:33:51,2026-03-13T06:33:51+01:00,STATION,"Comédie",2,18,20,0.1,43.608148,3.878778
2026-03-13,06:33:51,2026-03-13T06:33:51+01:00,STATION,"Hôtel de Ville",12,3,16,0.8125,43.599088,3.894866
2026-03-13,06:33:51,2026-03-13T06:33:51+01:00,STATION,"Corum",5,7,12,0.4166666666666667,43.613989,3.8816
2026-03-13,06:33:51,2026-03-13T06:33:51+01:00,STATION,"Place Albert 1er - St Charles",13,14,27,0.48148148148148145,43.616768,3.873375
2026-03-13,06:33:51,2026-03-13T06:33:51+01:00,STATION,"Foch",1,7,8,0.125,43.610989,3.873345
2026-03-13,06:33:51,2026-03-13T06:33:51+01:00,STATION,"Halles Castellane",0,12,12,0.0,43.609935,3.877208
2026-03-13,06:33:51,2026-03-13T06:33:51+01:00,STATION,"Observatoire",3,4,8,0.5,43.606301,3.87724
2026-03-13,06:33:51,2026-03-13T06:33:51+01:00,STATION,"Rondelet",7,9,16,0.4375,43.603038,3.875796
2026-03-13,06:33:51,2026-03-13T06:33:51+01:00,STATION,"Plan Cabanes",3,9,12,0.25,43.608491,3.868389
2026-03-13,06:33:51,2026-03-13T06:33:51+01:00,STATION,"Boutonnet",11,1,12,0.9166666666666666,43.622629,3.868375
2026-03-13,06:33:51,2026-03-13T06:33:51+01:00,STATION,"Emile Combes",7,1,8,0.875,43.616742,3.87998
2026-03-13,06:33:51,2026-03-13T06:33:51+01:00,STATION,"Beaux-Arts",11,5,16,0.6875,43.616698,3.884981
2026-03-13,06:33:51,2026-03-13T06:33:51+01:00,STATION,"Les Aubes",3,5,8,0.375,43.618692,3.893844
2026-03-13,06:33:51,2026-03-13T06:33:51+01:00,STATION,"Antigone centre",2,10,12,0.16666666666666666,43.607942,3.890634
2026-03-13,06:33:51,2026-03-13T06:33:51+01:00,STATION,"Médiathèque Emile Zola",16,0,16,1.0,43.608218,3.89314
2026-03-13,06:33:51,2026-03-13T06:33:51+01:00,STATION,"Nombre d Or",6,10,16,0.375,43.607859,3.886644
2026-03-13,06:33:51,2026-03-13T06:33:51+01:00,STATION,"Louis Blanc",9,7,16,0.5625,43.614642,3.877648
2026-03-13,06:33:51,2026-03-13T06:33:51+01:00,STATION,"Gambetta",5,3,8,0.625,43.607106,3.870693
2026-03-13,06:33:51,2026-03-13T06:33:51+01:00,STATION,"Port Marianne",8,8,16,0.5,43.60032,3.89851
2026-03-13,06:33:51,2026-03-13T06:33:51+01:00,STATION,"Les Arceaux",1,7,8,0.125,43.612659,3.867734
2026-03-13,06:33:51,2026-03-13T06:33:51+01:00,STATION,"Cité Mion",1,5,8,0.375,43.601143,3.884373
2026-03-13,06:33:51,2026-03-13T06:33:51+01:00,STATION,"Nouveau Saint-Roch",2,6,8,0.25,43.599817,3.875757
2026-03-13,06:33:51,2026-03-13T06:33:51+01:00,STATION,"Renouvier",3,4,8,0.5,43.603553,3.867884
2026-03-13,06:33:51,2026-03-13T06:33:51+01:00,STATION,"Odysseum",0,8,8,0.0,43.603727,3.918979
2026-03-13,06:33:51,2026-03-13T06:33:51+01:00,STATION,"Saint-Denis",0,8,8,0.0,43.605021,3.875065
2026-03-13,06:33:51,2026-03-13T06:33:51+01:00,STATION,"Richter",15,1,16,0.9375,43.603424,3.899263
2026-03-13,06:33:51,2026-03-13T06:33:51+01:00,STATION,"Charles Flahault",1,7,8,0.125,43.622038,3.86672
2026-03-13,06:33:51,2026-03-13T06:33:51+01:00,STATION,"Voltaire",5,3,8,0.625,43.603767,3.888659
2026-03-13,06:33:51,2026-03-13T06:33:51+01:00,STATION,"Prés d Arènes",7,1,8,0.875,43.59048,3.884611
2026-03-13,06:33:51,2026-03-13T06:33:51+01:00,STATION,"Garcia Lorca",6,2,8,0.75,43.590757,3.890616
2026-03-13,06:33:51,2026-03-13T06:33:51+01:00,STATION,"Vert Bois",6,10,16,0.375,43.63543,3.871179
2026-03-13,06:33:51,2026-03-13T06:33:51+01:00,STATION,"Malbosc",2,6,8,0.25,43.633679,3.832861
2026-03-13,06:33:51,2026-03-13T06:33:51+01:00,STATION,"Occitanie",8,24,32,0.25,43.635689,3.849597
2026-03-13,06:33:51,2026-03-13T06:33:51+01:00,STATION,"Fac des Sciences",20,4,24,0.8333333333333334,43.631318,3.861299
2026-03-13,06:33:51,2026-03-13T06:33:51+01:00,STATION,"Fac de Lettres",9,3,12,0.75,43.630437,3.869539
2026-03-13,06:33:51,2026-03-13T06:33:51+01:00,STATION,"Aiguelongue",4,3,8,0.625,43.626163,3.882492
2026-03-13,06:33:51,2026-03-13T06:33:51+01:00,STATION,"Jeu de Mail des Abbés",7,1,8,0.875,43.619701,3.883831
2026-03-13,06:33:51,2026-03-13T06:33:51+01:00,STATION,"Euromédecine",1,7,8,0.125,43.639119,3.828199
2026-03-13,06:33:51,2026-03-13T06:33:51+01:00,STATION,"Marie Caizergues",7,1,8,0.875,43.619871,3.873812
2026-03-13,06:33:51,2026-03-13T06:33:51+01:00,STATION,"Sabines",5,3,8,0.625,43.584211,3.860031
2026-03-13,06:33:51,2026-03-13T06:33:51+01:00,STATION,"Celleneuve",0,8,8,0.0,43.61467,3.832624
2026-03-13,06:33:51,2026-03-13T06:33:51+01:00,STATION,"Jardin de la Lironde",2,6,8,0.25,43.60585,3.911576
2026-03-13,06:33:51,2026-03-13T06:33:51+01:00,STATION,"Père Soulas",5,3,8,0.625,43.621983,3.855603
2026-03-13,06:33:51,2026-03-13T06:33:51+01:00,STATION,"Place Viala",3,5,8,0.375,43.616812,3.855075
2026-03-13,06:33:51,2026-03-13T06:33:51+01:00,STATION,"Hôtel du Département",0,8,8,0.0,43.621682,3.83477
2026-03-13,06:33:51,2026-03-13T06:33:51+01:00,STATION,"Tonnelles",1,7,8,0.125,43.615155,3.839466
2026-03-13,06:33:51,2026-03-13T06:33:51+01:00,STATION,"Parvis Jules Ferry - Gare Saint-Roch",3,5,8,0.375,43.603889,3.879362
2026-03-13,06:33:51,2026-03-13T06:33:51+01:00,STATION,"Pont de Lattes - Gare Saint-Roch",5,7,12,0.4166666666666667,43.606036,3.882393
2026-03-13,06:33:51,2026-03-13T06:33:51+01:00,STATION,"Deux Ponts - Gare Saint-Roch",0,8,8,0.0,43.604319,3.880916
2026-03-13,06:33:51,2026-03-13T06:33:51+01:00,STATION,"Providence - Ovalie",7,1,8,0.875,43.588239,3.853421
2026-03-13,06:33:51,2026-03-13T06:33:51+01:00,STATION,"Pérols Etang de l Or",43,25,68,0.6323529411764706,43.558351,3.963412
2026-03-13,06:33:51,2026-03-13T06:33:51+01:00,STATION,"Albert 1er - Cathédrale",1,11,12,0.08333333333333333,43.614005,3.873218
2026-03-13,06:33:51,2026-03-13T06:33:51+01:00,STATION,"Saint-Guilhem - Courreau",0,8,8,0.0,43.608996,3.872752
2026-03-13,06:33:51,2026-03-13T06:33:51+01:00,STATION,"Sud De France",6,2,8,0.75,43.59562,3.9235
2026-03-13,06:33:51,2026-03-13T06:33:51+01:00,STATION,"Comedie Baudin",0,8,8,0.0,43.608717,3.880787
2026-03-13,06:33:51,2026-03-13T06:33:51+01:00,STATION,"Jean de Beins",5,11,16,0.3125,43.609857,3.883884
2026-03-13,07:55:36,2026-03-13T07:55:36+01:00,STATION,"Rue Jules Ferry - Gare Saint-Roch",1,11,12,0.08333333333333333,43.605366,3.881346
2026-03-13,07:55:36,2026-03-13T07:55:36+01:00,STATION,"Comédie",6,14,20,0.3,43.608148,3.878778
2026-03-13,07:55:36,2026-03-13T07:55:36+01:00,STATION,"Hôtel de Ville",12,3,16,0.8125,43.599088,3.894866
2026-03-13,07:55:36,2026-03-13T07:55:36+01:00,STATION,"Corum",5,7,12,0.4166666666666667,43.613989,3.8816
2026-03-13,07:55:36,2026-03-13T07:55:36+01:00,STATION,"Place Albert 1er - St Charles",13,14,27,0.48148148148148145,43.616768,3.873375
2026-03-13,07:55:36,2026-03-13T07:55:36+01:00,STATION,"Foch",1,7,8,0.125,43.610989,3.873345
2026-03-13,07:55:36,2026-03-13T07:55:36+01:00,STATION,"Halles Castellane",0,12,12,0.0,43.609935,3.877208
2026-03-13,07:55:36,2026-03-13T07:55:36+01:00,STATION,"Observatoire",3,4,8,0.5,43.606301,3.87724
2026-03-13,07:55:36,2026-03-13T07:55:36+01:00,STATION,"Rondelet",7,9,16,0.4375,43.603038,3.875796
2026-03-13,07:55:36,2026-03-13T07:55:36+01:00,STATION,"Plan Cabanes",3,9,12,0.25,43.608491,3.868389
2026-03-13,07:55:36,2026-03-13T07:55:36+01:00,STATION,"Boutonnet",12,0,12,1.0,43.622629,3.868375
2026-03-13,07:55:36,2026-03-13T07:55:36+01:00,STATION,"Emile Combes",7,1,8,0.875,43.616742,3.87998
2026-03-13,07:55:36,2026-03-13T07:55:36+01:00,STATION,"Beaux-Arts",11,5,16,0.6875,43.616698,3.884981
2026-03-13,07:55:36,2026-03-13T07:55:36+01:00,STATION,"Les Aubes",3,5,8,0.375,43.618692,3.893844
2026-03-13,07:55:36,2026-03-13T07:55:36+01:00,STATION,"Antigone centre",2,10,12,0.16666666666666666,43.607942,3.890634
2026-03-13,07:55:36,2026-03-13T07:55:36+01:00,STATION,"Médiathèque Emile Zola",16,0,16,1.0,43.608218,3.89314
2026-03-13,07:55:36,2026-03-13T07:55:36+01:00,STATION,"Nombre d Or",6,10,16,0.375,43.607859,3.886644
2026-03-13,07:55:36,2026-03-13T07:55:36+01:00,STATION,"Louis Blanc",9,7,16,0.5625,43.614642,3.877648
2026-03-13,07:55:36,2026-03-13T07:55:36+01:00,STATION,"Gambetta",5,3,8,0.625,43.607106,3.870693
2026-03-13,07:55:36,2026-03-13T07:55:36+01:00,STATION,"Port Marianne",8,8,16,0.5,43.60032,3.89851
2026-03-13,07:55:36,2026-03-13T07:55:36+01:00,STATION,"Les Arceaux",1,7,8,0.125,43.612659,3.867734
2026-03-13,07:55:36,2026-03-13T07:55:36+01:00,STATION,"Cité Mion",1,5,8,0.375,43.601143,3.884373
2026-03-13,07:55:36,2026-03-13T07:55:36+01:00,STATION,"Nouveau Saint-Roch",2,6,8,0.25,43.599817,3.875757
2026-03-13,07:55:36,2026-03-13T07:55:36+01:00,STATION,"Renouvier",3,4,8,0.5,43.603553,3.867884
2026-03-13,07:55:36,2026-03-13T07:55:36+01:00,STATION,"Odysseum",0,8,8,0.0,43.603727,3.918979
2026-03-13,07:55:36,2026-03-13T07:55:36+01:00,STATION,"Saint-Denis",0,8,8,0.0,43.605021,3.875065
2026-03-13,07:55:36,2026-03-13T07:55:36+01:00,STATION,"Richter",7,9,16,0.4375,43.603424,3.899263
2026-03-13,07:55:36,2026-03-13T07:55:36+01:00,STATION,"Charles Flahault",1,7,8,0.125,43.622038,3.86672
2026-03-13,07:55:36,2026-03-13T07:55:36+01:00,STATION,"Voltaire",5,3,8,0.625,43.603767,3.888659
2026-03-13,07:55:36,2026-03-13T07:55:36+01:00,STATION,"Prés d Arènes",7,1,8,0.875,43.59048,3.884611
2026-03-13,07:55:36,2026-03-13T07:55:36+01:00,STATION,"Garcia Lorca",5,3,8,0.625,43.590757,3.890616
2026-03-13,07:55:36,2026-03-13T07:55:36+01:00,STATION,"Vert Bois",6,10,16,0.375,43.63543,3.871179
2026-03-13,07:55:36,2026-03-13T07:55:36+01:00,STATION,"Malbosc",2,6,8,0.25,43.633679,3.832861
2026-03-13,07:55:36,2026-03-13T07:55:36+01:00,STATION,"Occitanie",8,24,32,0.25,43.635689,3.849597
2026-03-13,07:55:36,2026-03-13T07:55:36+01:00,STATION,"Fac des Sciences",19,5,24,0.7916666666666666,43.631318,3.861299
2026-03-13,07:55:36,2026-03-13T07:55:36+01:00,STATION,"Fac de Lettres",8,4,12,0.6666666666666666,43.630437,3.869539
2026-03-13,07:55:36,2026-03-13T07:55:36+01:00,STATION,"Aiguelongue",3,4,8,0.5,43.626163,3.882492
2026-03-13,07:55:36,2026-03-13T07:55:36+01:00,STATION,"Jeu de Mail des Abbés",7,1,8,0.875,43.619701,3.883831
2026-03-13,07:55:36,2026-03-13T07:55:36+01:00,STATION,"Euromédecine",1,7,8,0.125,43.639119,3.828199
2026-03-13,07:55:36,2026-03-13T07:55:36+01:00,STATION,"Marie Caizergues",7,1,8,0.875,43.619871,3.873812
2026-03-13,07:55:36,2026-03-13T07:55:36+01:00,STATION,"Sabines",5,3,8,0.625,43.584211,3.860031
2026-03-13,07:55:36,2026-03-13T07:55:36+01:00,STATION,"Celleneuve",0,8,8,0.0,43.61467,3.832624
2026-03-13,07:55:36,2026-03-13T07:55:36+01:00,STATION,"Jardin de la Lironde",2,6,8,0.25,43.60585,3.911576
2026-03-13,07:55:36,2026-03-13T07:55:36+01:00,STATION,"Père Soulas",5,3,8,0.625,43.621983,3.855603
2026-03-13,07:55:36,2026-03-13T07:55:36+01:00,STATION,"Place Viala",3,5,8,0.375,43.616812,3.855075
2026-03-13,07:55:36,2026-03-13T07:55:36+01:00,STATION,"Hôtel du Département",0,8,8,0.0,43.621682,3.83477
2026-03-13,07:55:36,2026-03-13T07:55:36+01:00,STATION,"Tonnelles",1,7,8,0.125,43.615155,3.839466
2026-03-13,07:55:36,2026-03-13T07:55:36+01:00,STATION,"Parvis Jules Ferry - Gare Saint-Roch",3,5,8,0.375,43.603889,3.879362
2026-03-13,07:55:36,2026-03-13T07:55:36+01:00,STATION,"Pont de Lattes - Gare Saint-Roch",5,7,12,0.4166666666666667,43.606036,3.882393
2026-03-13,07:55:36,2026-03-13T07:55:36+01:00,STATION,"Deux Ponts - Gare Saint-Roch",0,8,8,0.0,43.604319,3.880916
2026-03-13,07:55:36,2026-03-13T07:55:36+01:00,STATION,"Providence - Ovalie",7,1,8,0.875,43.588239,3.853421
2026-03-13,07:55:36,2026-03-13T07:55:36+01:00,STATION,"Pérols Etang de l Or",44,24,68,0.6470588235294118,43.558351,3.963412
2026-03-13,07:55:36,2026-03-13T07:55:36+01:00,STATION,"Albert 1er - Cathédrale",1,11,12,0.08333333333333333,43.614005,3.873218
2026-03-13,07:55:36,2026-03-13T07:55:36+01:00,STATION,"Saint-Guilhem - Courreau",0,8,8,0.0,43.608996,3.872752
2026-03-13,07:55:36,2026-03-13T07:55:36+01:00,STATION,"Sud De France",6,2,8,0.75,43.59562,3.9235
2026-03-13,07:55:36,2026-03-13T07:55:36+01:00,STATION,"Comedie Baudin",0,8,8,0.0,43.608717,3.880787
2026-03-13,07:55:36,2026-03-13T07:55:36+01:00,STATION,"Jean de Beins",5,11,16,0.3125,43.609857,3.883884
2026-03-13,08:45:49,2026-03-13T08:45:49+01:00,STATION,"Rue Jules Ferry - Gare Saint-Roch",1,11,12,0.08333333333333333,43.605366,3.881346
2026-03-13,08:45:49,2026-03-13T08:45:49+01:00,STATION,"Comédie",10,10,20,0.5,43.608148,3.878778
2026-03-13,08:45:49,2026-03-13T08:45:49+01:00,STATION,"Hôtel de Ville",12,3,16,0.8125,43.599088,3.894866
2026-03-13,08:45:49,2026-03-13T08:45:49+01:00,STATION,"Corum",5,7,12,0.4166666666666667,43.613989,3.8816
2026-03-13,08:45:49,2026-03-13T08:45:49+01:00,STATION,"Place Albert 1er - St Charles",13,14,27,0.48148148148148145,43.616768,3.873375
2026-03-13,08:45:49,2026-03-13T08:45:49+01:00,STATION,"Foch",1,7,8,0.125,43.610989,3.873345
2026-03-13,08:45:49,2026-03-13T08:45:49+01:00,STATION,"Halles Castellane",0,12,12,0.0,43.609935,3.877208
2026-03-13,08:45:49,2026-03-13T08:45:49+01:00,STATION,"Observatoire",3,4,8,0.5,43.606301,3.87724
2026-03-13,08:45:49,2026-03-13T08:45:49+01:00,STATION,"Rondelet",7,9,16,0.4375,43.603038,3.875796
2026-03-13,08:45:49,2026-03-13T08:45:49+01:00,STATION,"Plan Cabanes",4,8,12,0.3333333333333333,43.608491,3.868389
2026-03-13,08:45:49,2026-03-13T08:45:49+01:00,STATION,"Boutonnet",12,0,12,1.0,43.622629,3.868375
2026-03-13,08:45:49,2026-03-13T08:45:49+01:00,STATION,"Emile Combes",8,0,8,1.0,43.616742,3.87998
2026-03-13,08:45:49,2026-03-13T08:45:49+01:00,STATION,"Beaux-Arts",11,5,16,0.6875,43.616698,3.884981
2026-03-13,08:45:49,2026-03-13T08:45:49+01:00,STATION,"Les Aubes",3,5,8,0.375,43.618692,3.893844
2026-03-13,08:45:49,2026-03-13T08:45:49+01:00,STATION,"Antigone centre",6,6,12,0.5,43.607942,3.890634
2026-03-13,08:45:49,2026-03-13T08:45:49+01:00,STATION,"Médiathèque Emile Zola",11,5,16,0.6875,43.608218,3.89314
2026-03-13,08:45:49,2026-03-13T08:45:49+01:00,STATION,"Nombre d Or",6,10,16,0.375,43.607859,3.886644
2026-03-13,08:45:49,2026-03-13T08:45:49+01:00,STATION,"Louis Blanc",8,8,16,0.5,43.614642,3.877648
2026-03-13,08:45:49,2026-03-13T08:45:49+01:00,STATION,"Gambetta",5,3,8,0.625,43.607106,3.870693
2026-03-13,08:45:49,2026-03-13T08:45:49+01:00,STATION,"Port Marianne",8,8,16,0.5,43.60032,3.89851
2026-03-13,08:45:49,2026-03-13T08:45:49+01:00,STATION,"Les Arceaux",1,7,8,0.125,43.612659,3.867734
2026-03-13,08:45:49,2026-03-13T08:45:49+01:00,STATION,"Cité Mion",1,5,8,0.375,43.601143,3.884373
2026-03-13,08:45:49,2026-03-13T08:45:49+01:00,STATION,"Nouveau Saint-Roch",2,6,8,0.25,43.599817,3.875757
2026-03-13,08:45:49,2026-03-13T08:45:49+01:00,STATION,"Renouvier",2,5,8,0.375,43.603553,3.867884
2026-03-13,08:45:49,2026-03-13T08:45:49+01:00,STATION,"Odysseum",0,8,8,0.0,43.603727,3.918979
2026-03-13,08:45:49,2026-03-13T08:45:49+01:00,STATION,"Saint-Denis",0,8,8,0.0,43.605021,3.875065
2026-03-13,08:45:49,2026-03-13T08:45:49+01:00,STATION,"Richter",8,8,16,0.5,43.603424,3.899263
2026-03-13,08:45:49,2026-03-13T08:45:49+01:00,STATION,"Charles Flahault",1,7,8,0.125,43.622038,3.86672
2026-03-13,08:45:49,2026-03-13T08:45:49+01:00,STATION,"Voltaire",5,3,8,0.625,43.603767,3.888659
2026-03-13,08:45:49,2026-03-13T08:45:49+01:00,STATION,"Prés d Arènes",7,1,8,0.875,43.59048,3.884611
2026-03-13,08:45:49,2026-03-13T08:45:49+01:00,STATION,"Garcia Lorca",5,3,8,0.625,43.590757,3.890616
2026-03-13,08:45:49,2026-03-13T08:45:49+01:00,STATION,"Vert Bois",5,11,16,0.3125,43.63543,3.871179
2026-03-13,08:45:49,2026-03-13T08:45:49+01:00,STATION,"Malbosc",2,6,8,0.25,43.633679,3.832861
2026-03-13,08:45:49,2026-03-13T08:45:49+01:00,STATION,"Occitanie",8,24,32,0.25,43.635689,3.849597
2026-03-13,08:45:49,2026-03-13T08:45:49+01:00,STATION,"Fac des Sciences",19,5,24,0.7916666666666666,43.631318,3.861299
2026-03-13,08:45:49,2026-03-13T08:45:49+01:00,STATION,"Fac de Lettres",8,4,12,0.6666666666666666,43.630437,3.869539
2026-03-13,08:45:49,2026-03-13T08:45:49+01:00,STATION,"Aiguelongue",3,4,8,0.5,43.626163,3.882492
2026-03-13,08:45:49,2026-03-13T08:45:49+01:00,STATION,"Jeu de Mail des Abbés",7,1,8,0.875,43.619701,3.883831
2026-03-13,08:45:49,2026-03-13T08:45:49+01:00,STATION,"Euromédecine",1,7,8,0.125,43.639119,3.828199
2026-03-13,08:45:49,2026-03-13T08:45:49+01:00,STATION,"Marie Caizergues",7,1,8,0.875,43.619871,3.873812
2026-03-13,08:45:49,2026-03-13T08:45:49+01:00,STATION,"Sabines",5,3,8,0.625,43.584211,3.860031
2026-03-13,08:45:49,2026-03-13T08:45:49+01:00,STATION,"Celleneuve",0,8,8,0.0,43.61467,3.832624
2026-03-13,08:45:49,2026-03-13T08:45:49+01:00,STATION,"Jardin de la Lironde",1,7,8,0.125,43.60585,3.911576
2026-03-13,08:45:49,2026-03-13T08:45:49+01:00,STATION,"Père Soulas",5,3,8,0.625,43.621983,3.855603
2026-03-13,08:45:49,2026-03-13T08:45:49+01:00,STATION,"Place Viala",2,6,8,0.25,43.616812,3.855075
2026-03-13,08:45:49,2026-03-13T08:45:49+01:00,STATION,"Hôtel du Département",0,8,8,0.0,43.621682,3.83477
2026-03-13,08:45:49,2026-03-13T08:45:49+01:00,STATION,"Tonnelles",1,7,8,0.125,43.615155,3.839466
2026-03-13,08:45:49,2026-03-13T08:45:49+01:00,STATION,"Parvis Jules Ferry - Gare Saint-Roch",3,5,8,0.375,43.603889,3.879362
2026-03-13,08:45:49,2026-03-13T08:45:49+01:00,STATION,"Pont de Lattes - Gare Saint-Roch",5,7,12,0.4166666666666667,43.606036,3.882393
2026-03-13,08:45:49,2026-03-13T08:45:49+01:00,STATION,"Deux Ponts - Gare Saint-Roch",0,8,8,0.0,43.604319,3.880916
2026-03-13,08:45:49,2026-03-13T08:45:49+01:00,STATION,"Providence - Ovalie",6,2,8,0.75,43.588239,3.853421
2026-03-13,08:45:49,2026-03-13T08:45:49+01:00,STATION,"Pérols Etang de l Or",44,24,68,0.6470588235294118,43.558351,3.963412
2026-03-13,08:45:49,2026-03-13T08:45:49+01:00,STATION,"Albert 1er - Cathédrale",1,11,12,0.08333333333333333,43.614005,3.873218
2026-03-13,08:45:49,2026-03-13T08:45:49+01:00,STATION,"Saint-Guilhem - Courreau",0,8,8,0.0,43.608996,3.872752
2026-03-13,08:45:49,2026-03-13T08:45:49+01:00,STATION,"Sud De France",6,2,8,0.75,43.59562,3.9235
2026-03-13,08:45:49,2026-03-13T08:45:49+01:00,STATION,"Comedie Baudin",0,8,8,0.0,43.608717,3.880787
2026-03-13,08:45:49,2026-03-13T08:45:49+01:00,STATION,"Jean de Beins",5,11,16,0.3125,43.609857,3.883884
2026-03-13,09:41:07,2026-03-13T09:41:07+01:00,STATION,"Rue Jules Ferry - Gare Saint-Roch",5,7,12,0.4166666666666667,43.605366,3.881346
2026-03-13,09:41:07,2026-03-13T09:41:07+01:00,STATION,"Comédie",10,10,20,0.5,43.608148,3.878778
2026-03-13,09:41:07,2026-03-13T09:41:07+01:00,STATION,"Hôtel de Ville",12,3,16,0.8125,43.599088,3.894866
2026-03-13,09:41:07,2026-03-13T09:41:07+01:00,STATION,"Corum",6,6,12,0.5,43.613989,3.8816
2026-03-13,09:41:07,2026-03-13T09:41:07+01:00,STATION,"Place Albert 1er - St Charles",14,13,27,0.5185185185185185,43.616768,3.873375
2026-03-13,09:41:07,2026-03-13T09:41:07+01:00,STATION,"Foch",5,3,8,0.625,43.610989,3.873345
2026-03-13,09:41:07,2026-03-13T09:41:07+01:00,STATION,"Halles Castellane",0,12,12,0.0,43.609935,3.877208
2026-03-13,09:41:07,2026-03-13T09:41:07+01:00,STATION,"Observatoire",4,3,8,0.625,43.606301,3.87724
2026-03-13,09:41:07,2026-03-13T09:41:07+01:00,STATION,"Rondelet",6,10,16,0.375,43.603038,3.875796
2026-03-13,09:41:07,2026-03-13T09:41:07+01:00,STATION,"Plan Cabanes",2,10,12,0.16666666666666666,43.608491,3.868389
2026-03-13,09:41:07,2026-03-13T09:41:07+01:00,STATION,"Boutonnet",6,6,12,0.5,43.622629,3.868375
2026-03-13,09:41:07,2026-03-13T09:41:07+01:00,STATION,"Emile Combes",8,0,8,1.0,43.616742,3.87998
2026-03-13,09:41:07,2026-03-13T09:41:07+01:00,STATION,"Beaux-Arts",11,5,16,0.6875,43.616698,3.884981
2026-03-13,09:41:07,2026-03-13T09:41:07+01:00,STATION,"Les Aubes",3,5,8,0.375,43.618692,3.893844
2026-03-13,09:41:07,2026-03-13T09:41:07+01:00,STATION,"Antigone centre",6,6,12,0.5,43.607942,3.890634
2026-03-13,09:41:07,2026-03-13T09:41:07+01:00,STATION,"Médiathèque Emile Zola",10,6,16,0.625,43.608218,3.89314
2026-03-13,09:41:07,2026-03-13T09:41:07+01:00,STATION,"Nombre d Or",6,10,16,0.375,43.607859,3.886644
2026-03-13,09:41:07,2026-03-13T09:41:07+01:00,STATION,"Louis Blanc",8,8,16,0.5,43.614642,3.877648
2026-03-13,09:41:07,2026-03-13T09:41:07+01:00,STATION,"Gambetta",5,3,8,0.625,43.607106,3.870693
2026-03-13,09:41:07,2026-03-13T09:41:07+01:00,STATION,"Port Marianne",9,7,16,0.5625,43.60032,3.89851
2026-03-13,09:41:07,2026-03-13T09:41:07+01:00,STATION,"Les Arceaux",1,7,8,0.125,43.612659,3.867734
2026-03-13,09:41:07,2026-03-13T09:41:07+01:00,STATION,"Cité Mion",1,5,8,0.375,43.601143,3.884373
2026-03-13,09:41:07,2026-03-13T09:41:07+01:00,STATION,"Nouveau Saint-Roch",2,6,8,0.25,43.599817,3.875757
2026-03-13,09:41:07,2026-03-13T09:41:07+01:00,STATION,"Renouvier",2,5,8,0.375,43.603553,3.867884
2026-03-13,09:41:07,2026-03-13T09:41:07+01:00,STATION,"Odysseum",0,8,8,0.0,43.603727,3.918979
2026-03-13,09:41:07,2026-03-13T09:41:07+01:00,STATION,"Saint-Denis",0,8,8,0.0,43.605021,3.875065
2026-03-13,09:41:07,2026-03-13T09:41:07+01:00,STATION,"Richter",8,8,16,0.5,43.603424,3.899263
2026-03-13,09:41:07,2026-03-13T09:41:07+01:00,STATION,"Charles Flahault",1,7,8,0.125,43.622038,3.86672
2026-03-13,09:41:07,2026-03-13T09:41:07+01:00,STATION,"Voltaire",5,3,8,0.625,43.603767,3.888659
2026-03-13,09:41:07,2026-03-13T09:41:07+01:00,STATION,"Prés d Arènes",7,1,8,0.875,43.59048,3.884611
2026-03-13,09:41:07,2026-03-13T09:41:07+01:00,STATION,"Garcia Lorca",5,3,8,0.625,43.590757,3.890616
2026-03-13,09:41:07,2026-03-13T09:41:07+01:00,STATION,"Vert Bois",5,11,16,0.3125,43.63543,3.871179
2026-03-13,09:41:07,2026-03-13T09:41:07+01:00,STATION,"Malbosc",1,7,8,0.125,43.633679,3.832861
2026-03-13,09:41:07,2026-03-13T09:41:07+01:00,STATION,"Occitanie",8,24,32,0.25,43.635689,3.849597
2026-03-13,09:41:07,2026-03-13T09:41:07+01:00,STATION,"Fac des Sciences",19,5,24,0.7916666666666666,43.631318,3.861299
2026-03-13,09:41:07,2026-03-13T09:41:07+01:00,STATION,"Fac de Lettres",8,4,12,0.6666666666666666,43.630437,3.869539
2026-03-13,09:41:07,2026-03-13T09:41:07+01:00,STATION,"Aiguelongue",3,4,8,0.5,43.626163,3.882492
2026-03-13,09:41:07,2026-03-13T09:41:07+01:00,STATION,"Jeu de Mail des Abbés",6,2,8,0.75,43.619701,3.883831
2026-03-13,09:41:07,2026-03-13T09:41:07+01:00,STATION,"Euromédecine",1,7,8,0.125,43.639119,3.828199
2026-03-13,09:41:07,2026-03-13T09:41:07+01:00,STATION,"Marie Caizergues",7,1,8,0.875,43.619871,3.873812
2026-03-13,09:41:07,2026-03-13T09:41:07+01:00,STATION,"Sabines",5,3,8,0.625,43.584211,3.860031
2026-03-13,09:41:07,2026-03-13T09:41:07+01:00,STATION,"Celleneuve",0,8,8,0.0,43.61467,3.832624
2026-03-13,09:41:07,2026-03-13T09:41:07+01:00,STATION,"Jardin de la Lironde",1,7,8,0.125,43.60585,3.911576
2026-03-13,09:41:07,2026-03-13T09:41:07+01:00,STATION,"Père Soulas",5,3,8,0.625,43.621983,3.855603
2026-03-13,09:41:07,2026-03-13T09:41:07+01:00,STATION,"Place Viala",2,6,8,0.25,43.616812,3.855075
2026-03-13,09:41:07,2026-03-13T09:41:07+01:00,STATION,"Hôtel du Département",0,8,8,0.0,43.621682,3.83477
2026-03-13,09:41:07,2026-03-13T09:41:07+01:00,STATION,"Tonnelles",1,7,8,0.125,43.615155,3.839466
2026-03-13,09:41:07,2026-03-13T09:41:07+01:00,STATION,"Parvis Jules Ferry - Gare Saint-Roch",3,5,8,0.375,43.603889,3.879362
2026-03-13,09:41:07,2026-03-13T09:41:07+01:00,STATION,"Pont de Lattes - Gare Saint-Roch",6,6,12,0.5,43.606036,3.882393
2026-03-13,09:41:07,2026-03-13T09:41:07+01:00,STATION,"Deux Ponts - Gare Saint-Roch",0,8,8,0.0,43.604319,3.880916
2026-03-13,09:41:07,2026-03-13T09:41:07+01:00,STATION,"Providence - Ovalie",6,2,8,0.75,43.588239,3.853421
2026-03-13,09:41:07,2026-03-13T09:41:07+01:00,STATION,"Pérols Etang de l Or",44,24,68,0.6470588235294118,43.558351,3.963412
2026-03-13,09:41:07,2026-03-13T09:41:07+01:00,STATION,"Albert 1er - Cathédrale",1,11,12,0.08333333333333333,43.614005,3.873218
2026-03-13,09:41:07,2026-03-13T09:41:07+01:00,STATION,"Saint-Guilhem - Courreau",0,8,8,0.0,43.608996,3.872752
2026-03-13,09:41:07,2026-03-13T09:41:07+01:00,STATION,"Sud De France",6,2,8,0.75,43.59562,3.9235
2026-03-13,09:41:07,2026-03-13T09:41:07+01:00,STATION,"Comedie Baudin",0,8,8,0.0,43.608717,3.880787
2026-03-13,09:41:07,2026-03-13T09:41:07+01:00,STATION,"Jean de Beins",5,11,16,0.3125,43.609857,3.883884
2026-03-13,10:40:16,2026-03-13T10:40:16+01:00,STATION,"Rue Jules Ferry - Gare Saint-Roch",5,7,12,0.4166666666666667,43.605366,3.881346
2026-03-13,10:40:16,2026-03-13T10:40:16+01:00,STATION,"Comédie",10,10,20,0.5,43.608148,3.878778
2026-03-13,10:40:16,2026-03-13T10:40:16+01:00,STATION,"Hôtel de Ville",12,3,16,0.8125,43.599088,3.894866
2026-03-13,10:40:16,2026-03-13T10:40:16+01:00,STATION,"Corum",6,6,12,0.5,43.613989,3.8816
2026-03-13,10:40:16,2026-03-13T10:40:16+01:00,STATION,"Place Albert 1er - St Charles",14,13,27,0.5185185185185185,43.616768,3.873375
2026-03-13,10:40:16,2026-03-13T10:40:16+01:00,STATION,"Foch",5,3,8,0.625,43.610989,3.873345
2026-03-13,10:40:16,2026-03-13T10:40:16+01:00,STATION,"Halles Castellane",0,12,12,0.0,43.609935,3.877208
2026-03-13,10:40:16,2026-03-13T10:40:16+01:00,STATION,"Observatoire",4,3,8,0.625,43.606301,3.87724
2026-03-13,10:40:16,2026-03-13T10:40:16+01:00,STATION,"Rondelet",6,10,16,0.375,43.603038,3.875796
2026-03-13,10:40:16,2026-03-13T10:40:16+01:00,STATION,"Plan Cabanes",2,10,12,0.16666666666666666,43.608491,3.868389
2026-03-13,10:40:16,2026-03-13T10:40:16+01:00,STATION,"Boutonnet",6,6,12,0.5,43.622629,3.868375
2026-03-13,10:40:16,2026-03-13T10:40:16+01:00,STATION,"Emile Combes",8,0,8,1.0,43.616742,3.87998
2026-03-13,10:40:16,2026-03-13T10:40:16+01:00,STATION,"Beaux-Arts",11,5,16,0.6875,43.616698,3.884981
2026-03-13,10:40:16,2026-03-13T10:40:16+01:00,STATION,"Les Aubes",2,6,8,0.25,43.618692,3.893844
2026-03-13,10:40:16,2026-03-13T10:40:16+01:00,STATION,"Antigone centre",6,6,12,0.5,43.607942,3.890634
2026-03-13,10:40:16,2026-03-13T10:40:16+01:00,STATION,"Médiathèque Emile Zola",10,6,16,0.625,43.608218,3.89314
2026-03-13,10:40:16,2026-03-13T10:40:16+01:00,STATION,"Nombre d Or",6,10,16,0.375,43.607859,3.886644
2026-03-13,10:40:16,2026-03-13T10:40:16+01:00,STATION,"Louis Blanc",8,8,16,0.5,43.614642,3.877648
2026-03-13,10:40:16,2026-03-13T10:40:16+01:00,STATION,"Gambetta",4,4,8,0.5,43.607106,3.870693
2026-03-13,10:40:16,2026-03-13T10:40:16+01:00,STATION,"Port Marianne",8,8,16,0.5,43.60032,3.89851
2026-03-13,10:40:16,2026-03-13T10:40:16+01:00,STATION,"Les Arceaux",1,7,8,0.125,43.612659,3.867734
2026-03-13,10:40:16,2026-03-13T10:40:16+01:00,STATION,"Cité Mion",1,5,8,0.375,43.601143,3.884373
2026-03-13,10:40:16,2026-03-13T10:40:16+01:00,STATION,"Nouveau Saint-Roch",2,6,8,0.25,43.599817,3.875757
2026-03-13,10:40:16,2026-03-13T10:40:16+01:00,STATION,"Renouvier",2,5,8,0.375,43.603553,3.867884
2026-03-13,10:40:16,2026-03-13T10:40:16+01:00,STATION,"Odysseum",0,8,8,0.0,43.603727,3.918979
2026-03-13,10:40:16,2026-03-13T10:40:16+01:00,STATION,"Saint-Denis",0,8,8,0.0,43.605021,3.875065
2026-03-13,10:40:16,2026-03-13T10:40:16+01:00,STATION,"Richter",8,8,16,0.5,43.603424,3.899263
2026-03-13,10:40:16,2026-03-13T10:40:16+01:00,STATION,"Charles Flahault",1,7,8,0.125,43.622038,3.86672
2026-03-13,10:40:16,2026-03-13T10:40:16+01:00,STATION,"Voltaire",4,4,8,0.5,43.603767,3.888659
2026-03-13,10:40:16,2026-03-13T10:40:16+01:00,STATION,"Prés d Arènes",7,1,8,0.875,43.59048,3.884611
2026-03-13,10:40:16,2026-03-13T10:40:16+01:00,STATION,"Garcia Lorca",5,3,8,0.625,43.590757,3.890616
2026-03-13,10:40:16,2026-03-13T10:40:16+01:00,STATION,"Vert Bois",5,11,16,0.3125,43.63543,3.871179
2026-03-13,10:40:16,2026-03-13T10:40:16+01:00,STATION,"Malbosc",1,7,8,0.125,43.633679,3.832861
2026-03-13,10:40:16,2026-03-13T10:40:16+01:00,STATION,"Occitanie",7,25,32,0.21875,43.635689,3.849597
2026-03-13,10:40:16,2026-03-13T10:40:16+01:00,STATION,"Fac des Sciences",20,4,24,0.8333333333333334,43.631318,3.861299
2026-03-13,10:40:16,2026-03-13T10:40:16+01:00,STATION,"Fac de Lettres",8,4,12,0.6666666666666666,43.630437,3.869539
2026-03-13,10:40:16,2026-03-13T10:40:16+01:00,STATION,"Aiguelongue",3,4,8,0.5,43.626163,3.882492
2026-03-13,10:40:16,2026-03-13T10:40:16+01:00,STATION,"Jeu de Mail des Abbés",6,2,8,0.75,43.619701,3.883831
2026-03-13,10:40:16,2026-03-13T10:40:16+01:00,STATION,"Euromédecine",1,7,8,0.125,43.639119,3.828199
2026-03-13,10:40:16,2026-03-13T10:40:16+01:00,STATION,"Marie Caizergues",7,1,8,0.875,43.619871,3.873812
2026-03-13,10:40:16,2026-03-13T10:40:16+01:00,STATION,"Sabines",5,3,8,0.625,43.584211,3.860031
2026-03-13,10:40:16,2026-03-13T10:40:16+01:00,STATION,"Celleneuve",0,8,8,0.0,43.61467,3.832624
2026-03-13,10:40:16,2026-03-13T10:40:16+01:00,STATION,"Jardin de la Lironde",1,7,8,0.125,43.60585,3.911576
2026-03-13,10:40:16,2026-03-13T10:40:16+01:00,STATION,"Père Soulas",5,3,8,0.625,43.621983,3.855603
2026-03-13,10:40:16,2026-03-13T10:40:16+01:00,STATION,"Place Viala",2,6,8,0.25,43.616812,3.855075
2026-03-13,10:40:16,2026-03-13T10:40:16+01:00,STATION,"Hôtel du Département",0,8,8,0.0,43.621682,3.83477
2026-03-13,10:40:16,2026-03-13T10:40:16+01:00,STATION,"Tonnelles",1,7,8,0.125,43.615155,3.839466
2026-03-13,10:40:16,2026-03-13T10:40:16+01:00,STATION,"Parvis Jules Ferry - Gare Saint-Roch",3,5,8,0.375,43.603889,3.879362
2026-03-13,10:40:16,2026-03-13T10:40:16+01:00,STATION,"Pont de Lattes - Gare Saint-Roch",6,6,12,0.5,43.606036,3.882393
2026-03-13,10:40:16,2026-03-13T10:40:16+01:00,STATION,"Deux Ponts - Gare Saint-Roch",0,8,8,0.0,43.604319,3.880916
2026-03-13,10:40:16,2026-03-13T10:40:16+01:00,STATION,"Providence - Ovalie",6,2,8,0.75,43.588239,3.853421
2026-03-13,10:40:16,2026-03-13T10:40:16+01:00,STATION,"Pérols Etang de l Or",44,24,68,0.6470588235294118,43.558351,3.963412
2026-03-13,10:40:16,2026-03-13T10:40:16+01:00,STATION,"Albert 1er - Cathédrale",1,11,12,0.08333333333333333,43.614005,3.873218
2026-03-13,10:40:16,2026-03-13T10:40:16+01:00,STATION,"Saint-Guilhem - Courreau",2,6,8,0.25,43.608996,3.872752
2026-03-13,10:40:16,2026-03-13T10:40:16+01:00,STATION,"Sud De France",6,2,8,0.75,43.59562,3.9235
2026-03-13,10:40:16,2026-03-13T10:40:16+01:00,STATION,"Comedie Baudin",0,8,8,0.0,43.608717,3.880787
2026-03-13,10:40:16,2026-03-13T10:40:16+01:00,STATION,"Jean de Beins",5,11,16,0.3125,43.609857,3.883884
2026-03-13,11:38:46,2026-03-13T11:38:46+01:00,STATION,"Rue Jules Ferry - Gare Saint-Roch",3,9,12,0.25,43.605366,3.881346
2026-03-13,11:38:46,2026-03-13T11:38:46+01:00,STATION,"Comédie",7,13,20,0.35,43.608148,3.878778
2026-03-13,11:38:46,2026-03-13T11:38:46+01:00,STATION,"Hôtel de Ville",12,3,16,0.8125,43.599088,3.894866
2026-03-13,11:38:46,2026-03-13T11:38:46+01:00,STATION,"Corum",7,5,12,0.5833333333333334,43.613989,3.8816
2026-03-13,11:38:46,2026-03-13T11:38:46+01:00,STATION,"Place Albert 1er - St Charles",14,13,27,0.5185185185185185,43.616768,3.873375
2026-03-13,11:38:46,2026-03-13T11:38:46+01:00,STATION,"Foch",5,3,8,0.625,43.610989,3.873345
2026-03-13,11:38:46,2026-03-13T11:38:46+01:00,STATION,"Halles Castellane",0,12,12,0.0,43.609935,3.877208
2026-03-13,11:38:46,2026-03-13T11:38:46+01:00,STATION,"Observatoire",4,3,8,0.625,43.606301,3.87724
2026-03-13,11:38:46,2026-03-13T11:38:46+01:00,STATION,"Rondelet",5,11,16,0.3125,43.603038,3.875796
2026-03-13,11:38:46,2026-03-13T11:38:46+01:00,STATION,"Plan Cabanes",2,10,12,0.16666666666666666,43.608491,3.868389
2026-03-13,11:38:46,2026-03-13T11:38:46+01:00,STATION,"Boutonnet",6,6,12,0.5,43.622629,3.868375
2026-03-13,11:38:46,2026-03-13T11:38:46+01:00,STATION,"Emile Combes",8,0,8,1.0,43.616742,3.87998
2026-03-13,11:38:46,2026-03-13T11:38:46+01:00,STATION,"Beaux-Arts",11,5,16,0.6875,43.616698,3.884981
2026-03-13,11:38:46,2026-03-13T11:38:46+01:00,STATION,"Les Aubes",2,6,8,0.25,43.618692,3.893844
2026-03-13,11:38:46,2026-03-13T11:38:46+01:00,STATION,"Antigone centre",4,8,12,0.3333333333333333,43.607942,3.890634
2026-03-13,11:38:46,2026-03-13T11:38:46+01:00,STATION,"Médiathèque Emile Zola",9,7,16,0.5625,43.608218,3.89314
2026-03-13,11:38:46,2026-03-13T11:38:46+01:00,STATION,"Nombre d Or",6,10,16,0.375,43.607859,3.886644
2026-03-13,11:38:46,2026-03-13T11:38:46+01:00,STATION,"Louis Blanc",7,8,16,0.5,43.614642,3.877648
2026-03-13,11:38:46,2026-03-13T11:38:46+01:00,STATION,"Gambetta",4,4,8,0.5,43.607106,3.870693
2026-03-13,11:38:46,2026-03-13T11:38:46+01:00,STATION,"Port Marianne",9,7,16,0.5625,43.60032,3.89851
2026-03-13,11:38:46,2026-03-13T11:38:46+01:00,STATION,"Les Arceaux",1,7,8,0.125,43.612659,3.867734
2026-03-13,11:38:46,2026-03-13T11:38:46+01:00,STATION,"Cité Mion",1,5,8,0.375,43.601143,3.884373
2026-03-13,11:38:46,2026-03-13T11:38:46+01:00,STATION,"Nouveau Saint-Roch",2,6,8,0.25,43.599817,3.875757
2026-03-13,11:38:46,2026-03-13T11:38:46+01:00,STATION,"Renouvier",1,6,8,0.25,43.603553,3.867884
2026-03-13,11:38:46,2026-03-13T11:38:46+01:00,STATION,"Odysseum",0,8,8,0.0,43.603727,3.918979
2026-03-13,11:38:46,2026-03-13T11:38:46+01:00,STATION,"Saint-Denis",0,8,8,0.0,43.605021,3.875065
2026-03-13,11:38:46,2026-03-13T11:38:46+01:00,STATION,"Richter",8,8,16,0.5,43.603424,3.899263
2026-03-13,11:38:46,2026-03-13T11:38:46+01:00,STATION,"Charles Flahault",1,7,8,0.125,43.622038,3.86672
2026-03-13,11:38:46,2026-03-13T11:38:46+01:00,STATION,"Voltaire",4,4,8,0.5,43.603767,3.888659
2026-03-13,11:38:46,2026-03-13T11:38:46+01:00,STATION,"Prés d Arènes",7,1,8,0.875,43.59048,3.884611
2026-03-13,11:38:46,2026-03-13T11:38:46+01:00,STATION,"Garcia Lorca",5,3,8,0.625,43.590757,3.890616
2026-03-13,11:38:46,2026-03-13T11:38:46+01:00,STATION,"Vert Bois",4,12,16,0.25,43.63543,3.871179
2026-03-13,11:38:46,2026-03-13T11:38:46+01:00,STATION,"Malbosc",1,7,8,0.125,43.633679,3.832861
2026-03-13,11:38:46,2026-03-13T11:38:46+01:00,STATION,"Occitanie",7,25,32,0.21875,43.635689,3.849597
2026-03-13,11:38:46,2026-03-13T11:38:46+01:00,STATION,"Fac des Sciences",18,6,24,0.75,43.631318,3.861299
2026-03-13,11:38:46,2026-03-13T11:38:46+01:00,STATION,"Fac de Lettres",7,5,12,0.5833333333333334,43.630437,3.869539
2026-03-13,11:38:46,2026-03-13T11:38:46+01:00,STATION,"Aiguelongue",3,4,8,0.5,43.626163,3.882492
2026-03-13,11:38:46,2026-03-13T11:38:46+01:00,STATION,"Jeu de Mail des Abbés",6,2,8,0.75,43.619701,3.883831
2026-03-13,11:38:46,2026-03-13T11:38:46+01:00,STATION,"Euromédecine",1,7,8,0.125,43.639119,3.828199
2026-03-13,11:38:46,2026-03-13T11:38:46+01:00,STATION,"Marie Caizergues",7,1,8,0.875,43.619871,3.873812
2026-03-13,11:38:46,2026-03-13T11:38:46+01:00,STATION,"Sabines",5,3,8,0.625,43.584211,3.860031
2026-03-13,11:38:46,2026-03-13T11:38:46+01:00,STATION,"Celleneuve",0,8,8,0.0,43.61467,3.832624
2026-03-13,11:38:46,2026-03-13T11:38:46+01:00,STATION,"Jardin de la Lironde",1,7,8,0.125,43.60585,3.911576
2026-03-13,11:38:46,2026-03-13T11:38:46+01:00,STATION,"Père Soulas",5,3,8,0.625,43.621983,3.855603
2026-03-13,11:38:46,2026-03-13T11:38:46+01:00,STATION,"Place Viala",2,6,8,0.25,43.616812,3.855075
2026-03-13,11:38:46,2026-03-13T11:38:46+01:00,STATION,"Hôtel du Département",0,8,8,0.0,43.621682,3.83477
2026-03-13,11:38:46,2026-03-13T11:38:46+01:00,STATION,"Tonnelles",1,7,8,0.125,43.615155,3.839466
2026-03-13,11:38:46,2026-03-13T11:38:46+01:00,STATION,"Parvis Jules Ferry - Gare Saint-Roch",3,5,8,0.375,43.603889,3.879362
2026-03-13,11:38:46,2026-03-13T11:38:46+01:00,STATION,"Pont de Lattes - Gare Saint-Roch",6,6,12,0.5,43.606036,3.882393
2026-03-13,11:38:46,2026-03-13T11:38:46+01:00,STATION,"Deux Ponts - Gare Saint-Roch",0,8,8,0.0,43.604319,3.880916
2026-03-13,11:38:46,2026-03-13T11:38:46+01:00,STATION,"Providence - Ovalie",6,2,8,0.75,43.588239,3.853421
2026-03-13,11:38:46,2026-03-13T11:38:46+01:00,STATION,"Pérols Etang de l Or",43,25,68,0.6323529411764706,43.558351,3.963412
2026-03-13,11:38:46,2026-03-13T11:38:46+01:00,STATION,"Albert 1er - Cathédrale",1,11,12,0.08333333333333333,43.614005,3.873218
2026-03-13,11:38:46,2026-03-13T11:38:46+01:00,STATION,"Saint-Guilhem - Courreau",2,6,8,0.25,43.608996,3.872752
2026-03-13,11:38:46,2026-03-13T11:38:46+01:00,STATION,"Sud De France",8,0,8,1.0,43.59562,3.9235
2026-03-13,11:38:46,2026-03-13T11:38:46+01:00,STATION,"Comedie Baudin",0,8,8,0.0,43.608717,3.880787
2026-03-13,11:38:46,2026-03-13T11:38:46+01:00,STATION,"Jean de Beins",5,11,16,0.3125,43.609857,3.883884
2026-03-13,12:33:14,2026-03-13T12:33:14+01:00,STATION,"Rue Jules Ferry - Gare Saint-Roch",3,9,12,0.25,43.605366,3.881346
2026-03-13,12:33:14,2026-03-13T12:33:14+01:00,STATION,"Comédie",6,14,20,0.3,43.608148,3.878778
2026-03-13,12:33:14,2026-03-13T12:33:14+01:00,STATION,"Hôtel de Ville",12,3,16,0.8125,43.599088,3.894866
2026-03-13,12:33:14,2026-03-13T12:33:14+01:00,STATION,"Corum",6,6,12,0.5,43.613989,3.8816
2026-03-13,12:33:14,2026-03-13T12:33:14+01:00,STATION,"Place Albert 1er - St Charles",14,13,27,0.5185185185185185,43.616768,3.873375
2026-03-13,12:33:14,2026-03-13T12:33:14+01:00,STATION,"Foch",5,3,8,0.625,43.610989,3.873345
2026-03-13,12:33:14,2026-03-13T12:33:14+01:00,STATION,"Halles Castellane",0,12,12,0.0,43.609935,3.877208
2026-03-13,12:33:14,2026-03-13T12:33:14+01:00,STATION,"Observatoire",4,3,8,0.625,43.606301,3.87724
2026-03-13,12:33:14,2026-03-13T12:33:14+01:00,STATION,"Rondelet",5,11,16,0.3125,43.603038,3.875796
2026-03-13,12:33:14,2026-03-13T12:33:14+01:00,STATION,"Plan Cabanes",2,10,12,0.16666666666666666,43.608491,3.868389
2026-03-13,12:33:14,2026-03-13T12:33:14+01:00,STATION,"Boutonnet",5,7,12,0.4166666666666667,43.622629,3.868375
2026-03-13,12:33:14,2026-03-13T12:33:14+01:00,STATION,"Emile Combes",8,0,8,1.0,43.616742,3.87998
2026-03-13,12:33:14,2026-03-13T12:33:14+01:00,STATION,"Beaux-Arts",11,5,16,0.6875,43.616698,3.884981
2026-03-13,12:33:14,2026-03-13T12:33:14+01:00,STATION,"Les Aubes",3,5,8,0.375,43.618692,3.893844
2026-03-13,12:33:14,2026-03-13T12:33:14+01:00,STATION,"Antigone centre",5,7,12,0.4166666666666667,43.607942,3.890634
2026-03-13,12:33:14,2026-03-13T12:33:14+01:00,STATION,"Médiathèque Emile Zola",8,8,16,0.5,43.608218,3.89314
2026-03-13,12:33:14,2026-03-13T12:33:14+01:00,STATION,"Nombre d Or",4,12,16,0.25,43.607859,3.886644
2026-03-13,12:33:14,2026-03-13T12:33:14+01:00,STATION,"Louis Blanc",8,8,16,0.5,43.614642,3.877648
2026-03-13,12:33:14,2026-03-13T12:33:14+01:00,STATION,"Gambetta",4,4,8,0.5,43.607106,3.870693
2026-03-13,12:33:14,2026-03-13T12:33:14+01:00,STATION,"Port Marianne",9,7,16,0.5625,43.60032,3.89851
2026-03-13,12:33:14,2026-03-13T12:33:14+01:00,STATION,"Les Arceaux",1,7,8,0.125,43.612659,3.867734
2026-03-13,12:33:14,2026-03-13T12:33:14+01:00,STATION,"Cité Mion",1,5,8,0.375,43.601143,3.884373
2026-03-13,12:33:14,2026-03-13T12:33:14+01:00,STATION,"Nouveau Saint-Roch",2,6,8,0.25,43.599817,3.875757
2026-03-13,12:33:14,2026-03-13T12:33:14+01:00,STATION,"Renouvier",1,6,8,0.25,43.603553,3.867884
2026-03-13,12:33:14,2026-03-13T12:33:14+01:00,STATION,"Odysseum",0,8,8,0.0,43.603727,3.918979
2026-03-13,12:33:14,2026-03-13T12:33:14+01:00,STATION,"Saint-Denis",0,8,8,0.0,43.605021,3.875065
2026-03-13,12:33:14,2026-03-13T12:33:14+01:00,STATION,"Richter",8,8,16,0.5,43.603424,3.899263
2026-03-13,12:33:14,2026-03-13T12:33:14+01:00,STATION,"Charles Flahault",1,7,8,0.125,43.622038,3.86672
2026-03-13,12:33:14,2026-03-13T12:33:14+01:00,STATION,"Voltaire",4,4,8,0.5,43.603767,3.888659
2026-03-13,12:33:14,2026-03-13T12:33:14+01:00,STATION,"Prés d Arènes",7,1,8,0.875,43.59048,3.884611
2026-03-13,12:33:14,2026-03-13T12:33:14+01:00,STATION,"Garcia Lorca",5,3,8,0.625,43.590757,3.890616
2026-03-13,12:33:14,2026-03-13T12:33:14+01:00,STATION,"Vert Bois",4,12,16,0.25,43.63543,3.871179
2026-03-13,12:33:14,2026-03-13T12:33:14+01:00,STATION,"Malbosc",1,7,8,0.125,43.633679,3.832861
2026-03-13,12:33:14,2026-03-13T12:33:14+01:00,STATION,"Occitanie",6,26,32,0.1875,43.635689,3.849597
2026-03-13,12:33:14,2026-03-13T12:33:14+01:00,STATION,"Fac des Sciences",18,6,24,0.75,43.631318,3.861299
2026-03-13,12:33:14,2026-03-13T12:33:14+01:00,STATION,"Fac de Lettres",7,5,12,0.5833333333333334,43.630437,3.869539
2026-03-13,12:33:14,2026-03-13T12:33:14+01:00,STATION,"Aiguelongue",3,4,8,0.5,43.626163,3.882492
2026-03-13,12:33:14,2026-03-13T12:33:14+01:00,STATION,"Jeu de Mail des Abbés",6,2,8,0.75,43.619701,3.883831
2026-03-13,12:33:14,2026-03-13T12:33:14+01:00,STATION,"Euromédecine",1,7,8,0.125,43.639119,3.828199
2026-03-13,12:33:14,2026-03-13T12:33:14+01:00,STATION,"Marie Caizergues",7,1,8,0.875,43.619871,3.873812
2026-03-13,12:33:14,2026-03-13T12:33:14+01:00,STATION,"Sabines",6,2,8,0.75,43.584211,3.860031
2026-03-13,12:33:14,2026-03-13T12:33:14+01:00,STATION,"Celleneuve",0,8,8,0.0,43.61467,3.832624
2026-03-13,12:33:14,2026-03-13T12:33:14+01:00,STATION,"Jardin de la Lironde",1,7,8,0.125,43.60585,3.911576
2026-03-13,12:33:14,2026-03-13T12:33:14+01:00,STATION,"Père Soulas",5,3,8,0.625,43.621983,3.855603
2026-03-13,12:33:14,2026-03-13T12:33:14+01:00,STATION,"Place Viala",2,6,8,0.25,43.616812,3.855075
2026-03-13,12:33:14,2026-03-13T12:33:14+01:00,STATION,"Hôtel du Département",0,8,8,0.0,43.621682,3.83477
2026-03-13,12:33:14,2026-03-13T12:33:14+01:00,STATION,"Tonnelles",1,7,8,0.125,43.615155,3.839466
2026-03-13,12:33:14,2026-03-13T12:33:14+01:00,STATION,"Parvis Jules Ferry - Gare Saint-Roch",3,5,8,0.375,43.603889,3.879362
2026-03-13,12:33:14,2026-03-13T12:33:14+01:00,STATION,"Pont de Lattes - Gare Saint-Roch",6,6,12,0.5,43.606036,3.882393
2026-03-13,12:33:14,2026-03-13T12:33:14+01:00,STATION,"Deux Ponts - Gare Saint-Roch",0,8,8,0.0,43.604319,3.880916
2026-03-13,12:33:14,2026-03-13T12:33:14+01:00,STATION,"Providence - Ovalie",5,3,8,0.625,43.588239,3.853421
2026-03-13,12:33:14,2026-03-13T12:33:14+01:00,STATION,"Pérols Etang de l Or",43,25,68,0.6323529411764706,43.558351,3.963412
2026-03-13,12:33:14,2026-03-13T12:33:14+01:00,STATION,"Albert 1er - Cathédrale",1,11,12,0.08333333333333333,43.614005,3.873218
2026-03-13,12:33:14,2026-03-13T12:33:14+01:00,STATION,"Saint-Guilhem - Courreau",3,5,8,0.375,43.608996,3.872752
2026-03-13,12:33:14,2026-03-13T12:33:14+01:00,STATION,"Sud De France",8,0,8,1.0,43.59562,3.9235
2026-03-13,12:33:14,2026-03-13T12:33:14+01:00,STATION,"Comedie Baudin",0,8,8,0.0,43.608717,3.880787
2026-03-13,12:33:14,2026-03-13T12:33:14+01:00,STATION,"Jean de Beins",5,11,16,0.3125,43.609857,3.883884
2026-03-13,13:59:36,2026-03-13T13:59:36+01:00,STATION,"Rue Jules Ferry - Gare Saint-Roch",3,9,12,0.25,43.605366,3.881346
2026-03-13,13:59:36,2026-03-13T13:59:36+01:00,STATION,"Comédie",8,12,20,0.4,43.608148,3.878778
2026-03-13,13:59:36,2026-03-13T13:59:36+01:00,STATION,"Hôtel de Ville",11,4,16,0.75,43.599088,3.894866
2026-03-13,13:59:36,2026-03-13T13:59:36+01:00,STATION,"Corum",6,6,12,0.5,43.613989,3.8816
2026-03-13,13:59:36,2026-03-13T13:59:36+01:00,STATION,"Place Albert 1er - St Charles",15,12,27,0.5555555555555556,43.616768,3.873375
2026-03-13,13:59:36,2026-03-13T13:59:36+01:00,STATION,"Foch",5,3,8,0.625,43.610989,3.873345
2026-03-13,13:59:36,2026-03-13T13:59:36+01:00,STATION,"Halles Castellane",0,12,12,0.0,43.609935,3.877208
2026-03-13,13:59:36,2026-03-13T13:59:36+01:00,STATION,"Observatoire",6,1,8,0.875,43.606301,3.87724
2026-03-13,13:59:36,2026-03-13T13:59:36+01:00,STATION,"Rondelet",5,11,16,0.3125,43.603038,3.875796
2026-03-13,13:59:36,2026-03-13T13:59:36+01:00,STATION,"Plan Cabanes",1,11,12,0.08333333333333333,43.608491,3.868389
2026-03-13,13:59:36,2026-03-13T13:59:36+01:00,STATION,"Boutonnet",4,8,12,0.3333333333333333,43.622629,3.868375
2026-03-13,13:59:36,2026-03-13T13:59:36+01:00,STATION,"Emile Combes",7,1,8,0.875,43.616742,3.87998
2026-03-13,13:59:36,2026-03-13T13:59:36+01:00,STATION,"Beaux-Arts",11,5,16,0.6875,43.616698,3.884981
2026-03-13,13:59:36,2026-03-13T13:59:36+01:00,STATION,"Les Aubes",3,5,8,0.375,43.618692,3.893844
2026-03-13,13:59:36,2026-03-13T13:59:36+01:00,STATION,"Antigone centre",6,6,12,0.5,43.607942,3.890634
2026-03-13,13:59:36,2026-03-13T13:59:36+01:00,STATION,"Médiathèque Emile Zola",8,8,16,0.5,43.608218,3.89314
2026-03-13,13:59:36,2026-03-13T13:59:36+01:00,STATION,"Nombre d Or",5,11,16,0.3125,43.607859,3.886644
2026-03-13,13:59:36,2026-03-13T13:59:36+01:00,STATION,"Louis Blanc",9,7,16,0.5625,43.614642,3.877648
2026-03-13,13:59:36,2026-03-13T13:59:36+01:00,STATION,"Gambetta",5,3,8,0.625,43.607106,3.870693
2026-03-13,13:59:36,2026-03-13T13:59:36+01:00,STATION,"Port Marianne",9,7,16,0.5625,43.60032,3.89851
2026-03-13,13:59:36,2026-03-13T13:59:36+01:00,STATION,"Les Arceaux",1,7,8,0.125,43.612659,3.867734
2026-03-13,13:59:36,2026-03-13T13:59:36+01:00,STATION,"Cité Mion",1,5,8,0.375,43.601143,3.884373
2026-03-13,13:59:36,2026-03-13T13:59:36+01:00,STATION,"Nouveau Saint-Roch",2,6,8,0.25,43.599817,3.875757
2026-03-13,13:59:36,2026-03-13T13:59:36+01:00,STATION,"Renouvier",1,6,8,0.25,43.603553,3.867884
2026-03-13,13:59:36,2026-03-13T13:59:36+01:00,STATION,"Odysseum",0,8,8,0.0,43.603727,3.918979
2026-03-13,13:59:36,2026-03-13T13:59:36+01:00,STATION,"Saint-Denis",0,8,8,0.0,43.605021,3.875065
2026-03-13,13:59:36,2026-03-13T13:59:36+01:00,STATION,"Richter",7,9,16,0.4375,43.603424,3.899263
2026-03-13,13:59:36,2026-03-13T13:59:36+01:00,STATION,"Charles Flahault",1,7,8,0.125,43.622038,3.86672
2026-03-13,13:59:36,2026-03-13T13:59:36+01:00,STATION,"Voltaire",4,4,8,0.5,43.603767,3.888659
2026-03-13,13:59:36,2026-03-13T13:59:36+01:00,STATION,"Prés d Arènes",7,1,8,0.875,43.59048,3.884611
2026-03-13,13:59:36,2026-03-13T13:59:36+01:00,STATION,"Garcia Lorca",4,4,8,0.5,43.590757,3.890616
2026-03-13,13:59:36,2026-03-13T13:59:36+01:00,STATION,"Vert Bois",3,13,16,0.1875,43.63543,3.871179
2026-03-13,13:59:36,2026-03-13T13:59:36+01:00,STATION,"Malbosc",1,7,8,0.125,43.633679,3.832861
2026-03-13,13:59:36,2026-03-13T13:59:36+01:00,STATION,"Occitanie",6,26,32,0.1875,43.635689,3.849597
2026-03-13,13:59:36,2026-03-13T13:59:36+01:00,STATION,"Fac des Sciences",19,5,24,0.7916666666666666,43.631318,3.861299
2026-03-13,13:59:36,2026-03-13T13:59:36+01:00,STATION,"Fac de Lettres",6,6,12,0.5,43.630437,3.869539
2026-03-13,13:59:36,2026-03-13T13:59:36+01:00,STATION,"Aiguelongue",4,3,8,0.625,43.626163,3.882492
2026-03-13,13:59:36,2026-03-13T13:59:36+01:00,STATION,"Jeu de Mail des Abbés",6,2,8,0.75,43.619701,3.883831
2026-03-13,13:59:36,2026-03-13T13:59:36+01:00,STATION,"Euromédecine",1,7,8,0.125,43.639119,3.828199
2026-03-13,13:59:36,2026-03-13T13:59:36+01:00,STATION,"Marie Caizergues",8,0,8,1.0,43.619871,3.873812
2026-03-13,13:59:36,2026-03-13T13:59:36+01:00,STATION,"Sabines",6,2,8,0.75,43.584211,3.860031
2026-03-13,13:59:36,2026-03-13T13:59:36+01:00,STATION,"Celleneuve",0,8,8,0.0,43.61467,3.832624
2026-03-13,13:59:36,2026-03-13T13:59:36+01:00,STATION,"Jardin de la Lironde",1,7,8,0.125,43.60585,3.911576
2026-03-13,13:59:36,2026-03-13T13:59:36+01:00,STATION,"Père Soulas",4,4,8,0.5,43.621983,3.855603
2026-03-13,13:59:36,2026-03-13T13:59:36+01:00,STATION,"Place Viala",2,6,8,0.25,43.616812,3.855075
2026-03-13,13:59:36,2026-03-13T13:59:36+01:00,STATION,"Hôtel du Département",0,8,8,0.0,43.621682,3.83477
2026-03-13,13:59:36,2026-03-13T13:59:36+01:00,STATION,"Tonnelles",0,8,8,0.0,43.615155,3.839466
2026-03-13,13:59:36,2026-03-13T13:59:36+01:00,STATION,"Parvis Jules Ferry - Gare Saint-Roch",3,5,8,0.375,43.603889,3.879362
2026-03-13,13:59:36,2026-03-13T13:59:36+01:00,STATION,"Pont de Lattes - Gare Saint-Roch",6,6,12,0.5,43.606036,3.882393
2026-03-13,13:59:36,2026-03-13T13:59:36+01:00,STATION,"Deux Ponts - Gare Saint-Roch",0,8,8,0.0,43.604319,3.880916
2026-03-13,13:59:36,2026-03-13T13:59:36+01:00,STATION,"Providence - Ovalie",5,3,8,0.625,43.588239,3.853421
2026-03-13,13:59:36,2026-03-13T13:59:36+01:00,STATION,"Pérols Etang de l Or",37,31,68,0.5441176470588235,43.558351,3.963412
2026-03-13,13:59:36,2026-03-13T13:59:36+01:00,STATION,"Albert 1er - Cathédrale",1,11,12,0.08333333333333333,43.614005,3.873218
2026-03-13,13:59:36,2026-03-13T13:59:36+01:00,STATION,"Saint-Guilhem - Courreau",3,5,8,0.375,43.608996,3.872752
2026-03-13,13:59:36,2026-03-13T13:59:36+01:00,STATION,"Sud De France",8,0,8,1.0,43.59562,3.9235
2026-03-13,13:59:36,2026-03-13T13:59:36+01:00,STATION,"Comedie Baudin",0,8,8,0.0,43.608717,3.880787
2026-03-13,13:59:36,2026-03-13T13:59:36+01:00,STATION,"Jean de Beins",5,11,16,0.3125,43.609857,3.883884
2026-03-13,15:04:22,2026-03-13T15:04:22+01:00,STATION,"Rue Jules Ferry - Gare Saint-Roch",4,8,12,0.3333333333333333,43.605366,3.881346
2026-03-13,15:04:22,2026-03-13T15:04:22+01:00,STATION,"Comédie",8,12,20,0.4,43.608148,3.878778
2026-03-13,15:04:22,2026-03-13T15:04:22+01:00,STATION,"Hôtel de Ville",12,3,16,0.8125,43.599088,3.894866
2026-03-13,15:04:22,2026-03-13T15:04:22+01:00,STATION,"Corum",6,6,12,0.5,43.613989,3.8816
2026-03-13,15:04:22,2026-03-13T15:04:22+01:00,STATION,"Place Albert 1er - St Charles",14,13,27,0.5185185185185185,43.616768,3.873375
2026-03-13,15:04:22,2026-03-13T15:04:22+01:00,STATION,"Foch",5,3,8,0.625,43.610989,3.873345
2026-03-13,15:04:22,2026-03-13T15:04:22+01:00,STATION,"Halles Castellane",0,12,12,0.0,43.609935,3.877208
2026-03-13,15:04:22,2026-03-13T15:04:22+01:00,STATION,"Observatoire",6,1,8,0.875,43.606301,3.87724
2026-03-13,15:04:22,2026-03-13T15:04:22+01:00,STATION,"Rondelet",5,11,16,0.3125,43.603038,3.875796
2026-03-13,15:04:22,2026-03-13T15:04:22+01:00,STATION,"Plan Cabanes",1,11,12,0.08333333333333333,43.608491,3.868389
2026-03-13,15:04:22,2026-03-13T15:04:22+01:00,STATION,"Boutonnet",5,7,12,0.4166666666666667,43.622629,3.868375
2026-03-13,15:04:22,2026-03-13T15:04:22+01:00,STATION,"Emile Combes",7,1,8,0.875,43.616742,3.87998
2026-03-13,15:04:22,2026-03-13T15:04:22+01:00,STATION,"Beaux-Arts",11,5,16,0.6875,43.616698,3.884981
2026-03-13,15:04:22,2026-03-13T15:04:22+01:00,STATION,"Les Aubes",5,3,8,0.625,43.618692,3.893844
2026-03-13,15:04:22,2026-03-13T15:04:22+01:00,STATION,"Antigone centre",6,6,12,0.5,43.607942,3.890634
2026-03-13,15:04:22,2026-03-13T15:04:22+01:00,STATION,"Médiathèque Emile Zola",8,8,16,0.5,43.608218,3.89314
2026-03-13,15:04:22,2026-03-13T15:04:22+01:00,STATION,"Nombre d Or",4,12,16,0.25,43.607859,3.886644
2026-03-13,15:04:22,2026-03-13T15:04:22+01:00,STATION,"Louis Blanc",8,8,16,0.5,43.614642,3.877648
2026-03-13,15:04:22,2026-03-13T15:04:22+01:00,STATION,"Gambetta",5,3,8,0.625,43.607106,3.870693
2026-03-13,15:04:22,2026-03-13T15:04:22+01:00,STATION,"Port Marianne",5,11,16,0.3125,43.60032,3.89851
2026-03-13,15:04:22,2026-03-13T15:04:22+01:00,STATION,"Les Arceaux",2,6,8,0.25,43.612659,3.867734
2026-03-13,15:04:22,2026-03-13T15:04:22+01:00,STATION,"Cité Mion",1,5,8,0.375,43.601143,3.884373
2026-03-13,15:04:22,2026-03-13T15:04:22+01:00,STATION,"Nouveau Saint-Roch",2,6,8,0.25,43.599817,3.875757
2026-03-13,15:04:22,2026-03-13T15:04:22+01:00,STATION,"Renouvier",1,6,8,0.25,43.603553,3.867884
2026-03-13,15:04:22,2026-03-13T15:04:22+01:00,STATION,"Odysseum",0,8,8,0.0,43.603727,3.918979
2026-03-13,15:04:22,2026-03-13T15:04:22+01:00,STATION,"Saint-Denis",0,8,8,0.0,43.605021,3.875065
2026-03-13,15:04:22,2026-03-13T15:04:22+01:00,STATION,"Richter",5,11,16,0.3125,43.603424,3.899263
2026-03-13,15:04:22,2026-03-13T15:04:22+01:00,STATION,"Charles Flahault",1,7,8,0.125,43.622038,3.86672
2026-03-13,15:04:22,2026-03-13T15:04:22+01:00,STATION,"Voltaire",4,4,8,0.5,43.603767,3.888659
2026-03-13,15:04:22,2026-03-13T15:04:22+01:00,STATION,"Prés d Arènes",7,1,8,0.875,43.59048,3.884611
2026-03-13,15:04:22,2026-03-13T15:04:22+01:00,STATION,"Garcia Lorca",5,3,8,0.625,43.590757,3.890616
2026-03-13,15:04:22,2026-03-13T15:04:22+01:00,STATION,"Vert Bois",3,13,16,0.1875,43.63543,3.871179
2026-03-13,15:04:22,2026-03-13T15:04:22+01:00,STATION,"Malbosc",1,7,8,0.125,43.633679,3.832861
2026-03-13,15:04:22,2026-03-13T15:04:22+01:00,STATION,"Occitanie",6,26,32,0.1875,43.635689,3.849597
2026-03-13,15:04:22,2026-03-13T15:04:22+01:00,STATION,"Fac des Sciences",21,3,24,0.875,43.631318,3.861299
2026-03-13,15:04:22,2026-03-13T15:04:22+01:00,STATION,"Fac de Lettres",5,7,12,0.4166666666666667,43.630437,3.869539
2026-03-13,15:04:22,2026-03-13T15:04:22+01:00,STATION,"Aiguelongue",4,3,8,0.625,43.626163,3.882492
2026-03-13,15:04:22,2026-03-13T15:04:22+01:00,STATION,"Jeu de Mail des Abbés",6,2,8,0.75,43.619701,3.883831
2026-03-13,15:04:22,2026-03-13T15:04:22+01:00,STATION,"Euromédecine",1,7,8,0.125,43.639119,3.828199
2026-03-13,15:04:22,2026-03-13T15:04:22+01:00,STATION,"Marie Caizergues",8,0,8,1.0,43.619871,3.873812
2026-03-13,15:04:22,2026-03-13T15:04:22+01:00,STATION,"Sabines",6,2,8,0.75,43.584211,3.860031
2026-03-13,15:04:22,2026-03-13T15:04:22+01:00,STATION,"Celleneuve",0,8,8,0.0,43.61467,3.832624
2026-03-13,15:04:22,2026-03-13T15:04:22+01:00,STATION,"Jardin de la Lironde",2,6,8,0.25,43.60585,3.911576
2026-03-13,15:04:22,2026-03-13T15:04:22+01:00,STATION,"Père Soulas",4,4,8,0.5,43.621983,3.855603
2026-03-13,15:04:22,2026-03-13T15:04:22+01:00,STATION,"Place Viala",2,6,8,0.25,43.616812,3.855075
2026-03-13,15:04:22,2026-03-13T15:04:22+01:00,STATION,"Hôtel du Département",0,8,8,0.0,43.621682,3.83477
2026-03-13,15:04:22,2026-03-13T15:04:22+01:00,STATION,"Tonnelles",0,8,8,0.0,43.615155,3.839466
2026-03-13,15:04:22,2026-03-13T15:04:22+01:00,STATION,"Parvis Jules Ferry - Gare Saint-Roch",3,5,8,0.375,43.603889,3.879362
2026-03-13,15:04:22,2026-03-13T15:04:22+01:00,STATION,"Pont de Lattes - Gare Saint-Roch",7,5,12,0.5833333333333334,43.606036,3.882393
2026-03-13,15:04:22,2026-03-13T15:04:22+01:00,STATION,"Deux Ponts - Gare Saint-Roch",0,8,8,0.0,43.604319,3.880916
2026-03-13,15:04:22,2026-03-13T15:04:22+01:00,STATION,"Providence - Ovalie",5,3,8,0.625,43.588239,3.853421
2026-03-13,15:04:22,2026-03-13T15:04:22+01:00,STATION,"Pérols Etang de l Or",35,33,68,0.5147058823529411,43.558351,3.963412
2026-03-13,15:04:22,2026-03-13T15:04:22+01:00,STATION,"Albert 1er - Cathédrale",1,11,12,0.08333333333333333,43.614005,3.873218
2026-03-13,15:04:22,2026-03-13T15:04:22+01:00,STATION,"Saint-Guilhem - Courreau",2,6,8,0.25,43.608996,3.872752
2026-03-13,15:04:22,2026-03-13T15:04:22+01:00,STATION,"Sud De France",8,0,8,1.0,43.59562,3.9235
2026-03-13,15:04:22,2026-03-13T15:04:22+01:00,STATION,"Comedie Baudin",0,8,8,0.0,43.608717,3.880787
2026-03-13,15:04:22,2026-03-13T15:04:22+01:00,STATION,"Jean de Beins",3,13,16,0.1875,43.609857,3.883884
2026-03-13,16:10:13,2026-03-13T16:10:13+01:00,STATION,"Rue Jules Ferry - Gare Saint-Roch",6,6,12,0.5,43.605366,3.881346
2026-03-13,16:10:13,2026-03-13T16:10:13+01:00,STATION,"Comédie",5,15,20,0.25,43.608148,3.878778
2026-03-13,16:10:13,2026-03-13T16:10:13+01:00,STATION,"Hôtel de Ville",12,3,16,0.8125,43.599088,3.894866
2026-03-13,16:10:13,2026-03-13T16:10:13+01:00,STATION,"Corum",6,6,12,0.5,43.613989,3.8816
2026-03-13,16:10:13,2026-03-13T16:10:13+01:00,STATION,"Place Albert 1er - St Charles",15,12,27,0.5555555555555556,43.616768,3.873375
2026-03-13,16:10:13,2026-03-13T16:10:13+01:00,STATION,"Foch",4,4,8,0.5,43.610989,3.873345
2026-03-13,16:10:13,2026-03-13T16:10:13+01:00,STATION,"Halles Castellane",0,12,12,0.0,43.609935,3.877208
2026-03-13,16:10:13,2026-03-13T16:10:13+01:00,STATION,"Observatoire",6,1,8,0.875,43.606301,3.87724
2026-03-13,16:10:13,2026-03-13T16:10:13+01:00,STATION,"Rondelet",6,10,16,0.375,43.603038,3.875796
2026-03-13,16:10:13,2026-03-13T16:10:13+01:00,STATION,"Plan Cabanes",1,11,12,0.08333333333333333,43.608491,3.868389
2026-03-13,16:10:13,2026-03-13T16:10:13+01:00,STATION,"Boutonnet",4,8,12,0.3333333333333333,43.622629,3.868375
2026-03-13,16:10:13,2026-03-13T16:10:13+01:00,STATION,"Emile Combes",7,1,8,0.875,43.616742,3.87998
2026-03-13,16:10:13,2026-03-13T16:10:13+01:00,STATION,"Beaux-Arts",11,5,16,0.6875,43.616698,3.884981
2026-03-13,16:10:13,2026-03-13T16:10:13+01:00,STATION,"Les Aubes",3,5,8,0.375,43.618692,3.893844
2026-03-13,16:10:13,2026-03-13T16:10:13+01:00,STATION,"Antigone centre",6,6,12,0.5,43.607942,3.890634
2026-03-13,16:10:13,2026-03-13T16:10:13+01:00,STATION,"Médiathèque Emile Zola",8,8,16,0.5,43.608218,3.89314
2026-03-13,16:10:13,2026-03-13T16:10:13+01:00,STATION,"Nombre d Or",5,11,16,0.3125,43.607859,3.886644
2026-03-13,16:10:13,2026-03-13T16:10:13+01:00,STATION,"Louis Blanc",9,7,16,0.5625,43.614642,3.877648
2026-03-13,16:10:13,2026-03-13T16:10:13+01:00,STATION,"Gambetta",5,3,8,0.625,43.607106,3.870693
2026-03-13,16:10:13,2026-03-13T16:10:13+01:00,STATION,"Port Marianne",5,11,16,0.3125,43.60032,3.89851
2026-03-13,16:10:13,2026-03-13T16:10:13+01:00,STATION,"Les Arceaux",2,6,8,0.25,43.612659,3.867734
2026-03-13,16:10:13,2026-03-13T16:10:13+01:00,STATION,"Cité Mion",1,5,8,0.375,43.601143,3.884373
2026-03-13,16:10:13,2026-03-13T16:10:13+01:00,STATION,"Nouveau Saint-Roch",2,6,8,0.25,43.599817,3.875757
2026-03-13,16:10:13,2026-03-13T16:10:13+01:00,STATION,"Renouvier",2,5,8,0.375,43.603553,3.867884
2026-03-13,16:10:13,2026-03-13T16:10:13+01:00,STATION,"Odysseum",0,8,8,0.0,43.603727,3.918979
2026-03-13,16:10:13,2026-03-13T16:10:13+01:00,STATION,"Saint-Denis",0,8,8,0.0,43.605021,3.875065
2026-03-13,16:10:13,2026-03-13T16:10:13+01:00,STATION,"Richter",6,10,16,0.375,43.603424,3.899263
2026-03-13,16:10:13,2026-03-13T16:10:13+01:00,STATION,"Charles Flahault",1,7,8,0.125,43.622038,3.86672
2026-03-13,16:10:13,2026-03-13T16:10:13+01:00,STATION,"Voltaire",4,4,8,0.5,43.603767,3.888659
2026-03-13,16:10:13,2026-03-13T16:10:13+01:00,STATION,"Prés d Arènes",7,1,8,0.875,43.59048,3.884611
2026-03-13,16:10:13,2026-03-13T16:10:13+01:00,STATION,"Garcia Lorca",5,3,8,0.625,43.590757,3.890616
2026-03-13,16:10:13,2026-03-13T16:10:13+01:00,STATION,"Vert Bois",3,13,16,0.1875,43.63543,3.871179
2026-03-13,16:10:13,2026-03-13T16:10:13+01:00,STATION,"Malbosc",1,7,8,0.125,43.633679,3.832861
2026-03-13,16:10:13,2026-03-13T16:10:13+01:00,STATION,"Occitanie",2,30,32,0.0625,43.635689,3.849597
2026-03-13,16:10:13,2026-03-13T16:10:13+01:00,STATION,"Fac des Sciences",21,3,24,0.875,43.631318,3.861299
2026-03-13,16:10:13,2026-03-13T16:10:13+01:00,STATION,"Fac de Lettres",5,7,12,0.4166666666666667,43.630437,3.869539
2026-03-13,16:10:13,2026-03-13T16:10:13+01:00,STATION,"Aiguelongue",4,3,8,0.625,43.626163,3.882492
2026-03-13,16:10:13,2026-03-13T16:10:13+01:00,STATION,"Jeu de Mail des Abbés",4,4,8,0.5,43.619701,3.883831
2026-03-13,16:10:13,2026-03-13T16:10:13+01:00,STATION,"Euromédecine",1,7,8,0.125,43.639119,3.828199
2026-03-13,16:10:13,2026-03-13T16:10:13+01:00,STATION,"Marie Caizergues",3,5,8,0.375,43.619871,3.873812
2026-03-13,16:10:13,2026-03-13T16:10:13+01:00,STATION,"Sabines",6,2,8,0.75,43.584211,3.860031
2026-03-13,16:10:13,2026-03-13T16:10:13+01:00,STATION,"Celleneuve",0,8,8,0.0,43.61467,3.832624
2026-03-13,16:10:13,2026-03-13T16:10:13+01:00,STATION,"Jardin de la Lironde",2,6,8,0.25,43.60585,3.911576
2026-03-13,16:10:13,2026-03-13T16:10:13+01:00,STATION,"Père Soulas",4,4,8,0.5,43.621983,3.855603
2026-03-13,16:10:13,2026-03-13T16:10:13+01:00,STATION,"Place Viala",2,6,8,0.25,43.616812,3.855075
2026-03-13,16:10:13,2026-03-13T16:10:13+01:00,STATION,"Hôtel du Département",0,8,8,0.0,43.621682,3.83477
2026-03-13,16:10:13,2026-03-13T16:10:13+01:00,STATION,"Tonnelles",1,7,8,0.125,43.615155,3.839466
2026-03-13,16:10:13,2026-03-13T16:10:13+01:00,STATION,"Parvis Jules Ferry - Gare Saint-Roch",3,5,8,0.375,43.603889,3.879362
2026-03-13,16:10:13,2026-03-13T16:10:13+01:00,STATION,"Pont de Lattes - Gare Saint-Roch",6,6,12,0.5,43.606036,3.882393
2026-03-13,16:10:13,2026-03-13T16:10:13+01:00,STATION,"Deux Ponts - Gare Saint-Roch",0,8,8,0.0,43.604319,3.880916
2026-03-13,16:10:13,2026-03-13T16:10:13+01:00,STATION,"Providence - Ovalie",5,3,8,0.625,43.588239,3.853421
2026-03-13,16:10:13,2026-03-13T16:10:13+01:00,STATION,"Pérols Etang de l Or",28,40,68,0.4117647058823529,43.558351,3.963412
2026-03-13,16:10:13,2026-03-13T16:10:13+01:00,STATION,"Albert 1er - Cathédrale",1,11,12,0.08333333333333333,43.614005,3.873218
2026-03-13,16:10:13,2026-03-13T16:10:13+01:00,STATION,"Saint-Guilhem - Courreau",2,6,8,0.25,43.608996,3.872752
2026-03-13,16:10:13,2026-03-13T16:10:13+01:00,STATION,"Sud De France",8,0,8,1.0,43.59562,3.9235
2026-03-13,16:10:13,2026-03-13T16:10:13+01:00,STATION,"Comedie Baudin",0,8,8,0.0,43.608717,3.880787
2026-03-13,16:10:13,2026-03-13T16:10:13+01:00,STATION,"Jean de Beins",3,13,16,0.1875,43.609857,3.883884
2026-03-13,17:03:50,2026-03-13T17:03:50+01:00,STATION,"Rue Jules Ferry - Gare Saint-Roch",6,6,12,0.5,43.605366,3.881346
2026-03-13,17:03:50,2026-03-13T17:03:50+01:00,STATION,"Comédie",5,15,20,0.25,43.608148,3.878778
2026-03-13,17:03:50,2026-03-13T17:03:50+01:00,STATION,"Hôtel de Ville",14,1,16,0.9375,43.599088,3.894866
2026-03-13,17:03:50,2026-03-13T17:03:50+01:00,STATION,"Corum",6,6,12,0.5,43.613989,3.8816
2026-03-13,17:03:50,2026-03-13T17:03:50+01:00,STATION,"Place Albert 1er - St Charles",16,11,27,0.5925925925925926,43.616768,3.873375
2026-03-13,17:03:50,2026-03-13T17:03:50+01:00,STATION,"Foch",6,2,8,0.75,43.610989,3.873345
2026-03-13,17:03:50,2026-03-13T17:03:50+01:00,STATION,"Halles Castellane",0,12,12,0.0,43.609935,3.877208
2026-03-13,17:03:50,2026-03-13T17:03:50+01:00,STATION,"Observatoire",6,1,8,0.875,43.606301,3.87724
2026-03-13,17:03:50,2026-03-13T17:03:50+01:00,STATION,"Rondelet",6,10,16,0.375,43.603038,3.875796
2026-03-13,17:03:50,2026-03-13T17:03:50+01:00,STATION,"Plan Cabanes",1,11,12,0.08333333333333333,43.608491,3.868389
2026-03-13,17:03:50,2026-03-13T17:03:50+01:00,STATION,"Boutonnet",5,7,12,0.4166666666666667,43.622629,3.868375
2026-03-13,17:03:50,2026-03-13T17:03:50+01:00,STATION,"Emile Combes",7,1,8,0.875,43.616742,3.87998
2026-03-13,17:03:50,2026-03-13T17:03:50+01:00,STATION,"Beaux-Arts",11,5,16,0.6875,43.616698,3.884981
2026-03-13,17:03:50,2026-03-13T17:03:50+01:00,STATION,"Les Aubes",3,5,8,0.375,43.618692,3.893844
2026-03-13,17:03:50,2026-03-13T17:03:50+01:00,STATION,"Antigone centre",8,4,12,0.6666666666666666,43.607942,3.890634
2026-03-13,17:03:50,2026-03-13T17:03:50+01:00,STATION,"Médiathèque Emile Zola",10,6,16,0.625,43.608218,3.89314
2026-03-13,17:03:50,2026-03-13T17:03:50+01:00,STATION,"Nombre d Or",5,11,16,0.3125,43.607859,3.886644
2026-03-13,17:03:50,2026-03-13T17:03:50+01:00,STATION,"Louis Blanc",9,7,16,0.5625,43.614642,3.877648
2026-03-13,17:03:50,2026-03-13T17:03:50+01:00,STATION,"Gambetta",5,3,8,0.625,43.607106,3.870693
2026-03-13,17:03:50,2026-03-13T17:03:50+01:00,STATION,"Port Marianne",5,11,16,0.3125,43.60032,3.89851
2026-03-13,17:03:50,2026-03-13T17:03:50+01:00,STATION,"Les Arceaux",1,7,8,0.125,43.612659,3.867734
2026-03-13,17:03:50,2026-03-13T17:03:50+01:00,STATION,"Cité Mion",1,5,8,0.375,43.601143,3.884373
2026-03-13,17:03:50,2026-03-13T17:03:50+01:00,STATION,"Nouveau Saint-Roch",2,6,8,0.25,43.599817,3.875757
2026-03-13,17:03:50,2026-03-13T17:03:50+01:00,STATION,"Renouvier",2,5,8,0.375,43.603553,3.867884
2026-03-13,17:03:50,2026-03-13T17:03:50+01:00,STATION,"Odysseum",0,8,8,0.0,43.603727,3.918979
2026-03-13,17:03:50,2026-03-13T17:03:50+01:00,STATION,"Saint-Denis",0,8,8,0.0,43.605021,3.875065
2026-03-13,17:03:50,2026-03-13T17:03:50+01:00,STATION,"Richter",6,10,16,0.375,43.603424,3.899263
2026-03-13,17:03:50,2026-03-13T17:03:50+01:00,STATION,"Charles Flahault",1,7,8,0.125,43.622038,3.86672
2026-03-13,17:03:50,2026-03-13T17:03:50+01:00,STATION,"Voltaire",5,3,8,0.625,43.603767,3.888659
2026-03-13,17:03:50,2026-03-13T17:03:50+01:00,STATION,"Prés d Arènes",7,1,8,0.875,43.59048,3.884611
2026-03-13,17:03:50,2026-03-13T17:03:50+01:00,STATION,"Garcia Lorca",5,3,8,0.625,43.590757,3.890616
2026-03-13,17:03:50,2026-03-13T17:03:50+01:00,STATION,"Vert Bois",3,13,16,0.1875,43.63543,3.871179
2026-03-13,17:03:50,2026-03-13T17:03:50+01:00,STATION,"Malbosc",1,7,8,0.125,43.633679,3.832861
2026-03-13,17:03:50,2026-03-13T17:03:50+01:00,STATION,"Occitanie",1,31,32,0.03125,43.635689,3.849597
2026-03-13,17:03:50,2026-03-13T17:03:50+01:00,STATION,"Fac des Sciences",21,3,24,0.875,43.631318,3.861299
2026-03-13,17:03:50,2026-03-13T17:03:50+01:00,STATION,"Fac de Lettres",6,6,12,0.5,43.630437,3.869539
2026-03-13,17:03:50,2026-03-13T17:03:50+01:00,STATION,"Aiguelongue",4,3,8,0.625,43.626163,3.882492
2026-03-13,17:03:50,2026-03-13T17:03:50+01:00,STATION,"Jeu de Mail des Abbés",4,4,8,0.5,43.619701,3.883831
2026-03-13,17:03:50,2026-03-13T17:03:50+01:00,STATION,"Euromédecine",1,7,8,0.125,43.639119,3.828199
2026-03-13,17:03:50,2026-03-13T17:03:50+01:00,STATION,"Marie Caizergues",3,5,8,0.375,43.619871,3.873812
2026-03-13,17:03:50,2026-03-13T17:03:50+01:00,STATION,"Sabines",6,2,8,0.75,43.584211,3.860031
2026-03-13,17:03:50,2026-03-13T17:03:50+01:00,STATION,"Celleneuve",0,8,8,0.0,43.61467,3.832624
2026-03-13,17:03:50,2026-03-13T17:03:50+01:00,STATION,"Jardin de la Lironde",5,3,8,0.625,43.60585,3.911576
2026-03-13,17:03:50,2026-03-13T17:03:50+01:00,STATION,"Père Soulas",4,4,8,0.5,43.621983,3.855603
2026-03-13,17:03:50,2026-03-13T17:03:50+01:00,STATION,"Place Viala",1,7,8,0.125,43.616812,3.855075
2026-03-13,17:03:50,2026-03-13T17:03:50+01:00,STATION,"Hôtel du Département",0,8,8,0.0,43.621682,3.83477
2026-03-13,17:03:50,2026-03-13T17:03:50+01:00,STATION,"Tonnelles",1,7,8,0.125,43.615155,3.839466
2026-03-13,17:03:50,2026-03-13T17:03:50+01:00,STATION,"Parvis Jules Ferry - Gare Saint-Roch",3,5,8,0.375,43.603889,3.879362
2026-03-13,17:03:50,2026-03-13T17:03:50+01:00,STATION,"Pont de Lattes - Gare Saint-Roch",6,6,12,0.5,43.606036,3.882393
2026-03-13,17:03:50,2026-03-13T17:03:50+01:00,STATION,"Deux Ponts - Gare Saint-Roch",0,8,8,0.0,43.604319,3.880916
2026-03-13,17:03:50,2026-03-13T17:03:50+01:00,STATION,"Providence - Ovalie",5,3,8,0.625,43.588239,3.853421
2026-03-13,17:03:50,2026-03-13T17:03:50+01:00,STATION,"Pérols Etang de l Or",27,41,68,0.39705882352941174,43.558351,3.963412
2026-03-13,17:03:50,2026-03-13T17:03:50+01:00,STATION,"Albert 1er - Cathédrale",1,11,12,0.08333333333333333,43.614005,3.873218
2026-03-13,17:03:50,2026-03-13T17:03:50+01:00,STATION,"Saint-Guilhem - Courreau",2,6,8,0.25,43.608996,3.872752
2026-03-13,17:03:50,2026-03-13T17:03:50+01:00,STATION,"Sud De France",8,0,8,1.0,43.59562,3.9235
2026-03-13,17:03:50,2026-03-13T17:03:50+01:00,STATION,"Comedie Baudin",0,8,8,0.0,43.608717,3.880787
2026-03-13,17:03:50,2026-03-13T17:03:50+01:00,STATION,"Jean de Beins",3,13,16,0.1875,43.609857,3.883884
2026-03-13,18:07:32,2026-03-13T18:07:32+01:00,STATION,"Rue Jules Ferry - Gare Saint-Roch",6,6,12,0.5,43.605366,3.881346
2026-03-13,18:07:32,2026-03-13T18:07:32+01:00,STATION,"Comédie",5,15,20,0.25,43.608148,3.878778
2026-03-13,18:07:32,2026-03-13T18:07:32+01:00,STATION,"Hôtel de Ville",14,1,16,0.9375,43.599088,3.894866
2026-03-13,18:07:32,2026-03-13T18:07:32+01:00,STATION,"Corum",5,7,12,0.4166666666666667,43.613989,3.8816
2026-03-13,18:07:32,2026-03-13T18:07:32+01:00,STATION,"Place Albert 1er - St Charles",17,10,27,0.6296296296296297,43.616768,3.873375
2026-03-13,18:07:32,2026-03-13T18:07:32+01:00,STATION,"Foch",3,5,8,0.375,43.610989,3.873345
2026-03-13,18:07:32,2026-03-13T18:07:32+01:00,STATION,"Halles Castellane",0,12,12,0.0,43.609935,3.877208
2026-03-13,18:07:32,2026-03-13T18:07:32+01:00,STATION,"Observatoire",7,0,8,1.0,43.606301,3.87724
2026-03-13,18:07:32,2026-03-13T18:07:32+01:00,STATION,"Rondelet",6,10,16,0.375,43.603038,3.875796
2026-03-13,18:07:32,2026-03-13T18:07:32+01:00,STATION,"Plan Cabanes",1,11,12,0.08333333333333333,43.608491,3.868389
2026-03-13,18:07:32,2026-03-13T18:07:32+01:00,STATION,"Boutonnet",4,8,12,0.3333333333333333,43.622629,3.868375
2026-03-13,18:07:32,2026-03-13T18:07:32+01:00,STATION,"Emile Combes",3,5,8,0.375,43.616742,3.87998
2026-03-13,18:07:32,2026-03-13T18:07:32+01:00,STATION,"Beaux-Arts",11,5,16,0.6875,43.616698,3.884981
2026-03-13,18:07:32,2026-03-13T18:07:32+01:00,STATION,"Les Aubes",4,4,8,0.5,43.618692,3.893844
2026-03-13,18:07:32,2026-03-13T18:07:32+01:00,STATION,"Antigone centre",7,5,12,0.5833333333333334,43.607942,3.890634
2026-03-13,18:07:32,2026-03-13T18:07:32+01:00,STATION,"Médiathèque Emile Zola",11,5,16,0.6875,43.608218,3.89314
2026-03-13,18:07:32,2026-03-13T18:07:32+01:00,STATION,"Nombre d Or",4,12,16,0.25,43.607859,3.886644
2026-03-13,18:07:32,2026-03-13T18:07:32+01:00,STATION,"Louis Blanc",9,7,16,0.5625,43.614642,3.877648
2026-03-13,18:07:32,2026-03-13T18:07:32+01:00,STATION,"Gambetta",5,3,8,0.625,43.607106,3.870693
2026-03-13,18:07:32,2026-03-13T18:07:32+01:00,STATION,"Port Marianne",7,9,16,0.4375,43.60032,3.89851
2026-03-13,18:07:32,2026-03-13T18:07:32+01:00,STATION,"Les Arceaux",2,6,8,0.25,43.612659,3.867734
2026-03-13,18:07:32,2026-03-13T18:07:32+01:00,STATION,"Cité Mion",1,5,8,0.375,43.601143,3.884373
2026-03-13,18:07:32,2026-03-13T18:07:32+01:00,STATION,"Nouveau Saint-Roch",2,6,8,0.25,43.599817,3.875757
2026-03-13,18:07:32,2026-03-13T18:07:32+01:00,STATION,"Renouvier",2,5,8,0.375,43.603553,3.867884
2026-03-13,18:07:32,2026-03-13T18:07:32+01:00,STATION,"Odysseum",0,8,8,0.0,43.603727,3.918979
2026-03-13,18:07:32,2026-03-13T18:07:32+01:00,STATION,"Saint-Denis",0,8,8,0.0,43.605021,3.875065
2026-03-13,18:07:32,2026-03-13T18:07:32+01:00,STATION,"Richter",6,10,16,0.375,43.603424,3.899263
2026-03-13,18:07:32,2026-03-13T18:07:32+01:00,STATION,"Charles Flahault",1,7,8,0.125,43.622038,3.86672
2026-03-13,18:07:32,2026-03-13T18:07:32+01:00,STATION,"Voltaire",5,3,8,0.625,43.603767,3.888659
2026-03-13,18:07:32,2026-03-13T18:07:32+01:00,STATION,"Prés d Arènes",7,1,8,0.875,43.59048,3.884611
2026-03-13,18:07:32,2026-03-13T18:07:32+01:00,STATION,"Garcia Lorca",5,3,8,0.625,43.590757,3.890616
2026-03-13,18:07:32,2026-03-13T18:07:32+01:00,STATION,"Vert Bois",7,9,16,0.4375,43.63543,3.871179
2026-03-13,18:07:32,2026-03-13T18:07:32+01:00,STATION,"Malbosc",1,7,8,0.125,43.633679,3.832861
2026-03-13,18:07:32,2026-03-13T18:07:32+01:00,STATION,"Occitanie",3,29,32,0.09375,43.635689,3.849597
2026-03-13,18:07:32,2026-03-13T18:07:32+01:00,STATION,"Fac des Sciences",21,3,24,0.875,43.631318,3.861299
2026-03-13,18:07:32,2026-03-13T18:07:32+01:00,STATION,"Fac de Lettres",9,3,12,0.75,43.630437,3.869539
2026-03-13,18:07:32,2026-03-13T18:07:32+01:00,STATION,"Aiguelongue",3,4,8,0.5,43.626163,3.882492
2026-03-13,18:07:32,2026-03-13T18:07:32+01:00,STATION,"Jeu de Mail des Abbés",4,4,8,0.5,43.619701,3.883831
2026-03-13,18:07:32,2026-03-13T18:07:32+01:00,STATION,"Euromédecine",1,7,8,0.125,43.639119,3.828199
2026-03-13,18:07:32,2026-03-13T18:07:32+01:00,STATION,"Marie Caizergues",4,4,8,0.5,43.619871,3.873812
2026-03-13,18:07:32,2026-03-13T18:07:32+01:00,STATION,"Sabines",6,2,8,0.75,43.584211,3.860031
2026-03-13,18:07:32,2026-03-13T18:07:32+01:00,STATION,"Celleneuve",0,8,8,0.0,43.61467,3.832624
2026-03-13,18:07:32,2026-03-13T18:07:32+01:00,STATION,"Jardin de la Lironde",5,3,8,0.625,43.60585,3.911576
2026-03-13,18:07:32,2026-03-13T18:07:32+01:00,STATION,"Père Soulas",4,4,8,0.5,43.621983,3.855603
2026-03-13,18:07:32,2026-03-13T18:07:32+01:00,STATION,"Place Viala",1,7,8,0.125,43.616812,3.855075
2026-03-13,18:07:32,2026-03-13T18:07:32+01:00,STATION,"Hôtel du Département",0,8,8,0.0,43.621682,3.83477
2026-03-13,18:07:32,2026-03-13T18:07:32+01:00,STATION,"Tonnelles",1,7,8,0.125,43.615155,3.839466
2026-03-13,18:07:32,2026-03-13T18:07:32+01:00,STATION,"Parvis Jules Ferry - Gare Saint-Roch",4,4,8,0.5,43.603889,3.879362
2026-03-13,18:07:32,2026-03-13T18:07:32+01:00,STATION,"Pont de Lattes - Gare Saint-Roch",6,6,12,0.5,43.606036,3.882393
2026-03-13,18:07:32,2026-03-13T18:07:32+01:00,STATION,"Deux Ponts - Gare Saint-Roch",0,8,8,0.0,43.604319,3.880916
2026-03-13,18:07:32,2026-03-13T18:07:32+01:00,STATION,"Providence - Ovalie",5,3,8,0.625,43.588239,3.853421
2026-03-13,18:07:32,2026-03-13T18:07:32+01:00,STATION,"Pérols Etang de l Or",41,27,68,0.6029411764705882,43.558351,3.963412
2026-03-13,18:07:32,2026-03-13T18:07:32+01:00,STATION,"Albert 1er - Cathédrale",0,12,12,0.0,43.614005,3.873218
2026-03-13,18:07:32,2026-03-13T18:07:32+01:00,STATION,"Saint-Guilhem - Courreau",2,6,8,0.25,43.608996,3.872752
2026-03-13,18:07:32,2026-03-13T18:07:32+01:00,STATION,"Sud De France",8,0,8,1.0,43.59562,3.9235
2026-03-13,18:07:32,2026-03-13T18:07:32+01:00,STATION,"Comedie Baudin",0,8,8,0.0,43.608717,3.880787
2026-03-13,18:07:32,2026-03-13T18:07:32+01:00,STATION,"Jean de Beins",2,14,16,0.125,43.609857,3.883884
2026-03-13,19:01:08,2026-03-13T19:01:08+01:00,STATION,"Rue Jules Ferry - Gare Saint-Roch",6,6,12,0.5,43.605366,3.881346
2026-03-13,19:01:08,2026-03-13T19:01:08+01:00,STATION,"Comédie",5,15,20,0.25,43.608148,3.878778
2026-03-13,19:01:08,2026-03-13T19:01:08+01:00,STATION,"Hôtel de Ville",12,3,16,0.8125,43.599088,3.894866
2026-03-13,19:01:08,2026-03-13T19:01:08+01:00,STATION,"Corum",4,8,12,0.3333333333333333,43.613989,3.8816
2026-03-13,19:01:08,2026-03-13T19:01:08+01:00,STATION,"Place Albert 1er - St Charles",16,11,27,0.5925925925925926,43.616768,3.873375
2026-03-13,19:01:08,2026-03-13T19:01:08+01:00,STATION,"Foch",3,5,8,0.375,43.610989,3.873345
2026-03-13,19:01:08,2026-03-13T19:01:08+01:00,STATION,"Halles Castellane",0,12,12,0.0,43.609935,3.877208
2026-03-13,19:01:08,2026-03-13T19:01:08+01:00,STATION,"Observatoire",7,0,8,1.0,43.606301,3.87724
2026-03-13,19:01:08,2026-03-13T19:01:08+01:00,STATION,"Rondelet",7,9,16,0.4375,43.603038,3.875796
2026-03-13,19:01:08,2026-03-13T19:01:08+01:00,STATION,"Plan Cabanes",1,11,12,0.08333333333333333,43.608491,3.868389
2026-03-13,19:01:08,2026-03-13T19:01:08+01:00,STATION,"Boutonnet",2,10,12,0.16666666666666666,43.622629,3.868375
2026-03-13,19:01:08,2026-03-13T19:01:08+01:00,STATION,"Emile Combes",2,6,8,0.25,43.616742,3.87998
2026-03-13,19:01:08,2026-03-13T19:01:08+01:00,STATION,"Beaux-Arts",11,5,16,0.6875,43.616698,3.884981
2026-03-13,19:01:08,2026-03-13T19:01:08+01:00,STATION,"Les Aubes",5,3,8,0.625,43.618692,3.893844
2026-03-13,19:01:08,2026-03-13T19:01:08+01:00,STATION,"Antigone centre",9,3,12,0.75,43.607942,3.890634
2026-03-13,19:01:08,2026-03-13T19:01:08+01:00,STATION,"Médiathèque Emile Zola",11,5,16,0.6875,43.608218,3.89314
2026-03-13,19:01:08,2026-03-13T19:01:08+01:00,STATION,"Nombre d Or",4,12,16,0.25,43.607859,3.886644
2026-03-13,19:01:08,2026-03-13T19:01:08+01:00,STATION,"Louis Blanc",8,8,16,0.5,43.614642,3.877648
2026-03-13,19:01:08,2026-03-13T19:01:08+01:00,STATION,"Gambetta",5,3,8,0.625,43.607106,3.870693
2026-03-13,19:01:08,2026-03-13T19:01:08+01:00,STATION,"Port Marianne",7,9,16,0.4375,43.60032,3.89851
2026-03-13,19:01:08,2026-03-13T19:01:08+01:00,STATION,"Les Arceaux",2,6,8,0.25,43.612659,3.867734
2026-03-13,19:01:08,2026-03-13T19:01:08+01:00,STATION,"Cité Mion",1,5,8,0.375,43.601143,3.884373
2026-03-13,19:01:08,2026-03-13T19:01:08+01:00,STATION,"Nouveau Saint-Roch",2,6,8,0.25,43.599817,3.875757
2026-03-13,19:01:08,2026-03-13T19:01:08+01:00,STATION,"Renouvier",2,5,8,0.375,43.603553,3.867884
2026-03-13,19:01:08,2026-03-13T19:01:08+01:00,STATION,"Odysseum",0,8,8,0.0,43.603727,3.918979
2026-03-13,19:01:08,2026-03-13T19:01:08+01:00,STATION,"Saint-Denis",0,8,8,0.0,43.605021,3.875065
2026-03-13,19:01:08,2026-03-13T19:01:08+01:00,STATION,"Richter",6,10,16,0.375,43.603424,3.899263
2026-03-13,19:01:08,2026-03-13T19:01:08+01:00,STATION,"Charles Flahault",1,7,8,0.125,43.622038,3.86672
2026-03-13,19:01:08,2026-03-13T19:01:08+01:00,STATION,"Voltaire",5,3,8,0.625,43.603767,3.888659
2026-03-13,19:01:08,2026-03-13T19:01:08+01:00,STATION,"Prés d Arènes",8,0,8,1.0,43.59048,3.884611
2026-03-13,19:01:08,2026-03-13T19:01:08+01:00,STATION,"Garcia Lorca",6,2,8,0.75,43.590757,3.890616
2026-03-13,19:01:08,2026-03-13T19:01:08+01:00,STATION,"Vert Bois",7,9,16,0.4375,43.63543,3.871179
2026-03-13,19:01:08,2026-03-13T19:01:08+01:00,STATION,"Malbosc",1,7,8,0.125,43.633679,3.832861
2026-03-13,19:01:08,2026-03-13T19:01:08+01:00,STATION,"Occitanie",3,29,32,0.09375,43.635689,3.849597
2026-03-13,19:01:08,2026-03-13T19:01:08+01:00,STATION,"Fac des Sciences",21,3,24,0.875,43.631318,3.861299
2026-03-13,19:01:08,2026-03-13T19:01:08+01:00,STATION,"Fac de Lettres",9,3,12,0.75,43.630437,3.869539
2026-03-13,19:01:08,2026-03-13T19:01:08+01:00,STATION,"Aiguelongue",4,3,8,0.625,43.626163,3.882492
2026-03-13,19:01:08,2026-03-13T19:01:08+01:00,STATION,"Jeu de Mail des Abbés",5,3,8,0.625,43.619701,3.883831
2026-03-13,19:01:08,2026-03-13T19:01:08+01:00,STATION,"Euromédecine",1,7,8,0.125,43.639119,3.828199
2026-03-13,19:01:08,2026-03-13T19:01:08+01:00,STATION,"Marie Caizergues",4,4,8,0.5,43.619871,3.873812
2026-03-13,19:01:08,2026-03-13T19:01:08+01:00,STATION,"Sabines",6,2,8,0.75,43.584211,3.860031
2026-03-13,19:01:08,2026-03-13T19:01:08+01:00,STATION,"Celleneuve",0,8,8,0.0,43.61467,3.832624
2026-03-13,19:01:08,2026-03-13T19:01:08+01:00,STATION,"Jardin de la Lironde",5,3,8,0.625,43.60585,3.911576
2026-03-13,19:01:08,2026-03-13T19:01:08+01:00,STATION,"Père Soulas",6,2,8,0.75,43.621983,3.855603
2026-03-13,19:01:08,2026-03-13T19:01:08+01:00,STATION,"Place Viala",1,7,8,0.125,43.616812,3.855075
2026-03-13,19:01:08,2026-03-13T19:01:08+01:00,STATION,"Hôtel du Département",0,8,8,0.0,43.621682,3.83477
2026-03-13,19:01:08,2026-03-13T19:01:08+01:00,STATION,"Tonnelles",1,7,8,0.125,43.615155,3.839466
2026-03-13,19:01:08,2026-03-13T19:01:08+01:00,STATION,"Parvis Jules Ferry - Gare Saint-Roch",4,4,8,0.5,43.603889,3.879362
2026-03-13,19:01:08,2026-03-13T19:01:08+01:00,STATION,"Pont de Lattes - Gare Saint-Roch",6,6,12,0.5,43.606036,3.882393
2026-03-13,19:01:08,2026-03-13T19:01:08+01:00,STATION,"Deux Ponts - Gare Saint-Roch",0,8,8,0.0,43.604319,3.880916
2026-03-13,19:01:08,2026-03-13T19:01:08+01:00,STATION,"Providence - Ovalie",5,3,8,0.625,43.588239,3.853421
2026-03-13,19:01:08,2026-03-13T19:01:08+01:00,STATION,"Pérols Etang de l Or",49,19,68,0.7205882352941176,43.558351,3.963412
2026-03-13,19:01:08,2026-03-13T19:01:08+01:00,STATION,"Albert 1er - Cathédrale",0,12,12,0.0,43.614005,3.873218
2026-03-13,19:01:08,2026-03-13T19:01:08+01:00,STATION,"Saint-Guilhem - Courreau",1,7,8,0.125,43.608996,3.872752
2026-03-13,19:01:08,2026-03-13T19:01:08+01:00,STATION,"Sud De France",8,0,8,1.0,43.59562,3.9235
2026-03-13,19:01:08,2026-03-13T19:01:08+01:00,STATION,"Comedie Baudin",0,8,8,0.0,43.608717,3.880787
2026-03-13,19:01:08,2026-03-13T19:01:08+01:00,STATION,"Jean de Beins",2,14,16,0.125,43.609857,3.883884
2026-03-13,19:58:05,2026-03-13T19:58:05+01:00,STATION,"Rue Jules Ferry - Gare Saint-Roch",6,6,12,0.5,43.605366,3.881346
2026-03-13,19:58:05,2026-03-13T19:58:05+01:00,STATION,"Comédie",5,15,20,0.25,43.608148,3.878778
2026-03-13,19:58:05,2026-03-13T19:58:05+01:00,STATION,"Hôtel de Ville",13,2,16,0.875,43.599088,3.894866
2026-03-13,19:58:05,2026-03-13T19:58:05+01:00,STATION,"Corum",5,7,12,0.4166666666666667,43.613989,3.8816
2026-03-13,19:58:05,2026-03-13T19:58:05+01:00,STATION,"Place Albert 1er - St Charles",16,11,27,0.5925925925925926,43.616768,3.873375
2026-03-13,19:58:05,2026-03-13T19:58:05+01:00,STATION,"Foch",3,5,8,0.375,43.610989,3.873345
2026-03-13,19:58:05,2026-03-13T19:58:05+01:00,STATION,"Halles Castellane",0,12,12,0.0,43.609935,3.877208
2026-03-13,19:58:05,2026-03-13T19:58:05+01:00,STATION,"Observatoire",5,2,8,0.75,43.606301,3.87724
2026-03-13,19:58:05,2026-03-13T19:58:05+01:00,STATION,"Rondelet",7,9,16,0.4375,43.603038,3.875796
2026-03-13,19:58:05,2026-03-13T19:58:05+01:00,STATION,"Plan Cabanes",1,11,12,0.08333333333333333,43.608491,3.868389
2026-03-13,19:58:05,2026-03-13T19:58:05+01:00,STATION,"Boutonnet",3,9,12,0.25,43.622629,3.868375
2026-03-13,19:58:05,2026-03-13T19:58:05+01:00,STATION,"Emile Combes",2,6,8,0.25,43.616742,3.87998
2026-03-13,19:58:05,2026-03-13T19:58:05+01:00,STATION,"Beaux-Arts",11,5,16,0.6875,43.616698,3.884981
2026-03-13,19:58:05,2026-03-13T19:58:05+01:00,STATION,"Les Aubes",5,3,8,0.625,43.618692,3.893844
2026-03-13,19:58:05,2026-03-13T19:58:05+01:00,STATION,"Antigone centre",9,3,12,0.75,43.607942,3.890634
2026-03-13,19:58:05,2026-03-13T19:58:05+01:00,STATION,"Médiathèque Emile Zola",11,5,16,0.6875,43.608218,3.89314
2026-03-13,19:58:05,2026-03-13T19:58:05+01:00,STATION,"Nombre d Or",5,11,16,0.3125,43.607859,3.886644
2026-03-13,19:58:05,2026-03-13T19:58:05+01:00,STATION,"Louis Blanc",9,7,16,0.5625,43.614642,3.877648
2026-03-13,19:58:05,2026-03-13T19:58:05+01:00,STATION,"Gambetta",5,3,8,0.625,43.607106,3.870693
2026-03-13,19:58:05,2026-03-13T19:58:05+01:00,STATION,"Port Marianne",8,8,16,0.5,43.60032,3.89851
2026-03-13,19:58:05,2026-03-13T19:58:05+01:00,STATION,"Les Arceaux",3,5,8,0.375,43.612659,3.867734
2026-03-13,19:58:05,2026-03-13T19:58:05+01:00,STATION,"Cité Mion",2,4,8,0.5,43.601143,3.884373
2026-03-13,19:58:05,2026-03-13T19:58:05+01:00,STATION,"Nouveau Saint-Roch",2,6,8,0.25,43.599817,3.875757
2026-03-13,19:58:05,2026-03-13T19:58:05+01:00,STATION,"Renouvier",2,5,8,0.375,43.603553,3.867884
2026-03-13,19:58:05,2026-03-13T19:58:05+01:00,STATION,"Odysseum",0,8,8,0.0,43.603727,3.918979
2026-03-13,19:58:05,2026-03-13T19:58:05+01:00,STATION,"Saint-Denis",0,8,8,0.0,43.605021,3.875065
2026-03-13,19:58:05,2026-03-13T19:58:05+01:00,STATION,"Richter",8,8,16,0.5,43.603424,3.899263
2026-03-13,19:58:05,2026-03-13T19:58:05+01:00,STATION,"Charles Flahault",1,7,8,0.125,43.622038,3.86672
2026-03-13,19:58:05,2026-03-13T19:58:05+01:00,STATION,"Voltaire",5,3,8,0.625,43.603767,3.888659
2026-03-13,19:58:05,2026-03-13T19:58:05+01:00,STATION,"Prés d Arènes",8,0,8,1.0,43.59048,3.884611
2026-03-13,19:58:05,2026-03-13T19:58:05+01:00,STATION,"Garcia Lorca",6,2,8,0.75,43.590757,3.890616
2026-03-13,19:58:05,2026-03-13T19:58:05+01:00,STATION,"Vert Bois",6,10,16,0.375,43.63543,3.871179
2026-03-13,19:58:05,2026-03-13T19:58:05+01:00,STATION,"Malbosc",1,7,8,0.125,43.633679,3.832861
2026-03-13,19:58:05,2026-03-13T19:58:05+01:00,STATION,"Occitanie",3,29,32,0.09375,43.635689,3.849597
2026-03-13,19:58:05,2026-03-13T19:58:05+01:00,STATION,"Fac des Sciences",21,3,24,0.875,43.631318,3.861299
2026-03-13,19:58:05,2026-03-13T19:58:05+01:00,STATION,"Fac de Lettres",9,3,12,0.75,43.630437,3.869539
2026-03-13,19:58:05,2026-03-13T19:58:05+01:00,STATION,"Aiguelongue",4,3,8,0.625,43.626163,3.882492
2026-03-13,19:58:05,2026-03-13T19:58:05+01:00,STATION,"Jeu de Mail des Abbés",5,3,8,0.625,43.619701,3.883831
2026-03-13,19:58:05,2026-03-13T19:58:05+01:00,STATION,"Euromédecine",1,7,8,0.125,43.639119,3.828199
2026-03-13,19:58:05,2026-03-13T19:58:05+01:00,STATION,"Marie Caizergues",3,5,8,0.375,43.619871,3.873812
2026-03-13,19:58:05,2026-03-13T19:58:05+01:00,STATION,"Sabines",5,3,8,0.625,43.584211,3.860031
2026-03-13,19:58:05,2026-03-13T19:58:05+01:00,STATION,"Celleneuve",0,8,8,0.0,43.61467,3.832624
2026-03-13,19:58:05,2026-03-13T19:58:05+01:00,STATION,"Jardin de la Lironde",3,5,8,0.375,43.60585,3.911576
2026-03-13,19:58:05,2026-03-13T19:58:05+01:00,STATION,"Père Soulas",6,2,8,0.75,43.621983,3.855603
2026-03-13,19:58:05,2026-03-13T19:58:05+01:00,STATION,"Place Viala",1,7,8,0.125,43.616812,3.855075
2026-03-13,19:58:05,2026-03-13T19:58:05+01:00,STATION,"Hôtel du Département",0,8,8,0.0,43.621682,3.83477
2026-03-13,19:58:05,2026-03-13T19:58:05+01:00,STATION,"Tonnelles",0,8,8,0.0,43.615155,3.839466
2026-03-13,19:58:05,2026-03-13T19:58:05+01:00,STATION,"Parvis Jules Ferry - Gare Saint-Roch",4,4,8,0.5,43.603889,3.879362
2026-03-13,19:58:05,2026-03-13T19:58:05+01:00,STATION,"Pont de Lattes - Gare Saint-Roch",6,6,12,0.5,43.606036,3.882393
2026-03-13,19:58:05,2026-03-13T19:58:05+01:00,STATION,"Deux Ponts - Gare Saint-Roch",0,8,8,0.0,43.604319,3.880916
2026-03-13,19:58:05,2026-03-13T19:58:05+01:00,STATION,"Providence - Ovalie",5,3,8,0.625,43.588239,3.853421
2026-03-13,19:58:05,2026-03-13T19:58:05+01:00,STATION,"Pérols Etang de l Or",50,18,68,0.7352941176470589,43.558351,3.963412
2026-03-13,19:58:05,2026-03-13T19:58:05+01:00,STATION,"Albert 1er - Cathédrale",1,11,12,0.08333333333333333,43.614005,3.873218
2026-03-13,19:58:05,2026-03-13T19:58:05+01:00,STATION,"Saint-Guilhem - Courreau",1,7,8,0.125,43.608996,3.872752
2026-03-13,19:58:05,2026-03-13T19:58:05+01:00,STATION,"Sud De France",8,0,8,1.0,43.59562,3.9235
2026-03-13,19:58:05,2026-03-13T19:58:05+01:00,STATION,"Comedie Baudin",0,8,8,0.0,43.608717,3.880787
2026-03-13,19:58:05,2026-03-13T19:58:05+01:00,STATION,"Jean de Beins",2,14,16,0.125,43.609857,3.883884
2026-03-13,20:34:30,2026-03-13T20:34:30+01:00,STATION,"Rue Jules Ferry - Gare Saint-Roch",6,6,12,0.5,43.605366,3.881346
2026-03-13,20:34:30,2026-03-13T20:34:30+01:00,STATION,"Comédie",5,15,20,0.25,43.608148,3.878778
2026-03-13,20:34:30,2026-03-13T20:34:30+01:00,STATION,"Hôtel de Ville",14,1,16,0.9375,43.599088,3.894866
2026-03-13,20:34:30,2026-03-13T20:34:30+01:00,STATION,"Corum",7,5,12,0.5833333333333334,43.613989,3.8816
2026-03-13,20:34:30,2026-03-13T20:34:30+01:00,STATION,"Place Albert 1er - St Charles",18,9,27,0.6666666666666666,43.616768,3.873375
2026-03-13,20:34:30,2026-03-13T20:34:30+01:00,STATION,"Foch",4,4,8,0.5,43.610989,3.873345
2026-03-13,20:34:30,2026-03-13T20:34:30+01:00,STATION,"Halles Castellane",0,12,12,0.0,43.609935,3.877208
2026-03-13,20:34:30,2026-03-13T20:34:30+01:00,STATION,"Observatoire",6,1,8,0.875,43.606301,3.87724
2026-03-13,20:34:30,2026-03-13T20:34:30+01:00,STATION,"Rondelet",6,10,16,0.375,43.603038,3.875796
2026-03-13,20:34:30,2026-03-13T20:34:30+01:00,STATION,"Plan Cabanes",0,12,12,0.0,43.608491,3.868389
2026-03-13,20:34:30,2026-03-13T20:34:30+01:00,STATION,"Boutonnet",5,7,12,0.4166666666666667,43.622629,3.868375
2026-03-13,20:34:30,2026-03-13T20:34:30+01:00,STATION,"Emile Combes",2,6,8,0.25,43.616742,3.87998
2026-03-13,20:34:30,2026-03-13T20:34:30+01:00,STATION,"Beaux-Arts",11,5,16,0.6875,43.616698,3.884981
2026-03-13,20:34:30,2026-03-13T20:34:30+01:00,STATION,"Les Aubes",5,3,8,0.625,43.618692,3.893844
2026-03-13,20:34:30,2026-03-13T20:34:30+01:00,STATION,"Antigone centre",9,3,12,0.75,43.607942,3.890634
2026-03-13,20:34:30,2026-03-13T20:34:30+01:00,STATION,"Médiathèque Emile Zola",11,5,16,0.6875,43.608218,3.89314
2026-03-13,20:34:30,2026-03-13T20:34:30+01:00,STATION,"Nombre d Or",5,11,16,0.3125,43.607859,3.886644
2026-03-13,20:34:30,2026-03-13T20:34:30+01:00,STATION,"Louis Blanc",9,7,16,0.5625,43.614642,3.877648
2026-03-13,20:34:30,2026-03-13T20:34:30+01:00,STATION,"Gambetta",6,2,8,0.75,43.607106,3.870693
2026-03-13,20:34:30,2026-03-13T20:34:30+01:00,STATION,"Port Marianne",7,9,16,0.4375,43.60032,3.89851
2026-03-13,20:34:30,2026-03-13T20:34:30+01:00,STATION,"Les Arceaux",3,5,8,0.375,43.612659,3.867734
2026-03-13,20:34:30,2026-03-13T20:34:30+01:00,STATION,"Cité Mion",2,4,8,0.5,43.601143,3.884373
2026-03-13,20:34:30,2026-03-13T20:34:30+01:00,STATION,"Nouveau Saint-Roch",3,5,8,0.375,43.599817,3.875757
2026-03-13,20:34:30,2026-03-13T20:34:30+01:00,STATION,"Renouvier",2,5,8,0.375,43.603553,3.867884
2026-03-13,20:34:30,2026-03-13T20:34:30+01:00,STATION,"Odysseum",0,8,8,0.0,43.603727,3.918979
2026-03-13,20:34:30,2026-03-13T20:34:30+01:00,STATION,"Saint-Denis",0,8,8,0.0,43.605021,3.875065
2026-03-13,20:34:30,2026-03-13T20:34:30+01:00,STATION,"Richter",8,8,16,0.5,43.603424,3.899263
2026-03-13,20:34:30,2026-03-13T20:34:30+01:00,STATION,"Charles Flahault",1,7,8,0.125,43.622038,3.86672
2026-03-13,20:34:30,2026-03-13T20:34:30+01:00,STATION,"Voltaire",5,3,8,0.625,43.603767,3.888659
2026-03-13,20:34:30,2026-03-13T20:34:30+01:00,STATION,"Prés d Arènes",7,1,8,0.875,43.59048,3.884611
2026-03-13,20:34:30,2026-03-13T20:34:30+01:00,STATION,"Garcia Lorca",6,2,8,0.75,43.590757,3.890616
2026-03-13,20:34:30,2026-03-13T20:34:30+01:00,STATION,"Vert Bois",6,10,16,0.375,43.63543,3.871179
2026-03-13,20:34:30,2026-03-13T20:34:30+01:00,STATION,"Malbosc",1,7,8,0.125,43.633679,3.832861
2026-03-13,20:34:30,2026-03-13T20:34:30+01:00,STATION,"Occitanie",3,29,32,0.09375,43.635689,3.849597
2026-03-13,20:34:30,2026-03-13T20:34:30+01:00,STATION,"Fac des Sciences",21,3,24,0.875,43.631318,3.861299
2026-03-13,20:34:30,2026-03-13T20:34:30+01:00,STATION,"Fac de Lettres",9,3,12,0.75,43.630437,3.869539
2026-03-13,20:34:30,2026-03-13T20:34:30+01:00,STATION,"Aiguelongue",4,3,8,0.625,43.626163,3.882492
2026-03-13,20:34:30,2026-03-13T20:34:30+01:00,STATION,"Jeu de Mail des Abbés",5,3,8,0.625,43.619701,3.883831
2026-03-13,20:34:30,2026-03-13T20:34:30+01:00,STATION,"Euromédecine",1,7,8,0.125,43.639119,3.828199
2026-03-13,20:34:30,2026-03-13T20:34:30+01:00,STATION,"Marie Caizergues",3,5,8,0.375,43.619871,3.873812
2026-03-13,20:34:30,2026-03-13T20:34:30+01:00,STATION,"Sabines",5,3,8,0.625,43.584211,3.860031
2026-03-13,20:34:30,2026-03-13T20:34:30+01:00,STATION,"Celleneuve",0,8,8,0.0,43.61467,3.832624
2026-03-13,20:34:30,2026-03-13T20:34:30+01:00,STATION,"Jardin de la Lironde",3,5,8,0.375,43.60585,3.911576
2026-03-13,20:34:30,2026-03-13T20:34:30+01:00,STATION,"Père Soulas",5,3,8,0.625,43.621983,3.855603
2026-03-13,20:34:30,2026-03-13T20:34:30+01:00,STATION,"Place Viala",2,6,8,0.25,43.616812,3.855075
2026-03-13,20:34:30,2026-03-13T20:34:30+01:00,STATION,"Hôtel du Département",0,8,8,0.0,43.621682,3.83477
2026-03-13,20:34:30,2026-03-13T20:34:30+01:00,STATION,"Tonnelles",0,8,8,0.0,43.615155,3.839466
2026-03-13,20:34:30,2026-03-13T20:34:30+01:00,STATION,"Parvis Jules Ferry - Gare Saint-Roch",3,5,8,0.375,43.603889,3.879362
2026-03-13,20:34:30,2026-03-13T20:34:30+01:00,STATION,"Pont de Lattes - Gare Saint-Roch",6,6,12,0.5,43.606036,3.882393
2026-03-13,20:34:30,2026-03-13T20:34:30+01:00,STATION,"Deux Ponts - Gare Saint-Roch",0,8,8,0.0,43.604319,3.880916
2026-03-13,20:34:30,2026-03-13T20:34:30+01:00,STATION,"Providence - Ovalie",4,4,8,0.5,43.588239,3.853421
2026-03-13,20:34:30,2026-03-13T20:34:30+01:00,STATION,"Pérols Etang de l Or",50,18,68,0.7352941176470589,43.558351,3.963412
2026-03-13,20:34:30,2026-03-13T20:34:30+01:00,STATION,"Albert 1er - Cathédrale",1,11,12,0.08333333333333333,43.614005,3.873218
2026-03-13,20:34:30,2026-03-13T20:34:30+01:00,STATION,"Saint-Guilhem - Courreau",1,7,8,0.125,43.608996,3.872752
2026-03-13,20:34:30,2026-03-13T20:34:30+01:00,STATION,"Sud De France",8,0,8,1.0,43.59562,3.9235
2026-03-13,20:34:30,2026-03-13T20:34:30+01:00,STATION,"Comedie Baudin",0,8,8,0.0,43.608717,3.880787
2026-03-13,20:34:30,2026-03-13T20:34:30+01:00,STATION,"Jean de Beins",2,14,16,0.125,43.609857,3.883884
2026-03-13,21:36:34,2026-03-13T21:36:34+01:00,STATION,"Rue Jules Ferry - Gare Saint-Roch",6,6,12,0.5,43.605366,3.881346
2026-03-13,21:36:34,2026-03-13T21:36:34+01:00,STATION,"Comédie",4,16,20,0.2,43.608148,3.878778
2026-03-13,21:36:34,2026-03-13T21:36:34+01:00,STATION,"Hôtel de Ville",14,1,16,0.9375,43.599088,3.894866
2026-03-13,21:36:34,2026-03-13T21:36:34+01:00,STATION,"Corum",7,5,12,0.5833333333333334,43.613989,3.8816
2026-03-13,21:36:34,2026-03-13T21:36:34+01:00,STATION,"Place Albert 1er - St Charles",18,9,27,0.6666666666666666,43.616768,3.873375
2026-03-13,21:36:34,2026-03-13T21:36:34+01:00,STATION,"Foch",4,4,8,0.5,43.610989,3.873345
2026-03-13,21:36:34,2026-03-13T21:36:34+01:00,STATION,"Halles Castellane",0,12,12,0.0,43.609935,3.877208
2026-03-13,21:36:34,2026-03-13T21:36:34+01:00,STATION,"Observatoire",7,0,8,1.0,43.606301,3.87724
2026-03-13,21:36:34,2026-03-13T21:36:34+01:00,STATION,"Rondelet",6,10,16,0.375,43.603038,3.875796
2026-03-13,21:36:34,2026-03-13T21:36:34+01:00,STATION,"Plan Cabanes",0,12,12,0.0,43.608491,3.868389
2026-03-13,21:36:34,2026-03-13T21:36:34+01:00,STATION,"Boutonnet",5,7,12,0.4166666666666667,43.622629,3.868375
2026-03-13,21:36:34,2026-03-13T21:36:34+01:00,STATION,"Emile Combes",2,6,8,0.25,43.616742,3.87998
2026-03-13,21:36:34,2026-03-13T21:36:34+01:00,STATION,"Beaux-Arts",11,5,16,0.6875,43.616698,3.884981
2026-03-13,21:36:34,2026-03-13T21:36:34+01:00,STATION,"Les Aubes",3,5,8,0.375,43.618692,3.893844
2026-03-13,21:36:34,2026-03-13T21:36:34+01:00,STATION,"Antigone centre",9,3,12,0.75,43.607942,3.890634
2026-03-13,21:36:34,2026-03-13T21:36:34+01:00,STATION,"Médiathèque Emile Zola",11,5,16,0.6875,43.608218,3.89314
2026-03-13,21:36:34,2026-03-13T21:36:34+01:00,STATION,"Nombre d Or",5,11,16,0.3125,43.607859,3.886644
2026-03-13,21:36:34,2026-03-13T21:36:34+01:00,STATION,"Louis Blanc",9,7,16,0.5625,43.614642,3.877648
2026-03-13,21:36:34,2026-03-13T21:36:34+01:00,STATION,"Gambetta",6,2,8,0.75,43.607106,3.870693
2026-03-13,21:36:34,2026-03-13T21:36:34+01:00,STATION,"Port Marianne",7,9,16,0.4375,43.60032,3.89851
2026-03-13,21:36:34,2026-03-13T21:36:34+01:00,STATION,"Les Arceaux",3,5,8,0.375,43.612659,3.867734
2026-03-13,21:36:34,2026-03-13T21:36:34+01:00,STATION,"Cité Mion",2,4,8,0.5,43.601143,3.884373
2026-03-13,21:36:34,2026-03-13T21:36:34+01:00,STATION,"Nouveau Saint-Roch",3,5,8,0.375,43.599817,3.875757
2026-03-13,21:36:34,2026-03-13T21:36:34+01:00,STATION,"Renouvier",2,5,8,0.375,43.603553,3.867884
2026-03-13,21:36:34,2026-03-13T21:36:34+01:00,STATION,"Odysseum",0,8,8,0.0,43.603727,3.918979
2026-03-13,21:36:34,2026-03-13T21:36:34+01:00,STATION,"Saint-Denis",0,8,8,0.0,43.605021,3.875065
2026-03-13,21:36:34,2026-03-13T21:36:34+01:00,STATION,"Richter",8,8,16,0.5,43.603424,3.899263
2026-03-13,21:36:34,2026-03-13T21:36:34+01:00,STATION,"Charles Flahault",1,7,8,0.125,43.622038,3.86672
2026-03-13,21:36:34,2026-03-13T21:36:34+01:00,STATION,"Voltaire",6,2,8,0.75,43.603767,3.888659
2026-03-13,21:36:34,2026-03-13T21:36:34+01:00,STATION,"Prés d Arènes",7,1,8,0.875,43.59048,3.884611
2026-03-13,21:36:34,2026-03-13T21:36:34+01:00,STATION,"Garcia Lorca",6,2,8,0.75,43.590757,3.890616
2026-03-13,21:36:34,2026-03-13T21:36:34+01:00,STATION,"Vert Bois",5,11,16,0.3125,43.63543,3.871179
2026-03-13,21:36:34,2026-03-13T21:36:34+01:00,STATION,"Malbosc",1,7,8,0.125,43.633679,3.832861
2026-03-13,21:36:34,2026-03-13T21:36:34+01:00,STATION,"Occitanie",3,29,32,0.09375,43.635689,3.849597
2026-03-13,21:36:34,2026-03-13T21:36:34+01:00,STATION,"Fac des Sciences",21,3,24,0.875,43.631318,3.861299
2026-03-13,21:36:34,2026-03-13T21:36:34+01:00,STATION,"Fac de Lettres",9,3,12,0.75,43.630437,3.869539
2026-03-13,21:36:34,2026-03-13T21:36:34+01:00,STATION,"Aiguelongue",4,3,8,0.625,43.626163,3.882492
2026-03-13,21:36:34,2026-03-13T21:36:34+01:00,STATION,"Jeu de Mail des Abbés",5,3,8,0.625,43.619701,3.883831
2026-03-13,21:36:34,2026-03-13T21:36:34+01:00,STATION,"Euromédecine",1,7,8,0.125,43.639119,3.828199
2026-03-13,21:36:34,2026-03-13T21:36:34+01:00,STATION,"Marie Caizergues",3,5,8,0.375,43.619871,3.873812
2026-03-13,21:36:34,2026-03-13T21:36:34+01:00,STATION,"Sabines",5,3,8,0.625,43.584211,3.860031
2026-03-13,21:36:34,2026-03-13T21:36:34+01:00,STATION,"Celleneuve",0,8,8,0.0,43.61467,3.832624
2026-03-13,21:36:34,2026-03-13T21:36:34+01:00,STATION,"Jardin de la Lironde",3,5,8,0.375,43.60585,3.911576
2026-03-13,21:36:34,2026-03-13T21:36:34+01:00,STATION,"Père Soulas",6,2,8,0.75,43.621983,3.855603
2026-03-13,21:36:34,2026-03-13T21:36:34+01:00,STATION,"Place Viala",2,6,8,0.25,43.616812,3.855075
2026-03-13,21:36:34,2026-03-13T21:36:34+01:00,STATION,"Hôtel du Département",0,8,8,0.0,43.621682,3.83477
2026-03-13,21:36:34,2026-03-13T21:36:34+01:00,STATION,"Tonnelles",0,8,8,0.0,43.615155,3.839466
2026-03-13,21:36:34,2026-03-13T21:36:34+01:00,STATION,"Parvis Jules Ferry - Gare Saint-Roch",3,5,8,0.375,43.603889,3.879362
2026-03-13,21:36:34,2026-03-13T21:36:34+01:00,STATION,"Pont de Lattes - Gare Saint-Roch",6,6,12,0.5,43.606036,3.882393
2026-03-13,21:36:34,2026-03-13T21:36:34+01:00,STATION,"Deux Ponts - Gare Saint-Roch",0,8,8,0.0,43.604319,3.880916
2026-03-13,21:36:34,2026-03-13T21:36:34+01:00,STATION,"Providence - Ovalie",4,4,8,0.5,43.588239,3.853421
2026-03-13,21:36:34,2026-03-13T21:36:34+01:00,STATION,"Pérols Etang de l Or",50,18,68,0.7352941176470589,43.558351,3.963412
2026-03-13,21:36:34,2026-03-13T21:36:34+01:00,STATION,"Albert 1er - Cathédrale",1,11,12,0.08333333333333333,43.614005,3.873218
2026-03-13,21:36:34,2026-03-13T21:36:34+01:00,STATION,"Saint-Guilhem - Courreau",1,7,8,0.125,43.608996,3.872752
2026-03-13,21:36:34,2026-03-13T21:36:34+01:00,STATION,"Sud De France",8,0,8,1.0,43.59562,3.9235
2026-03-13,21:36:34,2026-03-13T21:36:34+01:00,STATION,"Comedie Baudin",0,8,8,0.0,43.608717,3.880787
2026-03-13,21:36:34,2026-03-13T21:36:34+01:00,STATION,"Jean de Beins",2,14,16,0.125,43.609857,3.883884
2026-03-13,22:34:20,2026-03-13T22:34:20+01:00,STATION,"Rue Jules Ferry - Gare Saint-Roch",5,7,12,0.4166666666666667,43.605366,3.881346
2026-03-13,22:34:20,2026-03-13T22:34:20+01:00,STATION,"Comédie",3,17,20,0.15,43.608148,3.878778
2026-03-13,22:34:20,2026-03-13T22:34:20+01:00,STATION,"Hôtel de Ville",14,1,16,0.9375,43.599088,3.894866
2026-03-13,22:34:20,2026-03-13T22:34:20+01:00,STATION,"Corum",5,7,12,0.4166666666666667,43.613989,3.8816
2026-03-13,22:34:20,2026-03-13T22:34:20+01:00,STATION,"Place Albert 1er - St Charles",18,9,27,0.6666666666666666,43.616768,3.873375
2026-03-13,22:34:20,2026-03-13T22:34:20+01:00,STATION,"Foch",5,3,8,0.625,43.610989,3.873345
2026-03-13,22:34:20,2026-03-13T22:34:20+01:00,STATION,"Halles Castellane",0,12,12,0.0,43.609935,3.877208
2026-03-13,22:34:20,2026-03-13T22:34:20+01:00,STATION,"Observatoire",5,2,8,0.75,43.606301,3.87724
2026-03-13,22:34:20,2026-03-13T22:34:20+01:00,STATION,"Rondelet",6,10,16,0.375,43.603038,3.875796
2026-03-13,22:34:20,2026-03-13T22:34:20+01:00,STATION,"Plan Cabanes",1,11,12,0.08333333333333333,43.608491,3.868389
2026-03-13,22:34:20,2026-03-13T22:34:20+01:00,STATION,"Boutonnet",6,6,12,0.5,43.622629,3.868375
2026-03-13,22:34:20,2026-03-13T22:34:20+01:00,STATION,"Emile Combes",2,6,8,0.25,43.616742,3.87998
2026-03-13,22:34:20,2026-03-13T22:34:20+01:00,STATION,"Beaux-Arts",11,5,16,0.6875,43.616698,3.884981
2026-03-13,22:34:20,2026-03-13T22:34:20+01:00,STATION,"Les Aubes",3,5,8,0.375,43.618692,3.893844
2026-03-13,22:34:20,2026-03-13T22:34:20+01:00,STATION,"Antigone centre",9,3,12,0.75,43.607942,3.890634
2026-03-13,22:34:20,2026-03-13T22:34:20+01:00,STATION,"Médiathèque Emile Zola",11,5,16,0.6875,43.608218,3.89314
2026-03-13,22:34:20,2026-03-13T22:34:20+01:00,STATION,"Nombre d Or",5,11,16,0.3125,43.607859,3.886644
2026-03-13,22:34:20,2026-03-13T22:34:20+01:00,STATION,"Louis Blanc",8,8,16,0.5,43.614642,3.877648
2026-03-13,22:34:20,2026-03-13T22:34:20+01:00,STATION,"Gambetta",6,2,8,0.75,43.607106,3.870693
2026-03-13,22:34:20,2026-03-13T22:34:20+01:00,STATION,"Port Marianne",8,8,16,0.5,43.60032,3.89851
2026-03-13,22:34:20,2026-03-13T22:34:20+01:00,STATION,"Les Arceaux",3,5,8,0.375,43.612659,3.867734
2026-03-13,22:34:20,2026-03-13T22:34:20+01:00,STATION,"Cité Mion",2,4,8,0.5,43.601143,3.884373
2026-03-13,22:34:20,2026-03-13T22:34:20+01:00,STATION,"Nouveau Saint-Roch",3,5,8,0.375,43.599817,3.875757
2026-03-13,22:34:20,2026-03-13T22:34:20+01:00,STATION,"Renouvier",2,5,8,0.375,43.603553,3.867884
2026-03-13,22:34:20,2026-03-13T22:34:20+01:00,STATION,"Odysseum",0,8,8,0.0,43.603727,3.918979
2026-03-13,22:34:20,2026-03-13T22:34:20+01:00,STATION,"Saint-Denis",0,8,8,0.0,43.605021,3.875065
2026-03-13,22:34:20,2026-03-13T22:34:20+01:00,STATION,"Richter",8,8,16,0.5,43.603424,3.899263
2026-03-13,22:34:20,2026-03-13T22:34:20+01:00,STATION,"Charles Flahault",1,7,8,0.125,43.622038,3.86672
2026-03-13,22:34:20,2026-03-13T22:34:20+01:00,STATION,"Voltaire",8,0,8,1.0,43.603767,3.888659
2026-03-13,22:34:20,2026-03-13T22:34:20+01:00,STATION,"Prés d Arènes",7,1,8,0.875,43.59048,3.884611
2026-03-13,22:34:20,2026-03-13T22:34:20+01:00,STATION,"Garcia Lorca",6,2,8,0.75,43.590757,3.890616
2026-03-13,22:34:20,2026-03-13T22:34:20+01:00,STATION,"Vert Bois",5,11,16,0.3125,43.63543,3.871179
2026-03-13,22:34:20,2026-03-13T22:34:20+01:00,STATION,"Malbosc",1,7,8,0.125,43.633679,3.832861
2026-03-13,22:34:20,2026-03-13T22:34:20+01:00,STATION,"Occitanie",2,30,32,0.0625,43.635689,3.849597
2026-03-13,22:34:20,2026-03-13T22:34:20+01:00,STATION,"Fac des Sciences",22,2,24,0.9166666666666666,43.631318,3.861299
2026-03-13,22:34:20,2026-03-13T22:34:20+01:00,STATION,"Fac de Lettres",9,3,12,0.75,43.630437,3.869539
2026-03-13,22:34:20,2026-03-13T22:34:20+01:00,STATION,"Aiguelongue",6,1,8,0.875,43.626163,3.882492
2026-03-13,22:34:20,2026-03-13T22:34:20+01:00,STATION,"Jeu de Mail des Abbés",5,3,8,0.625,43.619701,3.883831
2026-03-13,22:34:20,2026-03-13T22:34:20+01:00,STATION,"Euromédecine",1,7,8,0.125,43.639119,3.828199
2026-03-13,22:34:20,2026-03-13T22:34:20+01:00,STATION,"Marie Caizergues",3,5,8,0.375,43.619871,3.873812
2026-03-13,22:34:20,2026-03-13T22:34:20+01:00,STATION,"Sabines",5,3,8,0.625,43.584211,3.860031
2026-03-13,22:34:20,2026-03-13T22:34:20+01:00,STATION,"Celleneuve",0,8,8,0.0,43.61467,3.832624
2026-03-13,22:34:20,2026-03-13T22:34:20+01:00,STATION,"Jardin de la Lironde",3,5,8,0.375,43.60585,3.911576
2026-03-13,22:34:20,2026-03-13T22:34:20+01:00,STATION,"Père Soulas",6,2,8,0.75,43.621983,3.855603
2026-03-13,22:34:20,2026-03-13T22:34:20+01:00,STATION,"Place Viala",1,7,8,0.125,43.616812,3.855075
2026-03-13,22:34:20,2026-03-13T22:34:20+01:00,STATION,"Hôtel du Département",0,8,8,0.0,43.621682,3.83477
2026-03-13,22:34:20,2026-03-13T22:34:20+01:00,STATION,"Tonnelles",0,8,8,0.0,43.615155,3.839466
2026-03-13,22:34:20,2026-03-13T22:34:20+01:00,STATION,"Parvis Jules Ferry - Gare Saint-Roch",3,5,8,0.375,43.603889,3.879362
2026-03-13,22:34:20,2026-03-13T22:34:20+01:00,STATION,"Pont de Lattes - Gare Saint-Roch",6,6,12,0.5,43.606036,3.882393
2026-03-13,22:34:20,2026-03-13T22:34:20+01:00,STATION,"Deux Ponts - Gare Saint-Roch",0,8,8,0.0,43.604319,3.880916
2026-03-13,22:34:20,2026-03-13T22:34:20+01:00,STATION,"Providence - Ovalie",4,4,8,0.5,43.588239,3.853421
2026-03-13,22:34:20,2026-03-13T22:34:20+01:00,STATION,"Pérols Etang de l Or",50,18,68,0.7352941176470589,43.558351,3.963412
2026-03-13,22:34:20,2026-03-13T22:34:20+01:00,STATION,"Albert 1er - Cathédrale",1,11,12,0.08333333333333333,43.614005,3.873218
2026-03-13,22:34:20,2026-03-13T22:34:20+01:00,STATION,"Saint-Guilhem - Courreau",2,6,8,0.25,43.608996,3.872752
2026-03-13,22:34:20,2026-03-13T22:34:20+01:00,STATION,"Sud De France",8,0,8,1.0,43.59562,3.9235
2026-03-13,22:34:20,2026-03-13T22:34:20+01:00,STATION,"Comedie Baudin",0,8,8,0.0,43.608717,3.880787
2026-03-13,22:34:20,2026-03-13T22:34:20+01:00,STATION,"Jean de Beins",2,14,16,0.125,43.609857,3.883884
2026-03-13,23:29:27,2026-03-13T23:29:27+01:00,STATION,"Rue Jules Ferry - Gare Saint-Roch",4,8,12,0.3333333333333333,43.605366,3.881346
2026-03-13,23:29:27,2026-03-13T23:29:27+01:00,STATION,"Comédie",5,15,20,0.25,43.608148,3.878778
2026-03-13,23:29:27,2026-03-13T23:29:27+01:00,STATION,"Hôtel de Ville",14,1,16,0.9375,43.599088,3.894866
2026-03-13,23:29:27,2026-03-13T23:29:27+01:00,STATION,"Corum",5,7,12,0.4166666666666667,43.613989,3.8816
2026-03-13,23:29:27,2026-03-13T23:29:27+01:00,STATION,"Place Albert 1er - St Charles",18,9,27,0.6666666666666666,43.616768,3.873375
2026-03-13,23:29:27,2026-03-13T23:29:27+01:00,STATION,"Foch",2,6,8,0.25,43.610989,3.873345
2026-03-13,23:29:27,2026-03-13T23:29:27+01:00,STATION,"Halles Castellane",0,12,12,0.0,43.609935,3.877208
2026-03-13,23:29:27,2026-03-13T23:29:27+01:00,STATION,"Observatoire",5,2,8,0.75,43.606301,3.87724
2026-03-13,23:29:27,2026-03-13T23:29:27+01:00,STATION,"Rondelet",6,10,16,0.375,43.603038,3.875796
2026-03-13,23:29:27,2026-03-13T23:29:27+01:00,STATION,"Plan Cabanes",1,11,12,0.08333333333333333,43.608491,3.868389
2026-03-13,23:29:27,2026-03-13T23:29:27+01:00,STATION,"Boutonnet",6,6,12,0.5,43.622629,3.868375
2026-03-13,23:29:27,2026-03-13T23:29:27+01:00,STATION,"Emile Combes",2,6,8,0.25,43.616742,3.87998
2026-03-13,23:29:27,2026-03-13T23:29:27+01:00,STATION,"Beaux-Arts",11,5,16,0.6875,43.616698,3.884981
2026-03-13,23:29:27,2026-03-13T23:29:27+01:00,STATION,"Les Aubes",3,5,8,0.375,43.618692,3.893844
2026-03-13,23:29:27,2026-03-13T23:29:27+01:00,STATION,"Antigone centre",10,2,12,0.8333333333333334,43.607942,3.890634
2026-03-13,23:29:27,2026-03-13T23:29:27+01:00,STATION,"Médiathèque Emile Zola",11,5,16,0.6875,43.608218,3.89314
2026-03-13,23:29:27,2026-03-13T23:29:27+01:00,STATION,"Nombre d Or",5,11,16,0.3125,43.607859,3.886644
2026-03-13,23:29:27,2026-03-13T23:29:27+01:00,STATION,"Louis Blanc",8,8,16,0.5,43.614642,3.877648
2026-03-13,23:29:27,2026-03-13T23:29:27+01:00,STATION,"Gambetta",6,2,8,0.75,43.607106,3.870693
2026-03-13,23:29:27,2026-03-13T23:29:27+01:00,STATION,"Port Marianne",8,8,16,0.5,43.60032,3.89851
2026-03-13,23:29:27,2026-03-13T23:29:27+01:00,STATION,"Les Arceaux",3,5,8,0.375,43.612659,3.867734
2026-03-13,23:29:27,2026-03-13T23:29:27+01:00,STATION,"Cité Mion",2,4,8,0.5,43.601143,3.884373
2026-03-13,23:29:27,2026-03-13T23:29:27+01:00,STATION,"Nouveau Saint-Roch",3,5,8,0.375,43.599817,3.875757
2026-03-13,23:29:27,2026-03-13T23:29:27+01:00,STATION,"Renouvier",2,5,8,0.375,43.603553,3.867884
2026-03-13,23:29:27,2026-03-13T23:29:27+01:00,STATION,"Odysseum",0,8,8,0.0,43.603727,3.918979
2026-03-13,23:29:27,2026-03-13T23:29:27+01:00,STATION,"Saint-Denis",0,8,8,0.0,43.605021,3.875065
2026-03-13,23:29:27,2026-03-13T23:29:27+01:00,STATION,"Richter",8,8,16,0.5,43.603424,3.899263
2026-03-13,23:29:27,2026-03-13T23:29:27+01:00,STATION,"Charles Flahault",1,7,8,0.125,43.622038,3.86672
2026-03-13,23:29:27,2026-03-13T23:29:27+01:00,STATION,"Voltaire",6,2,8,0.75,43.603767,3.888659
2026-03-13,23:29:27,2026-03-13T23:29:27+01:00,STATION,"Prés d Arènes",8,0,8,1.0,43.59048,3.884611
2026-03-13,23:29:27,2026-03-13T23:29:27+01:00,STATION,"Garcia Lorca",6,2,8,0.75,43.590757,3.890616
2026-03-13,23:29:27,2026-03-13T23:29:27+01:00,STATION,"Vert Bois",5,11,16,0.3125,43.63543,3.871179
2026-03-13,23:29:27,2026-03-13T23:29:27+01:00,STATION,"Malbosc",1,7,8,0.125,43.633679,3.832861
2026-03-13,23:29:27,2026-03-13T23:29:27+01:00,STATION,"Occitanie",2,30,32,0.0625,43.635689,3.849597
2026-03-13,23:29:27,2026-03-13T23:29:27+01:00,STATION,"Fac des Sciences",19,5,24,0.7916666666666666,43.631318,3.861299
2026-03-13,23:29:27,2026-03-13T23:29:27+01:00,STATION,"Fac de Lettres",9,3,12,0.75,43.630437,3.869539
2026-03-13,23:29:27,2026-03-13T23:29:27+01:00,STATION,"Aiguelongue",6,1,8,0.875,43.626163,3.882492
2026-03-13,23:29:27,2026-03-13T23:29:27+01:00,STATION,"Jeu de Mail des Abbés",3,5,8,0.375,43.619701,3.883831
2026-03-13,23:29:27,2026-03-13T23:29:27+01:00,STATION,"Euromédecine",1,7,8,0.125,43.639119,3.828199
2026-03-13,23:29:27,2026-03-13T23:29:27+01:00,STATION,"Marie Caizergues",3,5,8,0.375,43.619871,3.873812
2026-03-13,23:29:27,2026-03-13T23:29:27+01:00,STATION,"Sabines",5,3,8,0.625,43.584211,3.860031
2026-03-13,23:29:27,2026-03-13T23:29:27+01:00,STATION,"Celleneuve",0,8,8,0.0,43.61467,3.832624
2026-03-13,23:29:27,2026-03-13T23:29:27+01:00,STATION,"Jardin de la Lironde",3,5,8,0.375,43.60585,3.911576
2026-03-13,23:29:27,2026-03-13T23:29:27+01:00,STATION,"Père Soulas",6,2,8,0.75,43.621983,3.855603
2026-03-13,23:29:27,2026-03-13T23:29:27+01:00,STATION,"Place Viala",1,7,8,0.125,43.616812,3.855075
2026-03-13,23:29:27,2026-03-13T23:29:27+01:00,STATION,"Hôtel du Département",0,8,8,0.0,43.621682,3.83477
2026-03-13,23:29:27,2026-03-13T23:29:27+01:00,STATION,"Tonnelles",0,8,8,0.0,43.615155,3.839466
2026-03-13,23:29:27,2026-03-13T23:29:27+01:00,STATION,"Parvis Jules Ferry - Gare Saint-Roch",2,6,8,0.25,43.603889,3.879362
2026-03-13,23:29:27,2026-03-13T23:29:27+01:00,STATION,"Pont de Lattes - Gare Saint-Roch",6,6,12,0.5,43.606036,3.882393
2026-03-13,23:29:27,2026-03-13T23:29:27+01:00,STATION,"Deux Ponts - Gare Saint-Roch",0,8,8,0.0,43.604319,3.880916
2026-03-13,23:29:27,2026-03-13T23:29:27+01:00,STATION,"Providence - Ovalie",4,4,8,0.5,43.588239,3.853421
2026-03-13,23:29:27,2026-03-13T23:29:27+01:00,STATION,"Pérols Etang de l Or",50,18,68,0.7352941176470589,43.558351,3.963412
2026-03-13,23:29:27,2026-03-13T23:29:27+01:00,STATION,"Albert 1er - Cathédrale",1,11,12,0.08333333333333333,43.614005,3.873218
2026-03-13,23:29:27,2026-03-13T23:29:27+01:00,STATION,"Saint-Guilhem - Courreau",2,6,8,0.25,43.608996,3.872752
2026-03-13,23:29:27,2026-03-13T23:29:27+01:00,STATION,"Sud De France",8,0,8,1.0,43.59562,3.9235
2026-03-13,23:29:27,2026-03-13T23:29:27+01:00,STATION,"Comedie Baudin",0,8,8,0.0,43.608717,3.880787
2026-03-13,23:29:27,2026-03-13T23:29:27+01:00,STATION,"Jean de Beins",2,14,16,0.125,43.609857,3.883884
