date,heure,timestamp,type,nom,velos_dispo,bornes_libres,total,taux_occupation_places,lat,lon
2026-02-17,00:38:54,2026-02-17T00:38:54+01:00,STATION,"Rue Jules Ferry - Gare Saint-Roch",5,7,12,0.4166666666666667,43.605366,3.881346
2026-02-17,00:38:54,2026-02-17T00:38:54+01:00,STATION,"Comédie",10,10,20,0.5,43.608148,3.878778
2026-02-17,00:38:54,2026-02-17T00:38:54+01:00,STATION,"Hôtel de Ville",9,6,16,0.625,43.599088,3.894866
2026-02-17,00:38:54,2026-02-17T00:38:54+01:00,STATION,"Corum",2,10,12,0.16666666666666666,43.613989,3.8816
2026-02-17,00:38:54,2026-02-17T00:38:54+01:00,STATION,"Place Albert 1er - St Charles",7,20,27,0.25925925925925924,43.616768,3.873375
2026-02-17,00:38:54,2026-02-17T00:38:54+01:00,STATION,"Foch",3,5,8,0.375,43.610989,3.873345
2026-02-17,00:38:54,2026-02-17T00:38:54+01:00,STATION,"Halles Castellane",0,12,12,0.0,43.609935,3.877208
2026-02-17,00:38:54,2026-02-17T00:38:54+01:00,STATION,"Observatoire",5,2,8,0.75,43.606301,3.87724
2026-02-17,00:38:54,2026-02-17T00:38:54+01:00,STATION,"Rondelet",5,11,16,0.3125,43.603038,3.875796
2026-02-17,00:38:54,2026-02-17T00:38:54+01:00,STATION,"Plan Cabanes",1,11,12,0.08333333333333333,43.608491,3.868389
2026-02-17,00:38:54,2026-02-17T00:38:54+01:00,STATION,"Boutonnet",4,8,12,0.3333333333333333,43.622629,3.868375
2026-02-17,00:38:54,2026-02-17T00:38:54+01:00,STATION,"Emile Combes",5,3,8,0.625,43.616742,3.87998
2026-02-17,00:38:54,2026-02-17T00:38:54+01:00,STATION,"Beaux-Arts",2,14,16,0.125,43.616698,3.884981
2026-02-17,00:38:54,2026-02-17T00:38:54+01:00,STATION,"Les Aubes",3,5,8,0.375,43.618692,3.893844
2026-02-17,00:38:54,2026-02-17T00:38:54+01:00,STATION,"Antigone centre",8,4,12,0.6666666666666666,43.607942,3.890634
2026-02-17,00:38:54,2026-02-17T00:38:54+01:00,STATION,"Médiathèque Emile Zola",8,8,16,0.5,43.608218,3.89314
2026-02-17,00:38:54,2026-02-17T00:38:54+01:00,STATION,"Nombre d Or",5,11,16,0.3125,43.607859,3.886644
2026-02-17,00:38:54,2026-02-17T00:38:54+01:00,STATION,"Louis Blanc",4,12,16,0.25,43.614642,3.877648
2026-02-17,00:38:54,2026-02-17T00:38:54+01:00,STATION,"Gambetta",3,5,8,0.375,43.607106,3.870693
2026-02-17,00:38:54,2026-02-17T00:38:54+01:00,STATION,"Port Marianne",10,6,16,0.625,43.60032,3.89851
2026-02-17,00:38:54,2026-02-17T00:38:54+01:00,STATION,"Les Arceaux",3,5,8,0.375,43.612659,3.867734
2026-02-17,00:38:54,2026-02-17T00:38:54+01:00,STATION,"Cité Mion",2,5,8,0.375,43.601143,3.884373
2026-02-17,00:38:54,2026-02-17T00:38:54+01:00,STATION,"Nouveau Saint-Roch",5,3,8,0.625,43.599817,3.875757
2026-02-17,00:38:54,2026-02-17T00:38:54+01:00,STATION,"Renouvier",2,6,8,0.25,43.603553,3.867884
2026-02-17,00:38:54,2026-02-17T00:38:54+01:00,STATION,"Odysseum",0,8,8,0.0,43.603727,3.918979
2026-02-17,00:38:54,2026-02-17T00:38:54+01:00,STATION,"Saint-Denis",0,8,8,0.0,43.605021,3.875065
2026-02-17,00:38:54,2026-02-17T00:38:54+01:00,STATION,"Richter",6,10,16,0.375,43.603424,3.899263
2026-02-17,00:38:54,2026-02-17T00:38:54+01:00,STATION,"Charles Flahault",1,7,8,0.125,43.622038,3.86672
2026-02-17,00:38:54,2026-02-17T00:38:54+01:00,STATION,"Voltaire",1,7,8,0.125,43.603767,3.888659
2026-02-17,00:38:54,2026-02-17T00:38:54+01:00,STATION,"Prés d Arènes",3,5,8,0.375,43.59048,3.884611
2026-02-17,00:38:54,2026-02-17T00:38:54+01:00,STATION,"Garcia Lorca",8,0,8,1.0,43.590757,3.890616
2026-02-17,00:38:54,2026-02-17T00:38:54+01:00,STATION,"Vert Bois",3,13,16,0.1875,43.63543,3.871179
2026-02-17,00:38:54,2026-02-17T00:38:54+01:00,STATION,"Malbosc",3,5,8,0.375,43.633679,3.832861
2026-02-17,00:38:54,2026-02-17T00:38:54+01:00,STATION,"Occitanie",18,14,32,0.5625,43.635689,3.849597
2026-02-17,00:38:54,2026-02-17T00:38:54+01:00,STATION,"FacdesSciences",20,4,24,0.8333333333333334,43.631318,3.861299
2026-02-17,00:38:54,2026-02-17T00:38:54+01:00,STATION,"Fac de Lettres",1,11,12,0.08333333333333333,43.630437,3.869539
2026-02-17,00:38:54,2026-02-17T00:38:54+01:00,STATION,"Aiguelongue",3,4,8,0.5,43.626163,3.882492
2026-02-17,00:38:54,2026-02-17T00:38:54+01:00,STATION,"Jeu de Mail des Abbés",6,2,8,0.75,43.619701,3.883831
2026-02-17,00:38:54,2026-02-17T00:38:54+01:00,STATION,"Euromédecine",3,5,8,0.375,43.639119,3.828199
2026-02-17,00:38:54,2026-02-17T00:38:54+01:00,STATION,"Marie Caizergues",1,7,8,0.125,43.619871,3.873812
2026-02-17,00:38:54,2026-02-17T00:38:54+01:00,STATION,"Sabines",0,8,8,0.0,43.584211,3.860031
2026-02-17,00:38:54,2026-02-17T00:38:54+01:00,STATION,"Celleneuve",4,4,8,0.5,43.61467,3.832624
2026-02-17,00:38:54,2026-02-17T00:38:54+01:00,STATION,"Jardin de la Lironde",8,0,8,1.0,43.60585,3.911576
2026-02-17,00:38:54,2026-02-17T00:38:54+01:00,STATION,"Père Soulas",4,4,8,0.5,43.621983,3.855603
2026-02-17,00:38:54,2026-02-17T00:38:54+01:00,STATION,"Place Viala",2,6,8,0.25,43.616812,3.855075
2026-02-17,00:38:54,2026-02-17T00:38:54+01:00,STATION,"Hôtel du Département",4,4,8,0.5,43.621682,3.83477
2026-02-17,00:38:54,2026-02-17T00:38:54+01:00,STATION,"Tonnelles",3,5,8,0.375,43.615155,3.839466
2026-02-17,00:38:54,2026-02-17T00:38:54+01:00,STATION,"Parvis Jules Ferry - Gare Saint-Roch",4,4,8,0.5,43.603889,3.879362
2026-02-17,00:38:54,2026-02-17T00:38:54+01:00,STATION,"Pont de Lattes - Gare Saint-Roch",4,8,12,0.3333333333333333,43.606036,3.882393
2026-02-17,00:38:54,2026-02-17T00:38:54+01:00,STATION,"Deux Ponts - Gare Saint-Roch",0,8,8,0.0,43.604319,3.880916
2026-02-17,00:38:54,2026-02-17T00:38:54+01:00,STATION,"Providence - Ovalie",1,7,8,0.125,43.588239,3.853421
2026-02-17,00:38:54,2026-02-17T00:38:54+01:00,STATION,"Pérols Etang de l Or",60,8,68,0.8823529411764706,43.558351,3.963412
2026-02-17,00:38:54,2026-02-17T00:38:54+01:00,STATION,"Albert 1er - Cathédrale",3,9,12,0.25,43.614005,3.873218
2026-02-17,00:38:54,2026-02-17T00:38:54+01:00,STATION,"Saint-Guilhem - Courreau",6,2,8,0.75,43.608996,3.872752
2026-02-17,00:38:54,2026-02-17T00:38:54+01:00,STATION,"Sud De France",7,1,8,0.875,43.59562,3.9235
2026-02-17,00:38:54,2026-02-17T00:38:54+01:00,STATION,"Comedie Baudin",0,8,8,0.0,43.608717,3.880787
2026-02-17,00:38:54,2026-02-17T00:38:54+01:00,STATION,"Jean de Beins",5,11,16,0.3125,43.609857,3.883884
2026-02-17,03:05:32,2026-02-17T03:05:32+01:00,STATION,"Rue Jules Ferry - Gare Saint-Roch",5,7,12,0.4166666666666667,43.605366,3.881346
2026-02-17,03:05:32,2026-02-17T03:05:32+01:00,STATION,"Comédie",10,10,20,0.5,43.608148,3.878778
2026-02-17,03:05:32,2026-02-17T03:05:32+01:00,STATION,"Hôtel de Ville",9,6,16,0.625,43.599088,3.894866
2026-02-17,03:05:32,2026-02-17T03:05:32+01:00,STATION,"Corum",2,10,12,0.16666666666666666,43.613989,3.8816
2026-02-17,03:05:32,2026-02-17T03:05:32+01:00,STATION,"Place Albert 1er - St Charles",7,20,27,0.25925925925925924,43.616768,3.873375
2026-02-17,03:05:32,2026-02-17T03:05:32+01:00,STATION,"Foch",3,5,8,0.375,43.610989,3.873345
2026-02-17,03:05:32,2026-02-17T03:05:32+01:00,STATION,"Halles Castellane",0,12,12,0.0,43.609935,3.877208
2026-02-17,03:05:32,2026-02-17T03:05:32+01:00,STATION,"Observatoire",5,2,8,0.75,43.606301,3.87724
2026-02-17,03:05:32,2026-02-17T03:05:32+01:00,STATION,"Rondelet",5,11,16,0.3125,43.603038,3.875796
2026-02-17,03:05:32,2026-02-17T03:05:32+01:00,STATION,"Plan Cabanes",1,11,12,0.08333333333333333,43.608491,3.868389
2026-02-17,03:05:32,2026-02-17T03:05:32+01:00,STATION,"Boutonnet",4,8,12,0.3333333333333333,43.622629,3.868375
2026-02-17,03:05:32,2026-02-17T03:05:32+01:00,STATION,"Emile Combes",5,3,8,0.625,43.616742,3.87998
2026-02-17,03:05:32,2026-02-17T03:05:32+01:00,STATION,"Beaux-Arts",2,14,16,0.125,43.616698,3.884981
2026-02-17,03:05:32,2026-02-17T03:05:32+01:00,STATION,"Les Aubes",3,5,8,0.375,43.618692,3.893844
2026-02-17,03:05:32,2026-02-17T03:05:32+01:00,STATION,"Antigone centre",8,4,12,0.6666666666666666,43.607942,3.890634
2026-02-17,03:05:32,2026-02-17T03:05:32+01:00,STATION,"Médiathèque Emile Zola",8,8,16,0.5,43.608218,3.89314
2026-02-17,03:05:32,2026-02-17T03:05:32+01:00,STATION,"Nombre d Or",5,11,16,0.3125,43.607859,3.886644
2026-02-17,03:05:32,2026-02-17T03:05:32+01:00,STATION,"Louis Blanc",4,12,16,0.25,43.614642,3.877648
2026-02-17,03:05:32,2026-02-17T03:05:32+01:00,STATION,"Gambetta",6,2,8,0.75,43.607106,3.870693
2026-02-17,03:05:32,2026-02-17T03:05:32+01:00,STATION,"Port Marianne",10,6,16,0.625,43.60032,3.89851
2026-02-17,03:05:32,2026-02-17T03:05:32+01:00,STATION,"Les Arceaux",4,4,8,0.5,43.612659,3.867734
2026-02-17,03:05:32,2026-02-17T03:05:32+01:00,STATION,"Cité Mion",2,5,8,0.375,43.601143,3.884373
2026-02-17,03:05:32,2026-02-17T03:05:32+01:00,STATION,"Nouveau Saint-Roch",5,3,8,0.625,43.599817,3.875757
2026-02-17,03:05:32,2026-02-17T03:05:32+01:00,STATION,"Renouvier",2,6,8,0.25,43.603553,3.867884
2026-02-17,03:05:32,2026-02-17T03:05:32+01:00,STATION,"Odysseum",0,8,8,0.0,43.603727,3.918979
2026-02-17,03:05:32,2026-02-17T03:05:32+01:00,STATION,"Saint-Denis",0,8,8,0.0,43.605021,3.875065
2026-02-17,03:05:32,2026-02-17T03:05:32+01:00,STATION,"Richter",6,10,16,0.375,43.603424,3.899263
2026-02-17,03:05:32,2026-02-17T03:05:32+01:00,STATION,"Charles Flahault",1,7,8,0.125,43.622038,3.86672
2026-02-17,03:05:32,2026-02-17T03:05:32+01:00,STATION,"Voltaire",1,7,8,0.125,43.603767,3.888659
2026-02-17,03:05:32,2026-02-17T03:05:32+01:00,STATION,"Prés d Arènes",3,5,8,0.375,43.59048,3.884611
2026-02-17,03:05:32,2026-02-17T03:05:32+01:00,STATION,"Garcia Lorca",8,0,8,1.0,43.590757,3.890616
2026-02-17,03:05:32,2026-02-17T03:05:32+01:00,STATION,"Vert Bois",3,13,16,0.1875,43.63543,3.871179
2026-02-17,03:05:32,2026-02-17T03:05:32+01:00,STATION,"Malbosc",3,5,8,0.375,43.633679,3.832861
2026-02-17,03:05:32,2026-02-17T03:05:32+01:00,STATION,"Occitanie",16,16,32,0.5,43.635689,3.849597
2026-02-17,03:05:32,2026-02-17T03:05:32+01:00,STATION,"FacdesSciences",20,4,24,0.8333333333333334,43.631318,3.861299
2026-02-17,03:05:32,2026-02-17T03:05:32+01:00,STATION,"Fac de Lettres",3,9,12,0.25,43.630437,3.869539
2026-02-17,03:05:32,2026-02-17T03:05:32+01:00,STATION,"Aiguelongue",5,2,8,0.75,43.626163,3.882492
2026-02-17,03:05:32,2026-02-17T03:05:32+01:00,STATION,"Jeu de Mail des Abbés",6,2,8,0.75,43.619701,3.883831
2026-02-17,03:05:32,2026-02-17T03:05:32+01:00,STATION,"Euromédecine",3,5,8,0.375,43.639119,3.828199
2026-02-17,03:05:32,2026-02-17T03:05:32+01:00,STATION,"Marie Caizergues",1,7,8,0.125,43.619871,3.873812
2026-02-17,03:05:32,2026-02-17T03:05:32+01:00,STATION,"Sabines",0,8,8,0.0,43.584211,3.860031
2026-02-17,03:05:32,2026-02-17T03:05:32+01:00,STATION,"Celleneuve",4,4,8,0.5,43.61467,3.832624
2026-02-17,03:05:32,2026-02-17T03:05:32+01:00,STATION,"Jardin de la Lironde",8,0,8,1.0,43.60585,3.911576
2026-02-17,03:05:32,2026-02-17T03:05:32+01:00,STATION,"Père Soulas",1,7,8,0.125,43.621983,3.855603
2026-02-17,03:05:32,2026-02-17T03:05:32+01:00,STATION,"Place Viala",2,6,8,0.25,43.616812,3.855075
2026-02-17,03:05:32,2026-02-17T03:05:32+01:00,STATION,"Hôtel du Département",4,4,8,0.5,43.621682,3.83477
2026-02-17,03:05:32,2026-02-17T03:05:32+01:00,STATION,"Tonnelles",3,5,8,0.375,43.615155,3.839466
2026-02-17,03:05:32,2026-02-17T03:05:32+01:00,STATION,"Parvis Jules Ferry - Gare Saint-Roch",4,4,8,0.5,43.603889,3.879362
2026-02-17,03:05:32,2026-02-17T03:05:32+01:00,STATION,"Pont de Lattes - Gare Saint-Roch",4,8,12,0.3333333333333333,43.606036,3.882393
2026-02-17,03:05:32,2026-02-17T03:05:32+01:00,STATION,"Deux Ponts - Gare Saint-Roch",0,8,8,0.0,43.604319,3.880916
2026-02-17,03:05:32,2026-02-17T03:05:32+01:00,STATION,"Providence - Ovalie",1,7,8,0.125,43.588239,3.853421
2026-02-17,03:05:32,2026-02-17T03:05:32+01:00,STATION,"Pérols Etang de l Or",59,9,68,0.8676470588235294,43.558351,3.963412
2026-02-17,03:05:32,2026-02-17T03:05:32+01:00,STATION,"Albert 1er - Cathédrale",3,9,12,0.25,43.614005,3.873218
2026-02-17,03:05:32,2026-02-17T03:05:32+01:00,STATION,"Saint-Guilhem - Courreau",6,2,8,0.75,43.608996,3.872752
2026-02-17,03:05:32,2026-02-17T03:05:32+01:00,STATION,"Sud De France",7,1,8,0.875,43.59562,3.9235
2026-02-17,03:05:32,2026-02-17T03:05:32+01:00,STATION,"Comedie Baudin",0,8,8,0.0,43.608717,3.880787
2026-02-17,03:05:32,2026-02-17T03:05:32+01:00,STATION,"Jean de Beins",5,11,16,0.3125,43.609857,3.883884
2026-02-17,05:30:49,2026-02-17T05:30:49+01:00,STATION,"Rue Jules Ferry - Gare Saint-Roch",5,7,12,0.4166666666666667,43.605366,3.881346
2026-02-17,05:30:49,2026-02-17T05:30:49+01:00,STATION,"Comédie",10,10,20,0.5,43.608148,3.878778
2026-02-17,05:30:49,2026-02-17T05:30:49+01:00,STATION,"Hôtel de Ville",9,6,16,0.625,43.599088,3.894866
2026-02-17,05:30:49,2026-02-17T05:30:49+01:00,STATION,"Corum",2,10,12,0.16666666666666666,43.613989,3.8816
2026-02-17,05:30:49,2026-02-17T05:30:49+01:00,STATION,"Place Albert 1er - St Charles",7,20,27,0.25925925925925924,43.616768,3.873375
2026-02-17,05:30:49,2026-02-17T05:30:49+01:00,STATION,"Foch",3,5,8,0.375,43.610989,3.873345
2026-02-17,05:30:49,2026-02-17T05:30:49+01:00,STATION,"Halles Castellane",0,12,12,0.0,43.609935,3.877208
2026-02-17,05:30:49,2026-02-17T05:30:49+01:00,STATION,"Observatoire",5,2,8,0.75,43.606301,3.87724
2026-02-17,05:30:49,2026-02-17T05:30:49+01:00,STATION,"Rondelet",5,11,16,0.3125,43.603038,3.875796
2026-02-17,05:30:49,2026-02-17T05:30:49+01:00,STATION,"Plan Cabanes",1,11,12,0.08333333333333333,43.608491,3.868389
2026-02-17,05:30:49,2026-02-17T05:30:49+01:00,STATION,"Boutonnet",4,8,12,0.3333333333333333,43.622629,3.868375
2026-02-17,05:30:49,2026-02-17T05:30:49+01:00,STATION,"Emile Combes",5,3,8,0.625,43.616742,3.87998
2026-02-17,05:30:49,2026-02-17T05:30:49+01:00,STATION,"Beaux-Arts",1,15,16,0.0625,43.616698,3.884981
2026-02-17,05:30:49,2026-02-17T05:30:49+01:00,STATION,"Les Aubes",4,4,8,0.5,43.618692,3.893844
2026-02-17,05:30:49,2026-02-17T05:30:49+01:00,STATION,"Antigone centre",8,4,12,0.6666666666666666,43.607942,3.890634
2026-02-17,05:30:49,2026-02-17T05:30:49+01:00,STATION,"Médiathèque Emile Zola",8,8,16,0.5,43.608218,3.89314
2026-02-17,05:30:49,2026-02-17T05:30:49+01:00,STATION,"Nombre d Or",4,12,16,0.25,43.607859,3.886644
2026-02-17,05:30:49,2026-02-17T05:30:49+01:00,STATION,"Louis Blanc",4,12,16,0.25,43.614642,3.877648
2026-02-17,05:30:49,2026-02-17T05:30:49+01:00,STATION,"Gambetta",6,2,8,0.75,43.607106,3.870693
2026-02-17,05:30:49,2026-02-17T05:30:49+01:00,STATION,"Port Marianne",10,6,16,0.625,43.60032,3.89851
2026-02-17,05:30:49,2026-02-17T05:30:49+01:00,STATION,"Les Arceaux",4,4,8,0.5,43.612659,3.867734
2026-02-17,05:30:49,2026-02-17T05:30:49+01:00,STATION,"Cité Mion",2,5,8,0.375,43.601143,3.884373
2026-02-17,05:30:49,2026-02-17T05:30:49+01:00,STATION,"Nouveau Saint-Roch",5,3,8,0.625,43.599817,3.875757
2026-02-17,05:30:49,2026-02-17T05:30:49+01:00,STATION,"Renouvier",2,6,8,0.25,43.603553,3.867884
2026-02-17,05:30:49,2026-02-17T05:30:49+01:00,STATION,"Odysseum",0,8,8,0.0,43.603727,3.918979
2026-02-17,05:30:49,2026-02-17T05:30:49+01:00,STATION,"Saint-Denis",0,8,8,0.0,43.605021,3.875065
2026-02-17,05:30:49,2026-02-17T05:30:49+01:00,STATION,"Richter",6,10,16,0.375,43.603424,3.899263
2026-02-17,05:30:49,2026-02-17T05:30:49+01:00,STATION,"Charles Flahault",1,7,8,0.125,43.622038,3.86672
2026-02-17,05:30:49,2026-02-17T05:30:49+01:00,STATION,"Voltaire",1,7,8,0.125,43.603767,3.888659
2026-02-17,05:30:49,2026-02-17T05:30:49+01:00,STATION,"Prés d Arènes",3,5,8,0.375,43.59048,3.884611
2026-02-17,05:30:49,2026-02-17T05:30:49+01:00,STATION,"Garcia Lorca",8,0,8,1.0,43.590757,3.890616
2026-02-17,05:30:49,2026-02-17T05:30:49+01:00,STATION,"Vert Bois",3,13,16,0.1875,43.63543,3.871179
2026-02-17,05:30:49,2026-02-17T05:30:49+01:00,STATION,"Malbosc",3,5,8,0.375,43.633679,3.832861
2026-02-17,05:30:49,2026-02-17T05:30:49+01:00,STATION,"Occitanie",16,16,32,0.5,43.635689,3.849597
2026-02-17,05:30:49,2026-02-17T05:30:49+01:00,STATION,"FacdesSciences",20,4,24,0.8333333333333334,43.631318,3.861299
2026-02-17,05:30:49,2026-02-17T05:30:49+01:00,STATION,"Fac de Lettres",3,9,12,0.25,43.630437,3.869539
2026-02-17,05:30:49,2026-02-17T05:30:49+01:00,STATION,"Aiguelongue",5,2,8,0.75,43.626163,3.882492
2026-02-17,05:30:49,2026-02-17T05:30:49+01:00,STATION,"Jeu de Mail des Abbés",6,2,8,0.75,43.619701,3.883831
2026-02-17,05:30:49,2026-02-17T05:30:49+01:00,STATION,"Euromédecine",3,5,8,0.375,43.639119,3.828199
2026-02-17,05:30:49,2026-02-17T05:30:49+01:00,STATION,"Marie Caizergues",1,7,8,0.125,43.619871,3.873812
2026-02-17,05:30:49,2026-02-17T05:30:49+01:00,STATION,"Sabines",0,8,8,0.0,43.584211,3.860031
2026-02-17,05:30:49,2026-02-17T05:30:49+01:00,STATION,"Celleneuve",4,4,8,0.5,43.61467,3.832624
2026-02-17,05:30:49,2026-02-17T05:30:49+01:00,STATION,"Jardin de la Lironde",8,0,8,1.0,43.60585,3.911576
2026-02-17,05:30:49,2026-02-17T05:30:49+01:00,STATION,"Père Soulas",1,7,8,0.125,43.621983,3.855603
2026-02-17,05:30:49,2026-02-17T05:30:49+01:00,STATION,"Place Viala",2,6,8,0.25,43.616812,3.855075
2026-02-17,05:30:49,2026-02-17T05:30:49+01:00,STATION,"Hôtel du Département",4,4,8,0.5,43.621682,3.83477
2026-02-17,05:30:49,2026-02-17T05:30:49+01:00,STATION,"Tonnelles",3,5,8,0.375,43.615155,3.839466
2026-02-17,05:30:49,2026-02-17T05:30:49+01:00,STATION,"Parvis Jules Ferry - Gare Saint-Roch",4,4,8,0.5,43.603889,3.879362
2026-02-17,05:30:49,2026-02-17T05:30:49+01:00,STATION,"Pont de Lattes - Gare Saint-Roch",4,8,12,0.3333333333333333,43.606036,3.882393
2026-02-17,05:30:49,2026-02-17T05:30:49+01:00,STATION,"Deux Ponts - Gare Saint-Roch",0,8,8,0.0,43.604319,3.880916
2026-02-17,05:30:49,2026-02-17T05:30:49+01:00,STATION,"Providence - Ovalie",1,7,8,0.125,43.588239,3.853421
2026-02-17,05:30:49,2026-02-17T05:30:49+01:00,STATION,"Pérols Etang de l Or",59,9,68,0.8676470588235294,43.558351,3.963412
2026-02-17,05:30:49,2026-02-17T05:30:49+01:00,STATION,"Albert 1er - Cathédrale",3,9,12,0.25,43.614005,3.873218
2026-02-17,05:30:49,2026-02-17T05:30:49+01:00,STATION,"Saint-Guilhem - Courreau",6,2,8,0.75,43.608996,3.872752
2026-02-17,05:30:49,2026-02-17T05:30:49+01:00,STATION,"Sud De France",7,1,8,0.875,43.59562,3.9235
2026-02-17,05:30:49,2026-02-17T05:30:49+01:00,STATION,"Comedie Baudin",0,8,8,0.0,43.608717,3.880787
2026-02-17,05:30:49,2026-02-17T05:30:49+01:00,STATION,"Jean de Beins",5,11,16,0.3125,43.609857,3.883884
2026-02-17,06:44:32,2026-02-17T06:44:32+01:00,STATION,"Rue Jules Ferry - Gare Saint-Roch",6,6,12,0.5,43.605366,3.881346
2026-02-17,06:44:32,2026-02-17T06:44:32+01:00,STATION,"Comédie",10,10,20,0.5,43.608148,3.878778
2026-02-17,06:44:32,2026-02-17T06:44:32+01:00,STATION,"Hôtel de Ville",9,6,16,0.625,43.599088,3.894866
2026-02-17,06:44:32,2026-02-17T06:44:32+01:00,STATION,"Corum",2,10,12,0.16666666666666666,43.613989,3.8816
2026-02-17,06:44:32,2026-02-17T06:44:32+01:00,STATION,"Place Albert 1er - St Charles",7,20,27,0.25925925925925924,43.616768,3.873375
2026-02-17,06:44:32,2026-02-17T06:44:32+01:00,STATION,"Foch",3,5,8,0.375,43.610989,3.873345
2026-02-17,06:44:32,2026-02-17T06:44:32+01:00,STATION,"Halles Castellane",0,12,12,0.0,43.609935,3.877208
2026-02-17,06:44:32,2026-02-17T06:44:32+01:00,STATION,"Observatoire",5,2,8,0.75,43.606301,3.87724
2026-02-17,06:44:32,2026-02-17T06:44:32+01:00,STATION,"Rondelet",5,11,16,0.3125,43.603038,3.875796
2026-02-17,06:44:32,2026-02-17T06:44:32+01:00,STATION,"Plan Cabanes",1,11,12,0.08333333333333333,43.608491,3.868389
2026-02-17,06:44:32,2026-02-17T06:44:32+01:00,STATION,"Boutonnet",4,8,12,0.3333333333333333,43.622629,3.868375
2026-02-17,06:44:32,2026-02-17T06:44:32+01:00,STATION,"Emile Combes",5,3,8,0.625,43.616742,3.87998
2026-02-17,06:44:32,2026-02-17T06:44:32+01:00,STATION,"Beaux-Arts",1,15,16,0.0625,43.616698,3.884981
2026-02-17,06:44:32,2026-02-17T06:44:32+01:00,STATION,"Les Aubes",4,4,8,0.5,43.618692,3.893844
2026-02-17,06:44:32,2026-02-17T06:44:32+01:00,STATION,"Antigone centre",7,5,12,0.5833333333333334,43.607942,3.890634
2026-02-17,06:44:32,2026-02-17T06:44:32+01:00,STATION,"Médiathèque Emile Zola",8,8,16,0.5,43.608218,3.89314
2026-02-17,06:44:32,2026-02-17T06:44:32+01:00,STATION,"Nombre d Or",4,12,16,0.25,43.607859,3.886644
2026-02-17,06:44:32,2026-02-17T06:44:32+01:00,STATION,"Louis Blanc",4,12,16,0.25,43.614642,3.877648
2026-02-17,06:44:32,2026-02-17T06:44:32+01:00,STATION,"Gambetta",6,2,8,0.75,43.607106,3.870693
2026-02-17,06:44:32,2026-02-17T06:44:32+01:00,STATION,"Port Marianne",10,6,16,0.625,43.60032,3.89851
2026-02-17,06:44:32,2026-02-17T06:44:32+01:00,STATION,"Les Arceaux",4,4,8,0.5,43.612659,3.867734
2026-02-17,06:44:32,2026-02-17T06:44:32+01:00,STATION,"Cité Mion",2,5,8,0.375,43.601143,3.884373
2026-02-17,06:44:32,2026-02-17T06:44:32+01:00,STATION,"Nouveau Saint-Roch",5,3,8,0.625,43.599817,3.875757
2026-02-17,06:44:32,2026-02-17T06:44:32+01:00,STATION,"Renouvier",2,6,8,0.25,43.603553,3.867884
2026-02-17,06:44:32,2026-02-17T06:44:32+01:00,STATION,"Odysseum",0,8,8,0.0,43.603727,3.918979
2026-02-17,06:44:32,2026-02-17T06:44:32+01:00,STATION,"Saint-Denis",0,8,8,0.0,43.605021,3.875065
2026-02-17,06:44:32,2026-02-17T06:44:32+01:00,STATION,"Richter",6,10,16,0.375,43.603424,3.899263
2026-02-17,06:44:32,2026-02-17T06:44:32+01:00,STATION,"Charles Flahault",1,7,8,0.125,43.622038,3.86672
2026-02-17,06:44:32,2026-02-17T06:44:32+01:00,STATION,"Voltaire",1,7,8,0.125,43.603767,3.888659
2026-02-17,06:44:32,2026-02-17T06:44:32+01:00,STATION,"Prés d Arènes",3,5,8,0.375,43.59048,3.884611
2026-02-17,06:44:32,2026-02-17T06:44:32+01:00,STATION,"Garcia Lorca",8,0,8,1.0,43.590757,3.890616
2026-02-17,06:44:32,2026-02-17T06:44:32+01:00,STATION,"Vert Bois",3,13,16,0.1875,43.63543,3.871179
2026-02-17,06:44:32,2026-02-17T06:44:32+01:00,STATION,"Malbosc",3,5,8,0.375,43.633679,3.832861
2026-02-17,06:44:32,2026-02-17T06:44:32+01:00,STATION,"Occitanie",16,16,32,0.5,43.635689,3.849597
2026-02-17,06:44:32,2026-02-17T06:44:32+01:00,STATION,"FacdesSciences",21,3,24,0.875,43.631318,3.861299
2026-02-17,06:44:32,2026-02-17T06:44:32+01:00,STATION,"Fac de Lettres",3,9,12,0.25,43.630437,3.869539
2026-02-17,06:44:32,2026-02-17T06:44:32+01:00,STATION,"Aiguelongue",5,2,8,0.75,43.626163,3.882492
2026-02-17,06:44:32,2026-02-17T06:44:32+01:00,STATION,"Jeu de Mail des Abbés",6,2,8,0.75,43.619701,3.883831
2026-02-17,06:44:32,2026-02-17T06:44:32+01:00,STATION,"Euromédecine",3,5,8,0.375,43.639119,3.828199
2026-02-17,06:44:32,2026-02-17T06:44:32+01:00,STATION,"Marie Caizergues",1,7,8,0.125,43.619871,3.873812
2026-02-17,06:44:32,2026-02-17T06:44:32+01:00,STATION,"Sabines",0,8,8,0.0,43.584211,3.860031
2026-02-17,06:44:32,2026-02-17T06:44:32+01:00,STATION,"Celleneuve",4,4,8,0.5,43.61467,3.832624
2026-02-17,06:44:32,2026-02-17T06:44:32+01:00,STATION,"Jardin de la Lironde",8,0,8,1.0,43.60585,3.911576
2026-02-17,06:44:32,2026-02-17T06:44:32+01:00,STATION,"Père Soulas",1,7,8,0.125,43.621983,3.855603
2026-02-17,06:44:32,2026-02-17T06:44:32+01:00,STATION,"Place Viala",2,6,8,0.25,43.616812,3.855075
2026-02-17,06:44:32,2026-02-17T06:44:32+01:00,STATION,"Hôtel du Département",4,4,8,0.5,43.621682,3.83477
2026-02-17,06:44:32,2026-02-17T06:44:32+01:00,STATION,"Tonnelles",1,7,8,0.125,43.615155,3.839466
2026-02-17,06:44:32,2026-02-17T06:44:32+01:00,STATION,"Parvis Jules Ferry - Gare Saint-Roch",4,4,8,0.5,43.603889,3.879362
2026-02-17,06:44:32,2026-02-17T06:44:32+01:00,STATION,"Pont de Lattes - Gare Saint-Roch",5,7,12,0.4166666666666667,43.606036,3.882393
2026-02-17,06:44:32,2026-02-17T06:44:32+01:00,STATION,"Deux Ponts - Gare Saint-Roch",0,8,8,0.0,43.604319,3.880916
2026-02-17,06:44:32,2026-02-17T06:44:32+01:00,STATION,"Providence - Ovalie",1,7,8,0.125,43.588239,3.853421
2026-02-17,06:44:32,2026-02-17T06:44:32+01:00,STATION,"Pérols Etang de l Or",59,9,68,0.8676470588235294,43.558351,3.963412
2026-02-17,06:44:32,2026-02-17T06:44:32+01:00,STATION,"Albert 1er - Cathédrale",3,9,12,0.25,43.614005,3.873218
2026-02-17,06:44:32,2026-02-17T06:44:32+01:00,STATION,"Saint-Guilhem - Courreau",6,2,8,0.75,43.608996,3.872752
2026-02-17,06:44:32,2026-02-17T06:44:32+01:00,STATION,"Sud De France",7,1,8,0.875,43.59562,3.9235
2026-02-17,06:44:32,2026-02-17T06:44:32+01:00,STATION,"Comedie Baudin",0,8,8,0.0,43.608717,3.880787
2026-02-17,06:44:32,2026-02-17T06:44:32+01:00,STATION,"Jean de Beins",5,11,16,0.3125,43.609857,3.883884
2026-02-17,07:59:36,2026-02-17T07:59:36+01:00,STATION,"Rue Jules Ferry - Gare Saint-Roch",5,7,12,0.4166666666666667,43.605366,3.881346
2026-02-17,07:59:36,2026-02-17T07:59:36+01:00,STATION,"Comédie",10,10,20,0.5,43.608148,3.878778
2026-02-17,07:59:36,2026-02-17T07:59:36+01:00,STATION,"Hôtel de Ville",9,6,16,0.625,43.599088,3.894866
2026-02-17,07:59:36,2026-02-17T07:59:36+01:00,STATION,"Corum",2,10,12,0.16666666666666666,43.613989,3.8816
2026-02-17,07:59:36,2026-02-17T07:59:36+01:00,STATION,"Place Albert 1er - St Charles",8,19,27,0.2962962962962963,43.616768,3.873375
2026-02-17,07:59:36,2026-02-17T07:59:36+01:00,STATION,"Foch",3,5,8,0.375,43.610989,3.873345
2026-02-17,07:59:36,2026-02-17T07:59:36+01:00,STATION,"Halles Castellane",0,12,12,0.0,43.609935,3.877208
2026-02-17,07:59:36,2026-02-17T07:59:36+01:00,STATION,"Observatoire",5,2,8,0.75,43.606301,3.87724
2026-02-17,07:59:36,2026-02-17T07:59:36+01:00,STATION,"Rondelet",5,11,16,0.3125,43.603038,3.875796
2026-02-17,07:59:36,2026-02-17T07:59:36+01:00,STATION,"Plan Cabanes",1,11,12,0.08333333333333333,43.608491,3.868389
2026-02-17,07:59:36,2026-02-17T07:59:36+01:00,STATION,"Boutonnet",5,7,12,0.4166666666666667,43.622629,3.868375
2026-02-17,07:59:36,2026-02-17T07:59:36+01:00,STATION,"Emile Combes",5,3,8,0.625,43.616742,3.87998
2026-02-17,07:59:36,2026-02-17T07:59:36+01:00,STATION,"Beaux-Arts",0,16,16,0.0,43.616698,3.884981
2026-02-17,07:59:36,2026-02-17T07:59:36+01:00,STATION,"Les Aubes",5,3,8,0.625,43.618692,3.893844
2026-02-17,07:59:36,2026-02-17T07:59:36+01:00,STATION,"Antigone centre",7,5,12,0.5833333333333334,43.607942,3.890634
2026-02-17,07:59:36,2026-02-17T07:59:36+01:00,STATION,"Médiathèque Emile Zola",8,8,16,0.5,43.608218,3.89314
2026-02-17,07:59:36,2026-02-17T07:59:36+01:00,STATION,"Nombre d Or",4,12,16,0.25,43.607859,3.886644
2026-02-17,07:59:36,2026-02-17T07:59:36+01:00,STATION,"Louis Blanc",4,12,16,0.25,43.614642,3.877648
2026-02-17,07:59:36,2026-02-17T07:59:36+01:00,STATION,"Gambetta",5,3,8,0.625,43.607106,3.870693
2026-02-17,07:59:36,2026-02-17T07:59:36+01:00,STATION,"Port Marianne",11,5,16,0.6875,43.60032,3.89851
2026-02-17,07:59:36,2026-02-17T07:59:36+01:00,STATION,"Les Arceaux",4,4,8,0.5,43.612659,3.867734
2026-02-17,07:59:36,2026-02-17T07:59:36+01:00,STATION,"Cité Mion",2,5,8,0.375,43.601143,3.884373
2026-02-17,07:59:36,2026-02-17T07:59:36+01:00,STATION,"Nouveau Saint-Roch",5,3,8,0.625,43.599817,3.875757
2026-02-17,07:59:36,2026-02-17T07:59:36+01:00,STATION,"Renouvier",2,6,8,0.25,43.603553,3.867884
2026-02-17,07:59:36,2026-02-17T07:59:36+01:00,STATION,"Odysseum",0,8,8,0.0,43.603727,3.918979
2026-02-17,07:59:36,2026-02-17T07:59:36+01:00,STATION,"Saint-Denis",0,8,8,0.0,43.605021,3.875065
2026-02-17,07:59:36,2026-02-17T07:59:36+01:00,STATION,"Richter",6,10,16,0.375,43.603424,3.899263
2026-02-17,07:59:36,2026-02-17T07:59:36+01:00,STATION,"Charles Flahault",1,7,8,0.125,43.622038,3.86672
2026-02-17,07:59:36,2026-02-17T07:59:36+01:00,STATION,"Voltaire",1,7,8,0.125,43.603767,3.888659
2026-02-17,07:59:36,2026-02-17T07:59:36+01:00,STATION,"Prés d Arènes",3,5,8,0.375,43.59048,3.884611
2026-02-17,07:59:36,2026-02-17T07:59:36+01:00,STATION,"Garcia Lorca",8,0,8,1.0,43.590757,3.890616
2026-02-17,07:59:36,2026-02-17T07:59:36+01:00,STATION,"Vert Bois",3,13,16,0.1875,43.63543,3.871179
2026-02-17,07:59:36,2026-02-17T07:59:36+01:00,STATION,"Malbosc",3,5,8,0.375,43.633679,3.832861
2026-02-17,07:59:36,2026-02-17T07:59:36+01:00,STATION,"Occitanie",16,16,32,0.5,43.635689,3.849597
2026-02-17,07:59:36,2026-02-17T07:59:36+01:00,STATION,"FacdesSciences",21,3,24,0.875,43.631318,3.861299
2026-02-17,07:59:36,2026-02-17T07:59:36+01:00,STATION,"Fac de Lettres",3,9,12,0.25,43.630437,3.869539
2026-02-17,07:59:36,2026-02-17T07:59:36+01:00,STATION,"Aiguelongue",5,2,8,0.75,43.626163,3.882492
2026-02-17,07:59:36,2026-02-17T07:59:36+01:00,STATION,"Jeu de Mail des Abbés",6,2,8,0.75,43.619701,3.883831
2026-02-17,07:59:36,2026-02-17T07:59:36+01:00,STATION,"Euromédecine",3,5,8,0.375,43.639119,3.828199
2026-02-17,07:59:36,2026-02-17T07:59:36+01:00,STATION,"Marie Caizergues",1,7,8,0.125,43.619871,3.873812
2026-02-17,07:59:36,2026-02-17T07:59:36+01:00,STATION,"Sabines",0,8,8,0.0,43.584211,3.860031
2026-02-17,07:59:36,2026-02-17T07:59:36+01:00,STATION,"Celleneuve",4,4,8,0.5,43.61467,3.832624
2026-02-17,07:59:36,2026-02-17T07:59:36+01:00,STATION,"Jardin de la Lironde",8,0,8,1.0,43.60585,3.911576
2026-02-17,07:59:36,2026-02-17T07:59:36+01:00,STATION,"Père Soulas",0,8,8,0.0,43.621983,3.855603
2026-02-17,07:59:36,2026-02-17T07:59:36+01:00,STATION,"Place Viala",2,6,8,0.25,43.616812,3.855075
2026-02-17,07:59:36,2026-02-17T07:59:36+01:00,STATION,"Hôtel du Département",4,4,8,0.5,43.621682,3.83477
2026-02-17,07:59:36,2026-02-17T07:59:36+01:00,STATION,"Tonnelles",0,8,8,0.0,43.615155,3.839466
2026-02-17,07:59:36,2026-02-17T07:59:36+01:00,STATION,"Parvis Jules Ferry - Gare Saint-Roch",4,4,8,0.5,43.603889,3.879362
2026-02-17,07:59:36,2026-02-17T07:59:36+01:00,STATION,"Pont de Lattes - Gare Saint-Roch",4,8,12,0.3333333333333333,43.606036,3.882393
2026-02-17,07:59:36,2026-02-17T07:59:36+01:00,STATION,"Deux Ponts - Gare Saint-Roch",0,8,8,0.0,43.604319,3.880916
2026-02-17,07:59:36,2026-02-17T07:59:36+01:00,STATION,"Providence - Ovalie",1,7,8,0.125,43.588239,3.853421
2026-02-17,07:59:36,2026-02-17T07:59:36+01:00,STATION,"Pérols Etang de l Or",59,9,68,0.8676470588235294,43.558351,3.963412
2026-02-17,07:59:36,2026-02-17T07:59:36+01:00,STATION,"Albert 1er - Cathédrale",3,9,12,0.25,43.614005,3.873218
2026-02-17,07:59:36,2026-02-17T07:59:36+01:00,STATION,"Saint-Guilhem - Courreau",6,2,8,0.75,43.608996,3.872752
2026-02-17,07:59:36,2026-02-17T07:59:36+01:00,STATION,"Sud De France",7,1,8,0.875,43.59562,3.9235
2026-02-17,07:59:36,2026-02-17T07:59:36+01:00,STATION,"Comedie Baudin",0,8,8,0.0,43.608717,3.880787
2026-02-17,07:59:36,2026-02-17T07:59:36+01:00,STATION,"Jean de Beins",5,11,16,0.3125,43.609857,3.883884
2026-02-17,08:56:07,2026-02-17T08:56:07+01:00,STATION,"Rue Jules Ferry - Gare Saint-Roch",5,7,12,0.4166666666666667,43.605366,3.881346
2026-02-17,08:56:07,2026-02-17T08:56:07+01:00,STATION,"Comédie",10,10,20,0.5,43.608148,3.878778
2026-02-17,08:56:07,2026-02-17T08:56:07+01:00,STATION,"Hôtel de Ville",9,6,16,0.625,43.599088,3.894866
2026-02-17,08:56:07,2026-02-17T08:56:07+01:00,STATION,"Corum",2,10,12,0.16666666666666666,43.613989,3.8816
2026-02-17,08:56:07,2026-02-17T08:56:07+01:00,STATION,"Place Albert 1er - St Charles",8,19,27,0.2962962962962963,43.616768,3.873375
2026-02-17,08:56:07,2026-02-17T08:56:07+01:00,STATION,"Foch",3,5,8,0.375,43.610989,3.873345
2026-02-17,08:56:07,2026-02-17T08:56:07+01:00,STATION,"Halles Castellane",0,12,12,0.0,43.609935,3.877208
2026-02-17,08:56:07,2026-02-17T08:56:07+01:00,STATION,"Observatoire",5,2,8,0.75,43.606301,3.87724
2026-02-17,08:56:07,2026-02-17T08:56:07+01:00,STATION,"Rondelet",5,11,16,0.3125,43.603038,3.875796
2026-02-17,08:56:07,2026-02-17T08:56:07+01:00,STATION,"Plan Cabanes",1,11,12,0.08333333333333333,43.608491,3.868389
2026-02-17,08:56:07,2026-02-17T08:56:07+01:00,STATION,"Boutonnet",4,8,12,0.3333333333333333,43.622629,3.868375
2026-02-17,08:56:07,2026-02-17T08:56:07+01:00,STATION,"Emile Combes",5,3,8,0.625,43.616742,3.87998
2026-02-17,08:56:07,2026-02-17T08:56:07+01:00,STATION,"Beaux-Arts",0,16,16,0.0,43.616698,3.884981
2026-02-17,08:56:07,2026-02-17T08:56:07+01:00,STATION,"Les Aubes",5,3,8,0.625,43.618692,3.893844
2026-02-17,08:56:07,2026-02-17T08:56:07+01:00,STATION,"Antigone centre",7,5,12,0.5833333333333334,43.607942,3.890634
2026-02-17,08:56:07,2026-02-17T08:56:07+01:00,STATION,"Médiathèque Emile Zola",9,7,16,0.5625,43.608218,3.89314
2026-02-17,08:56:07,2026-02-17T08:56:07+01:00,STATION,"Nombre d Or",4,12,16,0.25,43.607859,3.886644
2026-02-17,08:56:07,2026-02-17T08:56:07+01:00,STATION,"Louis Blanc",4,12,16,0.25,43.614642,3.877648
2026-02-17,08:56:07,2026-02-17T08:56:07+01:00,STATION,"Gambetta",4,4,8,0.5,43.607106,3.870693
2026-02-17,08:56:07,2026-02-17T08:56:07+01:00,STATION,"Port Marianne",11,5,16,0.6875,43.60032,3.89851
2026-02-17,08:56:07,2026-02-17T08:56:07+01:00,STATION,"Les Arceaux",4,4,8,0.5,43.612659,3.867734
2026-02-17,08:56:07,2026-02-17T08:56:07+01:00,STATION,"Cité Mion",1,6,8,0.25,43.601143,3.884373
2026-02-17,08:56:07,2026-02-17T08:56:07+01:00,STATION,"Nouveau Saint-Roch",4,4,8,0.5,43.599817,3.875757
2026-02-17,08:56:07,2026-02-17T08:56:07+01:00,STATION,"Renouvier",3,5,8,0.375,43.603553,3.867884
2026-02-17,08:56:07,2026-02-17T08:56:07+01:00,STATION,"Odysseum",0,8,8,0.0,43.603727,3.918979
2026-02-17,08:56:07,2026-02-17T08:56:07+01:00,STATION,"Saint-Denis",0,8,8,0.0,43.605021,3.875065
2026-02-17,08:56:07,2026-02-17T08:56:07+01:00,STATION,"Richter",7,9,16,0.4375,43.603424,3.899263
2026-02-17,08:56:07,2026-02-17T08:56:07+01:00,STATION,"Charles Flahault",1,7,8,0.125,43.622038,3.86672
2026-02-17,08:56:07,2026-02-17T08:56:07+01:00,STATION,"Voltaire",1,7,8,0.125,43.603767,3.888659
2026-02-17,08:56:07,2026-02-17T08:56:07+01:00,STATION,"Prés d Arènes",3,5,8,0.375,43.59048,3.884611
2026-02-17,08:56:07,2026-02-17T08:56:07+01:00,STATION,"Garcia Lorca",4,4,8,0.5,43.590757,3.890616
2026-02-17,08:56:07,2026-02-17T08:56:07+01:00,STATION,"Vert Bois",3,13,16,0.1875,43.63543,3.871179
2026-02-17,08:56:07,2026-02-17T08:56:07+01:00,STATION,"Malbosc",3,5,8,0.375,43.633679,3.832861
2026-02-17,08:56:07,2026-02-17T08:56:07+01:00,STATION,"Occitanie",16,16,32,0.5,43.635689,3.849597
2026-02-17,08:56:07,2026-02-17T08:56:07+01:00,STATION,"FacdesSciences",21,3,24,0.875,43.631318,3.861299
2026-02-17,08:56:07,2026-02-17T08:56:07+01:00,STATION,"Fac de Lettres",4,8,12,0.3333333333333333,43.630437,3.869539
2026-02-17,08:56:07,2026-02-17T08:56:07+01:00,STATION,"Aiguelongue",5,2,8,0.75,43.626163,3.882492
2026-02-17,08:56:07,2026-02-17T08:56:07+01:00,STATION,"Jeu de Mail des Abbés",6,2,8,0.75,43.619701,3.883831
2026-02-17,08:56:07,2026-02-17T08:56:07+01:00,STATION,"Euromédecine",3,5,8,0.375,43.639119,3.828199
2026-02-17,08:56:07,2026-02-17T08:56:07+01:00,STATION,"Marie Caizergues",1,7,8,0.125,43.619871,3.873812
2026-02-17,08:56:07,2026-02-17T08:56:07+01:00,STATION,"Sabines",0,8,8,0.0,43.584211,3.860031
2026-02-17,08:56:07,2026-02-17T08:56:07+01:00,STATION,"Celleneuve",4,4,8,0.5,43.61467,3.832624
2026-02-17,08:56:07,2026-02-17T08:56:07+01:00,STATION,"Jardin de la Lironde",4,4,8,0.5,43.60585,3.911576
2026-02-17,08:56:07,2026-02-17T08:56:07+01:00,STATION,"Père Soulas",0,8,8,0.0,43.621983,3.855603
2026-02-17,08:56:07,2026-02-17T08:56:07+01:00,STATION,"Place Viala",1,7,8,0.125,43.616812,3.855075
2026-02-17,08:56:07,2026-02-17T08:56:07+01:00,STATION,"Hôtel du Département",4,4,8,0.5,43.621682,3.83477
2026-02-17,08:56:07,2026-02-17T08:56:07+01:00,STATION,"Tonnelles",0,8,8,0.0,43.615155,3.839466
2026-02-17,08:56:07,2026-02-17T08:56:07+01:00,STATION,"Parvis Jules Ferry - Gare Saint-Roch",4,4,8,0.5,43.603889,3.879362
2026-02-17,08:56:07,2026-02-17T08:56:07+01:00,STATION,"Pont de Lattes - Gare Saint-Roch",4,8,12,0.3333333333333333,43.606036,3.882393
2026-02-17,08:56:07,2026-02-17T08:56:07+01:00,STATION,"Deux Ponts - Gare Saint-Roch",0,8,8,0.0,43.604319,3.880916
2026-02-17,08:56:07,2026-02-17T08:56:07+01:00,STATION,"Providence - Ovalie",1,7,8,0.125,43.588239,3.853421
2026-02-17,08:56:07,2026-02-17T08:56:07+01:00,STATION,"Pérols Etang de l Or",59,9,68,0.8676470588235294,43.558351,3.963412
2026-02-17,08:56:07,2026-02-17T08:56:07+01:00,STATION,"Albert 1er - Cathédrale",3,9,12,0.25,43.614005,3.873218
2026-02-17,08:56:07,2026-02-17T08:56:07+01:00,STATION,"Saint-Guilhem - Courreau",5,3,8,0.625,43.608996,3.872752
2026-02-17,08:56:07,2026-02-17T08:56:07+01:00,STATION,"Sud De France",3,5,8,0.375,43.59562,3.9235
2026-02-17,08:56:07,2026-02-17T08:56:07+01:00,STATION,"Comedie Baudin",0,8,8,0.0,43.608717,3.880787
2026-02-17,08:56:07,2026-02-17T08:56:07+01:00,STATION,"Jean de Beins",5,11,16,0.3125,43.609857,3.883884
2026-02-17,09:48:37,2026-02-17T09:48:37+01:00,STATION,"Rue Jules Ferry - Gare Saint-Roch",5,7,12,0.4166666666666667,43.605366,3.881346
2026-02-17,09:48:37,2026-02-17T09:48:37+01:00,STATION,"Comédie",10,10,20,0.5,43.608148,3.878778
2026-02-17,09:48:37,2026-02-17T09:48:37+01:00,STATION,"Hôtel de Ville",9,6,16,0.625,43.599088,3.894866
2026-02-17,09:48:37,2026-02-17T09:48:37+01:00,STATION,"Corum",1,11,12,0.08333333333333333,43.613989,3.8816
2026-02-17,09:48:37,2026-02-17T09:48:37+01:00,STATION,"Place Albert 1er - St Charles",9,18,27,0.3333333333333333,43.616768,3.873375
2026-02-17,09:48:37,2026-02-17T09:48:37+01:00,STATION,"Foch",3,5,8,0.375,43.610989,3.873345
2026-02-17,09:48:37,2026-02-17T09:48:37+01:00,STATION,"Halles Castellane",0,12,12,0.0,43.609935,3.877208
2026-02-17,09:48:37,2026-02-17T09:48:37+01:00,STATION,"Observatoire",6,1,8,0.875,43.606301,3.87724
2026-02-17,09:48:37,2026-02-17T09:48:37+01:00,STATION,"Rondelet",5,11,16,0.3125,43.603038,3.875796
2026-02-17,09:48:37,2026-02-17T09:48:37+01:00,STATION,"Plan Cabanes",0,12,12,0.0,43.608491,3.868389
2026-02-17,09:48:37,2026-02-17T09:48:37+01:00,STATION,"Boutonnet",4,8,12,0.3333333333333333,43.622629,3.868375
2026-02-17,09:48:37,2026-02-17T09:48:37+01:00,STATION,"Emile Combes",5,3,8,0.625,43.616742,3.87998
2026-02-17,09:48:37,2026-02-17T09:48:37+01:00,STATION,"Beaux-Arts",7,9,16,0.4375,43.616698,3.884981
2026-02-17,09:48:37,2026-02-17T09:48:37+01:00,STATION,"Les Aubes",5,3,8,0.625,43.618692,3.893844
2026-02-17,09:48:37,2026-02-17T09:48:37+01:00,STATION,"Antigone centre",9,3,12,0.75,43.607942,3.890634
2026-02-17,09:48:37,2026-02-17T09:48:37+01:00,STATION,"Médiathèque Emile Zola",10,6,16,0.625,43.608218,3.89314
2026-02-17,09:48:37,2026-02-17T09:48:37+01:00,STATION,"Nombre d Or",5,11,16,0.3125,43.607859,3.886644
2026-02-17,09:48:37,2026-02-17T09:48:37+01:00,STATION,"Louis Blanc",4,12,16,0.25,43.614642,3.877648
2026-02-17,09:48:37,2026-02-17T09:48:37+01:00,STATION,"Gambetta",4,4,8,0.5,43.607106,3.870693
2026-02-17,09:48:37,2026-02-17T09:48:37+01:00,STATION,"Port Marianne",11,5,16,0.6875,43.60032,3.89851
2026-02-17,09:48:37,2026-02-17T09:48:37+01:00,STATION,"Les Arceaux",4,4,8,0.5,43.612659,3.867734
2026-02-17,09:48:37,2026-02-17T09:48:37+01:00,STATION,"Cité Mion",1,6,8,0.25,43.601143,3.884373
2026-02-17,09:48:37,2026-02-17T09:48:37+01:00,STATION,"Nouveau Saint-Roch",4,4,8,0.5,43.599817,3.875757
2026-02-17,09:48:37,2026-02-17T09:48:37+01:00,STATION,"Renouvier",2,6,8,0.25,43.603553,3.867884
2026-02-17,09:48:37,2026-02-17T09:48:37+01:00,STATION,"Odysseum",0,8,8,0.0,43.603727,3.918979
2026-02-17,09:48:37,2026-02-17T09:48:37+01:00,STATION,"Saint-Denis",0,8,8,0.0,43.605021,3.875065
2026-02-17,09:48:37,2026-02-17T09:48:37+01:00,STATION,"Richter",7,9,16,0.4375,43.603424,3.899263
2026-02-17,09:48:37,2026-02-17T09:48:37+01:00,STATION,"Charles Flahault",1,7,8,0.125,43.622038,3.86672
2026-02-17,09:48:37,2026-02-17T09:48:37+01:00,STATION,"Voltaire",2,6,8,0.25,43.603767,3.888659
2026-02-17,09:48:37,2026-02-17T09:48:37+01:00,STATION,"Prés d Arènes",3,5,8,0.375,43.59048,3.884611
2026-02-17,09:48:37,2026-02-17T09:48:37+01:00,STATION,"Garcia Lorca",4,4,8,0.5,43.590757,3.890616
2026-02-17,09:48:37,2026-02-17T09:48:37+01:00,STATION,"Vert Bois",3,13,16,0.1875,43.63543,3.871179
2026-02-17,09:48:37,2026-02-17T09:48:37+01:00,STATION,"Malbosc",3,5,8,0.375,43.633679,3.832861
2026-02-17,09:48:37,2026-02-17T09:48:37+01:00,STATION,"Occitanie",15,17,32,0.46875,43.635689,3.849597
2026-02-17,09:48:37,2026-02-17T09:48:37+01:00,STATION,"FacdesSciences",21,3,24,0.875,43.631318,3.861299
2026-02-17,09:48:37,2026-02-17T09:48:37+01:00,STATION,"Fac de Lettres",3,9,12,0.25,43.630437,3.869539
2026-02-17,09:48:37,2026-02-17T09:48:37+01:00,STATION,"Aiguelongue",5,2,8,0.75,43.626163,3.882492
2026-02-17,09:48:37,2026-02-17T09:48:37+01:00,STATION,"Jeu de Mail des Abbés",6,2,8,0.75,43.619701,3.883831
2026-02-17,09:48:37,2026-02-17T09:48:37+01:00,STATION,"Euromédecine",3,5,8,0.375,43.639119,3.828199
2026-02-17,09:48:37,2026-02-17T09:48:37+01:00,STATION,"Marie Caizergues",4,4,8,0.5,43.619871,3.873812
2026-02-17,09:48:37,2026-02-17T09:48:37+01:00,STATION,"Sabines",0,8,8,0.0,43.584211,3.860031
2026-02-17,09:48:37,2026-02-17T09:48:37+01:00,STATION,"Celleneuve",4,4,8,0.5,43.61467,3.832624
2026-02-17,09:48:37,2026-02-17T09:48:37+01:00,STATION,"Jardin de la Lironde",4,4,8,0.5,43.60585,3.911576
2026-02-17,09:48:37,2026-02-17T09:48:37+01:00,STATION,"Père Soulas",0,8,8,0.0,43.621983,3.855603
2026-02-17,09:48:37,2026-02-17T09:48:37+01:00,STATION,"Place Viala",1,7,8,0.125,43.616812,3.855075
2026-02-17,09:48:37,2026-02-17T09:48:37+01:00,STATION,"Hôtel du Département",4,4,8,0.5,43.621682,3.83477
2026-02-17,09:48:37,2026-02-17T09:48:37+01:00,STATION,"Tonnelles",0,8,8,0.0,43.615155,3.839466
2026-02-17,09:48:37,2026-02-17T09:48:37+01:00,STATION,"Parvis Jules Ferry - Gare Saint-Roch",4,4,8,0.5,43.603889,3.879362
2026-02-17,09:48:37,2026-02-17T09:48:37+01:00,STATION,"Pont de Lattes - Gare Saint-Roch",4,8,12,0.3333333333333333,43.606036,3.882393
2026-02-17,09:48:37,2026-02-17T09:48:37+01:00,STATION,"Deux Ponts - Gare Saint-Roch",0,8,8,0.0,43.604319,3.880916
2026-02-17,09:48:37,2026-02-17T09:48:37+01:00,STATION,"Providence - Ovalie",1,7,8,0.125,43.588239,3.853421
2026-02-17,09:48:37,2026-02-17T09:48:37+01:00,STATION,"Pérols Etang de l Or",59,9,68,0.8676470588235294,43.558351,3.963412
2026-02-17,09:48:37,2026-02-17T09:48:37+01:00,STATION,"Albert 1er - Cathédrale",3,9,12,0.25,43.614005,3.873218
2026-02-17,09:48:37,2026-02-17T09:48:37+01:00,STATION,"Saint-Guilhem - Courreau",5,3,8,0.625,43.608996,3.872752
2026-02-17,09:48:37,2026-02-17T09:48:37+01:00,STATION,"Sud De France",3,5,8,0.375,43.59562,3.9235
2026-02-17,09:48:37,2026-02-17T09:48:37+01:00,STATION,"Comedie Baudin",0,8,8,0.0,43.608717,3.880787
2026-02-17,09:48:37,2026-02-17T09:48:37+01:00,STATION,"Jean de Beins",5,11,16,0.3125,43.609857,3.883884
2026-02-17,10:49:43,2026-02-17T10:49:43+01:00,STATION,"Rue Jules Ferry - Gare Saint-Roch",5,7,12,0.4166666666666667,43.605366,3.881346
2026-02-17,10:49:43,2026-02-17T10:49:43+01:00,STATION,"Comédie",13,7,20,0.65,43.608148,3.878778
2026-02-17,10:49:43,2026-02-17T10:49:43+01:00,STATION,"Hôtel de Ville",10,5,16,0.6875,43.599088,3.894866
2026-02-17,10:49:43,2026-02-17T10:49:43+01:00,STATION,"Corum",3,9,12,0.25,43.613989,3.8816
2026-02-17,10:49:43,2026-02-17T10:49:43+01:00,STATION,"Place Albert 1er - St Charles",8,19,27,0.2962962962962963,43.616768,3.873375
2026-02-17,10:49:43,2026-02-17T10:49:43+01:00,STATION,"Foch",3,5,8,0.375,43.610989,3.873345
2026-02-17,10:49:43,2026-02-17T10:49:43+01:00,STATION,"Halles Castellane",0,12,12,0.0,43.609935,3.877208
2026-02-17,10:49:43,2026-02-17T10:49:43+01:00,STATION,"Observatoire",5,2,8,0.75,43.606301,3.87724
2026-02-17,10:49:43,2026-02-17T10:49:43+01:00,STATION,"Rondelet",5,11,16,0.3125,43.603038,3.875796
2026-02-17,10:49:43,2026-02-17T10:49:43+01:00,STATION,"Plan Cabanes",9,3,12,0.75,43.608491,3.868389
2026-02-17,10:49:43,2026-02-17T10:49:43+01:00,STATION,"Boutonnet",4,8,12,0.3333333333333333,43.622629,3.868375
2026-02-17,10:49:43,2026-02-17T10:49:43+01:00,STATION,"Emile Combes",5,3,8,0.625,43.616742,3.87998
2026-02-17,10:49:43,2026-02-17T10:49:43+01:00,STATION,"Beaux-Arts",7,9,16,0.4375,43.616698,3.884981
2026-02-17,10:49:43,2026-02-17T10:49:43+01:00,STATION,"Les Aubes",5,3,8,0.625,43.618692,3.893844
2026-02-17,10:49:43,2026-02-17T10:49:43+01:00,STATION,"Antigone centre",9,3,12,0.75,43.607942,3.890634
2026-02-17,10:49:43,2026-02-17T10:49:43+01:00,STATION,"Médiathèque Emile Zola",10,6,16,0.625,43.608218,3.89314
2026-02-17,10:49:43,2026-02-17T10:49:43+01:00,STATION,"Nombre d Or",4,12,16,0.25,43.607859,3.886644
2026-02-17,10:49:43,2026-02-17T10:49:43+01:00,STATION,"Louis Blanc",4,12,16,0.25,43.614642,3.877648
2026-02-17,10:49:43,2026-02-17T10:49:43+01:00,STATION,"Gambetta",4,4,8,0.5,43.607106,3.870693
2026-02-17,10:49:43,2026-02-17T10:49:43+01:00,STATION,"Port Marianne",11,5,16,0.6875,43.60032,3.89851
2026-02-17,10:49:43,2026-02-17T10:49:43+01:00,STATION,"Les Arceaux",4,4,8,0.5,43.612659,3.867734
2026-02-17,10:49:43,2026-02-17T10:49:43+01:00,STATION,"Cité Mion",1,6,8,0.25,43.601143,3.884373
2026-02-17,10:49:43,2026-02-17T10:49:43+01:00,STATION,"Nouveau Saint-Roch",4,4,8,0.5,43.599817,3.875757
2026-02-17,10:49:43,2026-02-17T10:49:43+01:00,STATION,"Renouvier",2,6,8,0.25,43.603553,3.867884
2026-02-17,10:49:43,2026-02-17T10:49:43+01:00,STATION,"Odysseum",0,8,8,0.0,43.603727,3.918979
2026-02-17,10:49:43,2026-02-17T10:49:43+01:00,STATION,"Saint-Denis",0,8,8,0.0,43.605021,3.875065
2026-02-17,10:49:43,2026-02-17T10:49:43+01:00,STATION,"Richter",7,9,16,0.4375,43.603424,3.899263
2026-02-17,10:49:43,2026-02-17T10:49:43+01:00,STATION,"Charles Flahault",1,7,8,0.125,43.622038,3.86672
2026-02-17,10:49:43,2026-02-17T10:49:43+01:00,STATION,"Voltaire",1,7,8,0.125,43.603767,3.888659
2026-02-17,10:49:43,2026-02-17T10:49:43+01:00,STATION,"Prés d Arènes",3,5,8,0.375,43.59048,3.884611
2026-02-17,10:49:43,2026-02-17T10:49:43+01:00,STATION,"Garcia Lorca",4,4,8,0.5,43.590757,3.890616
2026-02-17,10:49:43,2026-02-17T10:49:43+01:00,STATION,"Vert Bois",3,13,16,0.1875,43.63543,3.871179
2026-02-17,10:49:43,2026-02-17T10:49:43+01:00,STATION,"Malbosc",3,5,8,0.375,43.633679,3.832861
2026-02-17,10:49:43,2026-02-17T10:49:43+01:00,STATION,"Occitanie",15,17,32,0.46875,43.635689,3.849597
2026-02-17,10:49:43,2026-02-17T10:49:43+01:00,STATION,"FacdesSciences",21,3,24,0.875,43.631318,3.861299
2026-02-17,10:49:43,2026-02-17T10:49:43+01:00,STATION,"Fac de Lettres",3,9,12,0.25,43.630437,3.869539
2026-02-17,10:49:43,2026-02-17T10:49:43+01:00,STATION,"Aiguelongue",5,2,8,0.75,43.626163,3.882492
2026-02-17,10:49:43,2026-02-17T10:49:43+01:00,STATION,"Jeu de Mail des Abbés",7,1,8,0.875,43.619701,3.883831
2026-02-17,10:49:43,2026-02-17T10:49:43+01:00,STATION,"Euromédecine",3,5,8,0.375,43.639119,3.828199
2026-02-17,10:49:43,2026-02-17T10:49:43+01:00,STATION,"Marie Caizergues",4,4,8,0.5,43.619871,3.873812
2026-02-17,10:49:43,2026-02-17T10:49:43+01:00,STATION,"Sabines",0,8,8,0.0,43.584211,3.860031
2026-02-17,10:49:43,2026-02-17T10:49:43+01:00,STATION,"Celleneuve",4,4,8,0.5,43.61467,3.832624
2026-02-17,10:49:43,2026-02-17T10:49:43+01:00,STATION,"Jardin de la Lironde",3,5,8,0.375,43.60585,3.911576
2026-02-17,10:49:43,2026-02-17T10:49:43+01:00,STATION,"Père Soulas",0,8,8,0.0,43.621983,3.855603
2026-02-17,10:49:43,2026-02-17T10:49:43+01:00,STATION,"Place Viala",1,7,8,0.125,43.616812,3.855075
2026-02-17,10:49:43,2026-02-17T10:49:43+01:00,STATION,"Hôtel du Département",4,4,8,0.5,43.621682,3.83477
2026-02-17,10:49:43,2026-02-17T10:49:43+01:00,STATION,"Tonnelles",0,8,8,0.0,43.615155,3.839466
2026-02-17,10:49:43,2026-02-17T10:49:43+01:00,STATION,"Parvis Jules Ferry - Gare Saint-Roch",4,4,8,0.5,43.603889,3.879362
2026-02-17,10:49:43,2026-02-17T10:49:43+01:00,STATION,"Pont de Lattes - Gare Saint-Roch",4,8,12,0.3333333333333333,43.606036,3.882393
2026-02-17,10:49:43,2026-02-17T10:49:43+01:00,STATION,"Deux Ponts - Gare Saint-Roch",0,8,8,0.0,43.604319,3.880916
2026-02-17,10:49:43,2026-02-17T10:49:43+01:00,STATION,"Providence - Ovalie",1,7,8,0.125,43.588239,3.853421
2026-02-17,10:49:43,2026-02-17T10:49:43+01:00,STATION,"Pérols Etang de l Or",47,21,68,0.6911764705882353,43.558351,3.963412
2026-02-17,10:49:43,2026-02-17T10:49:43+01:00,STATION,"Albert 1er - Cathédrale",3,9,12,0.25,43.614005,3.873218
2026-02-17,10:49:43,2026-02-17T10:49:43+01:00,STATION,"Saint-Guilhem - Courreau",6,2,8,0.75,43.608996,3.872752
2026-02-17,10:49:43,2026-02-17T10:49:43+01:00,STATION,"Sud De France",3,5,8,0.375,43.59562,3.9235
2026-02-17,10:49:43,2026-02-17T10:49:43+01:00,STATION,"Comedie Baudin",0,8,8,0.0,43.608717,3.880787
2026-02-17,10:49:43,2026-02-17T10:49:43+01:00,STATION,"Jean de Beins",5,11,16,0.3125,43.609857,3.883884
2026-02-17,11:45:22,2026-02-17T11:45:22+01:00,STATION,"Rue Jules Ferry - Gare Saint-Roch",5,7,12,0.4166666666666667,43.605366,3.881346
2026-02-17,11:45:22,2026-02-17T11:45:22+01:00,STATION,"Comédie",14,6,20,0.7,43.608148,3.878778
2026-02-17,11:45:22,2026-02-17T11:45:22+01:00,STATION,"Hôtel de Ville",10,5,16,0.6875,43.599088,3.894866
2026-02-17,11:45:22,2026-02-17T11:45:22+01:00,STATION,"Corum",3,9,12,0.25,43.613989,3.8816
2026-02-17,11:45:22,2026-02-17T11:45:22+01:00,STATION,"Place Albert 1er - St Charles",8,19,27,0.2962962962962963,43.616768,3.873375
2026-02-17,11:45:22,2026-02-17T11:45:22+01:00,STATION,"Foch",3,5,8,0.375,43.610989,3.873345
2026-02-17,11:45:22,2026-02-17T11:45:22+01:00,STATION,"Halles Castellane",0,12,12,0.0,43.609935,3.877208
2026-02-17,11:45:22,2026-02-17T11:45:22+01:00,STATION,"Observatoire",5,2,8,0.75,43.606301,3.87724
2026-02-17,11:45:22,2026-02-17T11:45:22+01:00,STATION,"Rondelet",3,13,16,0.1875,43.603038,3.875796
2026-02-17,11:45:22,2026-02-17T11:45:22+01:00,STATION,"Plan Cabanes",9,3,12,0.75,43.608491,3.868389
2026-02-17,11:45:22,2026-02-17T11:45:22+01:00,STATION,"Boutonnet",4,8,12,0.3333333333333333,43.622629,3.868375
2026-02-17,11:45:22,2026-02-17T11:45:22+01:00,STATION,"Emile Combes",5,3,8,0.625,43.616742,3.87998
2026-02-17,11:45:22,2026-02-17T11:45:22+01:00,STATION,"Beaux-Arts",7,9,16,0.4375,43.616698,3.884981
2026-02-17,11:45:22,2026-02-17T11:45:22+01:00,STATION,"Les Aubes",5,3,8,0.625,43.618692,3.893844
2026-02-17,11:45:22,2026-02-17T11:45:22+01:00,STATION,"Antigone centre",9,3,12,0.75,43.607942,3.890634
2026-02-17,11:45:22,2026-02-17T11:45:22+01:00,STATION,"Médiathèque Emile Zola",10,6,16,0.625,43.608218,3.89314
2026-02-17,11:45:22,2026-02-17T11:45:22+01:00,STATION,"Nombre d Or",5,10,16,0.375,43.607859,3.886644
2026-02-17,11:45:22,2026-02-17T11:45:22+01:00,STATION,"Louis Blanc",4,12,16,0.25,43.614642,3.877648
2026-02-17,11:45:22,2026-02-17T11:45:22+01:00,STATION,"Gambetta",5,3,8,0.625,43.607106,3.870693
2026-02-17,11:45:22,2026-02-17T11:45:22+01:00,STATION,"Port Marianne",11,5,16,0.6875,43.60032,3.89851
2026-02-17,11:45:22,2026-02-17T11:45:22+01:00,STATION,"Les Arceaux",4,4,8,0.5,43.612659,3.867734
2026-02-17,11:45:22,2026-02-17T11:45:22+01:00,STATION,"Cité Mion",1,6,8,0.25,43.601143,3.884373
2026-02-17,11:45:22,2026-02-17T11:45:22+01:00,STATION,"Nouveau Saint-Roch",3,5,8,0.375,43.599817,3.875757
2026-02-17,11:45:22,2026-02-17T11:45:22+01:00,STATION,"Renouvier",3,5,8,0.375,43.603553,3.867884
2026-02-17,11:45:22,2026-02-17T11:45:22+01:00,STATION,"Odysseum",0,8,8,0.0,43.603727,3.918979
2026-02-17,11:45:22,2026-02-17T11:45:22+01:00,STATION,"Saint-Denis",0,8,8,0.0,43.605021,3.875065
2026-02-17,11:45:22,2026-02-17T11:45:22+01:00,STATION,"Richter",8,8,16,0.5,43.603424,3.899263
2026-02-17,11:45:22,2026-02-17T11:45:22+01:00,STATION,"Charles Flahault",1,7,8,0.125,43.622038,3.86672
2026-02-17,11:45:22,2026-02-17T11:45:22+01:00,STATION,"Voltaire",1,7,8,0.125,43.603767,3.888659
2026-02-17,11:45:22,2026-02-17T11:45:22+01:00,STATION,"Prés d Arènes",3,5,8,0.375,43.59048,3.884611
2026-02-17,11:45:22,2026-02-17T11:45:22+01:00,STATION,"Garcia Lorca",4,4,8,0.5,43.590757,3.890616
2026-02-17,11:45:22,2026-02-17T11:45:22+01:00,STATION,"Vert Bois",3,13,16,0.1875,43.63543,3.871179
2026-02-17,11:45:22,2026-02-17T11:45:22+01:00,STATION,"Malbosc",3,5,8,0.375,43.633679,3.832861
2026-02-17,11:45:22,2026-02-17T11:45:22+01:00,STATION,"Occitanie",15,17,32,0.46875,43.635689,3.849597
2026-02-17,11:45:22,2026-02-17T11:45:22+01:00,STATION,"FacdesSciences",21,3,24,0.875,43.631318,3.861299
2026-02-17,11:45:22,2026-02-17T11:45:22+01:00,STATION,"Fac de Lettres",3,9,12,0.25,43.630437,3.869539
2026-02-17,11:45:22,2026-02-17T11:45:22+01:00,STATION,"Aiguelongue",2,5,8,0.375,43.626163,3.882492
2026-02-17,11:45:22,2026-02-17T11:45:22+01:00,STATION,"Jeu de Mail des Abbés",7,1,8,0.875,43.619701,3.883831
2026-02-17,11:45:22,2026-02-17T11:45:22+01:00,STATION,"Euromédecine",3,5,8,0.375,43.639119,3.828199
2026-02-17,11:45:22,2026-02-17T11:45:22+01:00,STATION,"Marie Caizergues",4,4,8,0.5,43.619871,3.873812
2026-02-17,11:45:22,2026-02-17T11:45:22+01:00,STATION,"Sabines",0,8,8,0.0,43.584211,3.860031
2026-02-17,11:45:22,2026-02-17T11:45:22+01:00,STATION,"Celleneuve",3,5,8,0.375,43.61467,3.832624
2026-02-17,11:45:22,2026-02-17T11:45:22+01:00,STATION,"Jardin de la Lironde",3,5,8,0.375,43.60585,3.911576
2026-02-17,11:45:22,2026-02-17T11:45:22+01:00,STATION,"Père Soulas",0,8,8,0.0,43.621983,3.855603
2026-02-17,11:45:22,2026-02-17T11:45:22+01:00,STATION,"Place Viala",1,7,8,0.125,43.616812,3.855075
2026-02-17,11:45:22,2026-02-17T11:45:22+01:00,STATION,"Hôtel du Département",4,4,8,0.5,43.621682,3.83477
2026-02-17,11:45:22,2026-02-17T11:45:22+01:00,STATION,"Tonnelles",0,8,8,0.0,43.615155,3.839466
2026-02-17,11:45:22,2026-02-17T11:45:22+01:00,STATION,"Parvis Jules Ferry - Gare Saint-Roch",4,4,8,0.5,43.603889,3.879362
2026-02-17,11:45:22,2026-02-17T11:45:22+01:00,STATION,"Pont de Lattes - Gare Saint-Roch",4,8,12,0.3333333333333333,43.606036,3.882393
2026-02-17,11:45:22,2026-02-17T11:45:22+01:00,STATION,"Deux Ponts - Gare Saint-Roch",0,8,8,0.0,43.604319,3.880916
2026-02-17,11:45:22,2026-02-17T11:45:22+01:00,STATION,"Providence - Ovalie",1,7,8,0.125,43.588239,3.853421
2026-02-17,11:45:22,2026-02-17T11:45:22+01:00,STATION,"Pérols Etang de l Or",47,21,68,0.6911764705882353,43.558351,3.963412
2026-02-17,11:45:22,2026-02-17T11:45:22+01:00,STATION,"Albert 1er - Cathédrale",3,9,12,0.25,43.614005,3.873218
2026-02-17,11:45:22,2026-02-17T11:45:22+01:00,STATION,"Saint-Guilhem - Courreau",6,2,8,0.75,43.608996,3.872752
2026-02-17,11:45:22,2026-02-17T11:45:22+01:00,STATION,"Sud De France",3,5,8,0.375,43.59562,3.9235
2026-02-17,11:45:22,2026-02-17T11:45:22+01:00,STATION,"Comedie Baudin",0,8,8,0.0,43.608717,3.880787
2026-02-17,11:45:22,2026-02-17T11:45:22+01:00,STATION,"Jean de Beins",5,11,16,0.3125,43.609857,3.883884
2026-02-17,12:43:17,2026-02-17T12:43:17+01:00,STATION,"Rue Jules Ferry - Gare Saint-Roch",5,7,12,0.4166666666666667,43.605366,3.881346
2026-02-17,12:43:17,2026-02-17T12:43:17+01:00,STATION,"Comédie",14,6,20,0.7,43.608148,3.878778
2026-02-17,12:43:17,2026-02-17T12:43:17+01:00,STATION,"Hôtel de Ville",9,6,16,0.625,43.599088,3.894866
2026-02-17,12:43:17,2026-02-17T12:43:17+01:00,STATION,"Corum",3,9,12,0.25,43.613989,3.8816
2026-02-17,12:43:17,2026-02-17T12:43:17+01:00,STATION,"Place Albert 1er - St Charles",8,19,27,0.2962962962962963,43.616768,3.873375
2026-02-17,12:43:17,2026-02-17T12:43:17+01:00,STATION,"Foch",3,5,8,0.375,43.610989,3.873345
2026-02-17,12:43:17,2026-02-17T12:43:17+01:00,STATION,"Halles Castellane",0,12,12,0.0,43.609935,3.877208
2026-02-17,12:43:17,2026-02-17T12:43:17+01:00,STATION,"Observatoire",5,2,8,0.75,43.606301,3.87724
2026-02-17,12:43:17,2026-02-17T12:43:17+01:00,STATION,"Rondelet",3,13,16,0.1875,43.603038,3.875796
2026-02-17,12:43:17,2026-02-17T12:43:17+01:00,STATION,"Plan Cabanes",8,4,12,0.6666666666666666,43.608491,3.868389
2026-02-17,12:43:17,2026-02-17T12:43:17+01:00,STATION,"Boutonnet",5,7,12,0.4166666666666667,43.622629,3.868375
2026-02-17,12:43:17,2026-02-17T12:43:17+01:00,STATION,"Emile Combes",5,3,8,0.625,43.616742,3.87998
2026-02-17,12:43:17,2026-02-17T12:43:17+01:00,STATION,"Beaux-Arts",7,9,16,0.4375,43.616698,3.884981
2026-02-17,12:43:17,2026-02-17T12:43:17+01:00,STATION,"Les Aubes",6,2,8,0.75,43.618692,3.893844
2026-02-17,12:43:17,2026-02-17T12:43:17+01:00,STATION,"Antigone centre",9,3,12,0.75,43.607942,3.890634
2026-02-17,12:43:17,2026-02-17T12:43:17+01:00,STATION,"Médiathèque Emile Zola",9,7,16,0.5625,43.608218,3.89314
2026-02-17,12:43:17,2026-02-17T12:43:17+01:00,STATION,"Nombre d Or",5,11,16,0.3125,43.607859,3.886644
2026-02-17,12:43:17,2026-02-17T12:43:17+01:00,STATION,"Louis Blanc",4,12,16,0.25,43.614642,3.877648
2026-02-17,12:43:17,2026-02-17T12:43:17+01:00,STATION,"Gambetta",5,3,8,0.625,43.607106,3.870693
2026-02-17,12:43:17,2026-02-17T12:43:17+01:00,STATION,"Port Marianne",10,6,16,0.625,43.60032,3.89851
2026-02-17,12:43:17,2026-02-17T12:43:17+01:00,STATION,"Les Arceaux",4,4,8,0.5,43.612659,3.867734
2026-02-17,12:43:17,2026-02-17T12:43:17+01:00,STATION,"Cité Mion",1,6,8,0.25,43.601143,3.884373
2026-02-17,12:43:17,2026-02-17T12:43:17+01:00,STATION,"Nouveau Saint-Roch",3,5,8,0.375,43.599817,3.875757
2026-02-17,12:43:17,2026-02-17T12:43:17+01:00,STATION,"Renouvier",3,5,8,0.375,43.603553,3.867884
2026-02-17,12:43:17,2026-02-17T12:43:17+01:00,STATION,"Odysseum",0,8,8,0.0,43.603727,3.918979
2026-02-17,12:43:17,2026-02-17T12:43:17+01:00,STATION,"Saint-Denis",0,8,8,0.0,43.605021,3.875065
2026-02-17,12:43:17,2026-02-17T12:43:17+01:00,STATION,"Richter",8,8,16,0.5,43.603424,3.899263
2026-02-17,12:43:17,2026-02-17T12:43:17+01:00,STATION,"Charles Flahault",1,7,8,0.125,43.622038,3.86672
2026-02-17,12:43:17,2026-02-17T12:43:17+01:00,STATION,"Voltaire",1,7,8,0.125,43.603767,3.888659
2026-02-17,12:43:17,2026-02-17T12:43:17+01:00,STATION,"Prés d Arènes",2,6,8,0.25,43.59048,3.884611
2026-02-17,12:43:17,2026-02-17T12:43:17+01:00,STATION,"Garcia Lorca",4,4,8,0.5,43.590757,3.890616
2026-02-17,12:43:17,2026-02-17T12:43:17+01:00,STATION,"Vert Bois",3,13,16,0.1875,43.63543,3.871179
2026-02-17,12:43:17,2026-02-17T12:43:17+01:00,STATION,"Malbosc",3,5,8,0.375,43.633679,3.832861
2026-02-17,12:43:17,2026-02-17T12:43:17+01:00,STATION,"Occitanie",14,18,32,0.4375,43.635689,3.849597
2026-02-17,12:43:17,2026-02-17T12:43:17+01:00,STATION,"FacdesSciences",23,1,24,0.9583333333333334,43.631318,3.861299
2026-02-17,12:43:17,2026-02-17T12:43:17+01:00,STATION,"Fac de Lettres",3,9,12,0.25,43.630437,3.869539
2026-02-17,12:43:17,2026-02-17T12:43:17+01:00,STATION,"Aiguelongue",2,5,8,0.375,43.626163,3.882492
2026-02-17,12:43:17,2026-02-17T12:43:17+01:00,STATION,"Jeu de Mail des Abbés",6,2,8,0.75,43.619701,3.883831
2026-02-17,12:43:17,2026-02-17T12:43:17+01:00,STATION,"Euromédecine",3,5,8,0.375,43.639119,3.828199
2026-02-17,12:43:17,2026-02-17T12:43:17+01:00,STATION,"Marie Caizergues",4,4,8,0.5,43.619871,3.873812
2026-02-17,12:43:17,2026-02-17T12:43:17+01:00,STATION,"Sabines",0,8,8,0.0,43.584211,3.860031
2026-02-17,12:43:17,2026-02-17T12:43:17+01:00,STATION,"Celleneuve",3,5,8,0.375,43.61467,3.832624
2026-02-17,12:43:17,2026-02-17T12:43:17+01:00,STATION,"Jardin de la Lironde",5,3,8,0.625,43.60585,3.911576
2026-02-17,12:43:17,2026-02-17T12:43:17+01:00,STATION,"Père Soulas",0,8,8,0.0,43.621983,3.855603
2026-02-17,12:43:17,2026-02-17T12:43:17+01:00,STATION,"Place Viala",1,7,8,0.125,43.616812,3.855075
2026-02-17,12:43:17,2026-02-17T12:43:17+01:00,STATION,"Hôtel du Département",4,4,8,0.5,43.621682,3.83477
2026-02-17,12:43:17,2026-02-17T12:43:17+01:00,STATION,"Tonnelles",0,8,8,0.0,43.615155,3.839466
2026-02-17,12:43:17,2026-02-17T12:43:17+01:00,STATION,"Parvis Jules Ferry - Gare Saint-Roch",4,4,8,0.5,43.603889,3.879362
2026-02-17,12:43:17,2026-02-17T12:43:17+01:00,STATION,"Pont de Lattes - Gare Saint-Roch",4,8,12,0.3333333333333333,43.606036,3.882393
2026-02-17,12:43:17,2026-02-17T12:43:17+01:00,STATION,"Deux Ponts - Gare Saint-Roch",0,8,8,0.0,43.604319,3.880916
2026-02-17,12:43:17,2026-02-17T12:43:17+01:00,STATION,"Providence - Ovalie",1,7,8,0.125,43.588239,3.853421
2026-02-17,12:43:17,2026-02-17T12:43:17+01:00,STATION,"Pérols Etang de l Or",43,25,68,0.6323529411764706,43.558351,3.963412
2026-02-17,12:43:17,2026-02-17T12:43:17+01:00,STATION,"Albert 1er - Cathédrale",3,9,12,0.25,43.614005,3.873218
2026-02-17,12:43:17,2026-02-17T12:43:17+01:00,STATION,"Saint-Guilhem - Courreau",6,2,8,0.75,43.608996,3.872752
2026-02-17,12:43:17,2026-02-17T12:43:17+01:00,STATION,"Sud De France",3,5,8,0.375,43.59562,3.9235
2026-02-17,12:43:17,2026-02-17T12:43:17+01:00,STATION,"Comedie Baudin",0,8,8,0.0,43.608717,3.880787
2026-02-17,12:43:17,2026-02-17T12:43:17+01:00,STATION,"Jean de Beins",5,11,16,0.3125,43.609857,3.883884
2026-02-17,14:03:44,2026-02-17T14:03:44+01:00,STATION,"Rue Jules Ferry - Gare Saint-Roch",6,6,12,0.5,43.605366,3.881346
2026-02-17,14:03:44,2026-02-17T14:03:44+01:00,STATION,"Comédie",14,6,20,0.7,43.608148,3.878778
2026-02-17,14:03:44,2026-02-17T14:03:44+01:00,STATION,"Hôtel de Ville",10,5,16,0.6875,43.599088,3.894866
2026-02-17,14:03:44,2026-02-17T14:03:44+01:00,STATION,"Corum",4,8,12,0.3333333333333333,43.613989,3.8816
2026-02-17,14:03:44,2026-02-17T14:03:44+01:00,STATION,"Place Albert 1er - St Charles",9,18,27,0.3333333333333333,43.616768,3.873375
2026-02-17,14:03:44,2026-02-17T14:03:44+01:00,STATION,"Foch",3,5,8,0.375,43.610989,3.873345
2026-02-17,14:03:44,2026-02-17T14:03:44+01:00,STATION,"Halles Castellane",0,12,12,0.0,43.609935,3.877208
2026-02-17,14:03:44,2026-02-17T14:03:44+01:00,STATION,"Observatoire",3,4,8,0.5,43.606301,3.87724
2026-02-17,14:03:44,2026-02-17T14:03:44+01:00,STATION,"Rondelet",3,13,16,0.1875,43.603038,3.875796
2026-02-17,14:03:44,2026-02-17T14:03:44+01:00,STATION,"Plan Cabanes",7,5,12,0.5833333333333334,43.608491,3.868389
2026-02-17,14:03:44,2026-02-17T14:03:44+01:00,STATION,"Boutonnet",6,6,12,0.5,43.622629,3.868375
2026-02-17,14:03:44,2026-02-17T14:03:44+01:00,STATION,"Emile Combes",6,2,8,0.75,43.616742,3.87998
2026-02-17,14:03:44,2026-02-17T14:03:44+01:00,STATION,"Beaux-Arts",7,9,16,0.4375,43.616698,3.884981
2026-02-17,14:03:44,2026-02-17T14:03:44+01:00,STATION,"Les Aubes",5,3,8,0.625,43.618692,3.893844
2026-02-17,14:03:44,2026-02-17T14:03:44+01:00,STATION,"Antigone centre",8,4,12,0.6666666666666666,43.607942,3.890634
2026-02-17,14:03:44,2026-02-17T14:03:44+01:00,STATION,"Médiathèque Emile Zola",9,7,16,0.5625,43.608218,3.89314
2026-02-17,14:03:44,2026-02-17T14:03:44+01:00,STATION,"Nombre d Or",6,10,16,0.375,43.607859,3.886644
2026-02-17,14:03:44,2026-02-17T14:03:44+01:00,STATION,"Louis Blanc",3,13,16,0.1875,43.614642,3.877648
2026-02-17,14:03:44,2026-02-17T14:03:44+01:00,STATION,"Gambetta",5,3,8,0.625,43.607106,3.870693
2026-02-17,14:03:44,2026-02-17T14:03:44+01:00,STATION,"Port Marianne",11,5,16,0.6875,43.60032,3.89851
2026-02-17,14:03:44,2026-02-17T14:03:44+01:00,STATION,"Les Arceaux",4,4,8,0.5,43.612659,3.867734
2026-02-17,14:03:44,2026-02-17T14:03:44+01:00,STATION,"Cité Mion",1,6,8,0.25,43.601143,3.884373
2026-02-17,14:03:44,2026-02-17T14:03:44+01:00,STATION,"Nouveau Saint-Roch",3,5,8,0.375,43.599817,3.875757
2026-02-17,14:03:44,2026-02-17T14:03:44+01:00,STATION,"Renouvier",4,4,8,0.5,43.603553,3.867884
2026-02-17,14:03:44,2026-02-17T14:03:44+01:00,STATION,"Odysseum",0,8,8,0.0,43.603727,3.918979
2026-02-17,14:03:44,2026-02-17T14:03:44+01:00,STATION,"Saint-Denis",0,8,8,0.0,43.605021,3.875065
2026-02-17,14:03:44,2026-02-17T14:03:44+01:00,STATION,"Richter",10,6,16,0.625,43.603424,3.899263
2026-02-17,14:03:44,2026-02-17T14:03:44+01:00,STATION,"Charles Flahault",1,7,8,0.125,43.622038,3.86672
2026-02-17,14:03:44,2026-02-17T14:03:44+01:00,STATION,"Voltaire",1,7,8,0.125,43.603767,3.888659
2026-02-17,14:03:44,2026-02-17T14:03:44+01:00,STATION,"Prés d Arènes",2,6,8,0.25,43.59048,3.884611
2026-02-17,14:03:44,2026-02-17T14:03:44+01:00,STATION,"Garcia Lorca",4,4,8,0.5,43.590757,3.890616
2026-02-17,14:03:44,2026-02-17T14:03:44+01:00,STATION,"Vert Bois",3,13,16,0.1875,43.63543,3.871179
2026-02-17,14:03:44,2026-02-17T14:03:44+01:00,STATION,"Malbosc",3,5,8,0.375,43.633679,3.832861
2026-02-17,14:03:44,2026-02-17T14:03:44+01:00,STATION,"Occitanie",13,19,32,0.40625,43.635689,3.849597
2026-02-17,14:03:44,2026-02-17T14:03:44+01:00,STATION,"FacdesSciences",24,0,24,1.0,43.631318,3.861299
2026-02-17,14:03:44,2026-02-17T14:03:44+01:00,STATION,"Fac de Lettres",3,9,12,0.25,43.630437,3.869539
2026-02-17,14:03:44,2026-02-17T14:03:44+01:00,STATION,"Aiguelongue",1,6,8,0.25,43.626163,3.882492
2026-02-17,14:03:44,2026-02-17T14:03:44+01:00,STATION,"Jeu de Mail des Abbés",6,2,8,0.75,43.619701,3.883831
2026-02-17,14:03:44,2026-02-17T14:03:44+01:00,STATION,"Euromédecine",3,5,8,0.375,43.639119,3.828199
2026-02-17,14:03:44,2026-02-17T14:03:44+01:00,STATION,"Marie Caizergues",4,4,8,0.5,43.619871,3.873812
2026-02-17,14:03:44,2026-02-17T14:03:44+01:00,STATION,"Sabines",0,8,8,0.0,43.584211,3.860031
2026-02-17,14:03:44,2026-02-17T14:03:44+01:00,STATION,"Celleneuve",3,5,8,0.375,43.61467,3.832624
2026-02-17,14:03:44,2026-02-17T14:03:44+01:00,STATION,"Jardin de la Lironde",5,3,8,0.625,43.60585,3.911576
2026-02-17,14:03:44,2026-02-17T14:03:44+01:00,STATION,"Père Soulas",0,8,8,0.0,43.621983,3.855603
2026-02-17,14:03:44,2026-02-17T14:03:44+01:00,STATION,"Place Viala",1,7,8,0.125,43.616812,3.855075
2026-02-17,14:03:44,2026-02-17T14:03:44+01:00,STATION,"Hôtel du Département",4,4,8,0.5,43.621682,3.83477
2026-02-17,14:03:44,2026-02-17T14:03:44+01:00,STATION,"Tonnelles",0,8,8,0.0,43.615155,3.839466
2026-02-17,14:03:44,2026-02-17T14:03:44+01:00,STATION,"Parvis Jules Ferry - Gare Saint-Roch",4,4,8,0.5,43.603889,3.879362
2026-02-17,14:03:44,2026-02-17T14:03:44+01:00,STATION,"Pont de Lattes - Gare Saint-Roch",3,9,12,0.25,43.606036,3.882393
2026-02-17,14:03:44,2026-02-17T14:03:44+01:00,STATION,"Deux Ponts - Gare Saint-Roch",0,8,8,0.0,43.604319,3.880916
2026-02-17,14:03:44,2026-02-17T14:03:44+01:00,STATION,"Providence - Ovalie",1,7,8,0.125,43.588239,3.853421
2026-02-17,14:03:44,2026-02-17T14:03:44+01:00,STATION,"Pérols Etang de l Or",43,25,68,0.6323529411764706,43.558351,3.963412
2026-02-17,14:03:44,2026-02-17T14:03:44+01:00,STATION,"Albert 1er - Cathédrale",3,9,12,0.25,43.614005,3.873218
2026-02-17,14:03:44,2026-02-17T14:03:44+01:00,STATION,"Saint-Guilhem - Courreau",1,7,8,0.125,43.608996,3.872752
2026-02-17,14:03:44,2026-02-17T14:03:44+01:00,STATION,"Sud De France",3,5,8,0.375,43.59562,3.9235
2026-02-17,14:03:44,2026-02-17T14:03:44+01:00,STATION,"Comedie Baudin",0,8,8,0.0,43.608717,3.880787
2026-02-17,14:03:44,2026-02-17T14:03:44+01:00,STATION,"Jean de Beins",5,11,16,0.3125,43.609857,3.883884
2026-02-17,15:28:38,2026-02-17T15:28:38+01:00,STATION,"Rue Jules Ferry - Gare Saint-Roch",6,6,12,0.5,43.605366,3.881346
2026-02-17,15:28:38,2026-02-17T15:28:38+01:00,STATION,"Comédie",11,9,20,0.55,43.608148,3.878778
2026-02-17,15:28:38,2026-02-17T15:28:38+01:00,STATION,"Hôtel de Ville",9,6,16,0.625,43.599088,3.894866
2026-02-17,15:28:38,2026-02-17T15:28:38+01:00,STATION,"Corum",3,9,12,0.25,43.613989,3.8816
2026-02-17,15:28:38,2026-02-17T15:28:38+01:00,STATION,"Place Albert 1er - St Charles",9,18,27,0.3333333333333333,43.616768,3.873375
2026-02-17,15:28:38,2026-02-17T15:28:38+01:00,STATION,"Foch",3,5,8,0.375,43.610989,3.873345
2026-02-17,15:28:38,2026-02-17T15:28:38+01:00,STATION,"Halles Castellane",0,12,12,0.0,43.609935,3.877208
2026-02-17,15:28:38,2026-02-17T15:28:38+01:00,STATION,"Observatoire",3,4,8,0.5,43.606301,3.87724
2026-02-17,15:28:38,2026-02-17T15:28:38+01:00,STATION,"Rondelet",3,13,16,0.1875,43.603038,3.875796
2026-02-17,15:28:38,2026-02-17T15:28:38+01:00,STATION,"Plan Cabanes",7,5,12,0.5833333333333334,43.608491,3.868389
2026-02-17,15:28:38,2026-02-17T15:28:38+01:00,STATION,"Boutonnet",6,6,12,0.5,43.622629,3.868375
2026-02-17,15:28:38,2026-02-17T15:28:38+01:00,STATION,"Emile Combes",6,2,8,0.75,43.616742,3.87998
2026-02-17,15:28:38,2026-02-17T15:28:38+01:00,STATION,"Beaux-Arts",7,9,16,0.4375,43.616698,3.884981
2026-02-17,15:28:38,2026-02-17T15:28:38+01:00,STATION,"Les Aubes",5,3,8,0.625,43.618692,3.893844
2026-02-17,15:28:38,2026-02-17T15:28:38+01:00,STATION,"Antigone centre",8,4,12,0.6666666666666666,43.607942,3.890634
2026-02-17,15:28:38,2026-02-17T15:28:38+01:00,STATION,"Médiathèque Emile Zola",8,8,16,0.5,43.608218,3.89314
2026-02-17,15:28:38,2026-02-17T15:28:38+01:00,STATION,"Nombre d Or",6,10,16,0.375,43.607859,3.886644
2026-02-17,15:28:38,2026-02-17T15:28:38+01:00,STATION,"Louis Blanc",3,13,16,0.1875,43.614642,3.877648
2026-02-17,15:28:38,2026-02-17T15:28:38+01:00,STATION,"Gambetta",5,3,8,0.625,43.607106,3.870693
2026-02-17,15:28:38,2026-02-17T15:28:38+01:00,STATION,"Port Marianne",12,4,16,0.75,43.60032,3.89851
2026-02-17,15:28:38,2026-02-17T15:28:38+01:00,STATION,"Les Arceaux",4,4,8,0.5,43.612659,3.867734
2026-02-17,15:28:38,2026-02-17T15:28:38+01:00,STATION,"Cité Mion",1,6,8,0.25,43.601143,3.884373
2026-02-17,15:28:38,2026-02-17T15:28:38+01:00,STATION,"Nouveau Saint-Roch",3,5,8,0.375,43.599817,3.875757
2026-02-17,15:28:38,2026-02-17T15:28:38+01:00,STATION,"Renouvier",4,4,8,0.5,43.603553,3.867884
2026-02-17,15:28:38,2026-02-17T15:28:38+01:00,STATION,"Odysseum",0,8,8,0.0,43.603727,3.918979
2026-02-17,15:28:38,2026-02-17T15:28:38+01:00,STATION,"Saint-Denis",0,8,8,0.0,43.605021,3.875065
2026-02-17,15:28:38,2026-02-17T15:28:38+01:00,STATION,"Richter",7,9,16,0.4375,43.603424,3.899263
2026-02-17,15:28:38,2026-02-17T15:28:38+01:00,STATION,"Charles Flahault",1,7,8,0.125,43.622038,3.86672
2026-02-17,15:28:38,2026-02-17T15:28:38+01:00,STATION,"Voltaire",1,7,8,0.125,43.603767,3.888659
2026-02-17,15:28:38,2026-02-17T15:28:38+01:00,STATION,"Prés d Arènes",2,6,8,0.25,43.59048,3.884611
2026-02-17,15:28:38,2026-02-17T15:28:38+01:00,STATION,"Garcia Lorca",4,4,8,0.5,43.590757,3.890616
2026-02-17,15:28:38,2026-02-17T15:28:38+01:00,STATION,"Vert Bois",3,13,16,0.1875,43.63543,3.871179
2026-02-17,15:28:38,2026-02-17T15:28:38+01:00,STATION,"Malbosc",2,6,8,0.25,43.633679,3.832861
2026-02-17,15:28:38,2026-02-17T15:28:38+01:00,STATION,"Occitanie",13,19,32,0.40625,43.635689,3.849597
2026-02-17,15:28:38,2026-02-17T15:28:38+01:00,STATION,"FacdesSciences",24,0,24,1.0,43.631318,3.861299
2026-02-17,15:28:38,2026-02-17T15:28:38+01:00,STATION,"Fac de Lettres",3,9,12,0.25,43.630437,3.869539
2026-02-17,15:28:38,2026-02-17T15:28:38+01:00,STATION,"Aiguelongue",1,6,8,0.25,43.626163,3.882492
2026-02-17,15:28:38,2026-02-17T15:28:38+01:00,STATION,"Jeu de Mail des Abbés",6,2,8,0.75,43.619701,3.883831
2026-02-17,15:28:38,2026-02-17T15:28:38+01:00,STATION,"Euromédecine",3,5,8,0.375,43.639119,3.828199
2026-02-17,15:28:38,2026-02-17T15:28:38+01:00,STATION,"Marie Caizergues",4,4,8,0.5,43.619871,3.873812
2026-02-17,15:28:38,2026-02-17T15:28:38+01:00,STATION,"Sabines",0,8,8,0.0,43.584211,3.860031
2026-02-17,15:28:38,2026-02-17T15:28:38+01:00,STATION,"Celleneuve",3,5,8,0.375,43.61467,3.832624
2026-02-17,15:28:38,2026-02-17T15:28:38+01:00,STATION,"Jardin de la Lironde",6,2,8,0.75,43.60585,3.911576
2026-02-17,15:28:38,2026-02-17T15:28:38+01:00,STATION,"Père Soulas",0,8,8,0.0,43.621983,3.855603
2026-02-17,15:28:38,2026-02-17T15:28:38+01:00,STATION,"Place Viala",1,7,8,0.125,43.616812,3.855075
2026-02-17,15:28:38,2026-02-17T15:28:38+01:00,STATION,"Hôtel du Département",3,5,8,0.375,43.621682,3.83477
2026-02-17,15:28:38,2026-02-17T15:28:38+01:00,STATION,"Tonnelles",0,8,8,0.0,43.615155,3.839466
2026-02-17,15:28:38,2026-02-17T15:28:38+01:00,STATION,"Parvis Jules Ferry - Gare Saint-Roch",4,4,8,0.5,43.603889,3.879362
2026-02-17,15:28:38,2026-02-17T15:28:38+01:00,STATION,"Pont de Lattes - Gare Saint-Roch",3,9,12,0.25,43.606036,3.882393
2026-02-17,15:28:38,2026-02-17T15:28:38+01:00,STATION,"Deux Ponts - Gare Saint-Roch",0,8,8,0.0,43.604319,3.880916
2026-02-17,15:28:38,2026-02-17T15:28:38+01:00,STATION,"Providence - Ovalie",1,7,8,0.125,43.588239,3.853421
2026-02-17,15:28:38,2026-02-17T15:28:38+01:00,STATION,"Pérols Etang de l Or",43,25,68,0.6323529411764706,43.558351,3.963412
2026-02-17,15:28:38,2026-02-17T15:28:38+01:00,STATION,"Albert 1er - Cathédrale",3,9,12,0.25,43.614005,3.873218
2026-02-17,15:28:38,2026-02-17T15:28:38+01:00,STATION,"Saint-Guilhem - Courreau",1,7,8,0.125,43.608996,3.872752
2026-02-17,15:28:38,2026-02-17T15:28:38+01:00,STATION,"Sud De France",3,5,8,0.375,43.59562,3.9235
2026-02-17,15:28:38,2026-02-17T15:28:38+01:00,STATION,"Comedie Baudin",0,8,8,0.0,43.608717,3.880787
2026-02-17,15:28:38,2026-02-17T15:28:38+01:00,STATION,"Jean de Beins",5,11,16,0.3125,43.609857,3.883884
2026-02-17,16:27:15,2026-02-17T16:27:15+01:00,STATION,"Rue Jules Ferry - Gare Saint-Roch",6,6,12,0.5,43.605366,3.881346
2026-02-17,16:27:15,2026-02-17T16:27:15+01:00,STATION,"Comédie",12,8,20,0.6,43.608148,3.878778
2026-02-17,16:27:15,2026-02-17T16:27:15+01:00,STATION,"Hôtel de Ville",9,6,16,0.625,43.599088,3.894866
2026-02-17,16:27:15,2026-02-17T16:27:15+01:00,STATION,"Corum",3,9,12,0.25,43.613989,3.8816
2026-02-17,16:27:15,2026-02-17T16:27:15+01:00,STATION,"Place Albert 1er - St Charles",10,17,27,0.37037037037037035,43.616768,3.873375
2026-02-17,16:27:15,2026-02-17T16:27:15+01:00,STATION,"Foch",3,5,8,0.375,43.610989,3.873345
2026-02-17,16:27:15,2026-02-17T16:27:15+01:00,STATION,"Halles Castellane",0,12,12,0.0,43.609935,3.877208
2026-02-17,16:27:15,2026-02-17T16:27:15+01:00,STATION,"Observatoire",2,5,8,0.375,43.606301,3.87724
2026-02-17,16:27:15,2026-02-17T16:27:15+01:00,STATION,"Rondelet",3,13,16,0.1875,43.603038,3.875796
2026-02-17,16:27:15,2026-02-17T16:27:15+01:00,STATION,"Plan Cabanes",7,5,12,0.5833333333333334,43.608491,3.868389
2026-02-17,16:27:15,2026-02-17T16:27:15+01:00,STATION,"Boutonnet",6,6,12,0.5,43.622629,3.868375
2026-02-17,16:27:15,2026-02-17T16:27:15+01:00,STATION,"Emile Combes",6,2,8,0.75,43.616742,3.87998
2026-02-17,16:27:15,2026-02-17T16:27:15+01:00,STATION,"Beaux-Arts",7,9,16,0.4375,43.616698,3.884981
2026-02-17,16:27:15,2026-02-17T16:27:15+01:00,STATION,"Les Aubes",5,3,8,0.625,43.618692,3.893844
2026-02-17,16:27:15,2026-02-17T16:27:15+01:00,STATION,"Antigone centre",8,4,12,0.6666666666666666,43.607942,3.890634
2026-02-17,16:27:15,2026-02-17T16:27:15+01:00,STATION,"Médiathèque Emile Zola",8,8,16,0.5,43.608218,3.89314
2026-02-17,16:27:15,2026-02-17T16:27:15+01:00,STATION,"Nombre d Or",7,9,16,0.4375,43.607859,3.886644
2026-02-17,16:27:15,2026-02-17T16:27:15+01:00,STATION,"Louis Blanc",3,13,16,0.1875,43.614642,3.877648
2026-02-17,16:27:15,2026-02-17T16:27:15+01:00,STATION,"Gambetta",5,3,8,0.625,43.607106,3.870693
2026-02-17,16:27:15,2026-02-17T16:27:15+01:00,STATION,"Port Marianne",10,6,16,0.625,43.60032,3.89851
2026-02-17,16:27:15,2026-02-17T16:27:15+01:00,STATION,"Les Arceaux",4,4,8,0.5,43.612659,3.867734
2026-02-17,16:27:15,2026-02-17T16:27:15+01:00,STATION,"Cité Mion",1,6,8,0.25,43.601143,3.884373
2026-02-17,16:27:15,2026-02-17T16:27:15+01:00,STATION,"Nouveau Saint-Roch",3,5,8,0.375,43.599817,3.875757
2026-02-17,16:27:15,2026-02-17T16:27:15+01:00,STATION,"Renouvier",4,4,8,0.5,43.603553,3.867884
2026-02-17,16:27:15,2026-02-17T16:27:15+01:00,STATION,"Odysseum",0,8,8,0.0,43.603727,3.918979
2026-02-17,16:27:15,2026-02-17T16:27:15+01:00,STATION,"Saint-Denis",0,8,8,0.0,43.605021,3.875065
2026-02-17,16:27:15,2026-02-17T16:27:15+01:00,STATION,"Richter",8,8,16,0.5,43.603424,3.899263
2026-02-17,16:27:15,2026-02-17T16:27:15+01:00,STATION,"Charles Flahault",1,7,8,0.125,43.622038,3.86672
2026-02-17,16:27:15,2026-02-17T16:27:15+01:00,STATION,"Voltaire",1,7,8,0.125,43.603767,3.888659
2026-02-17,16:27:15,2026-02-17T16:27:15+01:00,STATION,"Prés d Arènes",2,6,8,0.25,43.59048,3.884611
2026-02-17,16:27:15,2026-02-17T16:27:15+01:00,STATION,"Garcia Lorca",4,4,8,0.5,43.590757,3.890616
2026-02-17,16:27:15,2026-02-17T16:27:15+01:00,STATION,"Vert Bois",3,13,16,0.1875,43.63543,3.871179
2026-02-17,16:27:15,2026-02-17T16:27:15+01:00,STATION,"Malbosc",2,6,8,0.25,43.633679,3.832861
2026-02-17,16:27:15,2026-02-17T16:27:15+01:00,STATION,"Occitanie",13,19,32,0.40625,43.635689,3.849597
2026-02-17,16:27:15,2026-02-17T16:27:15+01:00,STATION,"FacdesSciences",22,2,24,0.9166666666666666,43.631318,3.861299
2026-02-17,16:27:15,2026-02-17T16:27:15+01:00,STATION,"Fac de Lettres",1,11,12,0.08333333333333333,43.630437,3.869539
2026-02-17,16:27:15,2026-02-17T16:27:15+01:00,STATION,"Aiguelongue",1,6,8,0.25,43.626163,3.882492
2026-02-17,16:27:15,2026-02-17T16:27:15+01:00,STATION,"Jeu de Mail des Abbés",6,2,8,0.75,43.619701,3.883831
2026-02-17,16:27:15,2026-02-17T16:27:15+01:00,STATION,"Euromédecine",3,5,8,0.375,43.639119,3.828199
2026-02-17,16:27:15,2026-02-17T16:27:15+01:00,STATION,"Marie Caizergues",5,3,8,0.625,43.619871,3.873812
2026-02-17,16:27:15,2026-02-17T16:27:15+01:00,STATION,"Sabines",5,3,8,0.625,43.584211,3.860031
2026-02-17,16:27:15,2026-02-17T16:27:15+01:00,STATION,"Celleneuve",3,5,8,0.375,43.61467,3.832624
2026-02-17,16:27:15,2026-02-17T16:27:15+01:00,STATION,"Jardin de la Lironde",6,2,8,0.75,43.60585,3.911576
2026-02-17,16:27:15,2026-02-17T16:27:15+01:00,STATION,"Père Soulas",0,8,8,0.0,43.621983,3.855603
2026-02-17,16:27:15,2026-02-17T16:27:15+01:00,STATION,"Place Viala",1,7,8,0.125,43.616812,3.855075
2026-02-17,16:27:15,2026-02-17T16:27:15+01:00,STATION,"Hôtel du Département",3,5,8,0.375,43.621682,3.83477
2026-02-17,16:27:15,2026-02-17T16:27:15+01:00,STATION,"Tonnelles",0,8,8,0.0,43.615155,3.839466
2026-02-17,16:27:15,2026-02-17T16:27:15+01:00,STATION,"Parvis Jules Ferry - Gare Saint-Roch",4,4,8,0.5,43.603889,3.879362
2026-02-17,16:27:15,2026-02-17T16:27:15+01:00,STATION,"Pont de Lattes - Gare Saint-Roch",3,9,12,0.25,43.606036,3.882393
2026-02-17,16:27:15,2026-02-17T16:27:15+01:00,STATION,"Deux Ponts - Gare Saint-Roch",0,8,8,0.0,43.604319,3.880916
2026-02-17,16:27:15,2026-02-17T16:27:15+01:00,STATION,"Providence - Ovalie",6,2,8,0.75,43.588239,3.853421
2026-02-17,16:27:15,2026-02-17T16:27:15+01:00,STATION,"Pérols Etang de l Or",44,24,68,0.6470588235294118,43.558351,3.963412
2026-02-17,16:27:15,2026-02-17T16:27:15+01:00,STATION,"Albert 1er - Cathédrale",3,9,12,0.25,43.614005,3.873218
2026-02-17,16:27:15,2026-02-17T16:27:15+01:00,STATION,"Saint-Guilhem - Courreau",1,7,8,0.125,43.608996,3.872752
2026-02-17,16:27:15,2026-02-17T16:27:15+01:00,STATION,"Sud De France",3,5,8,0.375,43.59562,3.9235
2026-02-17,16:27:15,2026-02-17T16:27:15+01:00,STATION,"Comedie Baudin",0,8,8,0.0,43.608717,3.880787
2026-02-17,16:27:15,2026-02-17T16:27:15+01:00,STATION,"Jean de Beins",5,11,16,0.3125,43.609857,3.883884
2026-02-17,17:32:12,2026-02-17T17:32:12+01:00,STATION,"Rue Jules Ferry - Gare Saint-Roch",6,6,12,0.5,43.605366,3.881346
2026-02-17,17:32:12,2026-02-17T17:32:12+01:00,STATION,"Comédie",11,9,20,0.55,43.608148,3.878778
2026-02-17,17:32:12,2026-02-17T17:32:12+01:00,STATION,"Hôtel de Ville",9,6,16,0.625,43.599088,3.894866
2026-02-17,17:32:12,2026-02-17T17:32:12+01:00,STATION,"Corum",4,8,12,0.3333333333333333,43.613989,3.8816
2026-02-17,17:32:12,2026-02-17T17:32:12+01:00,STATION,"Place Albert 1er - St Charles",9,18,27,0.3333333333333333,43.616768,3.873375
2026-02-17,17:32:12,2026-02-17T17:32:12+01:00,STATION,"Foch",3,5,8,0.375,43.610989,3.873345
2026-02-17,17:32:12,2026-02-17T17:32:12+01:00,STATION,"Halles Castellane",0,12,12,0.0,43.609935,3.877208
2026-02-17,17:32:12,2026-02-17T17:32:12+01:00,STATION,"Observatoire",2,5,8,0.375,43.606301,3.87724
2026-02-17,17:32:12,2026-02-17T17:32:12+01:00,STATION,"Rondelet",3,13,16,0.1875,43.603038,3.875796
2026-02-17,17:32:12,2026-02-17T17:32:12+01:00,STATION,"Plan Cabanes",5,7,12,0.4166666666666667,43.608491,3.868389
2026-02-17,17:32:12,2026-02-17T17:32:12+01:00,STATION,"Boutonnet",6,6,12,0.5,43.622629,3.868375
2026-02-17,17:32:12,2026-02-17T17:32:12+01:00,STATION,"Emile Combes",4,4,8,0.5,43.616742,3.87998
2026-02-17,17:32:12,2026-02-17T17:32:12+01:00,STATION,"Beaux-Arts",7,9,16,0.4375,43.616698,3.884981
2026-02-17,17:32:12,2026-02-17T17:32:12+01:00,STATION,"Les Aubes",5,3,8,0.625,43.618692,3.893844
2026-02-17,17:32:12,2026-02-17T17:32:12+01:00,STATION,"Antigone centre",8,4,12,0.6666666666666666,43.607942,3.890634
2026-02-17,17:32:12,2026-02-17T17:32:12+01:00,STATION,"Médiathèque Emile Zola",8,8,16,0.5,43.608218,3.89314
2026-02-17,17:32:12,2026-02-17T17:32:12+01:00,STATION,"Nombre d Or",11,5,16,0.6875,43.607859,3.886644
2026-02-17,17:32:12,2026-02-17T17:32:12+01:00,STATION,"Louis Blanc",3,13,16,0.1875,43.614642,3.877648
2026-02-17,17:32:12,2026-02-17T17:32:12+01:00,STATION,"Gambetta",5,3,8,0.625,43.607106,3.870693
2026-02-17,17:32:12,2026-02-17T17:32:12+01:00,STATION,"Port Marianne",4,12,16,0.25,43.60032,3.89851
2026-02-17,17:32:12,2026-02-17T17:32:12+01:00,STATION,"Les Arceaux",4,4,8,0.5,43.612659,3.867734
2026-02-17,17:32:12,2026-02-17T17:32:12+01:00,STATION,"Cité Mion",1,6,8,0.25,43.601143,3.884373
2026-02-17,17:32:12,2026-02-17T17:32:12+01:00,STATION,"Nouveau Saint-Roch",3,5,8,0.375,43.599817,3.875757
2026-02-17,17:32:12,2026-02-17T17:32:12+01:00,STATION,"Renouvier",4,4,8,0.5,43.603553,3.867884
2026-02-17,17:32:12,2026-02-17T17:32:12+01:00,STATION,"Odysseum",0,8,8,0.0,43.603727,3.918979
2026-02-17,17:32:12,2026-02-17T17:32:12+01:00,STATION,"Saint-Denis",0,8,8,0.0,43.605021,3.875065
2026-02-17,17:32:12,2026-02-17T17:32:12+01:00,STATION,"Richter",8,8,16,0.5,43.603424,3.899263
2026-02-17,17:32:12,2026-02-17T17:32:12+01:00,STATION,"Charles Flahault",1,7,8,0.125,43.622038,3.86672
2026-02-17,17:32:12,2026-02-17T17:32:12+01:00,STATION,"Voltaire",2,6,8,0.25,43.603767,3.888659
2026-02-17,17:32:12,2026-02-17T17:32:12+01:00,STATION,"Prés d Arènes",2,6,8,0.25,43.59048,3.884611
2026-02-17,17:32:12,2026-02-17T17:32:12+01:00,STATION,"Garcia Lorca",4,4,8,0.5,43.590757,3.890616
2026-02-17,17:32:12,2026-02-17T17:32:12+01:00,STATION,"Vert Bois",3,13,16,0.1875,43.63543,3.871179
2026-02-17,17:32:12,2026-02-17T17:32:12+01:00,STATION,"Malbosc",2,6,8,0.25,43.633679,3.832861
2026-02-17,17:32:12,2026-02-17T17:32:12+01:00,STATION,"Occitanie",13,19,32,0.40625,43.635689,3.849597
2026-02-17,17:32:12,2026-02-17T17:32:12+01:00,STATION,"FacdesSciences",20,4,24,0.8333333333333334,43.631318,3.861299
2026-02-17,17:32:12,2026-02-17T17:32:12+01:00,STATION,"Fac de Lettres",2,10,12,0.16666666666666666,43.630437,3.869539
2026-02-17,17:32:12,2026-02-17T17:32:12+01:00,STATION,"Aiguelongue",4,3,8,0.625,43.626163,3.882492
2026-02-17,17:32:12,2026-02-17T17:32:12+01:00,STATION,"Jeu de Mail des Abbés",6,2,8,0.75,43.619701,3.883831
2026-02-17,17:32:12,2026-02-17T17:32:12+01:00,STATION,"Euromédecine",1,7,8,0.125,43.639119,3.828199
2026-02-17,17:32:12,2026-02-17T17:32:12+01:00,STATION,"Marie Caizergues",5,3,8,0.625,43.619871,3.873812
2026-02-17,17:32:12,2026-02-17T17:32:12+01:00,STATION,"Sabines",4,4,8,0.5,43.584211,3.860031
2026-02-17,17:32:12,2026-02-17T17:32:12+01:00,STATION,"Celleneuve",3,5,8,0.375,43.61467,3.832624
2026-02-17,17:32:12,2026-02-17T17:32:12+01:00,STATION,"Jardin de la Lironde",4,4,8,0.5,43.60585,3.911576
2026-02-17,17:32:12,2026-02-17T17:32:12+01:00,STATION,"Père Soulas",0,8,8,0.0,43.621983,3.855603
2026-02-17,17:32:12,2026-02-17T17:32:12+01:00,STATION,"Place Viala",1,7,8,0.125,43.616812,3.855075
2026-02-17,17:32:12,2026-02-17T17:32:12+01:00,STATION,"Hôtel du Département",2,6,8,0.25,43.621682,3.83477
2026-02-17,17:32:12,2026-02-17T17:32:12+01:00,STATION,"Tonnelles",0,8,8,0.0,43.615155,3.839466
2026-02-17,17:32:12,2026-02-17T17:32:12+01:00,STATION,"Parvis Jules Ferry - Gare Saint-Roch",3,5,8,0.375,43.603889,3.879362
2026-02-17,17:32:12,2026-02-17T17:32:12+01:00,STATION,"Pont de Lattes - Gare Saint-Roch",3,9,12,0.25,43.606036,3.882393
2026-02-17,17:32:12,2026-02-17T17:32:12+01:00,STATION,"Deux Ponts - Gare Saint-Roch",0,8,8,0.0,43.604319,3.880916
2026-02-17,17:32:12,2026-02-17T17:32:12+01:00,STATION,"Providence - Ovalie",6,2,8,0.75,43.588239,3.853421
2026-02-17,17:32:12,2026-02-17T17:32:12+01:00,STATION,"Pérols Etang de l Or",45,23,68,0.6617647058823529,43.558351,3.963412
2026-02-17,17:32:12,2026-02-17T17:32:12+01:00,STATION,"Albert 1er - Cathédrale",4,8,12,0.3333333333333333,43.614005,3.873218
2026-02-17,17:32:12,2026-02-17T17:32:12+01:00,STATION,"Saint-Guilhem - Courreau",1,7,8,0.125,43.608996,3.872752
2026-02-17,17:32:12,2026-02-17T17:32:12+01:00,STATION,"Sud De France",3,5,8,0.375,43.59562,3.9235
2026-02-17,17:32:12,2026-02-17T17:32:12+01:00,STATION,"Comedie Baudin",0,8,8,0.0,43.608717,3.880787
2026-02-17,17:32:12,2026-02-17T17:32:12+01:00,STATION,"Jean de Beins",5,11,16,0.3125,43.609857,3.883884
2026-02-17,18:55:37,2026-02-17T18:55:37+01:00,STATION,"Rue Jules Ferry - Gare Saint-Roch",6,6,12,0.5,43.605366,3.881346
2026-02-17,18:55:37,2026-02-17T18:55:37+01:00,STATION,"Comédie",15,5,20,0.75,43.608148,3.878778
2026-02-17,18:55:37,2026-02-17T18:55:37+01:00,STATION,"Hôtel de Ville",9,6,16,0.625,43.599088,3.894866
2026-02-17,18:55:37,2026-02-17T18:55:37+01:00,STATION,"Corum",5,7,12,0.4166666666666667,43.613989,3.8816
2026-02-17,18:55:37,2026-02-17T18:55:37+01:00,STATION,"Place Albert 1er - St Charles",11,16,27,0.4074074074074074,43.616768,3.873375
2026-02-17,18:55:37,2026-02-17T18:55:37+01:00,STATION,"Foch",2,6,8,0.25,43.610989,3.873345
2026-02-17,18:55:37,2026-02-17T18:55:37+01:00,STATION,"Halles Castellane",0,12,12,0.0,43.609935,3.877208
2026-02-17,18:55:37,2026-02-17T18:55:37+01:00,STATION,"Observatoire",2,5,8,0.375,43.606301,3.87724
2026-02-17,18:55:37,2026-02-17T18:55:37+01:00,STATION,"Rondelet",5,11,16,0.3125,43.603038,3.875796
2026-02-17,18:55:37,2026-02-17T18:55:37+01:00,STATION,"Plan Cabanes",5,7,12,0.4166666666666667,43.608491,3.868389
2026-02-17,18:55:37,2026-02-17T18:55:37+01:00,STATION,"Boutonnet",3,9,12,0.25,43.622629,3.868375
2026-02-17,18:55:37,2026-02-17T18:55:37+01:00,STATION,"Emile Combes",4,4,8,0.5,43.616742,3.87998
2026-02-17,18:55:37,2026-02-17T18:55:37+01:00,STATION,"Beaux-Arts",7,9,16,0.4375,43.616698,3.884981
2026-02-17,18:55:37,2026-02-17T18:55:37+01:00,STATION,"Les Aubes",5,3,8,0.625,43.618692,3.893844
2026-02-17,18:55:37,2026-02-17T18:55:37+01:00,STATION,"Antigone centre",8,4,12,0.6666666666666666,43.607942,3.890634
2026-02-17,18:55:37,2026-02-17T18:55:37+01:00,STATION,"Médiathèque Emile Zola",8,8,16,0.5,43.608218,3.89314
2026-02-17,18:55:37,2026-02-17T18:55:37+01:00,STATION,"Nombre d Or",11,5,16,0.6875,43.607859,3.886644
2026-02-17,18:55:37,2026-02-17T18:55:37+01:00,STATION,"Louis Blanc",3,13,16,0.1875,43.614642,3.877648
2026-02-17,18:55:37,2026-02-17T18:55:37+01:00,STATION,"Gambetta",6,2,8,0.75,43.607106,3.870693
2026-02-17,18:55:37,2026-02-17T18:55:37+01:00,STATION,"Port Marianne",6,10,16,0.375,43.60032,3.89851
2026-02-17,18:55:37,2026-02-17T18:55:37+01:00,STATION,"Les Arceaux",4,4,8,0.5,43.612659,3.867734
2026-02-17,18:55:37,2026-02-17T18:55:37+01:00,STATION,"Cité Mion",2,5,8,0.375,43.601143,3.884373
2026-02-17,18:55:37,2026-02-17T18:55:37+01:00,STATION,"Nouveau Saint-Roch",4,4,8,0.5,43.599817,3.875757
2026-02-17,18:55:37,2026-02-17T18:55:37+01:00,STATION,"Renouvier",4,4,8,0.5,43.603553,3.867884
2026-02-17,18:55:37,2026-02-17T18:55:37+01:00,STATION,"Odysseum",0,8,8,0.0,43.603727,3.918979
2026-02-17,18:55:37,2026-02-17T18:55:37+01:00,STATION,"Saint-Denis",0,8,8,0.0,43.605021,3.875065
2026-02-17,18:55:37,2026-02-17T18:55:37+01:00,STATION,"Richter",12,4,16,0.75,43.603424,3.899263
2026-02-17,18:55:37,2026-02-17T18:55:37+01:00,STATION,"Charles Flahault",1,7,8,0.125,43.622038,3.86672
2026-02-17,18:55:37,2026-02-17T18:55:37+01:00,STATION,"Voltaire",2,6,8,0.25,43.603767,3.888659
2026-02-17,18:55:37,2026-02-17T18:55:37+01:00,STATION,"Prés d Arènes",1,7,8,0.125,43.59048,3.884611
2026-02-17,18:55:37,2026-02-17T18:55:37+01:00,STATION,"Garcia Lorca",4,4,8,0.5,43.590757,3.890616
2026-02-17,18:55:37,2026-02-17T18:55:37+01:00,STATION,"Vert Bois",3,13,16,0.1875,43.63543,3.871179
2026-02-17,18:55:37,2026-02-17T18:55:37+01:00,STATION,"Malbosc",2,6,8,0.25,43.633679,3.832861
2026-02-17,18:55:37,2026-02-17T18:55:37+01:00,STATION,"Occitanie",12,20,32,0.375,43.635689,3.849597
2026-02-17,18:55:37,2026-02-17T18:55:37+01:00,STATION,"FacdesSciences",20,4,24,0.8333333333333334,43.631318,3.861299
2026-02-17,18:55:37,2026-02-17T18:55:37+01:00,STATION,"Fac de Lettres",10,2,12,0.8333333333333334,43.630437,3.869539
2026-02-17,18:55:37,2026-02-17T18:55:37+01:00,STATION,"Aiguelongue",4,3,8,0.625,43.626163,3.882492
2026-02-17,18:55:37,2026-02-17T18:55:37+01:00,STATION,"Jeu de Mail des Abbés",7,1,8,0.875,43.619701,3.883831
2026-02-17,18:55:37,2026-02-17T18:55:37+01:00,STATION,"Euromédecine",1,7,8,0.125,43.639119,3.828199
2026-02-17,18:55:37,2026-02-17T18:55:37+01:00,STATION,"Marie Caizergues",6,2,8,0.75,43.619871,3.873812
2026-02-17,18:55:37,2026-02-17T18:55:37+01:00,STATION,"Sabines",3,5,8,0.375,43.584211,3.860031
2026-02-17,18:55:37,2026-02-17T18:55:37+01:00,STATION,"Celleneuve",4,4,8,0.5,43.61467,3.832624
2026-02-17,18:55:37,2026-02-17T18:55:37+01:00,STATION,"Jardin de la Lironde",6,2,8,0.75,43.60585,3.911576
2026-02-17,18:55:37,2026-02-17T18:55:37+01:00,STATION,"Père Soulas",2,6,8,0.25,43.621983,3.855603
2026-02-17,18:55:37,2026-02-17T18:55:37+01:00,STATION,"Place Viala",1,7,8,0.125,43.616812,3.855075
2026-02-17,18:55:37,2026-02-17T18:55:37+01:00,STATION,"Hôtel du Département",2,6,8,0.25,43.621682,3.83477
2026-02-17,18:55:37,2026-02-17T18:55:37+01:00,STATION,"Tonnelles",0,8,8,0.0,43.615155,3.839466
2026-02-17,18:55:37,2026-02-17T18:55:37+01:00,STATION,"Parvis Jules Ferry - Gare Saint-Roch",3,5,8,0.375,43.603889,3.879362
2026-02-17,18:55:37,2026-02-17T18:55:37+01:00,STATION,"Pont de Lattes - Gare Saint-Roch",3,9,12,0.25,43.606036,3.882393
2026-02-17,18:55:37,2026-02-17T18:55:37+01:00,STATION,"Deux Ponts - Gare Saint-Roch",0,8,8,0.0,43.604319,3.880916
2026-02-17,18:55:37,2026-02-17T18:55:37+01:00,STATION,"Providence - Ovalie",6,2,8,0.75,43.588239,3.853421
2026-02-17,18:55:37,2026-02-17T18:55:37+01:00,STATION,"Pérols Etang de l Or",45,23,68,0.6617647058823529,43.558351,3.963412
2026-02-17,18:55:37,2026-02-17T18:55:37+01:00,STATION,"Albert 1er - Cathédrale",5,7,12,0.4166666666666667,43.614005,3.873218
2026-02-17,18:55:37,2026-02-17T18:55:37+01:00,STATION,"Saint-Guilhem - Courreau",2,6,8,0.25,43.608996,3.872752
2026-02-17,18:55:37,2026-02-17T18:55:37+01:00,STATION,"Sud De France",3,5,8,0.375,43.59562,3.9235
2026-02-17,18:55:37,2026-02-17T18:55:37+01:00,STATION,"Comedie Baudin",0,8,8,0.0,43.608717,3.880787
2026-02-17,18:55:37,2026-02-17T18:55:37+01:00,STATION,"Jean de Beins",5,11,16,0.3125,43.609857,3.883884
2026-02-17,19:58:13,2026-02-17T19:58:13+01:00,STATION,"Rue Jules Ferry - Gare Saint-Roch",6,6,12,0.5,43.605366,3.881346
2026-02-17,19:58:13,2026-02-17T19:58:13+01:00,STATION,"Comédie",17,3,20,0.85,43.608148,3.878778
2026-02-17,19:58:13,2026-02-17T19:58:13+01:00,STATION,"Hôtel de Ville",9,6,16,0.625,43.599088,3.894866
2026-02-17,19:58:13,2026-02-17T19:58:13+01:00,STATION,"Corum",5,7,12,0.4166666666666667,43.613989,3.8816
2026-02-17,19:58:13,2026-02-17T19:58:13+01:00,STATION,"Place Albert 1er - St Charles",11,16,27,0.4074074074074074,43.616768,3.873375
2026-02-17,19:58:13,2026-02-17T19:58:13+01:00,STATION,"Foch",2,6,8,0.25,43.610989,3.873345
2026-02-17,19:58:13,2026-02-17T19:58:13+01:00,STATION,"Halles Castellane",0,12,12,0.0,43.609935,3.877208
2026-02-17,19:58:13,2026-02-17T19:58:13+01:00,STATION,"Observatoire",2,5,8,0.375,43.606301,3.87724
2026-02-17,19:58:13,2026-02-17T19:58:13+01:00,STATION,"Rondelet",5,11,16,0.3125,43.603038,3.875796
2026-02-17,19:58:13,2026-02-17T19:58:13+01:00,STATION,"Plan Cabanes",4,8,12,0.3333333333333333,43.608491,3.868389
2026-02-17,19:58:13,2026-02-17T19:58:13+01:00,STATION,"Boutonnet",6,6,12,0.5,43.622629,3.868375
2026-02-17,19:58:13,2026-02-17T19:58:13+01:00,STATION,"Emile Combes",6,2,8,0.75,43.616742,3.87998
2026-02-17,19:58:13,2026-02-17T19:58:13+01:00,STATION,"Beaux-Arts",7,9,16,0.4375,43.616698,3.884981
2026-02-17,19:58:13,2026-02-17T19:58:13+01:00,STATION,"Les Aubes",5,3,8,0.625,43.618692,3.893844
2026-02-17,19:58:13,2026-02-17T19:58:13+01:00,STATION,"Antigone centre",7,5,12,0.5833333333333334,43.607942,3.890634
2026-02-17,19:58:13,2026-02-17T19:58:13+01:00,STATION,"Médiathèque Emile Zola",8,8,16,0.5,43.608218,3.89314
2026-02-17,19:58:13,2026-02-17T19:58:13+01:00,STATION,"Nombre d Or",11,5,16,0.6875,43.607859,3.886644
2026-02-17,19:58:13,2026-02-17T19:58:13+01:00,STATION,"Louis Blanc",4,12,16,0.25,43.614642,3.877648
2026-02-17,19:58:13,2026-02-17T19:58:13+01:00,STATION,"Gambetta",6,2,8,0.75,43.607106,3.870693
2026-02-17,19:58:13,2026-02-17T19:58:13+01:00,STATION,"Port Marianne",8,8,16,0.5,43.60032,3.89851
2026-02-17,19:58:13,2026-02-17T19:58:13+01:00,STATION,"Les Arceaux",4,4,8,0.5,43.612659,3.867734
2026-02-17,19:58:13,2026-02-17T19:58:13+01:00,STATION,"Cité Mion",2,5,8,0.375,43.601143,3.884373
2026-02-17,19:58:13,2026-02-17T19:58:13+01:00,STATION,"Nouveau Saint-Roch",4,4,8,0.5,43.599817,3.875757
2026-02-17,19:58:13,2026-02-17T19:58:13+01:00,STATION,"Renouvier",4,4,8,0.5,43.603553,3.867884
2026-02-17,19:58:13,2026-02-17T19:58:13+01:00,STATION,"Odysseum",0,8,8,0.0,43.603727,3.918979
2026-02-17,19:58:13,2026-02-17T19:58:13+01:00,STATION,"Saint-Denis",0,8,8,0.0,43.605021,3.875065
2026-02-17,19:58:13,2026-02-17T19:58:13+01:00,STATION,"Richter",12,4,16,0.75,43.603424,3.899263
2026-02-17,19:58:13,2026-02-17T19:58:13+01:00,STATION,"Charles Flahault",1,7,8,0.125,43.622038,3.86672
2026-02-17,19:58:13,2026-02-17T19:58:13+01:00,STATION,"Voltaire",3,5,8,0.375,43.603767,3.888659
2026-02-17,19:58:13,2026-02-17T19:58:13+01:00,STATION,"Prés d Arènes",1,7,8,0.125,43.59048,3.884611
2026-02-17,19:58:13,2026-02-17T19:58:13+01:00,STATION,"Garcia Lorca",3,5,8,0.375,43.590757,3.890616
2026-02-17,19:58:13,2026-02-17T19:58:13+01:00,STATION,"Vert Bois",3,13,16,0.1875,43.63543,3.871179
2026-02-17,19:58:13,2026-02-17T19:58:13+01:00,STATION,"Malbosc",2,6,8,0.25,43.633679,3.832861
2026-02-17,19:58:13,2026-02-17T19:58:13+01:00,STATION,"Occitanie",10,22,32,0.3125,43.635689,3.849597
2026-02-17,19:58:13,2026-02-17T19:58:13+01:00,STATION,"FacdesSciences",20,4,24,0.8333333333333334,43.631318,3.861299
2026-02-17,19:58:13,2026-02-17T19:58:13+01:00,STATION,"Fac de Lettres",10,2,12,0.8333333333333334,43.630437,3.869539
2026-02-17,19:58:13,2026-02-17T19:58:13+01:00,STATION,"Aiguelongue",4,3,8,0.625,43.626163,3.882492
2026-02-17,19:58:13,2026-02-17T19:58:13+01:00,STATION,"Jeu de Mail des Abbés",7,1,8,0.875,43.619701,3.883831
2026-02-17,19:58:13,2026-02-17T19:58:13+01:00,STATION,"Euromédecine",1,7,8,0.125,43.639119,3.828199
2026-02-17,19:58:13,2026-02-17T19:58:13+01:00,STATION,"Marie Caizergues",4,4,8,0.5,43.619871,3.873812
2026-02-17,19:58:13,2026-02-17T19:58:13+01:00,STATION,"Sabines",3,5,8,0.375,43.584211,3.860031
2026-02-17,19:58:13,2026-02-17T19:58:13+01:00,STATION,"Celleneuve",4,4,8,0.5,43.61467,3.832624
2026-02-17,19:58:13,2026-02-17T19:58:13+01:00,STATION,"Jardin de la Lironde",6,2,8,0.75,43.60585,3.911576
2026-02-17,19:58:13,2026-02-17T19:58:13+01:00,STATION,"Père Soulas",2,6,8,0.25,43.621983,3.855603
2026-02-17,19:58:13,2026-02-17T19:58:13+01:00,STATION,"Place Viala",1,7,8,0.125,43.616812,3.855075
2026-02-17,19:58:13,2026-02-17T19:58:13+01:00,STATION,"Hôtel du Département",2,6,8,0.25,43.621682,3.83477
2026-02-17,19:58:13,2026-02-17T19:58:13+01:00,STATION,"Tonnelles",0,8,8,0.0,43.615155,3.839466
2026-02-17,19:58:13,2026-02-17T19:58:13+01:00,STATION,"Parvis Jules Ferry - Gare Saint-Roch",3,5,8,0.375,43.603889,3.879362
2026-02-17,19:58:13,2026-02-17T19:58:13+01:00,STATION,"Pont de Lattes - Gare Saint-Roch",3,9,12,0.25,43.606036,3.882393
2026-02-17,19:58:13,2026-02-17T19:58:13+01:00,STATION,"Deux Ponts - Gare Saint-Roch",0,8,8,0.0,43.604319,3.880916
2026-02-17,19:58:13,2026-02-17T19:58:13+01:00,STATION,"Providence - Ovalie",6,2,8,0.75,43.588239,3.853421
2026-02-17,19:58:13,2026-02-17T19:58:13+01:00,STATION,"Pérols Etang de l Or",45,23,68,0.6617647058823529,43.558351,3.963412
2026-02-17,19:58:13,2026-02-17T19:58:13+01:00,STATION,"Albert 1er - Cathédrale",5,7,12,0.4166666666666667,43.614005,3.873218
2026-02-17,19:58:13,2026-02-17T19:58:13+01:00,STATION,"Saint-Guilhem - Courreau",2,6,8,0.25,43.608996,3.872752
2026-02-17,19:58:13,2026-02-17T19:58:13+01:00,STATION,"Sud De France",3,5,8,0.375,43.59562,3.9235
2026-02-17,19:58:13,2026-02-17T19:58:13+01:00,STATION,"Comedie Baudin",0,8,8,0.0,43.608717,3.880787
2026-02-17,19:58:13,2026-02-17T19:58:13+01:00,STATION,"Jean de Beins",5,11,16,0.3125,43.609857,3.883884
2026-02-17,20:49:59,2026-02-17T20:49:59+01:00,STATION,"Rue Jules Ferry - Gare Saint-Roch",6,6,12,0.5,43.605366,3.881346
2026-02-17,20:49:59,2026-02-17T20:49:59+01:00,STATION,"Comédie",17,3,20,0.85,43.608148,3.878778
2026-02-17,20:49:59,2026-02-17T20:49:59+01:00,STATION,"Hôtel de Ville",9,6,16,0.625,43.599088,3.894866
2026-02-17,20:49:59,2026-02-17T20:49:59+01:00,STATION,"Corum",5,7,12,0.4166666666666667,43.613989,3.8816
2026-02-17,20:49:59,2026-02-17T20:49:59+01:00,STATION,"Place Albert 1er - St Charles",10,17,27,0.37037037037037035,43.616768,3.873375
2026-02-17,20:49:59,2026-02-17T20:49:59+01:00,STATION,"Foch",2,6,8,0.25,43.610989,3.873345
2026-02-17,20:49:59,2026-02-17T20:49:59+01:00,STATION,"Halles Castellane",0,12,12,0.0,43.609935,3.877208
2026-02-17,20:49:59,2026-02-17T20:49:59+01:00,STATION,"Observatoire",2,5,8,0.375,43.606301,3.87724
2026-02-17,20:49:59,2026-02-17T20:49:59+01:00,STATION,"Rondelet",4,12,16,0.25,43.603038,3.875796
2026-02-17,20:49:59,2026-02-17T20:49:59+01:00,STATION,"Plan Cabanes",5,7,12,0.4166666666666667,43.608491,3.868389
2026-02-17,20:49:59,2026-02-17T20:49:59+01:00,STATION,"Boutonnet",6,6,12,0.5,43.622629,3.868375
2026-02-17,20:49:59,2026-02-17T20:49:59+01:00,STATION,"Emile Combes",7,1,8,0.875,43.616742,3.87998
2026-02-17,20:49:59,2026-02-17T20:49:59+01:00,STATION,"Beaux-Arts",7,9,16,0.4375,43.616698,3.884981
2026-02-17,20:49:59,2026-02-17T20:49:59+01:00,STATION,"Les Aubes",5,3,8,0.625,43.618692,3.893844
2026-02-17,20:49:59,2026-02-17T20:49:59+01:00,STATION,"Antigone centre",6,6,12,0.5,43.607942,3.890634
2026-02-17,20:49:59,2026-02-17T20:49:59+01:00,STATION,"Médiathèque Emile Zola",8,8,16,0.5,43.608218,3.89314
2026-02-17,20:49:59,2026-02-17T20:49:59+01:00,STATION,"Nombre d Or",11,5,16,0.6875,43.607859,3.886644
2026-02-17,20:49:59,2026-02-17T20:49:59+01:00,STATION,"Louis Blanc",4,12,16,0.25,43.614642,3.877648
2026-02-17,20:49:59,2026-02-17T20:49:59+01:00,STATION,"Gambetta",6,2,8,0.75,43.607106,3.870693
2026-02-17,20:49:59,2026-02-17T20:49:59+01:00,STATION,"Port Marianne",8,8,16,0.5,43.60032,3.89851
2026-02-17,20:49:59,2026-02-17T20:49:59+01:00,STATION,"Les Arceaux",4,4,8,0.5,43.612659,3.867734
2026-02-17,20:49:59,2026-02-17T20:49:59+01:00,STATION,"Cité Mion",2,5,8,0.375,43.601143,3.884373
2026-02-17,20:49:59,2026-02-17T20:49:59+01:00,STATION,"Nouveau Saint-Roch",4,4,8,0.5,43.599817,3.875757
2026-02-17,20:49:59,2026-02-17T20:49:59+01:00,STATION,"Renouvier",4,4,8,0.5,43.603553,3.867884
2026-02-17,20:49:59,2026-02-17T20:49:59+01:00,STATION,"Odysseum",0,8,8,0.0,43.603727,3.918979
2026-02-17,20:49:59,2026-02-17T20:49:59+01:00,STATION,"Saint-Denis",0,8,8,0.0,43.605021,3.875065
2026-02-17,20:49:59,2026-02-17T20:49:59+01:00,STATION,"Richter",11,5,16,0.6875,43.603424,3.899263
2026-02-17,20:49:59,2026-02-17T20:49:59+01:00,STATION,"Charles Flahault",1,7,8,0.125,43.622038,3.86672
2026-02-17,20:49:59,2026-02-17T20:49:59+01:00,STATION,"Voltaire",3,5,8,0.375,43.603767,3.888659
2026-02-17,20:49:59,2026-02-17T20:49:59+01:00,STATION,"Prés d Arènes",1,7,8,0.125,43.59048,3.884611
2026-02-17,20:49:59,2026-02-17T20:49:59+01:00,STATION,"Garcia Lorca",3,5,8,0.375,43.590757,3.890616
2026-02-17,20:49:59,2026-02-17T20:49:59+01:00,STATION,"Vert Bois",3,13,16,0.1875,43.63543,3.871179
2026-02-17,20:49:59,2026-02-17T20:49:59+01:00,STATION,"Malbosc",2,6,8,0.25,43.633679,3.832861
2026-02-17,20:49:59,2026-02-17T20:49:59+01:00,STATION,"Occitanie",9,23,32,0.28125,43.635689,3.849597
2026-02-17,20:49:59,2026-02-17T20:49:59+01:00,STATION,"FacdesSciences",20,4,24,0.8333333333333334,43.631318,3.861299
2026-02-17,20:49:59,2026-02-17T20:49:59+01:00,STATION,"Fac de Lettres",9,3,12,0.75,43.630437,3.869539
2026-02-17,20:49:59,2026-02-17T20:49:59+01:00,STATION,"Aiguelongue",4,3,8,0.625,43.626163,3.882492
2026-02-17,20:49:59,2026-02-17T20:49:59+01:00,STATION,"Jeu de Mail des Abbés",7,1,8,0.875,43.619701,3.883831
2026-02-17,20:49:59,2026-02-17T20:49:59+01:00,STATION,"Euromédecine",1,7,8,0.125,43.639119,3.828199
2026-02-17,20:49:59,2026-02-17T20:49:59+01:00,STATION,"Marie Caizergues",3,5,8,0.375,43.619871,3.873812
2026-02-17,20:49:59,2026-02-17T20:49:59+01:00,STATION,"Sabines",3,5,8,0.375,43.584211,3.860031
2026-02-17,20:49:59,2026-02-17T20:49:59+01:00,STATION,"Celleneuve",4,4,8,0.5,43.61467,3.832624
2026-02-17,20:49:59,2026-02-17T20:49:59+01:00,STATION,"Jardin de la Lironde",6,2,8,0.75,43.60585,3.911576
2026-02-17,20:49:59,2026-02-17T20:49:59+01:00,STATION,"Père Soulas",2,6,8,0.25,43.621983,3.855603
2026-02-17,20:49:59,2026-02-17T20:49:59+01:00,STATION,"Place Viala",1,7,8,0.125,43.616812,3.855075
2026-02-17,20:49:59,2026-02-17T20:49:59+01:00,STATION,"Hôtel du Département",2,6,8,0.25,43.621682,3.83477
2026-02-17,20:49:59,2026-02-17T20:49:59+01:00,STATION,"Tonnelles",1,7,8,0.125,43.615155,3.839466
2026-02-17,20:49:59,2026-02-17T20:49:59+01:00,STATION,"Parvis Jules Ferry - Gare Saint-Roch",2,6,8,0.25,43.603889,3.879362
2026-02-17,20:49:59,2026-02-17T20:49:59+01:00,STATION,"Pont de Lattes - Gare Saint-Roch",3,9,12,0.25,43.606036,3.882393
2026-02-17,20:49:59,2026-02-17T20:49:59+01:00,STATION,"Deux Ponts - Gare Saint-Roch",0,8,8,0.0,43.604319,3.880916
2026-02-17,20:49:59,2026-02-17T20:49:59+01:00,STATION,"Providence - Ovalie",6,2,8,0.75,43.588239,3.853421
2026-02-17,20:49:59,2026-02-17T20:49:59+01:00,STATION,"Pérols Etang de l Or",46,22,68,0.6764705882352942,43.558351,3.963412
2026-02-17,20:49:59,2026-02-17T20:49:59+01:00,STATION,"Albert 1er - Cathédrale",5,7,12,0.4166666666666667,43.614005,3.873218
2026-02-17,20:49:59,2026-02-17T20:49:59+01:00,STATION,"Saint-Guilhem - Courreau",2,6,8,0.25,43.608996,3.872752
2026-02-17,20:49:59,2026-02-17T20:49:59+01:00,STATION,"Sud De France",3,5,8,0.375,43.59562,3.9235
2026-02-17,20:49:59,2026-02-17T20:49:59+01:00,STATION,"Comedie Baudin",0,8,8,0.0,43.608717,3.880787
2026-02-17,20:49:59,2026-02-17T20:49:59+01:00,STATION,"Jean de Beins",3,13,16,0.1875,43.609857,3.883884
2026-02-17,21:38:21,2026-02-17T21:38:21+01:00,STATION,"Rue Jules Ferry - Gare Saint-Roch",5,7,12,0.4166666666666667,43.605366,3.881346
2026-02-17,21:38:21,2026-02-17T21:38:21+01:00,STATION,"Comédie",18,2,20,0.9,43.608148,3.878778
2026-02-17,21:38:21,2026-02-17T21:38:21+01:00,STATION,"Hôtel de Ville",10,5,16,0.6875,43.599088,3.894866
2026-02-17,21:38:21,2026-02-17T21:38:21+01:00,STATION,"Corum",5,7,12,0.4166666666666667,43.613989,3.8816
2026-02-17,21:38:21,2026-02-17T21:38:21+01:00,STATION,"Place Albert 1er - St Charles",10,17,27,0.37037037037037035,43.616768,3.873375
2026-02-17,21:38:21,2026-02-17T21:38:21+01:00,STATION,"Foch",2,6,8,0.25,43.610989,3.873345
2026-02-17,21:38:21,2026-02-17T21:38:21+01:00,STATION,"Halles Castellane",0,12,12,0.0,43.609935,3.877208
2026-02-17,21:38:21,2026-02-17T21:38:21+01:00,STATION,"Observatoire",3,4,8,0.5,43.606301,3.87724
2026-02-17,21:38:21,2026-02-17T21:38:21+01:00,STATION,"Rondelet",4,12,16,0.25,43.603038,3.875796
2026-02-17,21:38:21,2026-02-17T21:38:21+01:00,STATION,"Plan Cabanes",5,7,12,0.4166666666666667,43.608491,3.868389
2026-02-17,21:38:21,2026-02-17T21:38:21+01:00,STATION,"Boutonnet",8,4,12,0.6666666666666666,43.622629,3.868375
2026-02-17,21:38:21,2026-02-17T21:38:21+01:00,STATION,"Emile Combes",4,4,8,0.5,43.616742,3.87998
2026-02-17,21:38:21,2026-02-17T21:38:21+01:00,STATION,"Beaux-Arts",7,9,16,0.4375,43.616698,3.884981
2026-02-17,21:38:21,2026-02-17T21:38:21+01:00,STATION,"Les Aubes",5,3,8,0.625,43.618692,3.893844
2026-02-17,21:38:21,2026-02-17T21:38:21+01:00,STATION,"Antigone centre",5,7,12,0.4166666666666667,43.607942,3.890634
2026-02-17,21:38:21,2026-02-17T21:38:21+01:00,STATION,"Médiathèque Emile Zola",8,8,16,0.5,43.608218,3.89314
2026-02-17,21:38:21,2026-02-17T21:38:21+01:00,STATION,"Nombre d Or",11,5,16,0.6875,43.607859,3.886644
2026-02-17,21:38:21,2026-02-17T21:38:21+01:00,STATION,"Louis Blanc",4,12,16,0.25,43.614642,3.877648
2026-02-17,21:38:21,2026-02-17T21:38:21+01:00,STATION,"Gambetta",6,2,8,0.75,43.607106,3.870693
2026-02-17,21:38:21,2026-02-17T21:38:21+01:00,STATION,"Port Marianne",8,8,16,0.5,43.60032,3.89851
2026-02-17,21:38:21,2026-02-17T21:38:21+01:00,STATION,"Les Arceaux",2,6,8,0.25,43.612659,3.867734
2026-02-17,21:38:21,2026-02-17T21:38:21+01:00,STATION,"Cité Mion",0,7,8,0.125,43.601143,3.884373
2026-02-17,21:38:21,2026-02-17T21:38:21+01:00,STATION,"Nouveau Saint-Roch",4,4,8,0.5,43.599817,3.875757
2026-02-17,21:38:21,2026-02-17T21:38:21+01:00,STATION,"Renouvier",4,4,8,0.5,43.603553,3.867884
2026-02-17,21:38:21,2026-02-17T21:38:21+01:00,STATION,"Odysseum",0,8,8,0.0,43.603727,3.918979
2026-02-17,21:38:21,2026-02-17T21:38:21+01:00,STATION,"Saint-Denis",0,8,8,0.0,43.605021,3.875065
2026-02-17,21:38:21,2026-02-17T21:38:21+01:00,STATION,"Richter",11,5,16,0.6875,43.603424,3.899263
2026-02-17,21:38:21,2026-02-17T21:38:21+01:00,STATION,"Charles Flahault",1,7,8,0.125,43.622038,3.86672
2026-02-17,21:38:21,2026-02-17T21:38:21+01:00,STATION,"Voltaire",2,6,8,0.25,43.603767,3.888659
2026-02-17,21:38:21,2026-02-17T21:38:21+01:00,STATION,"Prés d Arènes",2,6,8,0.25,43.59048,3.884611
2026-02-17,21:38:21,2026-02-17T21:38:21+01:00,STATION,"Garcia Lorca",4,4,8,0.5,43.590757,3.890616
2026-02-17,21:38:21,2026-02-17T21:38:21+01:00,STATION,"Vert Bois",3,13,16,0.1875,43.63543,3.871179
2026-02-17,21:38:21,2026-02-17T21:38:21+01:00,STATION,"Malbosc",2,6,8,0.25,43.633679,3.832861
2026-02-17,21:38:21,2026-02-17T21:38:21+01:00,STATION,"Occitanie",9,23,32,0.28125,43.635689,3.849597
2026-02-17,21:38:21,2026-02-17T21:38:21+01:00,STATION,"FacdesSciences",20,4,24,0.8333333333333334,43.631318,3.861299
2026-02-17,21:38:21,2026-02-17T21:38:21+01:00,STATION,"Fac de Lettres",9,3,12,0.75,43.630437,3.869539
2026-02-17,21:38:21,2026-02-17T21:38:21+01:00,STATION,"Aiguelongue",4,3,8,0.625,43.626163,3.882492
2026-02-17,21:38:21,2026-02-17T21:38:21+01:00,STATION,"Jeu de Mail des Abbés",7,1,8,0.875,43.619701,3.883831
2026-02-17,21:38:21,2026-02-17T21:38:21+01:00,STATION,"Euromédecine",1,7,8,0.125,43.639119,3.828199
2026-02-17,21:38:21,2026-02-17T21:38:21+01:00,STATION,"Marie Caizergues",4,4,8,0.5,43.619871,3.873812
2026-02-17,21:38:21,2026-02-17T21:38:21+01:00,STATION,"Sabines",3,5,8,0.375,43.584211,3.860031
2026-02-17,21:38:21,2026-02-17T21:38:21+01:00,STATION,"Celleneuve",4,4,8,0.5,43.61467,3.832624
2026-02-17,21:38:21,2026-02-17T21:38:21+01:00,STATION,"Jardin de la Lironde",7,1,8,0.875,43.60585,3.911576
2026-02-17,21:38:21,2026-02-17T21:38:21+01:00,STATION,"Père Soulas",6,2,8,0.75,43.621983,3.855603
2026-02-17,21:38:21,2026-02-17T21:38:21+01:00,STATION,"Place Viala",1,7,8,0.125,43.616812,3.855075
2026-02-17,21:38:21,2026-02-17T21:38:21+01:00,STATION,"Hôtel du Département",2,6,8,0.25,43.621682,3.83477
2026-02-17,21:38:21,2026-02-17T21:38:21+01:00,STATION,"Tonnelles",1,7,8,0.125,43.615155,3.839466
2026-02-17,21:38:21,2026-02-17T21:38:21+01:00,STATION,"Parvis Jules Ferry - Gare Saint-Roch",1,7,8,0.125,43.603889,3.879362
2026-02-17,21:38:21,2026-02-17T21:38:21+01:00,STATION,"Pont de Lattes - Gare Saint-Roch",3,9,12,0.25,43.606036,3.882393
2026-02-17,21:38:21,2026-02-17T21:38:21+01:00,STATION,"Deux Ponts - Gare Saint-Roch",0,8,8,0.0,43.604319,3.880916
2026-02-17,21:38:21,2026-02-17T21:38:21+01:00,STATION,"Providence - Ovalie",6,2,8,0.75,43.588239,3.853421
2026-02-17,21:38:21,2026-02-17T21:38:21+01:00,STATION,"Pérols Etang de l Or",46,22,68,0.6764705882352942,43.558351,3.963412
2026-02-17,21:38:21,2026-02-17T21:38:21+01:00,STATION,"Albert 1er - Cathédrale",5,7,12,0.4166666666666667,43.614005,3.873218
2026-02-17,21:38:21,2026-02-17T21:38:21+01:00,STATION,"Saint-Guilhem - Courreau",2,6,8,0.25,43.608996,3.872752
2026-02-17,21:38:21,2026-02-17T21:38:21+01:00,STATION,"Sud De France",3,5,8,0.375,43.59562,3.9235
2026-02-17,21:38:21,2026-02-17T21:38:21+01:00,STATION,"Comedie Baudin",0,8,8,0.0,43.608717,3.880787
2026-02-17,21:38:21,2026-02-17T21:38:21+01:00,STATION,"Jean de Beins",3,13,16,0.1875,43.609857,3.883884
2026-02-17,22:36:34,2026-02-17T22:36:34+01:00,STATION,"Rue Jules Ferry - Gare Saint-Roch",5,7,12,0.4166666666666667,43.605366,3.881346
2026-02-17,22:36:34,2026-02-17T22:36:34+01:00,STATION,"Comédie",17,3,20,0.85,43.608148,3.878778
2026-02-17,22:36:34,2026-02-17T22:36:34+01:00,STATION,"Hôtel de Ville",11,4,16,0.75,43.599088,3.894866
2026-02-17,22:36:34,2026-02-17T22:36:34+01:00,STATION,"Corum",5,7,12,0.4166666666666667,43.613989,3.8816
2026-02-17,22:36:34,2026-02-17T22:36:34+01:00,STATION,"Place Albert 1er - St Charles",10,17,27,0.37037037037037035,43.616768,3.873375
2026-02-17,22:36:34,2026-02-17T22:36:34+01:00,STATION,"Foch",3,5,8,0.375,43.610989,3.873345
2026-02-17,22:36:34,2026-02-17T22:36:34+01:00,STATION,"Halles Castellane",0,12,12,0.0,43.609935,3.877208
2026-02-17,22:36:34,2026-02-17T22:36:34+01:00,STATION,"Observatoire",3,4,8,0.5,43.606301,3.87724
2026-02-17,22:36:34,2026-02-17T22:36:34+01:00,STATION,"Rondelet",4,12,16,0.25,43.603038,3.875796
2026-02-17,22:36:34,2026-02-17T22:36:34+01:00,STATION,"Plan Cabanes",4,8,12,0.3333333333333333,43.608491,3.868389
2026-02-17,22:36:34,2026-02-17T22:36:34+01:00,STATION,"Boutonnet",6,6,12,0.5,43.622629,3.868375
2026-02-17,22:36:34,2026-02-17T22:36:34+01:00,STATION,"Emile Combes",4,4,8,0.5,43.616742,3.87998
2026-02-17,22:36:34,2026-02-17T22:36:34+01:00,STATION,"Beaux-Arts",7,9,16,0.4375,43.616698,3.884981
2026-02-17,22:36:34,2026-02-17T22:36:34+01:00,STATION,"Les Aubes",5,3,8,0.625,43.618692,3.893844
2026-02-17,22:36:34,2026-02-17T22:36:34+01:00,STATION,"Antigone centre",5,7,12,0.4166666666666667,43.607942,3.890634
2026-02-17,22:36:34,2026-02-17T22:36:34+01:00,STATION,"Médiathèque Emile Zola",8,8,16,0.5,43.608218,3.89314
2026-02-17,22:36:34,2026-02-17T22:36:34+01:00,STATION,"Nombre d Or",12,4,16,0.75,43.607859,3.886644
2026-02-17,22:36:34,2026-02-17T22:36:34+01:00,STATION,"Louis Blanc",5,11,16,0.3125,43.614642,3.877648
2026-02-17,22:36:34,2026-02-17T22:36:34+01:00,STATION,"Gambetta",6,2,8,0.75,43.607106,3.870693
2026-02-17,22:36:34,2026-02-17T22:36:34+01:00,STATION,"Port Marianne",8,8,16,0.5,43.60032,3.89851
2026-02-17,22:36:34,2026-02-17T22:36:34+01:00,STATION,"Les Arceaux",2,6,8,0.25,43.612659,3.867734
2026-02-17,22:36:34,2026-02-17T22:36:34+01:00,STATION,"Cité Mion",0,7,8,0.125,43.601143,3.884373
2026-02-17,22:36:34,2026-02-17T22:36:34+01:00,STATION,"Nouveau Saint-Roch",4,4,8,0.5,43.599817,3.875757
2026-02-17,22:36:34,2026-02-17T22:36:34+01:00,STATION,"Renouvier",4,4,8,0.5,43.603553,3.867884
2026-02-17,22:36:34,2026-02-17T22:36:34+01:00,STATION,"Odysseum",0,8,8,0.0,43.603727,3.918979
2026-02-17,22:36:34,2026-02-17T22:36:34+01:00,STATION,"Saint-Denis",0,8,8,0.0,43.605021,3.875065
2026-02-17,22:36:34,2026-02-17T22:36:34+01:00,STATION,"Richter",11,5,16,0.6875,43.603424,3.899263
2026-02-17,22:36:34,2026-02-17T22:36:34+01:00,STATION,"Charles Flahault",1,7,8,0.125,43.622038,3.86672
2026-02-17,22:36:34,2026-02-17T22:36:34+01:00,STATION,"Voltaire",2,6,8,0.25,43.603767,3.888659
2026-02-17,22:36:34,2026-02-17T22:36:34+01:00,STATION,"Prés d Arènes",2,6,8,0.25,43.59048,3.884611
2026-02-17,22:36:34,2026-02-17T22:36:34+01:00,STATION,"Garcia Lorca",4,4,8,0.5,43.590757,3.890616
2026-02-17,22:36:34,2026-02-17T22:36:34+01:00,STATION,"Vert Bois",3,13,16,0.1875,43.63543,3.871179
2026-02-17,22:36:34,2026-02-17T22:36:34+01:00,STATION,"Malbosc",2,6,8,0.25,43.633679,3.832861
2026-02-17,22:36:34,2026-02-17T22:36:34+01:00,STATION,"Occitanie",8,24,32,0.25,43.635689,3.849597
2026-02-17,22:36:34,2026-02-17T22:36:34+01:00,STATION,"FacdesSciences",20,4,24,0.8333333333333334,43.631318,3.861299
2026-02-17,22:36:34,2026-02-17T22:36:34+01:00,STATION,"Fac de Lettres",10,2,12,0.8333333333333334,43.630437,3.869539
2026-02-17,22:36:34,2026-02-17T22:36:34+01:00,STATION,"Aiguelongue",4,3,8,0.625,43.626163,3.882492
2026-02-17,22:36:34,2026-02-17T22:36:34+01:00,STATION,"Jeu de Mail des Abbés",7,1,8,0.875,43.619701,3.883831
2026-02-17,22:36:34,2026-02-17T22:36:34+01:00,STATION,"Euromédecine",1,7,8,0.125,43.639119,3.828199
2026-02-17,22:36:34,2026-02-17T22:36:34+01:00,STATION,"Marie Caizergues",5,3,8,0.625,43.619871,3.873812
2026-02-17,22:36:34,2026-02-17T22:36:34+01:00,STATION,"Sabines",3,5,8,0.375,43.584211,3.860031
2026-02-17,22:36:34,2026-02-17T22:36:34+01:00,STATION,"Celleneuve",4,4,8,0.5,43.61467,3.832624
2026-02-17,22:36:34,2026-02-17T22:36:34+01:00,STATION,"Jardin de la Lironde",7,1,8,0.875,43.60585,3.911576
2026-02-17,22:36:34,2026-02-17T22:36:34+01:00,STATION,"Père Soulas",6,2,8,0.75,43.621983,3.855603
2026-02-17,22:36:34,2026-02-17T22:36:34+01:00,STATION,"Place Viala",1,7,8,0.125,43.616812,3.855075
2026-02-17,22:36:34,2026-02-17T22:36:34+01:00,STATION,"Hôtel du Département",2,6,8,0.25,43.621682,3.83477
2026-02-17,22:36:34,2026-02-17T22:36:34+01:00,STATION,"Tonnelles",1,7,8,0.125,43.615155,3.839466
2026-02-17,22:36:34,2026-02-17T22:36:34+01:00,STATION,"Parvis Jules Ferry - Gare Saint-Roch",1,7,8,0.125,43.603889,3.879362
2026-02-17,22:36:34,2026-02-17T22:36:34+01:00,STATION,"Pont de Lattes - Gare Saint-Roch",3,9,12,0.25,43.606036,3.882393
2026-02-17,22:36:34,2026-02-17T22:36:34+01:00,STATION,"Deux Ponts - Gare Saint-Roch",0,8,8,0.0,43.604319,3.880916
2026-02-17,22:36:34,2026-02-17T22:36:34+01:00,STATION,"Providence - Ovalie",6,2,8,0.75,43.588239,3.853421
2026-02-17,22:36:34,2026-02-17T22:36:34+01:00,STATION,"Pérols Etang de l Or",46,22,68,0.6764705882352942,43.558351,3.963412
2026-02-17,22:36:34,2026-02-17T22:36:34+01:00,STATION,"Albert 1er - Cathédrale",5,7,12,0.4166666666666667,43.614005,3.873218
2026-02-17,22:36:34,2026-02-17T22:36:34+01:00,STATION,"Saint-Guilhem - Courreau",2,6,8,0.25,43.608996,3.872752
2026-02-17,22:36:34,2026-02-17T22:36:34+01:00,STATION,"Sud De France",3,5,8,0.375,43.59562,3.9235
2026-02-17,22:36:34,2026-02-17T22:36:34+01:00,STATION,"Comedie Baudin",0,8,8,0.0,43.608717,3.880787
2026-02-17,22:36:34,2026-02-17T22:36:34+01:00,STATION,"Jean de Beins",3,13,16,0.1875,43.609857,3.883884
