date,heure,timestamp,type,nom,velos_dispo,bornes_libres,total,taux_occupation_places,lat,lon
2026-02-07,00:25:59,2026-02-07T00:25:59+01:00,STATION,"Rue Jules Ferry - Gare Saint-Roch",5,7,12,0.4166666666666667,43.605366,3.881346
2026-02-07,00:25:59,2026-02-07T00:25:59+01:00,STATION,"Comédie",2,18,20,0.1,43.608148,3.878778
2026-02-07,00:25:59,2026-02-07T00:25:59+01:00,STATION,"Hôtel de Ville",13,2,16,0.875,43.599088,3.894866
2026-02-07,00:25:59,2026-02-07T00:25:59+01:00,STATION,"Corum",5,7,12,0.4166666666666667,43.613989,3.8816
2026-02-07,00:25:59,2026-02-07T00:25:59+01:00,STATION,"Place Albert 1er - St Charles",7,20,27,0.25925925925925924,43.616768,3.873375
2026-02-07,00:25:59,2026-02-07T00:25:59+01:00,STATION,"Foch",4,3,8,0.625,43.610989,3.873345
2026-02-07,00:25:59,2026-02-07T00:25:59+01:00,STATION,"Halles Castellane",0,12,12,0.0,43.609935,3.877208
2026-02-07,00:25:59,2026-02-07T00:25:59+01:00,STATION,"Observatoire",3,4,8,0.5,43.606301,3.87724
2026-02-07,00:25:59,2026-02-07T00:25:59+01:00,STATION,"Rondelet",10,6,16,0.625,43.603038,3.875796
2026-02-07,00:25:59,2026-02-07T00:25:59+01:00,STATION,"Plan Cabanes",2,10,12,0.16666666666666666,43.608491,3.868389
2026-02-07,00:25:59,2026-02-07T00:25:59+01:00,STATION,"Boutonnet",6,6,12,0.5,43.622629,3.868375
2026-02-07,00:25:59,2026-02-07T00:25:59+01:00,STATION,"Emile Combes",4,4,8,0.5,43.616742,3.87998
2026-02-07,00:25:59,2026-02-07T00:25:59+01:00,STATION,"Beaux-Arts",7,9,16,0.4375,43.616698,3.884981
2026-02-07,00:25:59,2026-02-07T00:25:59+01:00,STATION,"Les Aubes",5,3,8,0.625,43.618692,3.893844
2026-02-07,00:25:59,2026-02-07T00:25:59+01:00,STATION,"Antigone centre",7,5,12,0.5833333333333334,43.607942,3.890634
2026-02-07,00:25:59,2026-02-07T00:25:59+01:00,STATION,"Médiathèque Emile Zola",8,8,16,0.5,43.608218,3.89314
2026-02-07,00:25:59,2026-02-07T00:25:59+01:00,STATION,"Nombre d Or",4,12,16,0.25,43.607859,3.886644
2026-02-07,00:25:59,2026-02-07T00:25:59+01:00,STATION,"Louis Blanc",3,13,16,0.1875,43.614642,3.877648
2026-02-07,00:25:59,2026-02-07T00:25:59+01:00,STATION,"Gambetta",4,4,8,0.5,43.607106,3.870693
2026-02-07,00:25:59,2026-02-07T00:25:59+01:00,STATION,"Port Marianne",14,2,16,0.875,43.60032,3.89851
2026-02-07,00:25:59,2026-02-07T00:25:59+01:00,STATION,"Les Arceaux",1,7,8,0.125,43.612659,3.867734
2026-02-07,00:25:59,2026-02-07T00:25:59+01:00,STATION,"Cité Mion",2,5,8,0.375,43.601143,3.884373
2026-02-07,00:25:59,2026-02-07T00:25:59+01:00,STATION,"Nouveau Saint-Roch",6,2,8,0.75,43.599817,3.875757
2026-02-07,00:25:59,2026-02-07T00:25:59+01:00,STATION,"Renouvier",2,5,8,0.375,43.603553,3.867884
2026-02-07,00:25:59,2026-02-07T00:25:59+01:00,STATION,"Odysseum",0,8,8,0.0,43.603727,3.918979
2026-02-07,00:25:59,2026-02-07T00:25:59+01:00,STATION,"Saint-Denis",0,8,8,0.0,43.605021,3.875065
2026-02-07,00:25:59,2026-02-07T00:25:59+01:00,STATION,"Richter",11,5,16,0.6875,43.603424,3.899263
2026-02-07,00:25:59,2026-02-07T00:25:59+01:00,STATION,"Charles Flahault",5,3,8,0.625,43.622038,3.86672
2026-02-07,00:25:59,2026-02-07T00:25:59+01:00,STATION,"Voltaire",7,1,8,0.875,43.603767,3.888659
2026-02-07,00:25:59,2026-02-07T00:25:59+01:00,STATION,"Prés d Arènes",6,2,8,0.75,43.59048,3.884611
2026-02-07,00:25:59,2026-02-07T00:25:59+01:00,STATION,"Garcia Lorca",2,6,8,0.25,43.590757,3.890616
2026-02-07,00:25:59,2026-02-07T00:25:59+01:00,STATION,"Vert Bois",8,8,16,0.5,43.63543,3.871179
2026-02-07,00:25:59,2026-02-07T00:25:59+01:00,STATION,"Malbosc",0,8,8,0.0,43.633679,3.832861
2026-02-07,00:25:59,2026-02-07T00:25:59+01:00,STATION,"Occitanie",15,17,32,0.46875,43.635689,3.849597
2026-02-07,00:25:59,2026-02-07T00:25:59+01:00,STATION,"FacdesSciences",5,19,24,0.20833333333333334,43.631318,3.861299
2026-02-07,00:25:59,2026-02-07T00:25:59+01:00,STATION,"Fac de Lettres",4,8,12,0.3333333333333333,43.630437,3.869539
2026-02-07,00:25:59,2026-02-07T00:25:59+01:00,STATION,"Aiguelongue",6,1,8,0.875,43.626163,3.882492
2026-02-07,00:25:59,2026-02-07T00:25:59+01:00,STATION,"Jeu de Mail des Abbés",2,6,8,0.25,43.619701,3.883831
2026-02-07,00:25:59,2026-02-07T00:25:59+01:00,STATION,"Euromédecine",3,5,8,0.375,43.639119,3.828199
2026-02-07,00:25:59,2026-02-07T00:25:59+01:00,STATION,"Marie Caizergues",3,5,8,0.375,43.619871,3.873812
2026-02-07,00:25:59,2026-02-07T00:25:59+01:00,STATION,"Sabines",2,6,8,0.25,43.584211,3.860031
2026-02-07,00:25:59,2026-02-07T00:25:59+01:00,STATION,"Celleneuve",0,8,8,0.0,43.61467,3.832624
2026-02-07,00:25:59,2026-02-07T00:25:59+01:00,STATION,"Jardin de la Lironde",3,5,8,0.375,43.60585,3.911576
2026-02-07,00:25:59,2026-02-07T00:25:59+01:00,STATION,"Père Soulas",7,1,8,0.875,43.621983,3.855603
2026-02-07,00:25:59,2026-02-07T00:25:59+01:00,STATION,"Place Viala",4,4,8,0.5,43.616812,3.855075
2026-02-07,00:25:59,2026-02-07T00:25:59+01:00,STATION,"Hôtel du Département",6,2,8,0.75,43.621682,3.83477
2026-02-07,00:25:59,2026-02-07T00:25:59+01:00,STATION,"Tonnelles",5,3,8,0.625,43.615155,3.839466
2026-02-07,00:25:59,2026-02-07T00:25:59+01:00,STATION,"Parvis Jules Ferry - Gare Saint-Roch",4,4,8,0.5,43.603889,3.879362
2026-02-07,00:25:59,2026-02-07T00:25:59+01:00,STATION,"Pont de Lattes - Gare Saint-Roch",4,8,12,0.3333333333333333,43.606036,3.882393
2026-02-07,00:25:59,2026-02-07T00:25:59+01:00,STATION,"Deux Ponts - Gare Saint-Roch",0,8,8,0.0,43.604319,3.880916
2026-02-07,00:25:59,2026-02-07T00:25:59+01:00,STATION,"Providence - Ovalie",6,2,8,0.75,43.588239,3.853421
2026-02-07,00:25:59,2026-02-07T00:25:59+01:00,STATION,"Pérols Etang de l Or",38,30,68,0.5588235294117647,43.558351,3.963412
2026-02-07,00:25:59,2026-02-07T00:25:59+01:00,STATION,"Albert 1er - Cathédrale",4,8,12,0.3333333333333333,43.614005,3.873218
2026-02-07,00:25:59,2026-02-07T00:25:59+01:00,STATION,"Saint-Guilhem - Courreau",4,4,8,0.5,43.608996,3.872752
2026-02-07,00:25:59,2026-02-07T00:25:59+01:00,STATION,"Sud De France",3,3,8,0.625,43.59562,3.9235
2026-02-07,00:25:59,2026-02-07T00:25:59+01:00,STATION,"Comedie Baudin",0,8,8,0.0,43.608717,3.880787
2026-02-07,00:25:59,2026-02-07T00:25:59+01:00,STATION,"Jean de Beins",3,13,16,0.1875,43.609857,3.883884
2026-02-07,00:50:44,2026-02-07T00:50:44+01:00,STATION,"Rue Jules Ferry - Gare Saint-Roch",5,7,12,0.4166666666666667,43.605366,3.881346
2026-02-07,00:50:44,2026-02-07T00:50:44+01:00,STATION,"Comédie",1,19,20,0.05,43.608148,3.878778
2026-02-07,00:50:44,2026-02-07T00:50:44+01:00,STATION,"Hôtel de Ville",13,2,16,0.875,43.599088,3.894866
2026-02-07,00:50:44,2026-02-07T00:50:44+01:00,STATION,"Corum",5,7,12,0.4166666666666667,43.613989,3.8816
2026-02-07,00:50:44,2026-02-07T00:50:44+01:00,STATION,"Place Albert 1er - St Charles",7,20,27,0.25925925925925924,43.616768,3.873375
2026-02-07,00:50:44,2026-02-07T00:50:44+01:00,STATION,"Foch",4,3,8,0.625,43.610989,3.873345
2026-02-07,00:50:44,2026-02-07T00:50:44+01:00,STATION,"Halles Castellane",0,12,12,0.0,43.609935,3.877208
2026-02-07,00:50:44,2026-02-07T00:50:44+01:00,STATION,"Observatoire",3,4,8,0.5,43.606301,3.87724
2026-02-07,00:50:44,2026-02-07T00:50:44+01:00,STATION,"Rondelet",11,5,16,0.6875,43.603038,3.875796
2026-02-07,00:50:44,2026-02-07T00:50:44+01:00,STATION,"Plan Cabanes",1,11,12,0.08333333333333333,43.608491,3.868389
2026-02-07,00:50:44,2026-02-07T00:50:44+01:00,STATION,"Boutonnet",5,7,12,0.4166666666666667,43.622629,3.868375
2026-02-07,00:50:44,2026-02-07T00:50:44+01:00,STATION,"Emile Combes",4,4,8,0.5,43.616742,3.87998
2026-02-07,00:50:44,2026-02-07T00:50:44+01:00,STATION,"Beaux-Arts",7,9,16,0.4375,43.616698,3.884981
2026-02-07,00:50:44,2026-02-07T00:50:44+01:00,STATION,"Les Aubes",5,3,8,0.625,43.618692,3.893844
2026-02-07,00:50:44,2026-02-07T00:50:44+01:00,STATION,"Antigone centre",7,5,12,0.5833333333333334,43.607942,3.890634
2026-02-07,00:50:44,2026-02-07T00:50:44+01:00,STATION,"Médiathèque Emile Zola",8,8,16,0.5,43.608218,3.89314
2026-02-07,00:50:44,2026-02-07T00:50:44+01:00,STATION,"Nombre d Or",4,12,16,0.25,43.607859,3.886644
2026-02-07,00:50:44,2026-02-07T00:50:44+01:00,STATION,"Louis Blanc",3,13,16,0.1875,43.614642,3.877648
2026-02-07,00:50:44,2026-02-07T00:50:44+01:00,STATION,"Gambetta",4,4,8,0.5,43.607106,3.870693
2026-02-07,00:50:44,2026-02-07T00:50:44+01:00,STATION,"Port Marianne",14,2,16,0.875,43.60032,3.89851
2026-02-07,00:50:44,2026-02-07T00:50:44+01:00,STATION,"Les Arceaux",1,7,8,0.125,43.612659,3.867734
2026-02-07,00:50:44,2026-02-07T00:50:44+01:00,STATION,"Cité Mion",2,5,8,0.375,43.601143,3.884373
2026-02-07,00:50:44,2026-02-07T00:50:44+01:00,STATION,"Nouveau Saint-Roch",6,2,8,0.75,43.599817,3.875757
2026-02-07,00:50:44,2026-02-07T00:50:44+01:00,STATION,"Renouvier",2,5,8,0.375,43.603553,3.867884
2026-02-07,00:50:44,2026-02-07T00:50:44+01:00,STATION,"Odysseum",0,8,8,0.0,43.603727,3.918979
2026-02-07,00:50:44,2026-02-07T00:50:44+01:00,STATION,"Saint-Denis",0,8,8,0.0,43.605021,3.875065
2026-02-07,00:50:44,2026-02-07T00:50:44+01:00,STATION,"Richter",11,5,16,0.6875,43.603424,3.899263
2026-02-07,00:50:44,2026-02-07T00:50:44+01:00,STATION,"Charles Flahault",5,3,8,0.625,43.622038,3.86672
2026-02-07,00:50:44,2026-02-07T00:50:44+01:00,STATION,"Voltaire",7,1,8,0.875,43.603767,3.888659
2026-02-07,00:50:44,2026-02-07T00:50:44+01:00,STATION,"Prés d Arènes",6,2,8,0.75,43.59048,3.884611
2026-02-07,00:50:44,2026-02-07T00:50:44+01:00,STATION,"Garcia Lorca",2,6,8,0.25,43.590757,3.890616
2026-02-07,00:50:44,2026-02-07T00:50:44+01:00,STATION,"Vert Bois",8,8,16,0.5,43.63543,3.871179
2026-02-07,00:50:44,2026-02-07T00:50:44+01:00,STATION,"Malbosc",0,8,8,0.0,43.633679,3.832861
2026-02-07,00:50:44,2026-02-07T00:50:44+01:00,STATION,"Occitanie",16,16,32,0.5,43.635689,3.849597
2026-02-07,00:50:44,2026-02-07T00:50:44+01:00,STATION,"FacdesSciences",5,19,24,0.20833333333333334,43.631318,3.861299
2026-02-07,00:50:44,2026-02-07T00:50:44+01:00,STATION,"Fac de Lettres",4,8,12,0.3333333333333333,43.630437,3.869539
2026-02-07,00:50:44,2026-02-07T00:50:44+01:00,STATION,"Aiguelongue",6,1,8,0.875,43.626163,3.882492
2026-02-07,00:50:44,2026-02-07T00:50:44+01:00,STATION,"Jeu de Mail des Abbés",2,6,8,0.25,43.619701,3.883831
2026-02-07,00:50:44,2026-02-07T00:50:44+01:00,STATION,"Euromédecine",3,5,8,0.375,43.639119,3.828199
2026-02-07,00:50:44,2026-02-07T00:50:44+01:00,STATION,"Marie Caizergues",3,5,8,0.375,43.619871,3.873812
2026-02-07,00:50:44,2026-02-07T00:50:44+01:00,STATION,"Sabines",3,5,8,0.375,43.584211,3.860031
2026-02-07,00:50:44,2026-02-07T00:50:44+01:00,STATION,"Celleneuve",0,8,8,0.0,43.61467,3.832624
2026-02-07,00:50:44,2026-02-07T00:50:44+01:00,STATION,"Jardin de la Lironde",3,5,8,0.375,43.60585,3.911576
2026-02-07,00:50:44,2026-02-07T00:50:44+01:00,STATION,"Père Soulas",7,1,8,0.875,43.621983,3.855603
2026-02-07,00:50:44,2026-02-07T00:50:44+01:00,STATION,"Place Viala",4,4,8,0.5,43.616812,3.855075
2026-02-07,00:50:44,2026-02-07T00:50:44+01:00,STATION,"Hôtel du Département",6,2,8,0.75,43.621682,3.83477
2026-02-07,00:50:44,2026-02-07T00:50:44+01:00,STATION,"Tonnelles",5,3,8,0.625,43.615155,3.839466
2026-02-07,00:50:44,2026-02-07T00:50:44+01:00,STATION,"Parvis Jules Ferry - Gare Saint-Roch",4,4,8,0.5,43.603889,3.879362
2026-02-07,00:50:44,2026-02-07T00:50:44+01:00,STATION,"Pont de Lattes - Gare Saint-Roch",4,8,12,0.3333333333333333,43.606036,3.882393
2026-02-07,00:50:44,2026-02-07T00:50:44+01:00,STATION,"Deux Ponts - Gare Saint-Roch",0,8,8,0.0,43.604319,3.880916
2026-02-07,00:50:44,2026-02-07T00:50:44+01:00,STATION,"Providence - Ovalie",6,2,8,0.75,43.588239,3.853421
2026-02-07,00:50:44,2026-02-07T00:50:44+01:00,STATION,"Pérols Etang de l Or",39,29,68,0.5735294117647058,43.558351,3.963412
2026-02-07,00:50:44,2026-02-07T00:50:44+01:00,STATION,"Albert 1er - Cathédrale",4,8,12,0.3333333333333333,43.614005,3.873218
2026-02-07,00:50:44,2026-02-07T00:50:44+01:00,STATION,"Saint-Guilhem - Courreau",4,4,8,0.5,43.608996,3.872752
2026-02-07,00:50:44,2026-02-07T00:50:44+01:00,STATION,"Sud De France",3,3,8,0.625,43.59562,3.9235
2026-02-07,00:50:44,2026-02-07T00:50:44+01:00,STATION,"Comedie Baudin",0,8,8,0.0,43.608717,3.880787
2026-02-07,00:50:44,2026-02-07T00:50:44+01:00,STATION,"Jean de Beins",3,13,16,0.1875,43.609857,3.883884
2026-02-07,02:59:03,2026-02-07T02:59:03+01:00,STATION,"Rue Jules Ferry - Gare Saint-Roch",4,8,12,0.3333333333333333,43.605366,3.881346
2026-02-07,02:59:03,2026-02-07T02:59:03+01:00,STATION,"Comédie",1,19,20,0.05,43.608148,3.878778
2026-02-07,02:59:03,2026-02-07T02:59:03+01:00,STATION,"Hôtel de Ville",13,2,16,0.875,43.599088,3.894866
2026-02-07,02:59:03,2026-02-07T02:59:03+01:00,STATION,"Corum",5,7,12,0.4166666666666667,43.613989,3.8816
2026-02-07,02:59:03,2026-02-07T02:59:03+01:00,STATION,"Place Albert 1er - St Charles",7,20,27,0.25925925925925924,43.616768,3.873375
2026-02-07,02:59:03,2026-02-07T02:59:03+01:00,STATION,"Foch",4,3,8,0.625,43.610989,3.873345
2026-02-07,02:59:03,2026-02-07T02:59:03+01:00,STATION,"Halles Castellane",0,12,12,0.0,43.609935,3.877208
2026-02-07,02:59:03,2026-02-07T02:59:03+01:00,STATION,"Observatoire",4,3,8,0.625,43.606301,3.87724
2026-02-07,02:59:03,2026-02-07T02:59:03+01:00,STATION,"Rondelet",10,6,16,0.625,43.603038,3.875796
2026-02-07,02:59:03,2026-02-07T02:59:03+01:00,STATION,"Plan Cabanes",1,11,12,0.08333333333333333,43.608491,3.868389
2026-02-07,02:59:03,2026-02-07T02:59:03+01:00,STATION,"Boutonnet",5,7,12,0.4166666666666667,43.622629,3.868375
2026-02-07,02:59:03,2026-02-07T02:59:03+01:00,STATION,"Emile Combes",4,4,8,0.5,43.616742,3.87998
2026-02-07,02:59:03,2026-02-07T02:59:03+01:00,STATION,"Beaux-Arts",6,10,16,0.375,43.616698,3.884981
2026-02-07,02:59:03,2026-02-07T02:59:03+01:00,STATION,"Les Aubes",5,3,8,0.625,43.618692,3.893844
2026-02-07,02:59:03,2026-02-07T02:59:03+01:00,STATION,"Antigone centre",7,5,12,0.5833333333333334,43.607942,3.890634
2026-02-07,02:59:03,2026-02-07T02:59:03+01:00,STATION,"Médiathèque Emile Zola",8,8,16,0.5,43.608218,3.89314
2026-02-07,02:59:03,2026-02-07T02:59:03+01:00,STATION,"Nombre d Or",4,12,16,0.25,43.607859,3.886644
2026-02-07,02:59:03,2026-02-07T02:59:03+01:00,STATION,"Louis Blanc",2,14,16,0.125,43.614642,3.877648
2026-02-07,02:59:03,2026-02-07T02:59:03+01:00,STATION,"Gambetta",4,4,8,0.5,43.607106,3.870693
2026-02-07,02:59:03,2026-02-07T02:59:03+01:00,STATION,"Port Marianne",13,3,16,0.8125,43.60032,3.89851
2026-02-07,02:59:03,2026-02-07T02:59:03+01:00,STATION,"Les Arceaux",1,7,8,0.125,43.612659,3.867734
2026-02-07,02:59:03,2026-02-07T02:59:03+01:00,STATION,"Cité Mion",2,5,8,0.375,43.601143,3.884373
2026-02-07,02:59:03,2026-02-07T02:59:03+01:00,STATION,"Nouveau Saint-Roch",6,2,8,0.75,43.599817,3.875757
2026-02-07,02:59:03,2026-02-07T02:59:03+01:00,STATION,"Renouvier",2,5,8,0.375,43.603553,3.867884
2026-02-07,02:59:03,2026-02-07T02:59:03+01:00,STATION,"Odysseum",0,8,8,0.0,43.603727,3.918979
2026-02-07,02:59:03,2026-02-07T02:59:03+01:00,STATION,"Saint-Denis",0,8,8,0.0,43.605021,3.875065
2026-02-07,02:59:03,2026-02-07T02:59:03+01:00,STATION,"Richter",12,4,16,0.75,43.603424,3.899263
2026-02-07,02:59:03,2026-02-07T02:59:03+01:00,STATION,"Charles Flahault",4,4,8,0.5,43.622038,3.86672
2026-02-07,02:59:03,2026-02-07T02:59:03+01:00,STATION,"Voltaire",7,1,8,0.875,43.603767,3.888659
2026-02-07,02:59:03,2026-02-07T02:59:03+01:00,STATION,"Prés d Arènes",7,1,8,0.875,43.59048,3.884611
2026-02-07,02:59:03,2026-02-07T02:59:03+01:00,STATION,"Garcia Lorca",3,5,8,0.375,43.590757,3.890616
2026-02-07,02:59:03,2026-02-07T02:59:03+01:00,STATION,"Vert Bois",8,8,16,0.5,43.63543,3.871179
2026-02-07,02:59:03,2026-02-07T02:59:03+01:00,STATION,"Malbosc",0,8,8,0.0,43.633679,3.832861
2026-02-07,02:59:03,2026-02-07T02:59:03+01:00,STATION,"Occitanie",16,16,32,0.5,43.635689,3.849597
2026-02-07,02:59:03,2026-02-07T02:59:03+01:00,STATION,"FacdesSciences",5,19,24,0.20833333333333334,43.631318,3.861299
2026-02-07,02:59:03,2026-02-07T02:59:03+01:00,STATION,"Fac de Lettres",4,8,12,0.3333333333333333,43.630437,3.869539
2026-02-07,02:59:03,2026-02-07T02:59:03+01:00,STATION,"Aiguelongue",6,1,8,0.875,43.626163,3.882492
2026-02-07,02:59:03,2026-02-07T02:59:03+01:00,STATION,"Jeu de Mail des Abbés",2,6,8,0.25,43.619701,3.883831
2026-02-07,02:59:03,2026-02-07T02:59:03+01:00,STATION,"Euromédecine",3,5,8,0.375,43.639119,3.828199
2026-02-07,02:59:03,2026-02-07T02:59:03+01:00,STATION,"Marie Caizergues",3,5,8,0.375,43.619871,3.873812
2026-02-07,02:59:03,2026-02-07T02:59:03+01:00,STATION,"Sabines",6,2,8,0.75,43.584211,3.860031
2026-02-07,02:59:03,2026-02-07T02:59:03+01:00,STATION,"Celleneuve",1,7,8,0.125,43.61467,3.832624
2026-02-07,02:59:03,2026-02-07T02:59:03+01:00,STATION,"Jardin de la Lironde",3,5,8,0.375,43.60585,3.911576
2026-02-07,02:59:03,2026-02-07T02:59:03+01:00,STATION,"Père Soulas",7,1,8,0.875,43.621983,3.855603
2026-02-07,02:59:03,2026-02-07T02:59:03+01:00,STATION,"Place Viala",4,4,8,0.5,43.616812,3.855075
2026-02-07,02:59:03,2026-02-07T02:59:03+01:00,STATION,"Hôtel du Département",6,2,8,0.75,43.621682,3.83477
2026-02-07,02:59:03,2026-02-07T02:59:03+01:00,STATION,"Tonnelles",5,3,8,0.625,43.615155,3.839466
2026-02-07,02:59:03,2026-02-07T02:59:03+01:00,STATION,"Parvis Jules Ferry - Gare Saint-Roch",3,5,8,0.375,43.603889,3.879362
2026-02-07,02:59:03,2026-02-07T02:59:03+01:00,STATION,"Pont de Lattes - Gare Saint-Roch",4,8,12,0.3333333333333333,43.606036,3.882393
2026-02-07,02:59:03,2026-02-07T02:59:03+01:00,STATION,"Deux Ponts - Gare Saint-Roch",0,8,8,0.0,43.604319,3.880916
2026-02-07,02:59:03,2026-02-07T02:59:03+01:00,STATION,"Providence - Ovalie",6,2,8,0.75,43.588239,3.853421
2026-02-07,02:59:03,2026-02-07T02:59:03+01:00,STATION,"Pérols Etang de l Or",39,29,68,0.5735294117647058,43.558351,3.963412
2026-02-07,02:59:03,2026-02-07T02:59:03+01:00,STATION,"Albert 1er - Cathédrale",4,8,12,0.3333333333333333,43.614005,3.873218
2026-02-07,02:59:03,2026-02-07T02:59:03+01:00,STATION,"Saint-Guilhem - Courreau",5,3,8,0.625,43.608996,3.872752
2026-02-07,02:59:03,2026-02-07T02:59:03+01:00,STATION,"Sud De France",3,3,8,0.625,43.59562,3.9235
2026-02-07,02:59:03,2026-02-07T02:59:03+01:00,STATION,"Comedie Baudin",0,8,8,0.0,43.608717,3.880787
2026-02-07,02:59:03,2026-02-07T02:59:03+01:00,STATION,"Jean de Beins",3,13,16,0.1875,43.609857,3.883884
2026-02-07,05:13:45,2026-02-07T05:13:45+01:00,STATION,"Rue Jules Ferry - Gare Saint-Roch",6,6,12,0.5,43.605366,3.881346
2026-02-07,05:13:45,2026-02-07T05:13:45+01:00,STATION,"Comédie",1,19,20,0.05,43.608148,3.878778
2026-02-07,05:13:45,2026-02-07T05:13:45+01:00,STATION,"Hôtel de Ville",13,2,16,0.875,43.599088,3.894866
2026-02-07,05:13:45,2026-02-07T05:13:45+01:00,STATION,"Corum",4,8,12,0.3333333333333333,43.613989,3.8816
2026-02-07,05:13:45,2026-02-07T05:13:45+01:00,STATION,"Place Albert 1er - St Charles",6,21,27,0.2222222222222222,43.616768,3.873375
2026-02-07,05:13:45,2026-02-07T05:13:45+01:00,STATION,"Foch",4,3,8,0.625,43.610989,3.873345
2026-02-07,05:13:45,2026-02-07T05:13:45+01:00,STATION,"Halles Castellane",0,12,12,0.0,43.609935,3.877208
2026-02-07,05:13:45,2026-02-07T05:13:45+01:00,STATION,"Observatoire",4,3,8,0.625,43.606301,3.87724
2026-02-07,05:13:45,2026-02-07T05:13:45+01:00,STATION,"Rondelet",6,10,16,0.375,43.603038,3.875796
2026-02-07,05:13:45,2026-02-07T05:13:45+01:00,STATION,"Plan Cabanes",1,11,12,0.08333333333333333,43.608491,3.868389
2026-02-07,05:13:45,2026-02-07T05:13:45+01:00,STATION,"Boutonnet",3,9,12,0.25,43.622629,3.868375
2026-02-07,05:13:45,2026-02-07T05:13:45+01:00,STATION,"Emile Combes",4,4,8,0.5,43.616742,3.87998
2026-02-07,05:13:45,2026-02-07T05:13:45+01:00,STATION,"Beaux-Arts",6,10,16,0.375,43.616698,3.884981
2026-02-07,05:13:45,2026-02-07T05:13:45+01:00,STATION,"Les Aubes",5,3,8,0.625,43.618692,3.893844
2026-02-07,05:13:45,2026-02-07T05:13:45+01:00,STATION,"Antigone centre",7,5,12,0.5833333333333334,43.607942,3.890634
2026-02-07,05:13:45,2026-02-07T05:13:45+01:00,STATION,"Médiathèque Emile Zola",8,8,16,0.5,43.608218,3.89314
2026-02-07,05:13:45,2026-02-07T05:13:45+01:00,STATION,"Nombre d Or",5,11,16,0.3125,43.607859,3.886644
2026-02-07,05:13:45,2026-02-07T05:13:45+01:00,STATION,"Louis Blanc",3,13,16,0.1875,43.614642,3.877648
2026-02-07,05:13:45,2026-02-07T05:13:45+01:00,STATION,"Gambetta",3,5,8,0.375,43.607106,3.870693
2026-02-07,05:13:45,2026-02-07T05:13:45+01:00,STATION,"Port Marianne",12,4,16,0.75,43.60032,3.89851
2026-02-07,05:13:45,2026-02-07T05:13:45+01:00,STATION,"Les Arceaux",1,7,8,0.125,43.612659,3.867734
2026-02-07,05:13:45,2026-02-07T05:13:45+01:00,STATION,"Cité Mion",2,5,8,0.375,43.601143,3.884373
2026-02-07,05:13:45,2026-02-07T05:13:45+01:00,STATION,"Nouveau Saint-Roch",8,0,8,1.0,43.599817,3.875757
2026-02-07,05:13:45,2026-02-07T05:13:45+01:00,STATION,"Renouvier",3,4,8,0.5,43.603553,3.867884
2026-02-07,05:13:45,2026-02-07T05:13:45+01:00,STATION,"Odysseum",0,8,8,0.0,43.603727,3.918979
2026-02-07,05:13:45,2026-02-07T05:13:45+01:00,STATION,"Saint-Denis",0,8,8,0.0,43.605021,3.875065
2026-02-07,05:13:45,2026-02-07T05:13:45+01:00,STATION,"Richter",12,4,16,0.75,43.603424,3.899263
2026-02-07,05:13:45,2026-02-07T05:13:45+01:00,STATION,"Charles Flahault",4,4,8,0.5,43.622038,3.86672
2026-02-07,05:13:45,2026-02-07T05:13:45+01:00,STATION,"Voltaire",7,1,8,0.875,43.603767,3.888659
2026-02-07,05:13:45,2026-02-07T05:13:45+01:00,STATION,"Prés d Arènes",2,6,8,0.25,43.59048,3.884611
2026-02-07,05:13:45,2026-02-07T05:13:45+01:00,STATION,"Garcia Lorca",3,5,8,0.375,43.590757,3.890616
2026-02-07,05:13:45,2026-02-07T05:13:45+01:00,STATION,"Vert Bois",8,8,16,0.5,43.63543,3.871179
2026-02-07,05:13:45,2026-02-07T05:13:45+01:00,STATION,"Malbosc",0,8,8,0.0,43.633679,3.832861
2026-02-07,05:13:45,2026-02-07T05:13:45+01:00,STATION,"Occitanie",16,16,32,0.5,43.635689,3.849597
2026-02-07,05:13:45,2026-02-07T05:13:45+01:00,STATION,"FacdesSciences",7,17,24,0.2916666666666667,43.631318,3.861299
2026-02-07,05:13:45,2026-02-07T05:13:45+01:00,STATION,"Fac de Lettres",6,6,12,0.5,43.630437,3.869539
2026-02-07,05:13:45,2026-02-07T05:13:45+01:00,STATION,"Aiguelongue",6,1,8,0.875,43.626163,3.882492
2026-02-07,05:13:45,2026-02-07T05:13:45+01:00,STATION,"Jeu de Mail des Abbés",2,6,8,0.25,43.619701,3.883831
2026-02-07,05:13:45,2026-02-07T05:13:45+01:00,STATION,"Euromédecine",4,4,8,0.5,43.639119,3.828199
2026-02-07,05:13:45,2026-02-07T05:13:45+01:00,STATION,"Marie Caizergues",2,6,8,0.25,43.619871,3.873812
2026-02-07,05:13:45,2026-02-07T05:13:45+01:00,STATION,"Sabines",6,2,8,0.75,43.584211,3.860031
2026-02-07,05:13:45,2026-02-07T05:13:45+01:00,STATION,"Celleneuve",2,6,8,0.25,43.61467,3.832624
2026-02-07,05:13:45,2026-02-07T05:13:45+01:00,STATION,"Jardin de la Lironde",4,4,8,0.5,43.60585,3.911576
2026-02-07,05:13:45,2026-02-07T05:13:45+01:00,STATION,"Père Soulas",7,1,8,0.875,43.621983,3.855603
2026-02-07,05:13:45,2026-02-07T05:13:45+01:00,STATION,"Place Viala",4,4,8,0.5,43.616812,3.855075
2026-02-07,05:13:45,2026-02-07T05:13:45+01:00,STATION,"Hôtel du Département",6,2,8,0.75,43.621682,3.83477
2026-02-07,05:13:45,2026-02-07T05:13:45+01:00,STATION,"Tonnelles",5,3,8,0.625,43.615155,3.839466
2026-02-07,05:13:45,2026-02-07T05:13:45+01:00,STATION,"Parvis Jules Ferry - Gare Saint-Roch",3,5,8,0.375,43.603889,3.879362
2026-02-07,05:13:45,2026-02-07T05:13:45+01:00,STATION,"Pont de Lattes - Gare Saint-Roch",3,9,12,0.25,43.606036,3.882393
2026-02-07,05:13:45,2026-02-07T05:13:45+01:00,STATION,"Deux Ponts - Gare Saint-Roch",0,8,8,0.0,43.604319,3.880916
2026-02-07,05:13:45,2026-02-07T05:13:45+01:00,STATION,"Providence - Ovalie",6,2,8,0.75,43.588239,3.853421
2026-02-07,05:13:45,2026-02-07T05:13:45+01:00,STATION,"Pérols Etang de l Or",39,29,68,0.5735294117647058,43.558351,3.963412
2026-02-07,05:13:45,2026-02-07T05:13:45+01:00,STATION,"Albert 1er - Cathédrale",4,8,12,0.3333333333333333,43.614005,3.873218
2026-02-07,05:13:45,2026-02-07T05:13:45+01:00,STATION,"Saint-Guilhem - Courreau",5,3,8,0.625,43.608996,3.872752
2026-02-07,05:13:45,2026-02-07T05:13:45+01:00,STATION,"Sud De France",3,3,8,0.625,43.59562,3.9235
2026-02-07,05:13:45,2026-02-07T05:13:45+01:00,STATION,"Comedie Baudin",0,8,8,0.0,43.608717,3.880787
2026-02-07,05:13:45,2026-02-07T05:13:45+01:00,STATION,"Jean de Beins",3,13,16,0.1875,43.609857,3.883884
2026-02-07,06:26:47,2026-02-07T06:26:47+01:00,STATION,"Rue Jules Ferry - Gare Saint-Roch",6,6,12,0.5,43.605366,3.881346
2026-02-07,06:26:47,2026-02-07T06:26:47+01:00,STATION,"Comédie",1,19,20,0.05,43.608148,3.878778
2026-02-07,06:26:47,2026-02-07T06:26:47+01:00,STATION,"Hôtel de Ville",13,2,16,0.875,43.599088,3.894866
2026-02-07,06:26:47,2026-02-07T06:26:47+01:00,STATION,"Corum",4,8,12,0.3333333333333333,43.613989,3.8816
2026-02-07,06:26:47,2026-02-07T06:26:47+01:00,STATION,"Place Albert 1er - St Charles",6,21,27,0.2222222222222222,43.616768,3.873375
2026-02-07,06:26:47,2026-02-07T06:26:47+01:00,STATION,"Foch",4,3,8,0.625,43.610989,3.873345
2026-02-07,06:26:47,2026-02-07T06:26:47+01:00,STATION,"Halles Castellane",0,12,12,0.0,43.609935,3.877208
2026-02-07,06:26:47,2026-02-07T06:26:47+01:00,STATION,"Observatoire",4,3,8,0.625,43.606301,3.87724
2026-02-07,06:26:47,2026-02-07T06:26:47+01:00,STATION,"Rondelet",6,10,16,0.375,43.603038,3.875796
2026-02-07,06:26:47,2026-02-07T06:26:47+01:00,STATION,"Plan Cabanes",1,11,12,0.08333333333333333,43.608491,3.868389
2026-02-07,06:26:47,2026-02-07T06:26:47+01:00,STATION,"Boutonnet",4,8,12,0.3333333333333333,43.622629,3.868375
2026-02-07,06:26:47,2026-02-07T06:26:47+01:00,STATION,"Emile Combes",4,4,8,0.5,43.616742,3.87998
2026-02-07,06:26:47,2026-02-07T06:26:47+01:00,STATION,"Beaux-Arts",6,10,16,0.375,43.616698,3.884981
2026-02-07,06:26:47,2026-02-07T06:26:47+01:00,STATION,"Les Aubes",5,3,8,0.625,43.618692,3.893844
2026-02-07,06:26:47,2026-02-07T06:26:47+01:00,STATION,"Antigone centre",7,5,12,0.5833333333333334,43.607942,3.890634
2026-02-07,06:26:47,2026-02-07T06:26:47+01:00,STATION,"Médiathèque Emile Zola",8,8,16,0.5,43.608218,3.89314
2026-02-07,06:26:47,2026-02-07T06:26:47+01:00,STATION,"Nombre d Or",5,11,16,0.3125,43.607859,3.886644
2026-02-07,06:26:47,2026-02-07T06:26:47+01:00,STATION,"Louis Blanc",3,13,16,0.1875,43.614642,3.877648
2026-02-07,06:26:47,2026-02-07T06:26:47+01:00,STATION,"Gambetta",3,5,8,0.375,43.607106,3.870693
2026-02-07,06:26:47,2026-02-07T06:26:47+01:00,STATION,"Port Marianne",12,4,16,0.75,43.60032,3.89851
2026-02-07,06:26:47,2026-02-07T06:26:47+01:00,STATION,"Les Arceaux",2,6,8,0.25,43.612659,3.867734
2026-02-07,06:26:47,2026-02-07T06:26:47+01:00,STATION,"Cité Mion",2,5,8,0.375,43.601143,3.884373
2026-02-07,06:26:47,2026-02-07T06:26:47+01:00,STATION,"Nouveau Saint-Roch",8,0,8,1.0,43.599817,3.875757
2026-02-07,06:26:47,2026-02-07T06:26:47+01:00,STATION,"Renouvier",2,5,8,0.375,43.603553,3.867884
2026-02-07,06:26:47,2026-02-07T06:26:47+01:00,STATION,"Odysseum",0,8,8,0.0,43.603727,3.918979
2026-02-07,06:26:47,2026-02-07T06:26:47+01:00,STATION,"Saint-Denis",0,8,8,0.0,43.605021,3.875065
2026-02-07,06:26:47,2026-02-07T06:26:47+01:00,STATION,"Richter",12,4,16,0.75,43.603424,3.899263
2026-02-07,06:26:47,2026-02-07T06:26:47+01:00,STATION,"Charles Flahault",4,4,8,0.5,43.622038,3.86672
2026-02-07,06:26:47,2026-02-07T06:26:47+01:00,STATION,"Voltaire",8,0,8,1.0,43.603767,3.888659
2026-02-07,06:26:47,2026-02-07T06:26:47+01:00,STATION,"Prés d Arènes",2,6,8,0.25,43.59048,3.884611
2026-02-07,06:26:47,2026-02-07T06:26:47+01:00,STATION,"Garcia Lorca",3,5,8,0.375,43.590757,3.890616
2026-02-07,06:26:47,2026-02-07T06:26:47+01:00,STATION,"Vert Bois",8,8,16,0.5,43.63543,3.871179
2026-02-07,06:26:47,2026-02-07T06:26:47+01:00,STATION,"Malbosc",0,8,8,0.0,43.633679,3.832861
2026-02-07,06:26:47,2026-02-07T06:26:47+01:00,STATION,"Occitanie",16,16,32,0.5,43.635689,3.849597
2026-02-07,06:26:47,2026-02-07T06:26:47+01:00,STATION,"FacdesSciences",7,17,24,0.2916666666666667,43.631318,3.861299
2026-02-07,06:26:47,2026-02-07T06:26:47+01:00,STATION,"Fac de Lettres",6,6,12,0.5,43.630437,3.869539
2026-02-07,06:26:47,2026-02-07T06:26:47+01:00,STATION,"Aiguelongue",5,2,8,0.75,43.626163,3.882492
2026-02-07,06:26:47,2026-02-07T06:26:47+01:00,STATION,"Jeu de Mail des Abbés",2,6,8,0.25,43.619701,3.883831
2026-02-07,06:26:47,2026-02-07T06:26:47+01:00,STATION,"Euromédecine",4,4,8,0.5,43.639119,3.828199
2026-02-07,06:26:47,2026-02-07T06:26:47+01:00,STATION,"Marie Caizergues",2,6,8,0.25,43.619871,3.873812
2026-02-07,06:26:47,2026-02-07T06:26:47+01:00,STATION,"Sabines",6,2,8,0.75,43.584211,3.860031
2026-02-07,06:26:47,2026-02-07T06:26:47+01:00,STATION,"Celleneuve",2,6,8,0.25,43.61467,3.832624
2026-02-07,06:26:47,2026-02-07T06:26:47+01:00,STATION,"Jardin de la Lironde",4,4,8,0.5,43.60585,3.911576
2026-02-07,06:26:47,2026-02-07T06:26:47+01:00,STATION,"Père Soulas",7,1,8,0.875,43.621983,3.855603
2026-02-07,06:26:47,2026-02-07T06:26:47+01:00,STATION,"Place Viala",4,4,8,0.5,43.616812,3.855075
2026-02-07,06:26:47,2026-02-07T06:26:47+01:00,STATION,"Hôtel du Département",6,2,8,0.75,43.621682,3.83477
2026-02-07,06:26:47,2026-02-07T06:26:47+01:00,STATION,"Tonnelles",5,3,8,0.625,43.615155,3.839466
2026-02-07,06:26:47,2026-02-07T06:26:47+01:00,STATION,"Parvis Jules Ferry - Gare Saint-Roch",3,5,8,0.375,43.603889,3.879362
2026-02-07,06:26:47,2026-02-07T06:26:47+01:00,STATION,"Pont de Lattes - Gare Saint-Roch",6,6,12,0.5,43.606036,3.882393
2026-02-07,06:26:47,2026-02-07T06:26:47+01:00,STATION,"Deux Ponts - Gare Saint-Roch",0,8,8,0.0,43.604319,3.880916
2026-02-07,06:26:47,2026-02-07T06:26:47+01:00,STATION,"Providence - Ovalie",6,2,8,0.75,43.588239,3.853421
2026-02-07,06:26:47,2026-02-07T06:26:47+01:00,STATION,"Pérols Etang de l Or",39,29,68,0.5735294117647058,43.558351,3.963412
2026-02-07,06:26:47,2026-02-07T06:26:47+01:00,STATION,"Albert 1er - Cathédrale",4,8,12,0.3333333333333333,43.614005,3.873218
2026-02-07,06:26:47,2026-02-07T06:26:47+01:00,STATION,"Saint-Guilhem - Courreau",5,3,8,0.625,43.608996,3.872752
2026-02-07,06:26:47,2026-02-07T06:26:47+01:00,STATION,"Sud De France",3,3,8,0.625,43.59562,3.9235
2026-02-07,06:26:47,2026-02-07T06:26:47+01:00,STATION,"Comedie Baudin",0,8,8,0.0,43.608717,3.880787
2026-02-07,06:26:47,2026-02-07T06:26:47+01:00,STATION,"Jean de Beins",3,13,16,0.1875,43.609857,3.883884
2026-02-07,07:03:26,2026-02-07T07:03:26+01:00,STATION,"Rue Jules Ferry - Gare Saint-Roch",6,6,12,0.5,43.605366,3.881346
2026-02-07,07:03:26,2026-02-07T07:03:26+01:00,STATION,"Comédie",1,19,20,0.05,43.608148,3.878778
2026-02-07,07:03:26,2026-02-07T07:03:26+01:00,STATION,"Hôtel de Ville",13,2,16,0.875,43.599088,3.894866
2026-02-07,07:03:26,2026-02-07T07:03:26+01:00,STATION,"Corum",4,8,12,0.3333333333333333,43.613989,3.8816
2026-02-07,07:03:26,2026-02-07T07:03:26+01:00,STATION,"Place Albert 1er - St Charles",6,21,27,0.2222222222222222,43.616768,3.873375
2026-02-07,07:03:26,2026-02-07T07:03:26+01:00,STATION,"Foch",4,3,8,0.625,43.610989,3.873345
2026-02-07,07:03:26,2026-02-07T07:03:26+01:00,STATION,"Halles Castellane",0,12,12,0.0,43.609935,3.877208
2026-02-07,07:03:26,2026-02-07T07:03:26+01:00,STATION,"Observatoire",4,3,8,0.625,43.606301,3.87724
2026-02-07,07:03:26,2026-02-07T07:03:26+01:00,STATION,"Rondelet",6,10,16,0.375,43.603038,3.875796
2026-02-07,07:03:26,2026-02-07T07:03:26+01:00,STATION,"Plan Cabanes",1,11,12,0.08333333333333333,43.608491,3.868389
2026-02-07,07:03:26,2026-02-07T07:03:26+01:00,STATION,"Boutonnet",5,7,12,0.4166666666666667,43.622629,3.868375
2026-02-07,07:03:26,2026-02-07T07:03:26+01:00,STATION,"Emile Combes",4,4,8,0.5,43.616742,3.87998
2026-02-07,07:03:26,2026-02-07T07:03:26+01:00,STATION,"Beaux-Arts",6,10,16,0.375,43.616698,3.884981
2026-02-07,07:03:26,2026-02-07T07:03:26+01:00,STATION,"Les Aubes",5,3,8,0.625,43.618692,3.893844
2026-02-07,07:03:26,2026-02-07T07:03:26+01:00,STATION,"Antigone centre",7,5,12,0.5833333333333334,43.607942,3.890634
2026-02-07,07:03:26,2026-02-07T07:03:26+01:00,STATION,"Médiathèque Emile Zola",8,8,16,0.5,43.608218,3.89314
2026-02-07,07:03:26,2026-02-07T07:03:26+01:00,STATION,"Nombre d Or",6,10,16,0.375,43.607859,3.886644
2026-02-07,07:03:26,2026-02-07T07:03:26+01:00,STATION,"Louis Blanc",3,13,16,0.1875,43.614642,3.877648
2026-02-07,07:03:26,2026-02-07T07:03:26+01:00,STATION,"Gambetta",3,5,8,0.375,43.607106,3.870693
2026-02-07,07:03:26,2026-02-07T07:03:26+01:00,STATION,"Port Marianne",12,4,16,0.75,43.60032,3.89851
2026-02-07,07:03:26,2026-02-07T07:03:26+01:00,STATION,"Les Arceaux",2,6,8,0.25,43.612659,3.867734
2026-02-07,07:03:26,2026-02-07T07:03:26+01:00,STATION,"Cité Mion",2,5,8,0.375,43.601143,3.884373
2026-02-07,07:03:26,2026-02-07T07:03:26+01:00,STATION,"Nouveau Saint-Roch",8,0,8,1.0,43.599817,3.875757
2026-02-07,07:03:26,2026-02-07T07:03:26+01:00,STATION,"Renouvier",2,5,8,0.375,43.603553,3.867884
2026-02-07,07:03:26,2026-02-07T07:03:26+01:00,STATION,"Odysseum",0,8,8,0.0,43.603727,3.918979
2026-02-07,07:03:26,2026-02-07T07:03:26+01:00,STATION,"Saint-Denis",0,8,8,0.0,43.605021,3.875065
2026-02-07,07:03:26,2026-02-07T07:03:26+01:00,STATION,"Richter",12,4,16,0.75,43.603424,3.899263
2026-02-07,07:03:26,2026-02-07T07:03:26+01:00,STATION,"Charles Flahault",4,4,8,0.5,43.622038,3.86672
2026-02-07,07:03:26,2026-02-07T07:03:26+01:00,STATION,"Voltaire",8,0,8,1.0,43.603767,3.888659
2026-02-07,07:03:26,2026-02-07T07:03:26+01:00,STATION,"Prés d Arènes",2,6,8,0.25,43.59048,3.884611
2026-02-07,07:03:26,2026-02-07T07:03:26+01:00,STATION,"Garcia Lorca",2,6,8,0.25,43.590757,3.890616
2026-02-07,07:03:26,2026-02-07T07:03:26+01:00,STATION,"Vert Bois",7,9,16,0.4375,43.63543,3.871179
2026-02-07,07:03:26,2026-02-07T07:03:26+01:00,STATION,"Malbosc",0,8,8,0.0,43.633679,3.832861
2026-02-07,07:03:26,2026-02-07T07:03:26+01:00,STATION,"Occitanie",16,16,32,0.5,43.635689,3.849597
2026-02-07,07:03:26,2026-02-07T07:03:26+01:00,STATION,"FacdesSciences",7,17,24,0.2916666666666667,43.631318,3.861299
2026-02-07,07:03:26,2026-02-07T07:03:26+01:00,STATION,"Fac de Lettres",6,6,12,0.5,43.630437,3.869539
2026-02-07,07:03:26,2026-02-07T07:03:26+01:00,STATION,"Aiguelongue",5,2,8,0.75,43.626163,3.882492
2026-02-07,07:03:26,2026-02-07T07:03:26+01:00,STATION,"Jeu de Mail des Abbés",2,6,8,0.25,43.619701,3.883831
2026-02-07,07:03:26,2026-02-07T07:03:26+01:00,STATION,"Euromédecine",4,4,8,0.5,43.639119,3.828199
2026-02-07,07:03:26,2026-02-07T07:03:26+01:00,STATION,"Marie Caizergues",2,6,8,0.25,43.619871,3.873812
2026-02-07,07:03:26,2026-02-07T07:03:26+01:00,STATION,"Sabines",6,2,8,0.75,43.584211,3.860031
2026-02-07,07:03:26,2026-02-07T07:03:26+01:00,STATION,"Celleneuve",2,6,8,0.25,43.61467,3.832624
2026-02-07,07:03:26,2026-02-07T07:03:26+01:00,STATION,"Jardin de la Lironde",4,4,8,0.5,43.60585,3.911576
2026-02-07,07:03:26,2026-02-07T07:03:26+01:00,STATION,"Père Soulas",7,1,8,0.875,43.621983,3.855603
2026-02-07,07:03:26,2026-02-07T07:03:26+01:00,STATION,"Place Viala",4,4,8,0.5,43.616812,3.855075
2026-02-07,07:03:26,2026-02-07T07:03:26+01:00,STATION,"Hôtel du Département",6,2,8,0.75,43.621682,3.83477
2026-02-07,07:03:26,2026-02-07T07:03:26+01:00,STATION,"Tonnelles",5,3,8,0.625,43.615155,3.839466
2026-02-07,07:03:26,2026-02-07T07:03:26+01:00,STATION,"Parvis Jules Ferry - Gare Saint-Roch",3,5,8,0.375,43.603889,3.879362
2026-02-07,07:03:26,2026-02-07T07:03:26+01:00,STATION,"Pont de Lattes - Gare Saint-Roch",6,6,12,0.5,43.606036,3.882393
2026-02-07,07:03:26,2026-02-07T07:03:26+01:00,STATION,"Deux Ponts - Gare Saint-Roch",0,8,8,0.0,43.604319,3.880916
2026-02-07,07:03:26,2026-02-07T07:03:26+01:00,STATION,"Providence - Ovalie",6,2,8,0.75,43.588239,3.853421
2026-02-07,07:03:26,2026-02-07T07:03:26+01:00,STATION,"Pérols Etang de l Or",39,29,68,0.5735294117647058,43.558351,3.963412
2026-02-07,07:03:26,2026-02-07T07:03:26+01:00,STATION,"Albert 1er - Cathédrale",4,8,12,0.3333333333333333,43.614005,3.873218
2026-02-07,07:03:26,2026-02-07T07:03:26+01:00,STATION,"Saint-Guilhem - Courreau",5,3,8,0.625,43.608996,3.872752
2026-02-07,07:03:26,2026-02-07T07:03:26+01:00,STATION,"Sud De France",3,3,8,0.625,43.59562,3.9235
2026-02-07,07:03:26,2026-02-07T07:03:26+01:00,STATION,"Comedie Baudin",0,8,8,0.0,43.608717,3.880787
2026-02-07,07:03:26,2026-02-07T07:03:26+01:00,STATION,"Jean de Beins",3,13,16,0.1875,43.609857,3.883884
2026-02-07,08:08:27,2026-02-07T08:08:27+01:00,STATION,"Rue Jules Ferry - Gare Saint-Roch",6,6,12,0.5,43.605366,3.881346
2026-02-07,08:08:27,2026-02-07T08:08:27+01:00,STATION,"Comédie",4,16,20,0.2,43.608148,3.878778
2026-02-07,08:08:27,2026-02-07T08:08:27+01:00,STATION,"Hôtel de Ville",13,2,16,0.875,43.599088,3.894866
2026-02-07,08:08:27,2026-02-07T08:08:27+01:00,STATION,"Corum",4,8,12,0.3333333333333333,43.613989,3.8816
2026-02-07,08:08:27,2026-02-07T08:08:27+01:00,STATION,"Place Albert 1er - St Charles",6,21,27,0.2222222222222222,43.616768,3.873375
2026-02-07,08:08:27,2026-02-07T08:08:27+01:00,STATION,"Foch",4,3,8,0.625,43.610989,3.873345
2026-02-07,08:08:27,2026-02-07T08:08:27+01:00,STATION,"Halles Castellane",0,12,12,0.0,43.609935,3.877208
2026-02-07,08:08:27,2026-02-07T08:08:27+01:00,STATION,"Observatoire",4,3,8,0.625,43.606301,3.87724
2026-02-07,08:08:27,2026-02-07T08:08:27+01:00,STATION,"Rondelet",6,10,16,0.375,43.603038,3.875796
2026-02-07,08:08:27,2026-02-07T08:08:27+01:00,STATION,"Plan Cabanes",1,11,12,0.08333333333333333,43.608491,3.868389
2026-02-07,08:08:27,2026-02-07T08:08:27+01:00,STATION,"Boutonnet",5,7,12,0.4166666666666667,43.622629,3.868375
2026-02-07,08:08:27,2026-02-07T08:08:27+01:00,STATION,"Emile Combes",4,4,8,0.5,43.616742,3.87998
2026-02-07,08:08:27,2026-02-07T08:08:27+01:00,STATION,"Beaux-Arts",6,10,16,0.375,43.616698,3.884981
2026-02-07,08:08:27,2026-02-07T08:08:27+01:00,STATION,"Les Aubes",5,3,8,0.625,43.618692,3.893844
2026-02-07,08:08:27,2026-02-07T08:08:27+01:00,STATION,"Antigone centre",7,5,12,0.5833333333333334,43.607942,3.890634
2026-02-07,08:08:27,2026-02-07T08:08:27+01:00,STATION,"Médiathèque Emile Zola",8,8,16,0.5,43.608218,3.89314
2026-02-07,08:08:27,2026-02-07T08:08:27+01:00,STATION,"Nombre d Or",6,10,16,0.375,43.607859,3.886644
2026-02-07,08:08:27,2026-02-07T08:08:27+01:00,STATION,"Louis Blanc",3,13,16,0.1875,43.614642,3.877648
2026-02-07,08:08:27,2026-02-07T08:08:27+01:00,STATION,"Gambetta",3,5,8,0.375,43.607106,3.870693
2026-02-07,08:08:27,2026-02-07T08:08:27+01:00,STATION,"Port Marianne",12,4,16,0.75,43.60032,3.89851
2026-02-07,08:08:27,2026-02-07T08:08:27+01:00,STATION,"Les Arceaux",2,6,8,0.25,43.612659,3.867734
2026-02-07,08:08:27,2026-02-07T08:08:27+01:00,STATION,"Cité Mion",2,5,8,0.375,43.601143,3.884373
2026-02-07,08:08:27,2026-02-07T08:08:27+01:00,STATION,"Nouveau Saint-Roch",5,3,8,0.625,43.599817,3.875757
2026-02-07,08:08:27,2026-02-07T08:08:27+01:00,STATION,"Renouvier",2,5,8,0.375,43.603553,3.867884
2026-02-07,08:08:27,2026-02-07T08:08:27+01:00,STATION,"Odysseum",0,8,8,0.0,43.603727,3.918979
2026-02-07,08:08:27,2026-02-07T08:08:27+01:00,STATION,"Saint-Denis",0,8,8,0.0,43.605021,3.875065
2026-02-07,08:08:27,2026-02-07T08:08:27+01:00,STATION,"Richter",12,4,16,0.75,43.603424,3.899263
2026-02-07,08:08:27,2026-02-07T08:08:27+01:00,STATION,"Charles Flahault",4,4,8,0.5,43.622038,3.86672
2026-02-07,08:08:27,2026-02-07T08:08:27+01:00,STATION,"Voltaire",5,3,8,0.625,43.603767,3.888659
2026-02-07,08:08:27,2026-02-07T08:08:27+01:00,STATION,"Prés d Arènes",2,6,8,0.25,43.59048,3.884611
2026-02-07,08:08:27,2026-02-07T08:08:27+01:00,STATION,"Garcia Lorca",3,5,8,0.375,43.590757,3.890616
2026-02-07,08:08:27,2026-02-07T08:08:27+01:00,STATION,"Vert Bois",7,9,16,0.4375,43.63543,3.871179
2026-02-07,08:08:27,2026-02-07T08:08:27+01:00,STATION,"Malbosc",0,8,8,0.0,43.633679,3.832861
2026-02-07,08:08:27,2026-02-07T08:08:27+01:00,STATION,"Occitanie",15,17,32,0.46875,43.635689,3.849597
2026-02-07,08:08:27,2026-02-07T08:08:27+01:00,STATION,"FacdesSciences",7,17,24,0.2916666666666667,43.631318,3.861299
2026-02-07,08:08:27,2026-02-07T08:08:27+01:00,STATION,"Fac de Lettres",6,6,12,0.5,43.630437,3.869539
2026-02-07,08:08:27,2026-02-07T08:08:27+01:00,STATION,"Aiguelongue",5,2,8,0.75,43.626163,3.882492
2026-02-07,08:08:27,2026-02-07T08:08:27+01:00,STATION,"Jeu de Mail des Abbés",2,6,8,0.25,43.619701,3.883831
2026-02-07,08:08:27,2026-02-07T08:08:27+01:00,STATION,"Euromédecine",4,4,8,0.5,43.639119,3.828199
2026-02-07,08:08:27,2026-02-07T08:08:27+01:00,STATION,"Marie Caizergues",2,6,8,0.25,43.619871,3.873812
2026-02-07,08:08:27,2026-02-07T08:08:27+01:00,STATION,"Sabines",6,2,8,0.75,43.584211,3.860031
2026-02-07,08:08:27,2026-02-07T08:08:27+01:00,STATION,"Celleneuve",2,6,8,0.25,43.61467,3.832624
2026-02-07,08:08:27,2026-02-07T08:08:27+01:00,STATION,"Jardin de la Lironde",4,4,8,0.5,43.60585,3.911576
2026-02-07,08:08:27,2026-02-07T08:08:27+01:00,STATION,"Père Soulas",7,1,8,0.875,43.621983,3.855603
2026-02-07,08:08:27,2026-02-07T08:08:27+01:00,STATION,"Place Viala",4,4,8,0.5,43.616812,3.855075
2026-02-07,08:08:27,2026-02-07T08:08:27+01:00,STATION,"Hôtel du Département",6,2,8,0.75,43.621682,3.83477
2026-02-07,08:08:27,2026-02-07T08:08:27+01:00,STATION,"Tonnelles",5,3,8,0.625,43.615155,3.839466
2026-02-07,08:08:27,2026-02-07T08:08:27+01:00,STATION,"Parvis Jules Ferry - Gare Saint-Roch",3,5,8,0.375,43.603889,3.879362
2026-02-07,08:08:27,2026-02-07T08:08:27+01:00,STATION,"Pont de Lattes - Gare Saint-Roch",6,6,12,0.5,43.606036,3.882393
2026-02-07,08:08:27,2026-02-07T08:08:27+01:00,STATION,"Deux Ponts - Gare Saint-Roch",0,8,8,0.0,43.604319,3.880916
2026-02-07,08:08:27,2026-02-07T08:08:27+01:00,STATION,"Providence - Ovalie",6,2,8,0.75,43.588239,3.853421
2026-02-07,08:08:27,2026-02-07T08:08:27+01:00,STATION,"Pérols Etang de l Or",39,29,68,0.5735294117647058,43.558351,3.963412
2026-02-07,08:08:27,2026-02-07T08:08:27+01:00,STATION,"Albert 1er - Cathédrale",4,8,12,0.3333333333333333,43.614005,3.873218
2026-02-07,08:08:27,2026-02-07T08:08:27+01:00,STATION,"Saint-Guilhem - Courreau",5,3,8,0.625,43.608996,3.872752
2026-02-07,08:08:27,2026-02-07T08:08:27+01:00,STATION,"Sud De France",3,3,8,0.625,43.59562,3.9235
2026-02-07,08:08:27,2026-02-07T08:08:27+01:00,STATION,"Comedie Baudin",0,8,8,0.0,43.608717,3.880787
2026-02-07,08:08:27,2026-02-07T08:08:27+01:00,STATION,"Jean de Beins",3,13,16,0.1875,43.609857,3.883884
2026-02-07,08:51:57,2026-02-07T08:51:57+01:00,STATION,"Rue Jules Ferry - Gare Saint-Roch",6,6,12,0.5,43.605366,3.881346
2026-02-07,08:51:57,2026-02-07T08:51:57+01:00,STATION,"Comédie",6,14,20,0.3,43.608148,3.878778
2026-02-07,08:51:57,2026-02-07T08:51:57+01:00,STATION,"Hôtel de Ville",9,6,16,0.625,43.599088,3.894866
2026-02-07,08:51:57,2026-02-07T08:51:57+01:00,STATION,"Corum",4,8,12,0.3333333333333333,43.613989,3.8816
2026-02-07,08:51:57,2026-02-07T08:51:57+01:00,STATION,"Place Albert 1er - St Charles",6,21,27,0.2222222222222222,43.616768,3.873375
2026-02-07,08:51:57,2026-02-07T08:51:57+01:00,STATION,"Foch",4,3,8,0.625,43.610989,3.873345
2026-02-07,08:51:57,2026-02-07T08:51:57+01:00,STATION,"Halles Castellane",0,12,12,0.0,43.609935,3.877208
2026-02-07,08:51:57,2026-02-07T08:51:57+01:00,STATION,"Observatoire",4,3,8,0.625,43.606301,3.87724
2026-02-07,08:51:57,2026-02-07T08:51:57+01:00,STATION,"Rondelet",6,10,16,0.375,43.603038,3.875796
2026-02-07,08:51:57,2026-02-07T08:51:57+01:00,STATION,"Plan Cabanes",1,11,12,0.08333333333333333,43.608491,3.868389
2026-02-07,08:51:57,2026-02-07T08:51:57+01:00,STATION,"Boutonnet",5,7,12,0.4166666666666667,43.622629,3.868375
2026-02-07,08:51:57,2026-02-07T08:51:57+01:00,STATION,"Emile Combes",4,4,8,0.5,43.616742,3.87998
2026-02-07,08:51:57,2026-02-07T08:51:57+01:00,STATION,"Beaux-Arts",6,10,16,0.375,43.616698,3.884981
2026-02-07,08:51:57,2026-02-07T08:51:57+01:00,STATION,"Les Aubes",5,3,8,0.625,43.618692,3.893844
2026-02-07,08:51:57,2026-02-07T08:51:57+01:00,STATION,"Antigone centre",7,5,12,0.5833333333333334,43.607942,3.890634
2026-02-07,08:51:57,2026-02-07T08:51:57+01:00,STATION,"Médiathèque Emile Zola",8,8,16,0.5,43.608218,3.89314
2026-02-07,08:51:57,2026-02-07T08:51:57+01:00,STATION,"Nombre d Or",6,10,16,0.375,43.607859,3.886644
2026-02-07,08:51:57,2026-02-07T08:51:57+01:00,STATION,"Louis Blanc",3,13,16,0.1875,43.614642,3.877648
2026-02-07,08:51:57,2026-02-07T08:51:57+01:00,STATION,"Gambetta",3,5,8,0.375,43.607106,3.870693
2026-02-07,08:51:57,2026-02-07T08:51:57+01:00,STATION,"Port Marianne",12,4,16,0.75,43.60032,3.89851
2026-02-07,08:51:57,2026-02-07T08:51:57+01:00,STATION,"Les Arceaux",2,6,8,0.25,43.612659,3.867734
2026-02-07,08:51:57,2026-02-07T08:51:57+01:00,STATION,"Cité Mion",4,3,8,0.625,43.601143,3.884373
2026-02-07,08:51:57,2026-02-07T08:51:57+01:00,STATION,"Nouveau Saint-Roch",5,3,8,0.625,43.599817,3.875757
2026-02-07,08:51:57,2026-02-07T08:51:57+01:00,STATION,"Renouvier",3,4,8,0.5,43.603553,3.867884
2026-02-07,08:51:57,2026-02-07T08:51:57+01:00,STATION,"Odysseum",0,8,8,0.0,43.603727,3.918979
2026-02-07,08:51:57,2026-02-07T08:51:57+01:00,STATION,"Saint-Denis",0,8,8,0.0,43.605021,3.875065
2026-02-07,08:51:57,2026-02-07T08:51:57+01:00,STATION,"Richter",12,4,16,0.75,43.603424,3.899263
2026-02-07,08:51:57,2026-02-07T08:51:57+01:00,STATION,"Charles Flahault",4,4,8,0.5,43.622038,3.86672
2026-02-07,08:51:57,2026-02-07T08:51:57+01:00,STATION,"Voltaire",5,3,8,0.625,43.603767,3.888659
2026-02-07,08:51:57,2026-02-07T08:51:57+01:00,STATION,"Prés d Arènes",2,6,8,0.25,43.59048,3.884611
2026-02-07,08:51:57,2026-02-07T08:51:57+01:00,STATION,"Garcia Lorca",3,5,8,0.375,43.590757,3.890616
2026-02-07,08:51:57,2026-02-07T08:51:57+01:00,STATION,"Vert Bois",7,9,16,0.4375,43.63543,3.871179
2026-02-07,08:51:57,2026-02-07T08:51:57+01:00,STATION,"Malbosc",0,8,8,0.0,43.633679,3.832861
2026-02-07,08:51:57,2026-02-07T08:51:57+01:00,STATION,"Occitanie",15,17,32,0.46875,43.635689,3.849597
2026-02-07,08:51:57,2026-02-07T08:51:57+01:00,STATION,"FacdesSciences",7,17,24,0.2916666666666667,43.631318,3.861299
2026-02-07,08:51:57,2026-02-07T08:51:57+01:00,STATION,"Fac de Lettres",6,6,12,0.5,43.630437,3.869539
2026-02-07,08:51:57,2026-02-07T08:51:57+01:00,STATION,"Aiguelongue",5,2,8,0.75,43.626163,3.882492
2026-02-07,08:51:57,2026-02-07T08:51:57+01:00,STATION,"Jeu de Mail des Abbés",2,6,8,0.25,43.619701,3.883831
2026-02-07,08:51:57,2026-02-07T08:51:57+01:00,STATION,"Euromédecine",4,4,8,0.5,43.639119,3.828199
2026-02-07,08:51:57,2026-02-07T08:51:57+01:00,STATION,"Marie Caizergues",2,6,8,0.25,43.619871,3.873812
2026-02-07,08:51:57,2026-02-07T08:51:57+01:00,STATION,"Sabines",6,2,8,0.75,43.584211,3.860031
2026-02-07,08:51:57,2026-02-07T08:51:57+01:00,STATION,"Celleneuve",2,6,8,0.25,43.61467,3.832624
2026-02-07,08:51:57,2026-02-07T08:51:57+01:00,STATION,"Jardin de la Lironde",4,4,8,0.5,43.60585,3.911576
2026-02-07,08:51:57,2026-02-07T08:51:57+01:00,STATION,"Père Soulas",7,1,8,0.875,43.621983,3.855603
2026-02-07,08:51:57,2026-02-07T08:51:57+01:00,STATION,"Place Viala",4,4,8,0.5,43.616812,3.855075
2026-02-07,08:51:57,2026-02-07T08:51:57+01:00,STATION,"Hôtel du Département",6,2,8,0.75,43.621682,3.83477
2026-02-07,08:51:57,2026-02-07T08:51:57+01:00,STATION,"Tonnelles",5,3,8,0.625,43.615155,3.839466
2026-02-07,08:51:57,2026-02-07T08:51:57+01:00,STATION,"Parvis Jules Ferry - Gare Saint-Roch",3,5,8,0.375,43.603889,3.879362
2026-02-07,08:51:57,2026-02-07T08:51:57+01:00,STATION,"Pont de Lattes - Gare Saint-Roch",6,6,12,0.5,43.606036,3.882393
2026-02-07,08:51:57,2026-02-07T08:51:57+01:00,STATION,"Deux Ponts - Gare Saint-Roch",0,8,8,0.0,43.604319,3.880916
2026-02-07,08:51:57,2026-02-07T08:51:57+01:00,STATION,"Providence - Ovalie",6,2,8,0.75,43.588239,3.853421
2026-02-07,08:51:57,2026-02-07T08:51:57+01:00,STATION,"Pérols Etang de l Or",39,29,68,0.5735294117647058,43.558351,3.963412
2026-02-07,08:51:57,2026-02-07T08:51:57+01:00,STATION,"Albert 1er - Cathédrale",4,8,12,0.3333333333333333,43.614005,3.873218
2026-02-07,08:51:57,2026-02-07T08:51:57+01:00,STATION,"Saint-Guilhem - Courreau",5,3,8,0.625,43.608996,3.872752
2026-02-07,08:51:57,2026-02-07T08:51:57+01:00,STATION,"Sud De France",3,3,8,0.625,43.59562,3.9235
2026-02-07,08:51:57,2026-02-07T08:51:57+01:00,STATION,"Comedie Baudin",0,8,8,0.0,43.608717,3.880787
2026-02-07,08:51:57,2026-02-07T08:51:57+01:00,STATION,"Jean de Beins",3,13,16,0.1875,43.609857,3.883884
2026-02-07,09:31:38,2026-02-07T09:31:38+01:00,STATION,"Rue Jules Ferry - Gare Saint-Roch",6,6,12,0.5,43.605366,3.881346
2026-02-07,09:31:38,2026-02-07T09:31:38+01:00,STATION,"Comédie",6,14,20,0.3,43.608148,3.878778
2026-02-07,09:31:38,2026-02-07T09:31:38+01:00,STATION,"Hôtel de Ville",9,6,16,0.625,43.599088,3.894866
2026-02-07,09:31:38,2026-02-07T09:31:38+01:00,STATION,"Corum",4,8,12,0.3333333333333333,43.613989,3.8816
2026-02-07,09:31:38,2026-02-07T09:31:38+01:00,STATION,"Place Albert 1er - St Charles",6,21,27,0.2222222222222222,43.616768,3.873375
2026-02-07,09:31:38,2026-02-07T09:31:38+01:00,STATION,"Foch",4,3,8,0.625,43.610989,3.873345
2026-02-07,09:31:38,2026-02-07T09:31:38+01:00,STATION,"Halles Castellane",0,12,12,0.0,43.609935,3.877208
2026-02-07,09:31:38,2026-02-07T09:31:38+01:00,STATION,"Observatoire",4,3,8,0.625,43.606301,3.87724
2026-02-07,09:31:38,2026-02-07T09:31:38+01:00,STATION,"Rondelet",6,10,16,0.375,43.603038,3.875796
2026-02-07,09:31:38,2026-02-07T09:31:38+01:00,STATION,"Plan Cabanes",1,11,12,0.08333333333333333,43.608491,3.868389
2026-02-07,09:31:38,2026-02-07T09:31:38+01:00,STATION,"Boutonnet",5,7,12,0.4166666666666667,43.622629,3.868375
2026-02-07,09:31:38,2026-02-07T09:31:38+01:00,STATION,"Emile Combes",4,4,8,0.5,43.616742,3.87998
2026-02-07,09:31:38,2026-02-07T09:31:38+01:00,STATION,"Beaux-Arts",6,10,16,0.375,43.616698,3.884981
2026-02-07,09:31:38,2026-02-07T09:31:38+01:00,STATION,"Les Aubes",5,3,8,0.625,43.618692,3.893844
2026-02-07,09:31:38,2026-02-07T09:31:38+01:00,STATION,"Antigone centre",7,5,12,0.5833333333333334,43.607942,3.890634
2026-02-07,09:31:38,2026-02-07T09:31:38+01:00,STATION,"Médiathèque Emile Zola",8,8,16,0.5,43.608218,3.89314
2026-02-07,09:31:38,2026-02-07T09:31:38+01:00,STATION,"Nombre d Or",6,10,16,0.375,43.607859,3.886644
2026-02-07,09:31:38,2026-02-07T09:31:38+01:00,STATION,"Louis Blanc",3,13,16,0.1875,43.614642,3.877648
2026-02-07,09:31:38,2026-02-07T09:31:38+01:00,STATION,"Gambetta",3,5,8,0.375,43.607106,3.870693
2026-02-07,09:31:38,2026-02-07T09:31:38+01:00,STATION,"Port Marianne",12,4,16,0.75,43.60032,3.89851
2026-02-07,09:31:38,2026-02-07T09:31:38+01:00,STATION,"Les Arceaux",2,6,8,0.25,43.612659,3.867734
2026-02-07,09:31:38,2026-02-07T09:31:38+01:00,STATION,"Cité Mion",4,3,8,0.625,43.601143,3.884373
2026-02-07,09:31:38,2026-02-07T09:31:38+01:00,STATION,"Nouveau Saint-Roch",5,3,8,0.625,43.599817,3.875757
2026-02-07,09:31:38,2026-02-07T09:31:38+01:00,STATION,"Renouvier",4,3,8,0.625,43.603553,3.867884
2026-02-07,09:31:38,2026-02-07T09:31:38+01:00,STATION,"Odysseum",0,8,8,0.0,43.603727,3.918979
2026-02-07,09:31:38,2026-02-07T09:31:38+01:00,STATION,"Saint-Denis",0,8,8,0.0,43.605021,3.875065
2026-02-07,09:31:38,2026-02-07T09:31:38+01:00,STATION,"Richter",12,4,16,0.75,43.603424,3.899263
2026-02-07,09:31:38,2026-02-07T09:31:38+01:00,STATION,"Charles Flahault",4,4,8,0.5,43.622038,3.86672
2026-02-07,09:31:38,2026-02-07T09:31:38+01:00,STATION,"Voltaire",5,3,8,0.625,43.603767,3.888659
2026-02-07,09:31:38,2026-02-07T09:31:38+01:00,STATION,"Prés d Arènes",2,6,8,0.25,43.59048,3.884611
2026-02-07,09:31:38,2026-02-07T09:31:38+01:00,STATION,"Garcia Lorca",3,5,8,0.375,43.590757,3.890616
2026-02-07,09:31:38,2026-02-07T09:31:38+01:00,STATION,"Vert Bois",7,9,16,0.4375,43.63543,3.871179
2026-02-07,09:31:38,2026-02-07T09:31:38+01:00,STATION,"Malbosc",0,8,8,0.0,43.633679,3.832861
2026-02-07,09:31:38,2026-02-07T09:31:38+01:00,STATION,"Occitanie",15,17,32,0.46875,43.635689,3.849597
2026-02-07,09:31:38,2026-02-07T09:31:38+01:00,STATION,"FacdesSciences",7,17,24,0.2916666666666667,43.631318,3.861299
2026-02-07,09:31:38,2026-02-07T09:31:38+01:00,STATION,"Fac de Lettres",6,6,12,0.5,43.630437,3.869539
2026-02-07,09:31:38,2026-02-07T09:31:38+01:00,STATION,"Aiguelongue",5,2,8,0.75,43.626163,3.882492
2026-02-07,09:31:38,2026-02-07T09:31:38+01:00,STATION,"Jeu de Mail des Abbés",2,6,8,0.25,43.619701,3.883831
2026-02-07,09:31:38,2026-02-07T09:31:38+01:00,STATION,"Euromédecine",4,4,8,0.5,43.639119,3.828199
2026-02-07,09:31:38,2026-02-07T09:31:38+01:00,STATION,"Marie Caizergues",2,6,8,0.25,43.619871,3.873812
2026-02-07,09:31:38,2026-02-07T09:31:38+01:00,STATION,"Sabines",6,2,8,0.75,43.584211,3.860031
2026-02-07,09:31:38,2026-02-07T09:31:38+01:00,STATION,"Celleneuve",2,6,8,0.25,43.61467,3.832624
2026-02-07,09:31:38,2026-02-07T09:31:38+01:00,STATION,"Jardin de la Lironde",4,4,8,0.5,43.60585,3.911576
2026-02-07,09:31:38,2026-02-07T09:31:38+01:00,STATION,"Père Soulas",7,1,8,0.875,43.621983,3.855603
2026-02-07,09:31:38,2026-02-07T09:31:38+01:00,STATION,"Place Viala",4,4,8,0.5,43.616812,3.855075
2026-02-07,09:31:38,2026-02-07T09:31:38+01:00,STATION,"Hôtel du Département",6,2,8,0.75,43.621682,3.83477
2026-02-07,09:31:38,2026-02-07T09:31:38+01:00,STATION,"Tonnelles",5,3,8,0.625,43.615155,3.839466
2026-02-07,09:31:38,2026-02-07T09:31:38+01:00,STATION,"Parvis Jules Ferry - Gare Saint-Roch",3,5,8,0.375,43.603889,3.879362
2026-02-07,09:31:38,2026-02-07T09:31:38+01:00,STATION,"Pont de Lattes - Gare Saint-Roch",6,6,12,0.5,43.606036,3.882393
2026-02-07,09:31:38,2026-02-07T09:31:38+01:00,STATION,"Deux Ponts - Gare Saint-Roch",0,8,8,0.0,43.604319,3.880916
2026-02-07,09:31:38,2026-02-07T09:31:38+01:00,STATION,"Providence - Ovalie",6,2,8,0.75,43.588239,3.853421
2026-02-07,09:31:38,2026-02-07T09:31:38+01:00,STATION,"Pérols Etang de l Or",39,29,68,0.5735294117647058,43.558351,3.963412
2026-02-07,09:31:38,2026-02-07T09:31:38+01:00,STATION,"Albert 1er - Cathédrale",4,8,12,0.3333333333333333,43.614005,3.873218
2026-02-07,09:31:38,2026-02-07T09:31:38+01:00,STATION,"Saint-Guilhem - Courreau",5,3,8,0.625,43.608996,3.872752
2026-02-07,09:31:38,2026-02-07T09:31:38+01:00,STATION,"Sud De France",3,3,8,0.625,43.59562,3.9235
2026-02-07,09:31:38,2026-02-07T09:31:38+01:00,STATION,"Comedie Baudin",0,8,8,0.0,43.608717,3.880787
2026-02-07,09:31:38,2026-02-07T09:31:38+01:00,STATION,"Jean de Beins",3,13,16,0.1875,43.609857,3.883884
2026-02-07,10:30:59,2026-02-07T10:30:59+01:00,STATION,"Rue Jules Ferry - Gare Saint-Roch",6,6,12,0.5,43.605366,3.881346
2026-02-07,10:30:59,2026-02-07T10:30:59+01:00,STATION,"Comédie",6,14,20,0.3,43.608148,3.878778
2026-02-07,10:30:59,2026-02-07T10:30:59+01:00,STATION,"Hôtel de Ville",9,6,16,0.625,43.599088,3.894866
2026-02-07,10:30:59,2026-02-07T10:30:59+01:00,STATION,"Corum",5,7,12,0.4166666666666667,43.613989,3.8816
2026-02-07,10:30:59,2026-02-07T10:30:59+01:00,STATION,"Place Albert 1er - St Charles",7,20,27,0.25925925925925924,43.616768,3.873375
2026-02-07,10:30:59,2026-02-07T10:30:59+01:00,STATION,"Foch",4,3,8,0.625,43.610989,3.873345
2026-02-07,10:30:59,2026-02-07T10:30:59+01:00,STATION,"Halles Castellane",0,12,12,0.0,43.609935,3.877208
2026-02-07,10:30:59,2026-02-07T10:30:59+01:00,STATION,"Observatoire",3,4,8,0.5,43.606301,3.87724
2026-02-07,10:30:59,2026-02-07T10:30:59+01:00,STATION,"Rondelet",6,10,16,0.375,43.603038,3.875796
2026-02-07,10:30:59,2026-02-07T10:30:59+01:00,STATION,"Plan Cabanes",1,11,12,0.08333333333333333,43.608491,3.868389
2026-02-07,10:30:59,2026-02-07T10:30:59+01:00,STATION,"Boutonnet",5,7,12,0.4166666666666667,43.622629,3.868375
2026-02-07,10:30:59,2026-02-07T10:30:59+01:00,STATION,"Emile Combes",4,4,8,0.5,43.616742,3.87998
2026-02-07,10:30:59,2026-02-07T10:30:59+01:00,STATION,"Beaux-Arts",7,9,16,0.4375,43.616698,3.884981
2026-02-07,10:30:59,2026-02-07T10:30:59+01:00,STATION,"Les Aubes",5,3,8,0.625,43.618692,3.893844
2026-02-07,10:30:59,2026-02-07T10:30:59+01:00,STATION,"Antigone centre",8,4,12,0.6666666666666666,43.607942,3.890634
2026-02-07,10:30:59,2026-02-07T10:30:59+01:00,STATION,"Médiathèque Emile Zola",7,9,16,0.4375,43.608218,3.89314
2026-02-07,10:30:59,2026-02-07T10:30:59+01:00,STATION,"Nombre d Or",6,10,16,0.375,43.607859,3.886644
2026-02-07,10:30:59,2026-02-07T10:30:59+01:00,STATION,"Louis Blanc",3,13,16,0.1875,43.614642,3.877648
2026-02-07,10:30:59,2026-02-07T10:30:59+01:00,STATION,"Gambetta",3,5,8,0.375,43.607106,3.870693
2026-02-07,10:30:59,2026-02-07T10:30:59+01:00,STATION,"Port Marianne",12,4,16,0.75,43.60032,3.89851
2026-02-07,10:30:59,2026-02-07T10:30:59+01:00,STATION,"Les Arceaux",2,6,8,0.25,43.612659,3.867734
2026-02-07,10:30:59,2026-02-07T10:30:59+01:00,STATION,"Cité Mion",4,3,8,0.625,43.601143,3.884373
2026-02-07,10:30:59,2026-02-07T10:30:59+01:00,STATION,"Nouveau Saint-Roch",5,3,8,0.625,43.599817,3.875757
2026-02-07,10:30:59,2026-02-07T10:30:59+01:00,STATION,"Renouvier",4,3,8,0.625,43.603553,3.867884
2026-02-07,10:30:59,2026-02-07T10:30:59+01:00,STATION,"Odysseum",0,8,8,0.0,43.603727,3.918979
2026-02-07,10:30:59,2026-02-07T10:30:59+01:00,STATION,"Saint-Denis",0,8,8,0.0,43.605021,3.875065
2026-02-07,10:30:59,2026-02-07T10:30:59+01:00,STATION,"Richter",12,4,16,0.75,43.603424,3.899263
2026-02-07,10:30:59,2026-02-07T10:30:59+01:00,STATION,"Charles Flahault",4,4,8,0.5,43.622038,3.86672
2026-02-07,10:30:59,2026-02-07T10:30:59+01:00,STATION,"Voltaire",4,4,8,0.5,43.603767,3.888659
2026-02-07,10:30:59,2026-02-07T10:30:59+01:00,STATION,"Prés d Arènes",2,6,8,0.25,43.59048,3.884611
2026-02-07,10:30:59,2026-02-07T10:30:59+01:00,STATION,"Garcia Lorca",3,5,8,0.375,43.590757,3.890616
2026-02-07,10:30:59,2026-02-07T10:30:59+01:00,STATION,"Vert Bois",7,9,16,0.4375,43.63543,3.871179
2026-02-07,10:30:59,2026-02-07T10:30:59+01:00,STATION,"Malbosc",0,8,8,0.0,43.633679,3.832861
2026-02-07,10:30:59,2026-02-07T10:30:59+01:00,STATION,"Occitanie",15,17,32,0.46875,43.635689,3.849597
2026-02-07,10:30:59,2026-02-07T10:30:59+01:00,STATION,"FacdesSciences",7,17,24,0.2916666666666667,43.631318,3.861299
2026-02-07,10:30:59,2026-02-07T10:30:59+01:00,STATION,"Fac de Lettres",6,6,12,0.5,43.630437,3.869539
2026-02-07,10:30:59,2026-02-07T10:30:59+01:00,STATION,"Aiguelongue",4,3,8,0.625,43.626163,3.882492
2026-02-07,10:30:59,2026-02-07T10:30:59+01:00,STATION,"Jeu de Mail des Abbés",2,6,8,0.25,43.619701,3.883831
2026-02-07,10:30:59,2026-02-07T10:30:59+01:00,STATION,"Euromédecine",3,5,8,0.375,43.639119,3.828199
2026-02-07,10:30:59,2026-02-07T10:30:59+01:00,STATION,"Marie Caizergues",2,6,8,0.25,43.619871,3.873812
2026-02-07,10:30:59,2026-02-07T10:30:59+01:00,STATION,"Sabines",6,2,8,0.75,43.584211,3.860031
2026-02-07,10:30:59,2026-02-07T10:30:59+01:00,STATION,"Celleneuve",2,6,8,0.25,43.61467,3.832624
2026-02-07,10:30:59,2026-02-07T10:30:59+01:00,STATION,"Jardin de la Lironde",4,4,8,0.5,43.60585,3.911576
2026-02-07,10:30:59,2026-02-07T10:30:59+01:00,STATION,"Père Soulas",5,3,8,0.625,43.621983,3.855603
2026-02-07,10:30:59,2026-02-07T10:30:59+01:00,STATION,"Place Viala",2,6,8,0.25,43.616812,3.855075
2026-02-07,10:30:59,2026-02-07T10:30:59+01:00,STATION,"Hôtel du Département",6,2,8,0.75,43.621682,3.83477
2026-02-07,10:30:59,2026-02-07T10:30:59+01:00,STATION,"Tonnelles",5,3,8,0.625,43.615155,3.839466
2026-02-07,10:30:59,2026-02-07T10:30:59+01:00,STATION,"Parvis Jules Ferry - Gare Saint-Roch",3,5,8,0.375,43.603889,3.879362
2026-02-07,10:30:59,2026-02-07T10:30:59+01:00,STATION,"Pont de Lattes - Gare Saint-Roch",6,6,12,0.5,43.606036,3.882393
2026-02-07,10:30:59,2026-02-07T10:30:59+01:00,STATION,"Deux Ponts - Gare Saint-Roch",0,8,8,0.0,43.604319,3.880916
2026-02-07,10:30:59,2026-02-07T10:30:59+01:00,STATION,"Providence - Ovalie",6,2,8,0.75,43.588239,3.853421
2026-02-07,10:30:59,2026-02-07T10:30:59+01:00,STATION,"Pérols Etang de l Or",39,29,68,0.5735294117647058,43.558351,3.963412
2026-02-07,10:30:59,2026-02-07T10:30:59+01:00,STATION,"Albert 1er - Cathédrale",4,8,12,0.3333333333333333,43.614005,3.873218
2026-02-07,10:30:59,2026-02-07T10:30:59+01:00,STATION,"Saint-Guilhem - Courreau",4,4,8,0.5,43.608996,3.872752
2026-02-07,10:30:59,2026-02-07T10:30:59+01:00,STATION,"Sud De France",3,3,8,0.625,43.59562,3.9235
2026-02-07,10:30:59,2026-02-07T10:30:59+01:00,STATION,"Comedie Baudin",0,8,8,0.0,43.608717,3.880787
2026-02-07,10:30:59,2026-02-07T10:30:59+01:00,STATION,"Jean de Beins",3,13,16,0.1875,43.609857,3.883884
2026-02-07,11:25:58,2026-02-07T11:25:58+01:00,STATION,"Rue Jules Ferry - Gare Saint-Roch",7,5,12,0.5833333333333334,43.605366,3.881346
2026-02-07,11:25:58,2026-02-07T11:25:58+01:00,STATION,"Comédie",6,14,20,0.3,43.608148,3.878778
2026-02-07,11:25:58,2026-02-07T11:25:58+01:00,STATION,"Hôtel de Ville",9,6,16,0.625,43.599088,3.894866
2026-02-07,11:25:58,2026-02-07T11:25:58+01:00,STATION,"Corum",5,7,12,0.4166666666666667,43.613989,3.8816
2026-02-07,11:25:58,2026-02-07T11:25:58+01:00,STATION,"Place Albert 1er - St Charles",7,20,27,0.25925925925925924,43.616768,3.873375
2026-02-07,11:25:58,2026-02-07T11:25:58+01:00,STATION,"Foch",4,3,8,0.625,43.610989,3.873345
2026-02-07,11:25:58,2026-02-07T11:25:58+01:00,STATION,"Halles Castellane",0,12,12,0.0,43.609935,3.877208
2026-02-07,11:25:58,2026-02-07T11:25:58+01:00,STATION,"Observatoire",3,4,8,0.5,43.606301,3.87724
2026-02-07,11:25:58,2026-02-07T11:25:58+01:00,STATION,"Rondelet",6,10,16,0.375,43.603038,3.875796
2026-02-07,11:25:58,2026-02-07T11:25:58+01:00,STATION,"Plan Cabanes",1,11,12,0.08333333333333333,43.608491,3.868389
2026-02-07,11:25:58,2026-02-07T11:25:58+01:00,STATION,"Boutonnet",5,7,12,0.4166666666666667,43.622629,3.868375
2026-02-07,11:25:58,2026-02-07T11:25:58+01:00,STATION,"Emile Combes",4,4,8,0.5,43.616742,3.87998
2026-02-07,11:25:58,2026-02-07T11:25:58+01:00,STATION,"Beaux-Arts",7,9,16,0.4375,43.616698,3.884981
2026-02-07,11:25:58,2026-02-07T11:25:58+01:00,STATION,"Les Aubes",5,3,8,0.625,43.618692,3.893844
2026-02-07,11:25:58,2026-02-07T11:25:58+01:00,STATION,"Antigone centre",7,5,12,0.5833333333333334,43.607942,3.890634
2026-02-07,11:25:58,2026-02-07T11:25:58+01:00,STATION,"Médiathèque Emile Zola",8,8,16,0.5,43.608218,3.89314
2026-02-07,11:25:58,2026-02-07T11:25:58+01:00,STATION,"Nombre d Or",6,10,16,0.375,43.607859,3.886644
2026-02-07,11:25:58,2026-02-07T11:25:58+01:00,STATION,"Louis Blanc",3,13,16,0.1875,43.614642,3.877648
2026-02-07,11:25:58,2026-02-07T11:25:58+01:00,STATION,"Gambetta",1,7,8,0.125,43.607106,3.870693
2026-02-07,11:25:58,2026-02-07T11:25:58+01:00,STATION,"Port Marianne",12,4,16,0.75,43.60032,3.89851
2026-02-07,11:25:58,2026-02-07T11:25:58+01:00,STATION,"Les Arceaux",2,6,8,0.25,43.612659,3.867734
2026-02-07,11:25:58,2026-02-07T11:25:58+01:00,STATION,"Cité Mion",4,3,8,0.625,43.601143,3.884373
2026-02-07,11:25:58,2026-02-07T11:25:58+01:00,STATION,"Nouveau Saint-Roch",5,3,8,0.625,43.599817,3.875757
2026-02-07,11:25:58,2026-02-07T11:25:58+01:00,STATION,"Renouvier",4,3,8,0.625,43.603553,3.867884
2026-02-07,11:25:58,2026-02-07T11:25:58+01:00,STATION,"Odysseum",0,8,8,0.0,43.603727,3.918979
2026-02-07,11:25:58,2026-02-07T11:25:58+01:00,STATION,"Saint-Denis",0,8,8,0.0,43.605021,3.875065
2026-02-07,11:25:58,2026-02-07T11:25:58+01:00,STATION,"Richter",13,3,16,0.8125,43.603424,3.899263
2026-02-07,11:25:58,2026-02-07T11:25:58+01:00,STATION,"Charles Flahault",4,4,8,0.5,43.622038,3.86672
2026-02-07,11:25:58,2026-02-07T11:25:58+01:00,STATION,"Voltaire",4,4,8,0.5,43.603767,3.888659
2026-02-07,11:25:58,2026-02-07T11:25:58+01:00,STATION,"Prés d Arènes",2,6,8,0.25,43.59048,3.884611
2026-02-07,11:25:58,2026-02-07T11:25:58+01:00,STATION,"Garcia Lorca",3,5,8,0.375,43.590757,3.890616
2026-02-07,11:25:58,2026-02-07T11:25:58+01:00,STATION,"Vert Bois",7,9,16,0.4375,43.63543,3.871179
2026-02-07,11:25:58,2026-02-07T11:25:58+01:00,STATION,"Malbosc",0,8,8,0.0,43.633679,3.832861
2026-02-07,11:25:58,2026-02-07T11:25:58+01:00,STATION,"Occitanie",15,17,32,0.46875,43.635689,3.849597
2026-02-07,11:25:58,2026-02-07T11:25:58+01:00,STATION,"FacdesSciences",6,18,24,0.25,43.631318,3.861299
2026-02-07,11:25:58,2026-02-07T11:25:58+01:00,STATION,"Fac de Lettres",6,6,12,0.5,43.630437,3.869539
2026-02-07,11:25:58,2026-02-07T11:25:58+01:00,STATION,"Aiguelongue",4,3,8,0.625,43.626163,3.882492
2026-02-07,11:25:58,2026-02-07T11:25:58+01:00,STATION,"Jeu de Mail des Abbés",3,5,8,0.375,43.619701,3.883831
2026-02-07,11:25:58,2026-02-07T11:25:58+01:00,STATION,"Euromédecine",3,5,8,0.375,43.639119,3.828199
2026-02-07,11:25:58,2026-02-07T11:25:58+01:00,STATION,"Marie Caizergues",1,7,8,0.125,43.619871,3.873812
2026-02-07,11:25:58,2026-02-07T11:25:58+01:00,STATION,"Sabines",6,2,8,0.75,43.584211,3.860031
2026-02-07,11:25:58,2026-02-07T11:25:58+01:00,STATION,"Celleneuve",2,6,8,0.25,43.61467,3.832624
2026-02-07,11:25:58,2026-02-07T11:25:58+01:00,STATION,"Jardin de la Lironde",4,4,8,0.5,43.60585,3.911576
2026-02-07,11:25:58,2026-02-07T11:25:58+01:00,STATION,"Père Soulas",5,3,8,0.625,43.621983,3.855603
2026-02-07,11:25:58,2026-02-07T11:25:58+01:00,STATION,"Place Viala",2,6,8,0.25,43.616812,3.855075
2026-02-07,11:25:58,2026-02-07T11:25:58+01:00,STATION,"Hôtel du Département",6,2,8,0.75,43.621682,3.83477
2026-02-07,11:25:58,2026-02-07T11:25:58+01:00,STATION,"Tonnelles",5,3,8,0.625,43.615155,3.839466
2026-02-07,11:25:58,2026-02-07T11:25:58+01:00,STATION,"Parvis Jules Ferry - Gare Saint-Roch",3,5,8,0.375,43.603889,3.879362
2026-02-07,11:25:58,2026-02-07T11:25:58+01:00,STATION,"Pont de Lattes - Gare Saint-Roch",6,6,12,0.5,43.606036,3.882393
2026-02-07,11:25:58,2026-02-07T11:25:58+01:00,STATION,"Deux Ponts - Gare Saint-Roch",0,8,8,0.0,43.604319,3.880916
2026-02-07,11:25:58,2026-02-07T11:25:58+01:00,STATION,"Providence - Ovalie",6,2,8,0.75,43.588239,3.853421
2026-02-07,11:25:58,2026-02-07T11:25:58+01:00,STATION,"Pérols Etang de l Or",39,29,68,0.5735294117647058,43.558351,3.963412
2026-02-07,11:25:58,2026-02-07T11:25:58+01:00,STATION,"Albert 1er - Cathédrale",4,8,12,0.3333333333333333,43.614005,3.873218
2026-02-07,11:25:58,2026-02-07T11:25:58+01:00,STATION,"Saint-Guilhem - Courreau",6,2,8,0.75,43.608996,3.872752
2026-02-07,11:25:58,2026-02-07T11:25:58+01:00,STATION,"Sud De France",3,3,8,0.625,43.59562,3.9235
2026-02-07,11:25:58,2026-02-07T11:25:58+01:00,STATION,"Comedie Baudin",0,8,8,0.0,43.608717,3.880787
2026-02-07,11:25:58,2026-02-07T11:25:58+01:00,STATION,"Jean de Beins",3,13,16,0.1875,43.609857,3.883884
2026-02-07,11:53:39,2026-02-07T11:53:39+01:00,STATION,"Rue Jules Ferry - Gare Saint-Roch",7,5,12,0.5833333333333334,43.605366,3.881346
2026-02-07,11:53:39,2026-02-07T11:53:39+01:00,STATION,"Comédie",6,14,20,0.3,43.608148,3.878778
2026-02-07,11:53:39,2026-02-07T11:53:39+01:00,STATION,"Hôtel de Ville",7,8,16,0.5,43.599088,3.894866
2026-02-07,11:53:39,2026-02-07T11:53:39+01:00,STATION,"Corum",5,7,12,0.4166666666666667,43.613989,3.8816
2026-02-07,11:53:39,2026-02-07T11:53:39+01:00,STATION,"Place Albert 1er - St Charles",7,20,27,0.25925925925925924,43.616768,3.873375
2026-02-07,11:53:39,2026-02-07T11:53:39+01:00,STATION,"Foch",4,3,8,0.625,43.610989,3.873345
2026-02-07,11:53:39,2026-02-07T11:53:39+01:00,STATION,"Halles Castellane",0,12,12,0.0,43.609935,3.877208
2026-02-07,11:53:39,2026-02-07T11:53:39+01:00,STATION,"Observatoire",3,4,8,0.5,43.606301,3.87724
2026-02-07,11:53:39,2026-02-07T11:53:39+01:00,STATION,"Rondelet",6,10,16,0.375,43.603038,3.875796
2026-02-07,11:53:39,2026-02-07T11:53:39+01:00,STATION,"Plan Cabanes",1,11,12,0.08333333333333333,43.608491,3.868389
2026-02-07,11:53:39,2026-02-07T11:53:39+01:00,STATION,"Boutonnet",5,7,12,0.4166666666666667,43.622629,3.868375
2026-02-07,11:53:39,2026-02-07T11:53:39+01:00,STATION,"Emile Combes",4,4,8,0.5,43.616742,3.87998
2026-02-07,11:53:39,2026-02-07T11:53:39+01:00,STATION,"Beaux-Arts",7,9,16,0.4375,43.616698,3.884981
2026-02-07,11:53:39,2026-02-07T11:53:39+01:00,STATION,"Les Aubes",5,3,8,0.625,43.618692,3.893844
2026-02-07,11:53:39,2026-02-07T11:53:39+01:00,STATION,"Antigone centre",7,5,12,0.5833333333333334,43.607942,3.890634
2026-02-07,11:53:39,2026-02-07T11:53:39+01:00,STATION,"Médiathèque Emile Zola",8,8,16,0.5,43.608218,3.89314
2026-02-07,11:53:39,2026-02-07T11:53:39+01:00,STATION,"Nombre d Or",6,10,16,0.375,43.607859,3.886644
2026-02-07,11:53:39,2026-02-07T11:53:39+01:00,STATION,"Louis Blanc",3,13,16,0.1875,43.614642,3.877648
2026-02-07,11:53:39,2026-02-07T11:53:39+01:00,STATION,"Gambetta",1,7,8,0.125,43.607106,3.870693
2026-02-07,11:53:39,2026-02-07T11:53:39+01:00,STATION,"Port Marianne",12,4,16,0.75,43.60032,3.89851
2026-02-07,11:53:39,2026-02-07T11:53:39+01:00,STATION,"Les Arceaux",3,5,8,0.375,43.612659,3.867734
2026-02-07,11:53:39,2026-02-07T11:53:39+01:00,STATION,"Cité Mion",4,3,8,0.625,43.601143,3.884373
2026-02-07,11:53:39,2026-02-07T11:53:39+01:00,STATION,"Nouveau Saint-Roch",5,3,8,0.625,43.599817,3.875757
2026-02-07,11:53:39,2026-02-07T11:53:39+01:00,STATION,"Renouvier",4,3,8,0.625,43.603553,3.867884
2026-02-07,11:53:39,2026-02-07T11:53:39+01:00,STATION,"Odysseum",0,8,8,0.0,43.603727,3.918979
2026-02-07,11:53:39,2026-02-07T11:53:39+01:00,STATION,"Saint-Denis",0,8,8,0.0,43.605021,3.875065
2026-02-07,11:53:39,2026-02-07T11:53:39+01:00,STATION,"Richter",13,3,16,0.8125,43.603424,3.899263
2026-02-07,11:53:39,2026-02-07T11:53:39+01:00,STATION,"Charles Flahault",4,4,8,0.5,43.622038,3.86672
2026-02-07,11:53:39,2026-02-07T11:53:39+01:00,STATION,"Voltaire",4,4,8,0.5,43.603767,3.888659
2026-02-07,11:53:39,2026-02-07T11:53:39+01:00,STATION,"Prés d Arènes",2,6,8,0.25,43.59048,3.884611
2026-02-07,11:53:39,2026-02-07T11:53:39+01:00,STATION,"Garcia Lorca",3,5,8,0.375,43.590757,3.890616
2026-02-07,11:53:39,2026-02-07T11:53:39+01:00,STATION,"Vert Bois",7,9,16,0.4375,43.63543,3.871179
2026-02-07,11:53:39,2026-02-07T11:53:39+01:00,STATION,"Malbosc",0,8,8,0.0,43.633679,3.832861
2026-02-07,11:53:39,2026-02-07T11:53:39+01:00,STATION,"Occitanie",15,17,32,0.46875,43.635689,3.849597
2026-02-07,11:53:39,2026-02-07T11:53:39+01:00,STATION,"FacdesSciences",6,18,24,0.25,43.631318,3.861299
2026-02-07,11:53:39,2026-02-07T11:53:39+01:00,STATION,"Fac de Lettres",6,6,12,0.5,43.630437,3.869539
2026-02-07,11:53:39,2026-02-07T11:53:39+01:00,STATION,"Aiguelongue",4,3,8,0.625,43.626163,3.882492
2026-02-07,11:53:39,2026-02-07T11:53:39+01:00,STATION,"Jeu de Mail des Abbés",3,5,8,0.375,43.619701,3.883831
2026-02-07,11:53:39,2026-02-07T11:53:39+01:00,STATION,"Euromédecine",4,4,8,0.5,43.639119,3.828199
2026-02-07,11:53:39,2026-02-07T11:53:39+01:00,STATION,"Marie Caizergues",1,7,8,0.125,43.619871,3.873812
2026-02-07,11:53:39,2026-02-07T11:53:39+01:00,STATION,"Sabines",6,2,8,0.75,43.584211,3.860031
2026-02-07,11:53:39,2026-02-07T11:53:39+01:00,STATION,"Celleneuve",2,6,8,0.25,43.61467,3.832624
2026-02-07,11:53:39,2026-02-07T11:53:39+01:00,STATION,"Jardin de la Lironde",4,4,8,0.5,43.60585,3.911576
2026-02-07,11:53:39,2026-02-07T11:53:39+01:00,STATION,"Père Soulas",5,3,8,0.625,43.621983,3.855603
2026-02-07,11:53:39,2026-02-07T11:53:39+01:00,STATION,"Place Viala",2,6,8,0.25,43.616812,3.855075
2026-02-07,11:53:39,2026-02-07T11:53:39+01:00,STATION,"Hôtel du Département",6,2,8,0.75,43.621682,3.83477
2026-02-07,11:53:39,2026-02-07T11:53:39+01:00,STATION,"Tonnelles",5,3,8,0.625,43.615155,3.839466
2026-02-07,11:53:39,2026-02-07T11:53:39+01:00,STATION,"Parvis Jules Ferry - Gare Saint-Roch",3,5,8,0.375,43.603889,3.879362
2026-02-07,11:53:39,2026-02-07T11:53:39+01:00,STATION,"Pont de Lattes - Gare Saint-Roch",5,7,12,0.4166666666666667,43.606036,3.882393
2026-02-07,11:53:39,2026-02-07T11:53:39+01:00,STATION,"Deux Ponts - Gare Saint-Roch",0,8,8,0.0,43.604319,3.880916
2026-02-07,11:53:39,2026-02-07T11:53:39+01:00,STATION,"Providence - Ovalie",6,2,8,0.75,43.588239,3.853421
2026-02-07,11:53:39,2026-02-07T11:53:39+01:00,STATION,"Pérols Etang de l Or",39,29,68,0.5735294117647058,43.558351,3.963412
2026-02-07,11:53:39,2026-02-07T11:53:39+01:00,STATION,"Albert 1er - Cathédrale",4,8,12,0.3333333333333333,43.614005,3.873218
2026-02-07,11:53:39,2026-02-07T11:53:39+01:00,STATION,"Saint-Guilhem - Courreau",6,2,8,0.75,43.608996,3.872752
2026-02-07,11:53:39,2026-02-07T11:53:39+01:00,STATION,"Sud De France",3,3,8,0.625,43.59562,3.9235
2026-02-07,11:53:39,2026-02-07T11:53:39+01:00,STATION,"Comedie Baudin",0,8,8,0.0,43.608717,3.880787
2026-02-07,11:53:39,2026-02-07T11:53:39+01:00,STATION,"Jean de Beins",3,13,16,0.1875,43.609857,3.883884
2026-02-07,12:21:35,2026-02-07T12:21:35+01:00,STATION,"Rue Jules Ferry - Gare Saint-Roch",6,6,12,0.5,43.605366,3.881346
2026-02-07,12:21:35,2026-02-07T12:21:35+01:00,STATION,"Comédie",6,14,20,0.3,43.608148,3.878778
2026-02-07,12:21:35,2026-02-07T12:21:35+01:00,STATION,"Hôtel de Ville",7,8,16,0.5,43.599088,3.894866
2026-02-07,12:21:35,2026-02-07T12:21:35+01:00,STATION,"Corum",5,7,12,0.4166666666666667,43.613989,3.8816
2026-02-07,12:21:35,2026-02-07T12:21:35+01:00,STATION,"Place Albert 1er - St Charles",7,20,27,0.25925925925925924,43.616768,3.873375
2026-02-07,12:21:35,2026-02-07T12:21:35+01:00,STATION,"Foch",4,3,8,0.625,43.610989,3.873345
2026-02-07,12:21:35,2026-02-07T12:21:35+01:00,STATION,"Halles Castellane",0,12,12,0.0,43.609935,3.877208
2026-02-07,12:21:35,2026-02-07T12:21:35+01:00,STATION,"Observatoire",3,4,8,0.5,43.606301,3.87724
2026-02-07,12:21:35,2026-02-07T12:21:35+01:00,STATION,"Rondelet",6,10,16,0.375,43.603038,3.875796
2026-02-07,12:21:35,2026-02-07T12:21:35+01:00,STATION,"Plan Cabanes",1,11,12,0.08333333333333333,43.608491,3.868389
2026-02-07,12:21:35,2026-02-07T12:21:35+01:00,STATION,"Boutonnet",5,7,12,0.4166666666666667,43.622629,3.868375
2026-02-07,12:21:35,2026-02-07T12:21:35+01:00,STATION,"Emile Combes",4,4,8,0.5,43.616742,3.87998
2026-02-07,12:21:35,2026-02-07T12:21:35+01:00,STATION,"Beaux-Arts",7,9,16,0.4375,43.616698,3.884981
2026-02-07,12:21:35,2026-02-07T12:21:35+01:00,STATION,"Les Aubes",5,3,8,0.625,43.618692,3.893844
2026-02-07,12:21:35,2026-02-07T12:21:35+01:00,STATION,"Antigone centre",7,5,12,0.5833333333333334,43.607942,3.890634
2026-02-07,12:21:35,2026-02-07T12:21:35+01:00,STATION,"Médiathèque Emile Zola",8,8,16,0.5,43.608218,3.89314
2026-02-07,12:21:35,2026-02-07T12:21:35+01:00,STATION,"Nombre d Or",6,10,16,0.375,43.607859,3.886644
2026-02-07,12:21:35,2026-02-07T12:21:35+01:00,STATION,"Louis Blanc",3,13,16,0.1875,43.614642,3.877648
2026-02-07,12:21:35,2026-02-07T12:21:35+01:00,STATION,"Gambetta",1,7,8,0.125,43.607106,3.870693
2026-02-07,12:21:35,2026-02-07T12:21:35+01:00,STATION,"Port Marianne",12,4,16,0.75,43.60032,3.89851
2026-02-07,12:21:35,2026-02-07T12:21:35+01:00,STATION,"Les Arceaux",3,5,8,0.375,43.612659,3.867734
2026-02-07,12:21:35,2026-02-07T12:21:35+01:00,STATION,"Cité Mion",4,3,8,0.625,43.601143,3.884373
2026-02-07,12:21:35,2026-02-07T12:21:35+01:00,STATION,"Nouveau Saint-Roch",5,3,8,0.625,43.599817,3.875757
2026-02-07,12:21:35,2026-02-07T12:21:35+01:00,STATION,"Renouvier",4,3,8,0.625,43.603553,3.867884
2026-02-07,12:21:35,2026-02-07T12:21:35+01:00,STATION,"Odysseum",0,8,8,0.0,43.603727,3.918979
2026-02-07,12:21:35,2026-02-07T12:21:35+01:00,STATION,"Saint-Denis",0,8,8,0.0,43.605021,3.875065
2026-02-07,12:21:35,2026-02-07T12:21:35+01:00,STATION,"Richter",14,2,16,0.875,43.603424,3.899263
2026-02-07,12:21:35,2026-02-07T12:21:35+01:00,STATION,"Charles Flahault",4,4,8,0.5,43.622038,3.86672
2026-02-07,12:21:35,2026-02-07T12:21:35+01:00,STATION,"Voltaire",4,4,8,0.5,43.603767,3.888659
2026-02-07,12:21:35,2026-02-07T12:21:35+01:00,STATION,"Prés d Arènes",2,6,8,0.25,43.59048,3.884611
2026-02-07,12:21:35,2026-02-07T12:21:35+01:00,STATION,"Garcia Lorca",3,5,8,0.375,43.590757,3.890616
2026-02-07,12:21:35,2026-02-07T12:21:35+01:00,STATION,"Vert Bois",7,9,16,0.4375,43.63543,3.871179
2026-02-07,12:21:35,2026-02-07T12:21:35+01:00,STATION,"Malbosc",0,8,8,0.0,43.633679,3.832861
2026-02-07,12:21:35,2026-02-07T12:21:35+01:00,STATION,"Occitanie",15,17,32,0.46875,43.635689,3.849597
2026-02-07,12:21:35,2026-02-07T12:21:35+01:00,STATION,"FacdesSciences",6,18,24,0.25,43.631318,3.861299
2026-02-07,12:21:35,2026-02-07T12:21:35+01:00,STATION,"Fac de Lettres",6,6,12,0.5,43.630437,3.869539
2026-02-07,12:21:35,2026-02-07T12:21:35+01:00,STATION,"Aiguelongue",4,3,8,0.625,43.626163,3.882492
2026-02-07,12:21:35,2026-02-07T12:21:35+01:00,STATION,"Jeu de Mail des Abbés",3,5,8,0.375,43.619701,3.883831
2026-02-07,12:21:35,2026-02-07T12:21:35+01:00,STATION,"Euromédecine",4,4,8,0.5,43.639119,3.828199
2026-02-07,12:21:35,2026-02-07T12:21:35+01:00,STATION,"Marie Caizergues",1,7,8,0.125,43.619871,3.873812
2026-02-07,12:21:35,2026-02-07T12:21:35+01:00,STATION,"Sabines",6,2,8,0.75,43.584211,3.860031
2026-02-07,12:21:35,2026-02-07T12:21:35+01:00,STATION,"Celleneuve",2,6,8,0.25,43.61467,3.832624
2026-02-07,12:21:35,2026-02-07T12:21:35+01:00,STATION,"Jardin de la Lironde",4,4,8,0.5,43.60585,3.911576
2026-02-07,12:21:35,2026-02-07T12:21:35+01:00,STATION,"Père Soulas",5,3,8,0.625,43.621983,3.855603
2026-02-07,12:21:35,2026-02-07T12:21:35+01:00,STATION,"Place Viala",2,6,8,0.25,43.616812,3.855075
2026-02-07,12:21:35,2026-02-07T12:21:35+01:00,STATION,"Hôtel du Département",6,2,8,0.75,43.621682,3.83477
2026-02-07,12:21:35,2026-02-07T12:21:35+01:00,STATION,"Tonnelles",5,3,8,0.625,43.615155,3.839466
2026-02-07,12:21:35,2026-02-07T12:21:35+01:00,STATION,"Parvis Jules Ferry - Gare Saint-Roch",1,7,8,0.125,43.603889,3.879362
2026-02-07,12:21:35,2026-02-07T12:21:35+01:00,STATION,"Pont de Lattes - Gare Saint-Roch",5,7,12,0.4166666666666667,43.606036,3.882393
2026-02-07,12:21:35,2026-02-07T12:21:35+01:00,STATION,"Deux Ponts - Gare Saint-Roch",0,8,8,0.0,43.604319,3.880916
2026-02-07,12:21:35,2026-02-07T12:21:35+01:00,STATION,"Providence - Ovalie",6,2,8,0.75,43.588239,3.853421
2026-02-07,12:21:35,2026-02-07T12:21:35+01:00,STATION,"Pérols Etang de l Or",39,29,68,0.5735294117647058,43.558351,3.963412
2026-02-07,12:21:35,2026-02-07T12:21:35+01:00,STATION,"Albert 1er - Cathédrale",4,8,12,0.3333333333333333,43.614005,3.873218
2026-02-07,12:21:35,2026-02-07T12:21:35+01:00,STATION,"Saint-Guilhem - Courreau",6,2,8,0.75,43.608996,3.872752
2026-02-07,12:21:35,2026-02-07T12:21:35+01:00,STATION,"Sud De France",3,3,8,0.625,43.59562,3.9235
2026-02-07,12:21:35,2026-02-07T12:21:35+01:00,STATION,"Comedie Baudin",0,8,8,0.0,43.608717,3.880787
2026-02-07,12:21:35,2026-02-07T12:21:35+01:00,STATION,"Jean de Beins",3,13,16,0.1875,43.609857,3.883884
2026-02-07,12:44:55,2026-02-07T12:44:55+01:00,STATION,"Rue Jules Ferry - Gare Saint-Roch",6,6,12,0.5,43.605366,3.881346
2026-02-07,12:44:55,2026-02-07T12:44:55+01:00,STATION,"Comédie",6,14,20,0.3,43.608148,3.878778
2026-02-07,12:44:55,2026-02-07T12:44:55+01:00,STATION,"Hôtel de Ville",7,8,16,0.5,43.599088,3.894866
2026-02-07,12:44:55,2026-02-07T12:44:55+01:00,STATION,"Corum",5,7,12,0.4166666666666667,43.613989,3.8816
2026-02-07,12:44:55,2026-02-07T12:44:55+01:00,STATION,"Place Albert 1er - St Charles",7,20,27,0.25925925925925924,43.616768,3.873375
2026-02-07,12:44:55,2026-02-07T12:44:55+01:00,STATION,"Foch",4,3,8,0.625,43.610989,3.873345
2026-02-07,12:44:55,2026-02-07T12:44:55+01:00,STATION,"Halles Castellane",0,12,12,0.0,43.609935,3.877208
2026-02-07,12:44:55,2026-02-07T12:44:55+01:00,STATION,"Observatoire",3,4,8,0.5,43.606301,3.87724
2026-02-07,12:44:55,2026-02-07T12:44:55+01:00,STATION,"Rondelet",6,10,16,0.375,43.603038,3.875796
2026-02-07,12:44:55,2026-02-07T12:44:55+01:00,STATION,"Plan Cabanes",1,11,12,0.08333333333333333,43.608491,3.868389
2026-02-07,12:44:55,2026-02-07T12:44:55+01:00,STATION,"Boutonnet",5,7,12,0.4166666666666667,43.622629,3.868375
2026-02-07,12:44:55,2026-02-07T12:44:55+01:00,STATION,"Emile Combes",4,4,8,0.5,43.616742,3.87998
2026-02-07,12:44:55,2026-02-07T12:44:55+01:00,STATION,"Beaux-Arts",7,9,16,0.4375,43.616698,3.884981
2026-02-07,12:44:55,2026-02-07T12:44:55+01:00,STATION,"Les Aubes",5,3,8,0.625,43.618692,3.893844
2026-02-07,12:44:55,2026-02-07T12:44:55+01:00,STATION,"Antigone centre",7,5,12,0.5833333333333334,43.607942,3.890634
2026-02-07,12:44:55,2026-02-07T12:44:55+01:00,STATION,"Médiathèque Emile Zola",8,8,16,0.5,43.608218,3.89314
2026-02-07,12:44:55,2026-02-07T12:44:55+01:00,STATION,"Nombre d Or",6,10,16,0.375,43.607859,3.886644
2026-02-07,12:44:55,2026-02-07T12:44:55+01:00,STATION,"Louis Blanc",3,13,16,0.1875,43.614642,3.877648
2026-02-07,12:44:55,2026-02-07T12:44:55+01:00,STATION,"Gambetta",1,7,8,0.125,43.607106,3.870693
2026-02-07,12:44:55,2026-02-07T12:44:55+01:00,STATION,"Port Marianne",11,5,16,0.6875,43.60032,3.89851
2026-02-07,12:44:55,2026-02-07T12:44:55+01:00,STATION,"Les Arceaux",3,5,8,0.375,43.612659,3.867734
2026-02-07,12:44:55,2026-02-07T12:44:55+01:00,STATION,"Cité Mion",4,3,8,0.625,43.601143,3.884373
2026-02-07,12:44:55,2026-02-07T12:44:55+01:00,STATION,"Nouveau Saint-Roch",5,3,8,0.625,43.599817,3.875757
2026-02-07,12:44:55,2026-02-07T12:44:55+01:00,STATION,"Renouvier",4,3,8,0.625,43.603553,3.867884
2026-02-07,12:44:55,2026-02-07T12:44:55+01:00,STATION,"Odysseum",0,8,8,0.0,43.603727,3.918979
2026-02-07,12:44:55,2026-02-07T12:44:55+01:00,STATION,"Saint-Denis",0,8,8,0.0,43.605021,3.875065
2026-02-07,12:44:55,2026-02-07T12:44:55+01:00,STATION,"Richter",14,2,16,0.875,43.603424,3.899263
2026-02-07,12:44:55,2026-02-07T12:44:55+01:00,STATION,"Charles Flahault",4,4,8,0.5,43.622038,3.86672
2026-02-07,12:44:55,2026-02-07T12:44:55+01:00,STATION,"Voltaire",4,4,8,0.5,43.603767,3.888659
2026-02-07,12:44:55,2026-02-07T12:44:55+01:00,STATION,"Prés d Arènes",2,6,8,0.25,43.59048,3.884611
2026-02-07,12:44:55,2026-02-07T12:44:55+01:00,STATION,"Garcia Lorca",3,5,8,0.375,43.590757,3.890616
2026-02-07,12:44:55,2026-02-07T12:44:55+01:00,STATION,"Vert Bois",7,9,16,0.4375,43.63543,3.871179
2026-02-07,12:44:55,2026-02-07T12:44:55+01:00,STATION,"Malbosc",0,8,8,0.0,43.633679,3.832861
2026-02-07,12:44:55,2026-02-07T12:44:55+01:00,STATION,"Occitanie",15,17,32,0.46875,43.635689,3.849597
2026-02-07,12:44:55,2026-02-07T12:44:55+01:00,STATION,"FacdesSciences",5,19,24,0.20833333333333334,43.631318,3.861299
2026-02-07,12:44:55,2026-02-07T12:44:55+01:00,STATION,"Fac de Lettres",6,6,12,0.5,43.630437,3.869539
2026-02-07,12:44:55,2026-02-07T12:44:55+01:00,STATION,"Aiguelongue",4,3,8,0.625,43.626163,3.882492
2026-02-07,12:44:55,2026-02-07T12:44:55+01:00,STATION,"Jeu de Mail des Abbés",3,5,8,0.375,43.619701,3.883831
2026-02-07,12:44:55,2026-02-07T12:44:55+01:00,STATION,"Euromédecine",4,4,8,0.5,43.639119,3.828199
2026-02-07,12:44:55,2026-02-07T12:44:55+01:00,STATION,"Marie Caizergues",1,7,8,0.125,43.619871,3.873812
2026-02-07,12:44:55,2026-02-07T12:44:55+01:00,STATION,"Sabines",6,2,8,0.75,43.584211,3.860031
2026-02-07,12:44:55,2026-02-07T12:44:55+01:00,STATION,"Celleneuve",2,6,8,0.25,43.61467,3.832624
2026-02-07,12:44:55,2026-02-07T12:44:55+01:00,STATION,"Jardin de la Lironde",4,4,8,0.5,43.60585,3.911576
2026-02-07,12:44:55,2026-02-07T12:44:55+01:00,STATION,"Père Soulas",5,3,8,0.625,43.621983,3.855603
2026-02-07,12:44:55,2026-02-07T12:44:55+01:00,STATION,"Place Viala",2,6,8,0.25,43.616812,3.855075
2026-02-07,12:44:55,2026-02-07T12:44:55+01:00,STATION,"Hôtel du Département",6,2,8,0.75,43.621682,3.83477
2026-02-07,12:44:55,2026-02-07T12:44:55+01:00,STATION,"Tonnelles",5,3,8,0.625,43.615155,3.839466
2026-02-07,12:44:55,2026-02-07T12:44:55+01:00,STATION,"Parvis Jules Ferry - Gare Saint-Roch",1,7,8,0.125,43.603889,3.879362
2026-02-07,12:44:55,2026-02-07T12:44:55+01:00,STATION,"Pont de Lattes - Gare Saint-Roch",5,7,12,0.4166666666666667,43.606036,3.882393
2026-02-07,12:44:55,2026-02-07T12:44:55+01:00,STATION,"Deux Ponts - Gare Saint-Roch",0,8,8,0.0,43.604319,3.880916
2026-02-07,12:44:55,2026-02-07T12:44:55+01:00,STATION,"Providence - Ovalie",6,2,8,0.75,43.588239,3.853421
2026-02-07,12:44:55,2026-02-07T12:44:55+01:00,STATION,"Pérols Etang de l Or",37,31,68,0.5441176470588235,43.558351,3.963412
2026-02-07,12:44:55,2026-02-07T12:44:55+01:00,STATION,"Albert 1er - Cathédrale",4,8,12,0.3333333333333333,43.614005,3.873218
2026-02-07,12:44:55,2026-02-07T12:44:55+01:00,STATION,"Saint-Guilhem - Courreau",6,2,8,0.75,43.608996,3.872752
2026-02-07,12:44:55,2026-02-07T12:44:55+01:00,STATION,"Sud De France",3,3,8,0.625,43.59562,3.9235
2026-02-07,12:44:55,2026-02-07T12:44:55+01:00,STATION,"Comedie Baudin",0,8,8,0.0,43.608717,3.880787
2026-02-07,12:44:55,2026-02-07T12:44:55+01:00,STATION,"Jean de Beins",3,13,16,0.1875,43.609857,3.883884
2026-02-07,13:48:53,2026-02-07T13:48:53+01:00,STATION,"Rue Jules Ferry - Gare Saint-Roch",4,8,12,0.3333333333333333,43.605366,3.881346
2026-02-07,13:48:53,2026-02-07T13:48:53+01:00,STATION,"Comédie",6,14,20,0.3,43.608148,3.878778
2026-02-07,13:48:53,2026-02-07T13:48:53+01:00,STATION,"Hôtel de Ville",7,8,16,0.5,43.599088,3.894866
2026-02-07,13:48:53,2026-02-07T13:48:53+01:00,STATION,"Corum",5,7,12,0.4166666666666667,43.613989,3.8816
2026-02-07,13:48:53,2026-02-07T13:48:53+01:00,STATION,"Place Albert 1er - St Charles",7,20,27,0.25925925925925924,43.616768,3.873375
2026-02-07,13:48:53,2026-02-07T13:48:53+01:00,STATION,"Foch",4,3,8,0.625,43.610989,3.873345
2026-02-07,13:48:53,2026-02-07T13:48:53+01:00,STATION,"Halles Castellane",0,12,12,0.0,43.609935,3.877208
2026-02-07,13:48:53,2026-02-07T13:48:53+01:00,STATION,"Observatoire",3,4,8,0.5,43.606301,3.87724
2026-02-07,13:48:53,2026-02-07T13:48:53+01:00,STATION,"Rondelet",6,10,16,0.375,43.603038,3.875796
2026-02-07,13:48:53,2026-02-07T13:48:53+01:00,STATION,"Plan Cabanes",1,11,12,0.08333333333333333,43.608491,3.868389
2026-02-07,13:48:53,2026-02-07T13:48:53+01:00,STATION,"Boutonnet",5,7,12,0.4166666666666667,43.622629,3.868375
2026-02-07,13:48:53,2026-02-07T13:48:53+01:00,STATION,"Emile Combes",3,5,8,0.375,43.616742,3.87998
2026-02-07,13:48:53,2026-02-07T13:48:53+01:00,STATION,"Beaux-Arts",7,9,16,0.4375,43.616698,3.884981
2026-02-07,13:48:53,2026-02-07T13:48:53+01:00,STATION,"Les Aubes",5,3,8,0.625,43.618692,3.893844
2026-02-07,13:48:53,2026-02-07T13:48:53+01:00,STATION,"Antigone centre",4,8,12,0.3333333333333333,43.607942,3.890634
2026-02-07,13:48:53,2026-02-07T13:48:53+01:00,STATION,"Médiathèque Emile Zola",8,8,16,0.5,43.608218,3.89314
2026-02-07,13:48:53,2026-02-07T13:48:53+01:00,STATION,"Nombre d Or",6,10,16,0.375,43.607859,3.886644
2026-02-07,13:48:53,2026-02-07T13:48:53+01:00,STATION,"Louis Blanc",3,13,16,0.1875,43.614642,3.877648
2026-02-07,13:48:53,2026-02-07T13:48:53+01:00,STATION,"Gambetta",1,7,8,0.125,43.607106,3.870693
2026-02-07,13:48:53,2026-02-07T13:48:53+01:00,STATION,"Port Marianne",10,6,16,0.625,43.60032,3.89851
2026-02-07,13:48:53,2026-02-07T13:48:53+01:00,STATION,"Les Arceaux",2,6,8,0.25,43.612659,3.867734
2026-02-07,13:48:53,2026-02-07T13:48:53+01:00,STATION,"Cité Mion",4,3,8,0.625,43.601143,3.884373
2026-02-07,13:48:53,2026-02-07T13:48:53+01:00,STATION,"Nouveau Saint-Roch",5,3,8,0.625,43.599817,3.875757
2026-02-07,13:48:53,2026-02-07T13:48:53+01:00,STATION,"Renouvier",4,3,8,0.625,43.603553,3.867884
2026-02-07,13:48:53,2026-02-07T13:48:53+01:00,STATION,"Odysseum",0,8,8,0.0,43.603727,3.918979
2026-02-07,13:48:53,2026-02-07T13:48:53+01:00,STATION,"Saint-Denis",0,8,8,0.0,43.605021,3.875065
2026-02-07,13:48:53,2026-02-07T13:48:53+01:00,STATION,"Richter",14,2,16,0.875,43.603424,3.899263
2026-02-07,13:48:53,2026-02-07T13:48:53+01:00,STATION,"Charles Flahault",4,4,8,0.5,43.622038,3.86672
2026-02-07,13:48:53,2026-02-07T13:48:53+01:00,STATION,"Voltaire",4,4,8,0.5,43.603767,3.888659
2026-02-07,13:48:53,2026-02-07T13:48:53+01:00,STATION,"Prés d Arènes",2,6,8,0.25,43.59048,3.884611
2026-02-07,13:48:53,2026-02-07T13:48:53+01:00,STATION,"Garcia Lorca",3,5,8,0.375,43.590757,3.890616
2026-02-07,13:48:53,2026-02-07T13:48:53+01:00,STATION,"Vert Bois",7,9,16,0.4375,43.63543,3.871179
2026-02-07,13:48:53,2026-02-07T13:48:53+01:00,STATION,"Malbosc",0,8,8,0.0,43.633679,3.832861
2026-02-07,13:48:53,2026-02-07T13:48:53+01:00,STATION,"Occitanie",15,17,32,0.46875,43.635689,3.849597
2026-02-07,13:48:53,2026-02-07T13:48:53+01:00,STATION,"FacdesSciences",5,19,24,0.20833333333333334,43.631318,3.861299
2026-02-07,13:48:53,2026-02-07T13:48:53+01:00,STATION,"Fac de Lettres",6,6,12,0.5,43.630437,3.869539
2026-02-07,13:48:53,2026-02-07T13:48:53+01:00,STATION,"Aiguelongue",4,3,8,0.625,43.626163,3.882492
2026-02-07,13:48:53,2026-02-07T13:48:53+01:00,STATION,"Jeu de Mail des Abbés",3,5,8,0.375,43.619701,3.883831
2026-02-07,13:48:53,2026-02-07T13:48:53+01:00,STATION,"Euromédecine",4,4,8,0.5,43.639119,3.828199
2026-02-07,13:48:53,2026-02-07T13:48:53+01:00,STATION,"Marie Caizergues",1,7,8,0.125,43.619871,3.873812
2026-02-07,13:48:53,2026-02-07T13:48:53+01:00,STATION,"Sabines",6,2,8,0.75,43.584211,3.860031
2026-02-07,13:48:53,2026-02-07T13:48:53+01:00,STATION,"Celleneuve",2,6,8,0.25,43.61467,3.832624
2026-02-07,13:48:53,2026-02-07T13:48:53+01:00,STATION,"Jardin de la Lironde",4,4,8,0.5,43.60585,3.911576
2026-02-07,13:48:53,2026-02-07T13:48:53+01:00,STATION,"Père Soulas",5,3,8,0.625,43.621983,3.855603
2026-02-07,13:48:53,2026-02-07T13:48:53+01:00,STATION,"Place Viala",2,6,8,0.25,43.616812,3.855075
2026-02-07,13:48:53,2026-02-07T13:48:53+01:00,STATION,"Hôtel du Département",6,2,8,0.75,43.621682,3.83477
2026-02-07,13:48:53,2026-02-07T13:48:53+01:00,STATION,"Tonnelles",4,4,8,0.5,43.615155,3.839466
2026-02-07,13:48:53,2026-02-07T13:48:53+01:00,STATION,"Parvis Jules Ferry - Gare Saint-Roch",1,7,8,0.125,43.603889,3.879362
2026-02-07,13:48:53,2026-02-07T13:48:53+01:00,STATION,"Pont de Lattes - Gare Saint-Roch",5,7,12,0.4166666666666667,43.606036,3.882393
2026-02-07,13:48:53,2026-02-07T13:48:53+01:00,STATION,"Deux Ponts - Gare Saint-Roch",0,8,8,0.0,43.604319,3.880916
2026-02-07,13:48:53,2026-02-07T13:48:53+01:00,STATION,"Providence - Ovalie",6,2,8,0.75,43.588239,3.853421
2026-02-07,13:48:53,2026-02-07T13:48:53+01:00,STATION,"Pérols Etang de l Or",36,32,68,0.5294117647058824,43.558351,3.963412
2026-02-07,13:48:53,2026-02-07T13:48:53+01:00,STATION,"Albert 1er - Cathédrale",4,8,12,0.3333333333333333,43.614005,3.873218
2026-02-07,13:48:53,2026-02-07T13:48:53+01:00,STATION,"Saint-Guilhem - Courreau",6,2,8,0.75,43.608996,3.872752
2026-02-07,13:48:53,2026-02-07T13:48:53+01:00,STATION,"Sud De France",2,4,8,0.5,43.59562,3.9235
2026-02-07,13:48:53,2026-02-07T13:48:53+01:00,STATION,"Comedie Baudin",0,8,8,0.0,43.608717,3.880787
2026-02-07,13:48:53,2026-02-07T13:48:53+01:00,STATION,"Jean de Beins",3,13,16,0.1875,43.609857,3.883884
2026-02-07,14:43:22,2026-02-07T14:43:22+01:00,STATION,"Rue Jules Ferry - Gare Saint-Roch",3,9,12,0.25,43.605366,3.881346
2026-02-07,14:43:22,2026-02-07T14:43:22+01:00,STATION,"Comédie",5,15,20,0.25,43.608148,3.878778
2026-02-07,14:43:22,2026-02-07T14:43:22+01:00,STATION,"Hôtel de Ville",8,7,16,0.5625,43.599088,3.894866
2026-02-07,14:43:22,2026-02-07T14:43:22+01:00,STATION,"Corum",5,7,12,0.4166666666666667,43.613989,3.8816
2026-02-07,14:43:22,2026-02-07T14:43:22+01:00,STATION,"Place Albert 1er - St Charles",5,22,27,0.18518518518518517,43.616768,3.873375
2026-02-07,14:43:22,2026-02-07T14:43:22+01:00,STATION,"Foch",4,3,8,0.625,43.610989,3.873345
2026-02-07,14:43:22,2026-02-07T14:43:22+01:00,STATION,"Halles Castellane",0,12,12,0.0,43.609935,3.877208
2026-02-07,14:43:22,2026-02-07T14:43:22+01:00,STATION,"Observatoire",2,5,8,0.375,43.606301,3.87724
2026-02-07,14:43:22,2026-02-07T14:43:22+01:00,STATION,"Rondelet",6,10,16,0.375,43.603038,3.875796
2026-02-07,14:43:22,2026-02-07T14:43:22+01:00,STATION,"Plan Cabanes",1,11,12,0.08333333333333333,43.608491,3.868389
2026-02-07,14:43:22,2026-02-07T14:43:22+01:00,STATION,"Boutonnet",6,6,12,0.5,43.622629,3.868375
2026-02-07,14:43:22,2026-02-07T14:43:22+01:00,STATION,"Emile Combes",3,5,8,0.375,43.616742,3.87998
2026-02-07,14:43:22,2026-02-07T14:43:22+01:00,STATION,"Beaux-Arts",7,9,16,0.4375,43.616698,3.884981
2026-02-07,14:43:22,2026-02-07T14:43:22+01:00,STATION,"Les Aubes",5,3,8,0.625,43.618692,3.893844
2026-02-07,14:43:22,2026-02-07T14:43:22+01:00,STATION,"Antigone centre",5,7,12,0.4166666666666667,43.607942,3.890634
2026-02-07,14:43:22,2026-02-07T14:43:22+01:00,STATION,"Médiathèque Emile Zola",9,7,16,0.5625,43.608218,3.89314
2026-02-07,14:43:22,2026-02-07T14:43:22+01:00,STATION,"Nombre d Or",6,10,16,0.375,43.607859,3.886644
2026-02-07,14:43:22,2026-02-07T14:43:22+01:00,STATION,"Louis Blanc",3,13,16,0.1875,43.614642,3.877648
2026-02-07,14:43:22,2026-02-07T14:43:22+01:00,STATION,"Gambetta",1,7,8,0.125,43.607106,3.870693
2026-02-07,14:43:22,2026-02-07T14:43:22+01:00,STATION,"Port Marianne",10,6,16,0.625,43.60032,3.89851
2026-02-07,14:43:22,2026-02-07T14:43:22+01:00,STATION,"Les Arceaux",2,6,8,0.25,43.612659,3.867734
2026-02-07,14:43:22,2026-02-07T14:43:22+01:00,STATION,"Cité Mion",4,3,8,0.625,43.601143,3.884373
2026-02-07,14:43:22,2026-02-07T14:43:22+01:00,STATION,"Nouveau Saint-Roch",4,4,8,0.5,43.599817,3.875757
2026-02-07,14:43:22,2026-02-07T14:43:22+01:00,STATION,"Renouvier",4,3,8,0.625,43.603553,3.867884
2026-02-07,14:43:22,2026-02-07T14:43:22+01:00,STATION,"Odysseum",0,8,8,0.0,43.603727,3.918979
2026-02-07,14:43:22,2026-02-07T14:43:22+01:00,STATION,"Saint-Denis",0,8,8,0.0,43.605021,3.875065
2026-02-07,14:43:22,2026-02-07T14:43:22+01:00,STATION,"Richter",14,2,16,0.875,43.603424,3.899263
2026-02-07,14:43:22,2026-02-07T14:43:22+01:00,STATION,"Charles Flahault",4,4,8,0.5,43.622038,3.86672
2026-02-07,14:43:22,2026-02-07T14:43:22+01:00,STATION,"Voltaire",4,4,8,0.5,43.603767,3.888659
2026-02-07,14:43:22,2026-02-07T14:43:22+01:00,STATION,"Prés d Arènes",2,6,8,0.25,43.59048,3.884611
2026-02-07,14:43:22,2026-02-07T14:43:22+01:00,STATION,"Garcia Lorca",3,5,8,0.375,43.590757,3.890616
2026-02-07,14:43:22,2026-02-07T14:43:22+01:00,STATION,"Vert Bois",7,9,16,0.4375,43.63543,3.871179
2026-02-07,14:43:22,2026-02-07T14:43:22+01:00,STATION,"Malbosc",0,8,8,0.0,43.633679,3.832861
2026-02-07,14:43:22,2026-02-07T14:43:22+01:00,STATION,"Occitanie",15,17,32,0.46875,43.635689,3.849597
2026-02-07,14:43:22,2026-02-07T14:43:22+01:00,STATION,"FacdesSciences",5,19,24,0.20833333333333334,43.631318,3.861299
2026-02-07,14:43:22,2026-02-07T14:43:22+01:00,STATION,"Fac de Lettres",7,5,12,0.5833333333333334,43.630437,3.869539
2026-02-07,14:43:22,2026-02-07T14:43:22+01:00,STATION,"Aiguelongue",4,3,8,0.625,43.626163,3.882492
2026-02-07,14:43:22,2026-02-07T14:43:22+01:00,STATION,"Jeu de Mail des Abbés",3,5,8,0.375,43.619701,3.883831
2026-02-07,14:43:22,2026-02-07T14:43:22+01:00,STATION,"Euromédecine",4,4,8,0.5,43.639119,3.828199
2026-02-07,14:43:22,2026-02-07T14:43:22+01:00,STATION,"Marie Caizergues",0,8,8,0.0,43.619871,3.873812
2026-02-07,14:43:22,2026-02-07T14:43:22+01:00,STATION,"Sabines",6,2,8,0.75,43.584211,3.860031
2026-02-07,14:43:22,2026-02-07T14:43:22+01:00,STATION,"Celleneuve",2,6,8,0.25,43.61467,3.832624
2026-02-07,14:43:22,2026-02-07T14:43:22+01:00,STATION,"Jardin de la Lironde",4,4,8,0.5,43.60585,3.911576
2026-02-07,14:43:22,2026-02-07T14:43:22+01:00,STATION,"Père Soulas",5,3,8,0.625,43.621983,3.855603
2026-02-07,14:43:22,2026-02-07T14:43:22+01:00,STATION,"Place Viala",2,6,8,0.25,43.616812,3.855075
2026-02-07,14:43:22,2026-02-07T14:43:22+01:00,STATION,"Hôtel du Département",6,2,8,0.75,43.621682,3.83477
2026-02-07,14:43:22,2026-02-07T14:43:22+01:00,STATION,"Tonnelles",4,4,8,0.5,43.615155,3.839466
2026-02-07,14:43:22,2026-02-07T14:43:22+01:00,STATION,"Parvis Jules Ferry - Gare Saint-Roch",1,7,8,0.125,43.603889,3.879362
2026-02-07,14:43:22,2026-02-07T14:43:22+01:00,STATION,"Pont de Lattes - Gare Saint-Roch",5,7,12,0.4166666666666667,43.606036,3.882393
2026-02-07,14:43:22,2026-02-07T14:43:22+01:00,STATION,"Deux Ponts - Gare Saint-Roch",0,8,8,0.0,43.604319,3.880916
2026-02-07,14:43:22,2026-02-07T14:43:22+01:00,STATION,"Providence - Ovalie",6,2,8,0.75,43.588239,3.853421
2026-02-07,14:43:22,2026-02-07T14:43:22+01:00,STATION,"Pérols Etang de l Or",36,32,68,0.5294117647058824,43.558351,3.963412
2026-02-07,14:43:22,2026-02-07T14:43:22+01:00,STATION,"Albert 1er - Cathédrale",4,8,12,0.3333333333333333,43.614005,3.873218
2026-02-07,14:43:22,2026-02-07T14:43:22+01:00,STATION,"Saint-Guilhem - Courreau",6,2,8,0.75,43.608996,3.872752
2026-02-07,14:43:22,2026-02-07T14:43:22+01:00,STATION,"Sud De France",2,4,8,0.5,43.59562,3.9235
2026-02-07,14:43:22,2026-02-07T14:43:22+01:00,STATION,"Comedie Baudin",0,8,8,0.0,43.608717,3.880787
2026-02-07,14:43:22,2026-02-07T14:43:22+01:00,STATION,"Jean de Beins",3,13,16,0.1875,43.609857,3.883884
2026-02-07,15:26:42,2026-02-07T15:26:42+01:00,STATION,"Rue Jules Ferry - Gare Saint-Roch",4,8,12,0.3333333333333333,43.605366,3.881346
2026-02-07,15:26:42,2026-02-07T15:26:42+01:00,STATION,"Comédie",5,15,20,0.25,43.608148,3.878778
2026-02-07,15:26:42,2026-02-07T15:26:42+01:00,STATION,"Hôtel de Ville",8,7,16,0.5625,43.599088,3.894866
2026-02-07,15:26:42,2026-02-07T15:26:42+01:00,STATION,"Corum",5,7,12,0.4166666666666667,43.613989,3.8816
2026-02-07,15:26:42,2026-02-07T15:26:42+01:00,STATION,"Place Albert 1er - St Charles",5,22,27,0.18518518518518517,43.616768,3.873375
2026-02-07,15:26:42,2026-02-07T15:26:42+01:00,STATION,"Foch",5,3,8,0.625,43.610989,3.873345
2026-02-07,15:26:42,2026-02-07T15:26:42+01:00,STATION,"Halles Castellane",0,12,12,0.0,43.609935,3.877208
2026-02-07,15:26:42,2026-02-07T15:26:42+01:00,STATION,"Observatoire",2,5,8,0.375,43.606301,3.87724
2026-02-07,15:26:42,2026-02-07T15:26:42+01:00,STATION,"Rondelet",5,11,16,0.3125,43.603038,3.875796
2026-02-07,15:26:42,2026-02-07T15:26:42+01:00,STATION,"Plan Cabanes",1,11,12,0.08333333333333333,43.608491,3.868389
2026-02-07,15:26:42,2026-02-07T15:26:42+01:00,STATION,"Boutonnet",3,9,12,0.25,43.622629,3.868375
2026-02-07,15:26:42,2026-02-07T15:26:42+01:00,STATION,"Emile Combes",3,5,8,0.375,43.616742,3.87998
2026-02-07,15:26:42,2026-02-07T15:26:42+01:00,STATION,"Beaux-Arts",7,9,16,0.4375,43.616698,3.884981
2026-02-07,15:26:42,2026-02-07T15:26:42+01:00,STATION,"Les Aubes",5,3,8,0.625,43.618692,3.893844
2026-02-07,15:26:42,2026-02-07T15:26:42+01:00,STATION,"Antigone centre",5,7,12,0.4166666666666667,43.607942,3.890634
2026-02-07,15:26:42,2026-02-07T15:26:42+01:00,STATION,"Médiathèque Emile Zola",9,7,16,0.5625,43.608218,3.89314
2026-02-07,15:26:42,2026-02-07T15:26:42+01:00,STATION,"Nombre d Or",6,10,16,0.375,43.607859,3.886644
2026-02-07,15:26:42,2026-02-07T15:26:42+01:00,STATION,"Louis Blanc",3,13,16,0.1875,43.614642,3.877648
2026-02-07,15:26:42,2026-02-07T15:26:42+01:00,STATION,"Gambetta",1,7,8,0.125,43.607106,3.870693
2026-02-07,15:26:42,2026-02-07T15:26:42+01:00,STATION,"Port Marianne",9,7,16,0.5625,43.60032,3.89851
2026-02-07,15:26:42,2026-02-07T15:26:42+01:00,STATION,"Les Arceaux",3,5,8,0.375,43.612659,3.867734
2026-02-07,15:26:42,2026-02-07T15:26:42+01:00,STATION,"Cité Mion",4,3,8,0.625,43.601143,3.884373
2026-02-07,15:26:42,2026-02-07T15:26:42+01:00,STATION,"Nouveau Saint-Roch",2,6,8,0.25,43.599817,3.875757
2026-02-07,15:26:42,2026-02-07T15:26:42+01:00,STATION,"Renouvier",4,3,8,0.625,43.603553,3.867884
2026-02-07,15:26:42,2026-02-07T15:26:42+01:00,STATION,"Odysseum",0,8,8,0.0,43.603727,3.918979
2026-02-07,15:26:42,2026-02-07T15:26:42+01:00,STATION,"Saint-Denis",0,8,8,0.0,43.605021,3.875065
2026-02-07,15:26:42,2026-02-07T15:26:42+01:00,STATION,"Richter",14,2,16,0.875,43.603424,3.899263
2026-02-07,15:26:42,2026-02-07T15:26:42+01:00,STATION,"Charles Flahault",3,5,8,0.375,43.622038,3.86672
2026-02-07,15:26:42,2026-02-07T15:26:42+01:00,STATION,"Voltaire",4,4,8,0.5,43.603767,3.888659
2026-02-07,15:26:42,2026-02-07T15:26:42+01:00,STATION,"Prés d Arènes",2,6,8,0.25,43.59048,3.884611
2026-02-07,15:26:42,2026-02-07T15:26:42+01:00,STATION,"Garcia Lorca",3,5,8,0.375,43.590757,3.890616
2026-02-07,15:26:42,2026-02-07T15:26:42+01:00,STATION,"Vert Bois",7,9,16,0.4375,43.63543,3.871179
2026-02-07,15:26:42,2026-02-07T15:26:42+01:00,STATION,"Malbosc",0,8,8,0.0,43.633679,3.832861
2026-02-07,15:26:42,2026-02-07T15:26:42+01:00,STATION,"Occitanie",14,18,32,0.4375,43.635689,3.849597
2026-02-07,15:26:42,2026-02-07T15:26:42+01:00,STATION,"FacdesSciences",5,19,24,0.20833333333333334,43.631318,3.861299
2026-02-07,15:26:42,2026-02-07T15:26:42+01:00,STATION,"Fac de Lettres",7,5,12,0.5833333333333334,43.630437,3.869539
2026-02-07,15:26:42,2026-02-07T15:26:42+01:00,STATION,"Aiguelongue",4,3,8,0.625,43.626163,3.882492
2026-02-07,15:26:42,2026-02-07T15:26:42+01:00,STATION,"Jeu de Mail des Abbés",4,4,8,0.5,43.619701,3.883831
2026-02-07,15:26:42,2026-02-07T15:26:42+01:00,STATION,"Euromédecine",2,6,8,0.25,43.639119,3.828199
2026-02-07,15:26:42,2026-02-07T15:26:42+01:00,STATION,"Marie Caizergues",0,8,8,0.0,43.619871,3.873812
2026-02-07,15:26:42,2026-02-07T15:26:42+01:00,STATION,"Sabines",6,2,8,0.75,43.584211,3.860031
2026-02-07,15:26:42,2026-02-07T15:26:42+01:00,STATION,"Celleneuve",2,6,8,0.25,43.61467,3.832624
2026-02-07,15:26:42,2026-02-07T15:26:42+01:00,STATION,"Jardin de la Lironde",4,4,8,0.5,43.60585,3.911576
2026-02-07,15:26:42,2026-02-07T15:26:42+01:00,STATION,"Père Soulas",4,4,8,0.5,43.621983,3.855603
2026-02-07,15:26:42,2026-02-07T15:26:42+01:00,STATION,"Place Viala",2,6,8,0.25,43.616812,3.855075
2026-02-07,15:26:42,2026-02-07T15:26:42+01:00,STATION,"Hôtel du Département",6,2,8,0.75,43.621682,3.83477
2026-02-07,15:26:42,2026-02-07T15:26:42+01:00,STATION,"Tonnelles",4,4,8,0.5,43.615155,3.839466
2026-02-07,15:26:42,2026-02-07T15:26:42+01:00,STATION,"Parvis Jules Ferry - Gare Saint-Roch",1,7,8,0.125,43.603889,3.879362
2026-02-07,15:26:42,2026-02-07T15:26:42+01:00,STATION,"Pont de Lattes - Gare Saint-Roch",5,7,12,0.4166666666666667,43.606036,3.882393
2026-02-07,15:26:42,2026-02-07T15:26:42+01:00,STATION,"Deux Ponts - Gare Saint-Roch",0,8,8,0.0,43.604319,3.880916
2026-02-07,15:26:42,2026-02-07T15:26:42+01:00,STATION,"Providence - Ovalie",6,2,8,0.75,43.588239,3.853421
2026-02-07,15:26:42,2026-02-07T15:26:42+01:00,STATION,"Pérols Etang de l Or",36,32,68,0.5294117647058824,43.558351,3.963412
2026-02-07,15:26:42,2026-02-07T15:26:42+01:00,STATION,"Albert 1er - Cathédrale",4,8,12,0.3333333333333333,43.614005,3.873218
2026-02-07,15:26:42,2026-02-07T15:26:42+01:00,STATION,"Saint-Guilhem - Courreau",5,3,8,0.625,43.608996,3.872752
2026-02-07,15:26:42,2026-02-07T15:26:42+01:00,STATION,"Sud De France",2,4,8,0.5,43.59562,3.9235
2026-02-07,15:26:42,2026-02-07T15:26:42+01:00,STATION,"Comedie Baudin",0,8,8,0.0,43.608717,3.880787
2026-02-07,15:26:42,2026-02-07T15:26:42+01:00,STATION,"Jean de Beins",3,13,16,0.1875,43.609857,3.883884
2026-02-07,15:53:27,2026-02-07T15:53:27+01:00,STATION,"Rue Jules Ferry - Gare Saint-Roch",4,8,12,0.3333333333333333,43.605366,3.881346
2026-02-07,15:53:27,2026-02-07T15:53:27+01:00,STATION,"Comédie",5,15,20,0.25,43.608148,3.878778
2026-02-07,15:53:27,2026-02-07T15:53:27+01:00,STATION,"Hôtel de Ville",8,7,16,0.5625,43.599088,3.894866
2026-02-07,15:53:27,2026-02-07T15:53:27+01:00,STATION,"Corum",5,7,12,0.4166666666666667,43.613989,3.8816
2026-02-07,15:53:27,2026-02-07T15:53:27+01:00,STATION,"Place Albert 1er - St Charles",7,20,27,0.25925925925925924,43.616768,3.873375
2026-02-07,15:53:27,2026-02-07T15:53:27+01:00,STATION,"Foch",4,4,8,0.5,43.610989,3.873345
2026-02-07,15:53:27,2026-02-07T15:53:27+01:00,STATION,"Halles Castellane",0,12,12,0.0,43.609935,3.877208
2026-02-07,15:53:27,2026-02-07T15:53:27+01:00,STATION,"Observatoire",2,5,8,0.375,43.606301,3.87724
2026-02-07,15:53:27,2026-02-07T15:53:27+01:00,STATION,"Rondelet",4,12,16,0.25,43.603038,3.875796
2026-02-07,15:53:27,2026-02-07T15:53:27+01:00,STATION,"Plan Cabanes",1,11,12,0.08333333333333333,43.608491,3.868389
2026-02-07,15:53:27,2026-02-07T15:53:27+01:00,STATION,"Boutonnet",3,9,12,0.25,43.622629,3.868375
2026-02-07,15:53:27,2026-02-07T15:53:27+01:00,STATION,"Emile Combes",3,5,8,0.375,43.616742,3.87998
2026-02-07,15:53:27,2026-02-07T15:53:27+01:00,STATION,"Beaux-Arts",7,9,16,0.4375,43.616698,3.884981
2026-02-07,15:53:27,2026-02-07T15:53:27+01:00,STATION,"Les Aubes",5,3,8,0.625,43.618692,3.893844
2026-02-07,15:53:27,2026-02-07T15:53:27+01:00,STATION,"Antigone centre",5,7,12,0.4166666666666667,43.607942,3.890634
2026-02-07,15:53:27,2026-02-07T15:53:27+01:00,STATION,"Médiathèque Emile Zola",11,5,16,0.6875,43.608218,3.89314
2026-02-07,15:53:27,2026-02-07T15:53:27+01:00,STATION,"Nombre d Or",6,10,16,0.375,43.607859,3.886644
2026-02-07,15:53:27,2026-02-07T15:53:27+01:00,STATION,"Louis Blanc",3,13,16,0.1875,43.614642,3.877648
2026-02-07,15:53:27,2026-02-07T15:53:27+01:00,STATION,"Gambetta",1,7,8,0.125,43.607106,3.870693
2026-02-07,15:53:27,2026-02-07T15:53:27+01:00,STATION,"Port Marianne",9,7,16,0.5625,43.60032,3.89851
2026-02-07,15:53:27,2026-02-07T15:53:27+01:00,STATION,"Les Arceaux",3,5,8,0.375,43.612659,3.867734
2026-02-07,15:53:27,2026-02-07T15:53:27+01:00,STATION,"Cité Mion",4,3,8,0.625,43.601143,3.884373
2026-02-07,15:53:27,2026-02-07T15:53:27+01:00,STATION,"Nouveau Saint-Roch",2,6,8,0.25,43.599817,3.875757
2026-02-07,15:53:27,2026-02-07T15:53:27+01:00,STATION,"Renouvier",4,3,8,0.625,43.603553,3.867884
2026-02-07,15:53:27,2026-02-07T15:53:27+01:00,STATION,"Odysseum",0,8,8,0.0,43.603727,3.918979
2026-02-07,15:53:27,2026-02-07T15:53:27+01:00,STATION,"Saint-Denis",0,8,8,0.0,43.605021,3.875065
2026-02-07,15:53:27,2026-02-07T15:53:27+01:00,STATION,"Richter",14,2,16,0.875,43.603424,3.899263
2026-02-07,15:53:27,2026-02-07T15:53:27+01:00,STATION,"Charles Flahault",3,5,8,0.375,43.622038,3.86672
2026-02-07,15:53:27,2026-02-07T15:53:27+01:00,STATION,"Voltaire",4,4,8,0.5,43.603767,3.888659
2026-02-07,15:53:27,2026-02-07T15:53:27+01:00,STATION,"Prés d Arènes",2,6,8,0.25,43.59048,3.884611
2026-02-07,15:53:27,2026-02-07T15:53:27+01:00,STATION,"Garcia Lorca",3,5,8,0.375,43.590757,3.890616
2026-02-07,15:53:27,2026-02-07T15:53:27+01:00,STATION,"Vert Bois",6,10,16,0.375,43.63543,3.871179
2026-02-07,15:53:27,2026-02-07T15:53:27+01:00,STATION,"Malbosc",0,8,8,0.0,43.633679,3.832861
2026-02-07,15:53:27,2026-02-07T15:53:27+01:00,STATION,"Occitanie",15,17,32,0.46875,43.635689,3.849597
2026-02-07,15:53:27,2026-02-07T15:53:27+01:00,STATION,"FacdesSciences",5,19,24,0.20833333333333334,43.631318,3.861299
2026-02-07,15:53:27,2026-02-07T15:53:27+01:00,STATION,"Fac de Lettres",7,5,12,0.5833333333333334,43.630437,3.869539
2026-02-07,15:53:27,2026-02-07T15:53:27+01:00,STATION,"Aiguelongue",4,3,8,0.625,43.626163,3.882492
2026-02-07,15:53:27,2026-02-07T15:53:27+01:00,STATION,"Jeu de Mail des Abbés",4,4,8,0.5,43.619701,3.883831
2026-02-07,15:53:27,2026-02-07T15:53:27+01:00,STATION,"Euromédecine",2,6,8,0.25,43.639119,3.828199
2026-02-07,15:53:27,2026-02-07T15:53:27+01:00,STATION,"Marie Caizergues",0,8,8,0.0,43.619871,3.873812
2026-02-07,15:53:27,2026-02-07T15:53:27+01:00,STATION,"Sabines",6,2,8,0.75,43.584211,3.860031
2026-02-07,15:53:27,2026-02-07T15:53:27+01:00,STATION,"Celleneuve",2,6,8,0.25,43.61467,3.832624
2026-02-07,15:53:27,2026-02-07T15:53:27+01:00,STATION,"Jardin de la Lironde",4,4,8,0.5,43.60585,3.911576
2026-02-07,15:53:27,2026-02-07T15:53:27+01:00,STATION,"Père Soulas",4,4,8,0.5,43.621983,3.855603
2026-02-07,15:53:27,2026-02-07T15:53:27+01:00,STATION,"Place Viala",2,6,8,0.25,43.616812,3.855075
2026-02-07,15:53:27,2026-02-07T15:53:27+01:00,STATION,"Hôtel du Département",6,2,8,0.75,43.621682,3.83477
2026-02-07,15:53:27,2026-02-07T15:53:27+01:00,STATION,"Tonnelles",4,4,8,0.5,43.615155,3.839466
2026-02-07,15:53:27,2026-02-07T15:53:27+01:00,STATION,"Parvis Jules Ferry - Gare Saint-Roch",1,7,8,0.125,43.603889,3.879362
2026-02-07,15:53:27,2026-02-07T15:53:27+01:00,STATION,"Pont de Lattes - Gare Saint-Roch",5,7,12,0.4166666666666667,43.606036,3.882393
2026-02-07,15:53:27,2026-02-07T15:53:27+01:00,STATION,"Deux Ponts - Gare Saint-Roch",0,8,8,0.0,43.604319,3.880916
2026-02-07,15:53:27,2026-02-07T15:53:27+01:00,STATION,"Providence - Ovalie",6,2,8,0.75,43.588239,3.853421
2026-02-07,15:53:27,2026-02-07T15:53:27+01:00,STATION,"Pérols Etang de l Or",36,32,68,0.5294117647058824,43.558351,3.963412
2026-02-07,15:53:27,2026-02-07T15:53:27+01:00,STATION,"Albert 1er - Cathédrale",4,8,12,0.3333333333333333,43.614005,3.873218
2026-02-07,15:53:27,2026-02-07T15:53:27+01:00,STATION,"Saint-Guilhem - Courreau",5,3,8,0.625,43.608996,3.872752
2026-02-07,15:53:27,2026-02-07T15:53:27+01:00,STATION,"Sud De France",2,4,8,0.5,43.59562,3.9235
2026-02-07,15:53:27,2026-02-07T15:53:27+01:00,STATION,"Comedie Baudin",0,8,8,0.0,43.608717,3.880787
2026-02-07,15:53:27,2026-02-07T15:53:27+01:00,STATION,"Jean de Beins",3,13,16,0.1875,43.609857,3.883884
2026-02-07,16:25:38,2026-02-07T16:25:38+01:00,STATION,"Rue Jules Ferry - Gare Saint-Roch",4,8,12,0.3333333333333333,43.605366,3.881346
2026-02-07,16:25:38,2026-02-07T16:25:38+01:00,STATION,"Comédie",5,15,20,0.25,43.608148,3.878778
2026-02-07,16:25:38,2026-02-07T16:25:38+01:00,STATION,"Hôtel de Ville",7,8,16,0.5,43.599088,3.894866
2026-02-07,16:25:38,2026-02-07T16:25:38+01:00,STATION,"Corum",5,7,12,0.4166666666666667,43.613989,3.8816
2026-02-07,16:25:38,2026-02-07T16:25:38+01:00,STATION,"Place Albert 1er - St Charles",9,18,27,0.3333333333333333,43.616768,3.873375
2026-02-07,16:25:38,2026-02-07T16:25:38+01:00,STATION,"Foch",3,4,8,0.5,43.610989,3.873345
2026-02-07,16:25:38,2026-02-07T16:25:38+01:00,STATION,"Halles Castellane",0,12,12,0.0,43.609935,3.877208
2026-02-07,16:25:38,2026-02-07T16:25:38+01:00,STATION,"Observatoire",2,5,8,0.375,43.606301,3.87724
2026-02-07,16:25:38,2026-02-07T16:25:38+01:00,STATION,"Rondelet",4,12,16,0.25,43.603038,3.875796
2026-02-07,16:25:38,2026-02-07T16:25:38+01:00,STATION,"Plan Cabanes",1,11,12,0.08333333333333333,43.608491,3.868389
2026-02-07,16:25:38,2026-02-07T16:25:38+01:00,STATION,"Boutonnet",3,9,12,0.25,43.622629,3.868375
2026-02-07,16:25:38,2026-02-07T16:25:38+01:00,STATION,"Emile Combes",3,5,8,0.375,43.616742,3.87998
2026-02-07,16:25:38,2026-02-07T16:25:38+01:00,STATION,"Beaux-Arts",7,9,16,0.4375,43.616698,3.884981
2026-02-07,16:25:38,2026-02-07T16:25:38+01:00,STATION,"Les Aubes",5,3,8,0.625,43.618692,3.893844
2026-02-07,16:25:38,2026-02-07T16:25:38+01:00,STATION,"Antigone centre",5,7,12,0.4166666666666667,43.607942,3.890634
2026-02-07,16:25:38,2026-02-07T16:25:38+01:00,STATION,"Médiathèque Emile Zola",11,5,16,0.6875,43.608218,3.89314
2026-02-07,16:25:38,2026-02-07T16:25:38+01:00,STATION,"Nombre d Or",6,10,16,0.375,43.607859,3.886644
2026-02-07,16:25:38,2026-02-07T16:25:38+01:00,STATION,"Louis Blanc",3,13,16,0.1875,43.614642,3.877648
2026-02-07,16:25:38,2026-02-07T16:25:38+01:00,STATION,"Gambetta",1,7,8,0.125,43.607106,3.870693
2026-02-07,16:25:38,2026-02-07T16:25:38+01:00,STATION,"Port Marianne",5,11,16,0.3125,43.60032,3.89851
2026-02-07,16:25:38,2026-02-07T16:25:38+01:00,STATION,"Les Arceaux",1,7,8,0.125,43.612659,3.867734
2026-02-07,16:25:38,2026-02-07T16:25:38+01:00,STATION,"Cité Mion",4,3,8,0.625,43.601143,3.884373
2026-02-07,16:25:38,2026-02-07T16:25:38+01:00,STATION,"Nouveau Saint-Roch",2,6,8,0.25,43.599817,3.875757
2026-02-07,16:25:38,2026-02-07T16:25:38+01:00,STATION,"Renouvier",4,3,8,0.625,43.603553,3.867884
2026-02-07,16:25:38,2026-02-07T16:25:38+01:00,STATION,"Odysseum",0,8,8,0.0,43.603727,3.918979
2026-02-07,16:25:38,2026-02-07T16:25:38+01:00,STATION,"Saint-Denis",0,8,8,0.0,43.605021,3.875065
2026-02-07,16:25:38,2026-02-07T16:25:38+01:00,STATION,"Richter",15,1,16,0.9375,43.603424,3.899263
2026-02-07,16:25:38,2026-02-07T16:25:38+01:00,STATION,"Charles Flahault",3,5,8,0.375,43.622038,3.86672
2026-02-07,16:25:38,2026-02-07T16:25:38+01:00,STATION,"Voltaire",4,4,8,0.5,43.603767,3.888659
2026-02-07,16:25:38,2026-02-07T16:25:38+01:00,STATION,"Prés d Arènes",2,6,8,0.25,43.59048,3.884611
2026-02-07,16:25:38,2026-02-07T16:25:38+01:00,STATION,"Garcia Lorca",3,5,8,0.375,43.590757,3.890616
2026-02-07,16:25:38,2026-02-07T16:25:38+01:00,STATION,"Vert Bois",6,10,16,0.375,43.63543,3.871179
2026-02-07,16:25:38,2026-02-07T16:25:38+01:00,STATION,"Malbosc",0,8,8,0.0,43.633679,3.832861
2026-02-07,16:25:38,2026-02-07T16:25:38+01:00,STATION,"Occitanie",16,16,32,0.5,43.635689,3.849597
2026-02-07,16:25:38,2026-02-07T16:25:38+01:00,STATION,"FacdesSciences",4,20,24,0.16666666666666666,43.631318,3.861299
2026-02-07,16:25:38,2026-02-07T16:25:38+01:00,STATION,"Fac de Lettres",7,5,12,0.5833333333333334,43.630437,3.869539
2026-02-07,16:25:38,2026-02-07T16:25:38+01:00,STATION,"Aiguelongue",4,3,8,0.625,43.626163,3.882492
2026-02-07,16:25:38,2026-02-07T16:25:38+01:00,STATION,"Jeu de Mail des Abbés",4,4,8,0.5,43.619701,3.883831
2026-02-07,16:25:38,2026-02-07T16:25:38+01:00,STATION,"Euromédecine",2,6,8,0.25,43.639119,3.828199
2026-02-07,16:25:38,2026-02-07T16:25:38+01:00,STATION,"Marie Caizergues",0,8,8,0.0,43.619871,3.873812
2026-02-07,16:25:38,2026-02-07T16:25:38+01:00,STATION,"Sabines",6,2,8,0.75,43.584211,3.860031
2026-02-07,16:25:38,2026-02-07T16:25:38+01:00,STATION,"Celleneuve",2,6,8,0.25,43.61467,3.832624
2026-02-07,16:25:38,2026-02-07T16:25:38+01:00,STATION,"Jardin de la Lironde",4,4,8,0.5,43.60585,3.911576
2026-02-07,16:25:38,2026-02-07T16:25:38+01:00,STATION,"Père Soulas",4,4,8,0.5,43.621983,3.855603
2026-02-07,16:25:38,2026-02-07T16:25:38+01:00,STATION,"Place Viala",2,6,8,0.25,43.616812,3.855075
2026-02-07,16:25:38,2026-02-07T16:25:38+01:00,STATION,"Hôtel du Département",6,2,8,0.75,43.621682,3.83477
2026-02-07,16:25:38,2026-02-07T16:25:38+01:00,STATION,"Tonnelles",4,4,8,0.5,43.615155,3.839466
2026-02-07,16:25:38,2026-02-07T16:25:38+01:00,STATION,"Parvis Jules Ferry - Gare Saint-Roch",1,7,8,0.125,43.603889,3.879362
2026-02-07,16:25:38,2026-02-07T16:25:38+01:00,STATION,"Pont de Lattes - Gare Saint-Roch",6,6,12,0.5,43.606036,3.882393
2026-02-07,16:25:38,2026-02-07T16:25:38+01:00,STATION,"Deux Ponts - Gare Saint-Roch",0,8,8,0.0,43.604319,3.880916
2026-02-07,16:25:38,2026-02-07T16:25:38+01:00,STATION,"Providence - Ovalie",6,2,8,0.75,43.588239,3.853421
2026-02-07,16:25:38,2026-02-07T16:25:38+01:00,STATION,"Pérols Etang de l Or",34,34,68,0.5,43.558351,3.963412
2026-02-07,16:25:38,2026-02-07T16:25:38+01:00,STATION,"Albert 1er - Cathédrale",4,8,12,0.3333333333333333,43.614005,3.873218
2026-02-07,16:25:38,2026-02-07T16:25:38+01:00,STATION,"Saint-Guilhem - Courreau",5,3,8,0.625,43.608996,3.872752
2026-02-07,16:25:38,2026-02-07T16:25:38+01:00,STATION,"Sud De France",2,4,8,0.5,43.59562,3.9235
2026-02-07,16:25:38,2026-02-07T16:25:38+01:00,STATION,"Comedie Baudin",0,8,8,0.0,43.608717,3.880787
2026-02-07,16:25:38,2026-02-07T16:25:38+01:00,STATION,"Jean de Beins",3,13,16,0.1875,43.609857,3.883884
2026-02-07,16:48:58,2026-02-07T16:48:58+01:00,STATION,"Rue Jules Ferry - Gare Saint-Roch",3,9,12,0.25,43.605366,3.881346
2026-02-07,16:48:58,2026-02-07T16:48:58+01:00,STATION,"Comédie",5,15,20,0.25,43.608148,3.878778
2026-02-07,16:48:58,2026-02-07T16:48:58+01:00,STATION,"Hôtel de Ville",9,6,16,0.625,43.599088,3.894866
2026-02-07,16:48:58,2026-02-07T16:48:58+01:00,STATION,"Corum",4,8,12,0.3333333333333333,43.613989,3.8816
2026-02-07,16:48:58,2026-02-07T16:48:58+01:00,STATION,"Place Albert 1er - St Charles",10,17,27,0.37037037037037035,43.616768,3.873375
2026-02-07,16:48:58,2026-02-07T16:48:58+01:00,STATION,"Foch",3,4,8,0.5,43.610989,3.873345
2026-02-07,16:48:58,2026-02-07T16:48:58+01:00,STATION,"Halles Castellane",0,12,12,0.0,43.609935,3.877208
2026-02-07,16:48:58,2026-02-07T16:48:58+01:00,STATION,"Observatoire",2,5,8,0.375,43.606301,3.87724
2026-02-07,16:48:58,2026-02-07T16:48:58+01:00,STATION,"Rondelet",4,12,16,0.25,43.603038,3.875796
2026-02-07,16:48:58,2026-02-07T16:48:58+01:00,STATION,"Plan Cabanes",1,11,12,0.08333333333333333,43.608491,3.868389
2026-02-07,16:48:58,2026-02-07T16:48:58+01:00,STATION,"Boutonnet",3,9,12,0.25,43.622629,3.868375
2026-02-07,16:48:58,2026-02-07T16:48:58+01:00,STATION,"Emile Combes",3,5,8,0.375,43.616742,3.87998
2026-02-07,16:48:58,2026-02-07T16:48:58+01:00,STATION,"Beaux-Arts",7,9,16,0.4375,43.616698,3.884981
2026-02-07,16:48:58,2026-02-07T16:48:58+01:00,STATION,"Les Aubes",7,1,8,0.875,43.618692,3.893844
2026-02-07,16:48:58,2026-02-07T16:48:58+01:00,STATION,"Antigone centre",5,7,12,0.4166666666666667,43.607942,3.890634
2026-02-07,16:48:58,2026-02-07T16:48:58+01:00,STATION,"Médiathèque Emile Zola",11,5,16,0.6875,43.608218,3.89314
2026-02-07,16:48:58,2026-02-07T16:48:58+01:00,STATION,"Nombre d Or",6,10,16,0.375,43.607859,3.886644
2026-02-07,16:48:58,2026-02-07T16:48:58+01:00,STATION,"Louis Blanc",1,15,16,0.0625,43.614642,3.877648
2026-02-07,16:48:58,2026-02-07T16:48:58+01:00,STATION,"Gambetta",1,7,8,0.125,43.607106,3.870693
2026-02-07,16:48:58,2026-02-07T16:48:58+01:00,STATION,"Port Marianne",4,12,16,0.25,43.60032,3.89851
2026-02-07,16:48:58,2026-02-07T16:48:58+01:00,STATION,"Les Arceaux",1,7,8,0.125,43.612659,3.867734
2026-02-07,16:48:58,2026-02-07T16:48:58+01:00,STATION,"Cité Mion",4,3,8,0.625,43.601143,3.884373
2026-02-07,16:48:58,2026-02-07T16:48:58+01:00,STATION,"Nouveau Saint-Roch",2,6,8,0.25,43.599817,3.875757
2026-02-07,16:48:58,2026-02-07T16:48:58+01:00,STATION,"Renouvier",4,3,8,0.625,43.603553,3.867884
2026-02-07,16:48:58,2026-02-07T16:48:58+01:00,STATION,"Odysseum",0,8,8,0.0,43.603727,3.918979
2026-02-07,16:48:58,2026-02-07T16:48:58+01:00,STATION,"Saint-Denis",0,8,8,0.0,43.605021,3.875065
2026-02-07,16:48:58,2026-02-07T16:48:58+01:00,STATION,"Richter",14,2,16,0.875,43.603424,3.899263
2026-02-07,16:48:58,2026-02-07T16:48:58+01:00,STATION,"Charles Flahault",3,5,8,0.375,43.622038,3.86672
2026-02-07,16:48:58,2026-02-07T16:48:58+01:00,STATION,"Voltaire",4,4,8,0.5,43.603767,3.888659
2026-02-07,16:48:58,2026-02-07T16:48:58+01:00,STATION,"Prés d Arènes",2,6,8,0.25,43.59048,3.884611
2026-02-07,16:48:58,2026-02-07T16:48:58+01:00,STATION,"Garcia Lorca",3,5,8,0.375,43.590757,3.890616
2026-02-07,16:48:58,2026-02-07T16:48:58+01:00,STATION,"Vert Bois",6,10,16,0.375,43.63543,3.871179
2026-02-07,16:48:58,2026-02-07T16:48:58+01:00,STATION,"Malbosc",0,8,8,0.0,43.633679,3.832861
2026-02-07,16:48:58,2026-02-07T16:48:58+01:00,STATION,"Occitanie",16,16,32,0.5,43.635689,3.849597
2026-02-07,16:48:58,2026-02-07T16:48:58+01:00,STATION,"FacdesSciences",4,20,24,0.16666666666666666,43.631318,3.861299
2026-02-07,16:48:58,2026-02-07T16:48:58+01:00,STATION,"Fac de Lettres",6,6,12,0.5,43.630437,3.869539
2026-02-07,16:48:58,2026-02-07T16:48:58+01:00,STATION,"Aiguelongue",2,5,8,0.375,43.626163,3.882492
2026-02-07,16:48:58,2026-02-07T16:48:58+01:00,STATION,"Jeu de Mail des Abbés",4,4,8,0.5,43.619701,3.883831
2026-02-07,16:48:58,2026-02-07T16:48:58+01:00,STATION,"Euromédecine",2,6,8,0.25,43.639119,3.828199
2026-02-07,16:48:58,2026-02-07T16:48:58+01:00,STATION,"Marie Caizergues",0,8,8,0.0,43.619871,3.873812
2026-02-07,16:48:58,2026-02-07T16:48:58+01:00,STATION,"Sabines",6,2,8,0.75,43.584211,3.860031
2026-02-07,16:48:58,2026-02-07T16:48:58+01:00,STATION,"Celleneuve",2,6,8,0.25,43.61467,3.832624
2026-02-07,16:48:58,2026-02-07T16:48:58+01:00,STATION,"Jardin de la Lironde",4,4,8,0.5,43.60585,3.911576
2026-02-07,16:48:58,2026-02-07T16:48:58+01:00,STATION,"Père Soulas",4,4,8,0.5,43.621983,3.855603
2026-02-07,16:48:58,2026-02-07T16:48:58+01:00,STATION,"Place Viala",2,6,8,0.25,43.616812,3.855075
2026-02-07,16:48:58,2026-02-07T16:48:58+01:00,STATION,"Hôtel du Département",6,2,8,0.75,43.621682,3.83477
2026-02-07,16:48:58,2026-02-07T16:48:58+01:00,STATION,"Tonnelles",4,4,8,0.5,43.615155,3.839466
2026-02-07,16:48:58,2026-02-07T16:48:58+01:00,STATION,"Parvis Jules Ferry - Gare Saint-Roch",1,7,8,0.125,43.603889,3.879362
2026-02-07,16:48:58,2026-02-07T16:48:58+01:00,STATION,"Pont de Lattes - Gare Saint-Roch",6,6,12,0.5,43.606036,3.882393
2026-02-07,16:48:58,2026-02-07T16:48:58+01:00,STATION,"Deux Ponts - Gare Saint-Roch",0,8,8,0.0,43.604319,3.880916
2026-02-07,16:48:58,2026-02-07T16:48:58+01:00,STATION,"Providence - Ovalie",6,2,8,0.75,43.588239,3.853421
2026-02-07,16:48:58,2026-02-07T16:48:58+01:00,STATION,"Pérols Etang de l Or",35,33,68,0.5147058823529411,43.558351,3.963412
2026-02-07,16:48:58,2026-02-07T16:48:58+01:00,STATION,"Albert 1er - Cathédrale",4,8,12,0.3333333333333333,43.614005,3.873218
2026-02-07,16:48:58,2026-02-07T16:48:58+01:00,STATION,"Saint-Guilhem - Courreau",5,3,8,0.625,43.608996,3.872752
2026-02-07,16:48:58,2026-02-07T16:48:58+01:00,STATION,"Sud De France",2,4,8,0.5,43.59562,3.9235
2026-02-07,16:48:58,2026-02-07T16:48:58+01:00,STATION,"Comedie Baudin",0,8,8,0.0,43.608717,3.880787
2026-02-07,16:48:58,2026-02-07T16:48:58+01:00,STATION,"Jean de Beins",3,13,16,0.1875,43.609857,3.883884
2026-02-07,17:29:58,2026-02-07T17:29:58+01:00,STATION,"Rue Jules Ferry - Gare Saint-Roch",3,9,12,0.25,43.605366,3.881346
2026-02-07,17:29:58,2026-02-07T17:29:58+01:00,STATION,"Comédie",8,12,20,0.4,43.608148,3.878778
2026-02-07,17:29:58,2026-02-07T17:29:58+01:00,STATION,"Hôtel de Ville",10,5,16,0.6875,43.599088,3.894866
2026-02-07,17:29:58,2026-02-07T17:29:58+01:00,STATION,"Corum",3,9,12,0.25,43.613989,3.8816
2026-02-07,17:29:58,2026-02-07T17:29:58+01:00,STATION,"Place Albert 1er - St Charles",9,18,27,0.3333333333333333,43.616768,3.873375
2026-02-07,17:29:58,2026-02-07T17:29:58+01:00,STATION,"Foch",3,4,8,0.5,43.610989,3.873345
2026-02-07,17:29:58,2026-02-07T17:29:58+01:00,STATION,"Halles Castellane",0,12,12,0.0,43.609935,3.877208
2026-02-07,17:29:58,2026-02-07T17:29:58+01:00,STATION,"Observatoire",2,5,8,0.375,43.606301,3.87724
2026-02-07,17:29:58,2026-02-07T17:29:58+01:00,STATION,"Rondelet",4,12,16,0.25,43.603038,3.875796
2026-02-07,17:29:58,2026-02-07T17:29:58+01:00,STATION,"Plan Cabanes",1,11,12,0.08333333333333333,43.608491,3.868389
2026-02-07,17:29:58,2026-02-07T17:29:58+01:00,STATION,"Boutonnet",4,8,12,0.3333333333333333,43.622629,3.868375
2026-02-07,17:29:58,2026-02-07T17:29:58+01:00,STATION,"Emile Combes",3,5,8,0.375,43.616742,3.87998
2026-02-07,17:29:58,2026-02-07T17:29:58+01:00,STATION,"Beaux-Arts",7,9,16,0.4375,43.616698,3.884981
2026-02-07,17:29:58,2026-02-07T17:29:58+01:00,STATION,"Les Aubes",7,1,8,0.875,43.618692,3.893844
2026-02-07,17:29:58,2026-02-07T17:29:58+01:00,STATION,"Antigone centre",5,7,12,0.4166666666666667,43.607942,3.890634
2026-02-07,17:29:58,2026-02-07T17:29:58+01:00,STATION,"Médiathèque Emile Zola",11,5,16,0.6875,43.608218,3.89314
2026-02-07,17:29:58,2026-02-07T17:29:58+01:00,STATION,"Nombre d Or",6,10,16,0.375,43.607859,3.886644
2026-02-07,17:29:58,2026-02-07T17:29:58+01:00,STATION,"Louis Blanc",1,15,16,0.0625,43.614642,3.877648
2026-02-07,17:29:58,2026-02-07T17:29:58+01:00,STATION,"Gambetta",1,7,8,0.125,43.607106,3.870693
2026-02-07,17:29:58,2026-02-07T17:29:58+01:00,STATION,"Port Marianne",3,13,16,0.1875,43.60032,3.89851
2026-02-07,17:29:58,2026-02-07T17:29:58+01:00,STATION,"Les Arceaux",1,7,8,0.125,43.612659,3.867734
2026-02-07,17:29:58,2026-02-07T17:29:58+01:00,STATION,"Cité Mion",4,3,8,0.625,43.601143,3.884373
2026-02-07,17:29:58,2026-02-07T17:29:58+01:00,STATION,"Nouveau Saint-Roch",2,6,8,0.25,43.599817,3.875757
2026-02-07,17:29:58,2026-02-07T17:29:58+01:00,STATION,"Renouvier",3,4,8,0.5,43.603553,3.867884
2026-02-07,17:29:58,2026-02-07T17:29:58+01:00,STATION,"Odysseum",0,8,8,0.0,43.603727,3.918979
2026-02-07,17:29:58,2026-02-07T17:29:58+01:00,STATION,"Saint-Denis",0,8,8,0.0,43.605021,3.875065
2026-02-07,17:29:58,2026-02-07T17:29:58+01:00,STATION,"Richter",13,3,16,0.8125,43.603424,3.899263
2026-02-07,17:29:58,2026-02-07T17:29:58+01:00,STATION,"Charles Flahault",3,5,8,0.375,43.622038,3.86672
2026-02-07,17:29:58,2026-02-07T17:29:58+01:00,STATION,"Voltaire",4,4,8,0.5,43.603767,3.888659
2026-02-07,17:29:58,2026-02-07T17:29:58+01:00,STATION,"Prés d Arènes",2,6,8,0.25,43.59048,3.884611
2026-02-07,17:29:58,2026-02-07T17:29:58+01:00,STATION,"Garcia Lorca",3,5,8,0.375,43.590757,3.890616
2026-02-07,17:29:58,2026-02-07T17:29:58+01:00,STATION,"Vert Bois",6,10,16,0.375,43.63543,3.871179
2026-02-07,17:29:58,2026-02-07T17:29:58+01:00,STATION,"Malbosc",0,8,8,0.0,43.633679,3.832861
2026-02-07,17:29:58,2026-02-07T17:29:58+01:00,STATION,"Occitanie",16,16,32,0.5,43.635689,3.849597
2026-02-07,17:29:58,2026-02-07T17:29:58+01:00,STATION,"FacdesSciences",4,20,24,0.16666666666666666,43.631318,3.861299
2026-02-07,17:29:58,2026-02-07T17:29:58+01:00,STATION,"Fac de Lettres",6,6,12,0.5,43.630437,3.869539
2026-02-07,17:29:58,2026-02-07T17:29:58+01:00,STATION,"Aiguelongue",2,5,8,0.375,43.626163,3.882492
2026-02-07,17:29:58,2026-02-07T17:29:58+01:00,STATION,"Jeu de Mail des Abbés",4,4,8,0.5,43.619701,3.883831
2026-02-07,17:29:58,2026-02-07T17:29:58+01:00,STATION,"Euromédecine",2,6,8,0.25,43.639119,3.828199
2026-02-07,17:29:58,2026-02-07T17:29:58+01:00,STATION,"Marie Caizergues",0,8,8,0.0,43.619871,3.873812
2026-02-07,17:29:58,2026-02-07T17:29:58+01:00,STATION,"Sabines",6,2,8,0.75,43.584211,3.860031
2026-02-07,17:29:58,2026-02-07T17:29:58+01:00,STATION,"Celleneuve",2,6,8,0.25,43.61467,3.832624
2026-02-07,17:29:58,2026-02-07T17:29:58+01:00,STATION,"Jardin de la Lironde",6,2,8,0.75,43.60585,3.911576
2026-02-07,17:29:58,2026-02-07T17:29:58+01:00,STATION,"Père Soulas",4,4,8,0.5,43.621983,3.855603
2026-02-07,17:29:58,2026-02-07T17:29:58+01:00,STATION,"Place Viala",2,6,8,0.25,43.616812,3.855075
2026-02-07,17:29:58,2026-02-07T17:29:58+01:00,STATION,"Hôtel du Département",6,2,8,0.75,43.621682,3.83477
2026-02-07,17:29:58,2026-02-07T17:29:58+01:00,STATION,"Tonnelles",4,4,8,0.5,43.615155,3.839466
2026-02-07,17:29:58,2026-02-07T17:29:58+01:00,STATION,"Parvis Jules Ferry - Gare Saint-Roch",1,7,8,0.125,43.603889,3.879362
2026-02-07,17:29:58,2026-02-07T17:29:58+01:00,STATION,"Pont de Lattes - Gare Saint-Roch",6,6,12,0.5,43.606036,3.882393
2026-02-07,17:29:58,2026-02-07T17:29:58+01:00,STATION,"Deux Ponts - Gare Saint-Roch",0,8,8,0.0,43.604319,3.880916
2026-02-07,17:29:58,2026-02-07T17:29:58+01:00,STATION,"Providence - Ovalie",6,2,8,0.75,43.588239,3.853421
2026-02-07,17:29:58,2026-02-07T17:29:58+01:00,STATION,"Pérols Etang de l Or",37,31,68,0.5441176470588235,43.558351,3.963412
2026-02-07,17:29:58,2026-02-07T17:29:58+01:00,STATION,"Albert 1er - Cathédrale",4,8,12,0.3333333333333333,43.614005,3.873218
2026-02-07,17:29:58,2026-02-07T17:29:58+01:00,STATION,"Saint-Guilhem - Courreau",5,3,8,0.625,43.608996,3.872752
2026-02-07,17:29:58,2026-02-07T17:29:58+01:00,STATION,"Sud De France",2,4,8,0.5,43.59562,3.9235
2026-02-07,17:29:58,2026-02-07T17:29:58+01:00,STATION,"Comedie Baudin",0,8,8,0.0,43.608717,3.880787
2026-02-07,17:29:58,2026-02-07T17:29:58+01:00,STATION,"Jean de Beins",3,13,16,0.1875,43.609857,3.883884
2026-02-07,17:59:10,2026-02-07T17:59:10+01:00,STATION,"Rue Jules Ferry - Gare Saint-Roch",3,9,12,0.25,43.605366,3.881346
2026-02-07,17:59:10,2026-02-07T17:59:10+01:00,STATION,"Comédie",8,12,20,0.4,43.608148,3.878778
2026-02-07,17:59:10,2026-02-07T17:59:10+01:00,STATION,"Hôtel de Ville",10,5,16,0.6875,43.599088,3.894866
2026-02-07,17:59:10,2026-02-07T17:59:10+01:00,STATION,"Corum",3,9,12,0.25,43.613989,3.8816
2026-02-07,17:59:10,2026-02-07T17:59:10+01:00,STATION,"Place Albert 1er - St Charles",9,18,27,0.3333333333333333,43.616768,3.873375
2026-02-07,17:59:10,2026-02-07T17:59:10+01:00,STATION,"Foch",3,4,8,0.5,43.610989,3.873345
2026-02-07,17:59:10,2026-02-07T17:59:10+01:00,STATION,"Halles Castellane",0,12,12,0.0,43.609935,3.877208
2026-02-07,17:59:10,2026-02-07T17:59:10+01:00,STATION,"Observatoire",2,5,8,0.375,43.606301,3.87724
2026-02-07,17:59:10,2026-02-07T17:59:10+01:00,STATION,"Rondelet",4,12,16,0.25,43.603038,3.875796
2026-02-07,17:59:10,2026-02-07T17:59:10+01:00,STATION,"Plan Cabanes",1,11,12,0.08333333333333333,43.608491,3.868389
2026-02-07,17:59:10,2026-02-07T17:59:10+01:00,STATION,"Boutonnet",3,9,12,0.25,43.622629,3.868375
2026-02-07,17:59:10,2026-02-07T17:59:10+01:00,STATION,"Emile Combes",3,5,8,0.375,43.616742,3.87998
2026-02-07,17:59:10,2026-02-07T17:59:10+01:00,STATION,"Beaux-Arts",7,9,16,0.4375,43.616698,3.884981
2026-02-07,17:59:10,2026-02-07T17:59:10+01:00,STATION,"Les Aubes",7,1,8,0.875,43.618692,3.893844
2026-02-07,17:59:10,2026-02-07T17:59:10+01:00,STATION,"Antigone centre",5,7,12,0.4166666666666667,43.607942,3.890634
2026-02-07,17:59:10,2026-02-07T17:59:10+01:00,STATION,"Médiathèque Emile Zola",11,5,16,0.6875,43.608218,3.89314
2026-02-07,17:59:10,2026-02-07T17:59:10+01:00,STATION,"Nombre d Or",6,10,16,0.375,43.607859,3.886644
2026-02-07,17:59:10,2026-02-07T17:59:10+01:00,STATION,"Louis Blanc",1,15,16,0.0625,43.614642,3.877648
2026-02-07,17:59:10,2026-02-07T17:59:10+01:00,STATION,"Gambetta",1,7,8,0.125,43.607106,3.870693
2026-02-07,17:59:10,2026-02-07T17:59:10+01:00,STATION,"Port Marianne",5,11,16,0.3125,43.60032,3.89851
2026-02-07,17:59:10,2026-02-07T17:59:10+01:00,STATION,"Les Arceaux",1,7,8,0.125,43.612659,3.867734
2026-02-07,17:59:10,2026-02-07T17:59:10+01:00,STATION,"Cité Mion",4,3,8,0.625,43.601143,3.884373
2026-02-07,17:59:10,2026-02-07T17:59:10+01:00,STATION,"Nouveau Saint-Roch",2,6,8,0.25,43.599817,3.875757
2026-02-07,17:59:10,2026-02-07T17:59:10+01:00,STATION,"Renouvier",3,4,8,0.5,43.603553,3.867884
2026-02-07,17:59:10,2026-02-07T17:59:10+01:00,STATION,"Odysseum",0,8,8,0.0,43.603727,3.918979
2026-02-07,17:59:10,2026-02-07T17:59:10+01:00,STATION,"Saint-Denis",0,8,8,0.0,43.605021,3.875065
2026-02-07,17:59:10,2026-02-07T17:59:10+01:00,STATION,"Richter",13,3,16,0.8125,43.603424,3.899263
2026-02-07,17:59:10,2026-02-07T17:59:10+01:00,STATION,"Charles Flahault",3,5,8,0.375,43.622038,3.86672
2026-02-07,17:59:10,2026-02-07T17:59:10+01:00,STATION,"Voltaire",4,4,8,0.5,43.603767,3.888659
2026-02-07,17:59:10,2026-02-07T17:59:10+01:00,STATION,"Prés d Arènes",2,6,8,0.25,43.59048,3.884611
2026-02-07,17:59:10,2026-02-07T17:59:10+01:00,STATION,"Garcia Lorca",3,5,8,0.375,43.590757,3.890616
2026-02-07,17:59:10,2026-02-07T17:59:10+01:00,STATION,"Vert Bois",6,10,16,0.375,43.63543,3.871179
2026-02-07,17:59:10,2026-02-07T17:59:10+01:00,STATION,"Malbosc",0,8,8,0.0,43.633679,3.832861
2026-02-07,17:59:10,2026-02-07T17:59:10+01:00,STATION,"Occitanie",16,16,32,0.5,43.635689,3.849597
2026-02-07,17:59:10,2026-02-07T17:59:10+01:00,STATION,"FacdesSciences",4,20,24,0.16666666666666666,43.631318,3.861299
2026-02-07,17:59:10,2026-02-07T17:59:10+01:00,STATION,"Fac de Lettres",4,8,12,0.3333333333333333,43.630437,3.869539
2026-02-07,17:59:10,2026-02-07T17:59:10+01:00,STATION,"Aiguelongue",2,5,8,0.375,43.626163,3.882492
2026-02-07,17:59:10,2026-02-07T17:59:10+01:00,STATION,"Jeu de Mail des Abbés",4,4,8,0.5,43.619701,3.883831
2026-02-07,17:59:10,2026-02-07T17:59:10+01:00,STATION,"Euromédecine",2,6,8,0.25,43.639119,3.828199
2026-02-07,17:59:10,2026-02-07T17:59:10+01:00,STATION,"Marie Caizergues",0,8,8,0.0,43.619871,3.873812
2026-02-07,17:59:10,2026-02-07T17:59:10+01:00,STATION,"Sabines",6,2,8,0.75,43.584211,3.860031
2026-02-07,17:59:10,2026-02-07T17:59:10+01:00,STATION,"Celleneuve",2,6,8,0.25,43.61467,3.832624
2026-02-07,17:59:10,2026-02-07T17:59:10+01:00,STATION,"Jardin de la Lironde",4,4,8,0.5,43.60585,3.911576
2026-02-07,17:59:10,2026-02-07T17:59:10+01:00,STATION,"Père Soulas",4,4,8,0.5,43.621983,3.855603
2026-02-07,17:59:10,2026-02-07T17:59:10+01:00,STATION,"Place Viala",2,6,8,0.25,43.616812,3.855075
2026-02-07,17:59:10,2026-02-07T17:59:10+01:00,STATION,"Hôtel du Département",6,2,8,0.75,43.621682,3.83477
2026-02-07,17:59:10,2026-02-07T17:59:10+01:00,STATION,"Tonnelles",4,4,8,0.5,43.615155,3.839466
2026-02-07,17:59:10,2026-02-07T17:59:10+01:00,STATION,"Parvis Jules Ferry - Gare Saint-Roch",1,7,8,0.125,43.603889,3.879362
2026-02-07,17:59:10,2026-02-07T17:59:10+01:00,STATION,"Pont de Lattes - Gare Saint-Roch",6,6,12,0.5,43.606036,3.882393
2026-02-07,17:59:10,2026-02-07T17:59:10+01:00,STATION,"Deux Ponts - Gare Saint-Roch",0,8,8,0.0,43.604319,3.880916
2026-02-07,17:59:10,2026-02-07T17:59:10+01:00,STATION,"Providence - Ovalie",6,2,8,0.75,43.588239,3.853421
2026-02-07,17:59:10,2026-02-07T17:59:10+01:00,STATION,"Pérols Etang de l Or",39,29,68,0.5735294117647058,43.558351,3.963412
2026-02-07,17:59:10,2026-02-07T17:59:10+01:00,STATION,"Albert 1er - Cathédrale",4,8,12,0.3333333333333333,43.614005,3.873218
2026-02-07,17:59:10,2026-02-07T17:59:10+01:00,STATION,"Saint-Guilhem - Courreau",5,3,8,0.625,43.608996,3.872752
2026-02-07,17:59:10,2026-02-07T17:59:10+01:00,STATION,"Sud De France",2,4,8,0.5,43.59562,3.9235
2026-02-07,17:59:10,2026-02-07T17:59:10+01:00,STATION,"Comedie Baudin",0,8,8,0.0,43.608717,3.880787
2026-02-07,17:59:10,2026-02-07T17:59:10+01:00,STATION,"Jean de Beins",3,13,16,0.1875,43.609857,3.883884
2026-02-07,18:34:33,2026-02-07T18:34:33+01:00,STATION,"Rue Jules Ferry - Gare Saint-Roch",6,6,12,0.5,43.605366,3.881346
2026-02-07,18:34:33,2026-02-07T18:34:33+01:00,STATION,"Comédie",11,9,20,0.55,43.608148,3.878778
2026-02-07,18:34:33,2026-02-07T18:34:33+01:00,STATION,"Hôtel de Ville",10,5,16,0.6875,43.599088,3.894866
2026-02-07,18:34:33,2026-02-07T18:34:33+01:00,STATION,"Corum",4,8,12,0.3333333333333333,43.613989,3.8816
2026-02-07,18:34:33,2026-02-07T18:34:33+01:00,STATION,"Place Albert 1er - St Charles",9,18,27,0.3333333333333333,43.616768,3.873375
2026-02-07,18:34:33,2026-02-07T18:34:33+01:00,STATION,"Foch",3,4,8,0.5,43.610989,3.873345
2026-02-07,18:34:33,2026-02-07T18:34:33+01:00,STATION,"Halles Castellane",0,12,12,0.0,43.609935,3.877208
2026-02-07,18:34:33,2026-02-07T18:34:33+01:00,STATION,"Observatoire",2,5,8,0.375,43.606301,3.87724
2026-02-07,18:34:33,2026-02-07T18:34:33+01:00,STATION,"Rondelet",5,11,16,0.3125,43.603038,3.875796
2026-02-07,18:34:33,2026-02-07T18:34:33+01:00,STATION,"Plan Cabanes",1,11,12,0.08333333333333333,43.608491,3.868389
2026-02-07,18:34:33,2026-02-07T18:34:33+01:00,STATION,"Boutonnet",3,9,12,0.25,43.622629,3.868375
2026-02-07,18:34:33,2026-02-07T18:34:33+01:00,STATION,"Emile Combes",3,5,8,0.375,43.616742,3.87998
2026-02-07,18:34:33,2026-02-07T18:34:33+01:00,STATION,"Beaux-Arts",7,9,16,0.4375,43.616698,3.884981
2026-02-07,18:34:33,2026-02-07T18:34:33+01:00,STATION,"Les Aubes",7,1,8,0.875,43.618692,3.893844
2026-02-07,18:34:33,2026-02-07T18:34:33+01:00,STATION,"Antigone centre",7,5,12,0.5833333333333334,43.607942,3.890634
2026-02-07,18:34:33,2026-02-07T18:34:33+01:00,STATION,"Médiathèque Emile Zola",10,6,16,0.625,43.608218,3.89314
2026-02-07,18:34:33,2026-02-07T18:34:33+01:00,STATION,"Nombre d Or",6,10,16,0.375,43.607859,3.886644
2026-02-07,18:34:33,2026-02-07T18:34:33+01:00,STATION,"Louis Blanc",2,14,16,0.125,43.614642,3.877648
2026-02-07,18:34:33,2026-02-07T18:34:33+01:00,STATION,"Gambetta",2,6,8,0.25,43.607106,3.870693
2026-02-07,18:34:33,2026-02-07T18:34:33+01:00,STATION,"Port Marianne",8,8,16,0.5,43.60032,3.89851
2026-02-07,18:34:33,2026-02-07T18:34:33+01:00,STATION,"Les Arceaux",1,7,8,0.125,43.612659,3.867734
2026-02-07,18:34:33,2026-02-07T18:34:33+01:00,STATION,"Cité Mion",4,3,8,0.625,43.601143,3.884373
2026-02-07,18:34:33,2026-02-07T18:34:33+01:00,STATION,"Nouveau Saint-Roch",4,4,8,0.5,43.599817,3.875757
2026-02-07,18:34:33,2026-02-07T18:34:33+01:00,STATION,"Renouvier",3,4,8,0.5,43.603553,3.867884
2026-02-07,18:34:33,2026-02-07T18:34:33+01:00,STATION,"Odysseum",0,8,8,0.0,43.603727,3.918979
2026-02-07,18:34:33,2026-02-07T18:34:33+01:00,STATION,"Saint-Denis",0,8,8,0.0,43.605021,3.875065
2026-02-07,18:34:33,2026-02-07T18:34:33+01:00,STATION,"Richter",13,3,16,0.8125,43.603424,3.899263
2026-02-07,18:34:33,2026-02-07T18:34:33+01:00,STATION,"Charles Flahault",3,5,8,0.375,43.622038,3.86672
2026-02-07,18:34:33,2026-02-07T18:34:33+01:00,STATION,"Voltaire",4,4,8,0.5,43.603767,3.888659
2026-02-07,18:34:33,2026-02-07T18:34:33+01:00,STATION,"Prés d Arènes",2,6,8,0.25,43.59048,3.884611
2026-02-07,18:34:33,2026-02-07T18:34:33+01:00,STATION,"Garcia Lorca",3,5,8,0.375,43.590757,3.890616
2026-02-07,18:34:33,2026-02-07T18:34:33+01:00,STATION,"Vert Bois",6,10,16,0.375,43.63543,3.871179
2026-02-07,18:34:33,2026-02-07T18:34:33+01:00,STATION,"Malbosc",0,8,8,0.0,43.633679,3.832861
2026-02-07,18:34:33,2026-02-07T18:34:33+01:00,STATION,"Occitanie",16,16,32,0.5,43.635689,3.849597
2026-02-07,18:34:33,2026-02-07T18:34:33+01:00,STATION,"FacdesSciences",5,19,24,0.20833333333333334,43.631318,3.861299
2026-02-07,18:34:33,2026-02-07T18:34:33+01:00,STATION,"Fac de Lettres",2,10,12,0.16666666666666666,43.630437,3.869539
2026-02-07,18:34:33,2026-02-07T18:34:33+01:00,STATION,"Aiguelongue",2,5,8,0.375,43.626163,3.882492
2026-02-07,18:34:33,2026-02-07T18:34:33+01:00,STATION,"Jeu de Mail des Abbés",4,4,8,0.5,43.619701,3.883831
2026-02-07,18:34:33,2026-02-07T18:34:33+01:00,STATION,"Euromédecine",3,5,8,0.375,43.639119,3.828199
2026-02-07,18:34:33,2026-02-07T18:34:33+01:00,STATION,"Marie Caizergues",3,5,8,0.375,43.619871,3.873812
2026-02-07,18:34:33,2026-02-07T18:34:33+01:00,STATION,"Sabines",6,2,8,0.75,43.584211,3.860031
2026-02-07,18:34:33,2026-02-07T18:34:33+01:00,STATION,"Celleneuve",2,6,8,0.25,43.61467,3.832624
2026-02-07,18:34:33,2026-02-07T18:34:33+01:00,STATION,"Jardin de la Lironde",4,4,8,0.5,43.60585,3.911576
2026-02-07,18:34:33,2026-02-07T18:34:33+01:00,STATION,"Père Soulas",4,4,8,0.5,43.621983,3.855603
2026-02-07,18:34:33,2026-02-07T18:34:33+01:00,STATION,"Place Viala",2,6,8,0.25,43.616812,3.855075
2026-02-07,18:34:33,2026-02-07T18:34:33+01:00,STATION,"Hôtel du Département",6,2,8,0.75,43.621682,3.83477
2026-02-07,18:34:33,2026-02-07T18:34:33+01:00,STATION,"Tonnelles",4,4,8,0.5,43.615155,3.839466
2026-02-07,18:34:33,2026-02-07T18:34:33+01:00,STATION,"Parvis Jules Ferry - Gare Saint-Roch",1,7,8,0.125,43.603889,3.879362
2026-02-07,18:34:33,2026-02-07T18:34:33+01:00,STATION,"Pont de Lattes - Gare Saint-Roch",6,6,12,0.5,43.606036,3.882393
2026-02-07,18:34:33,2026-02-07T18:34:33+01:00,STATION,"Deux Ponts - Gare Saint-Roch",0,8,8,0.0,43.604319,3.880916
2026-02-07,18:34:33,2026-02-07T18:34:33+01:00,STATION,"Providence - Ovalie",6,2,8,0.75,43.588239,3.853421
2026-02-07,18:34:33,2026-02-07T18:34:33+01:00,STATION,"Pérols Etang de l Or",45,23,68,0.6617647058823529,43.558351,3.963412
2026-02-07,18:34:33,2026-02-07T18:34:33+01:00,STATION,"Albert 1er - Cathédrale",4,8,12,0.3333333333333333,43.614005,3.873218
2026-02-07,18:34:33,2026-02-07T18:34:33+01:00,STATION,"Saint-Guilhem - Courreau",5,3,8,0.625,43.608996,3.872752
2026-02-07,18:34:33,2026-02-07T18:34:33+01:00,STATION,"Sud De France",2,4,8,0.5,43.59562,3.9235
2026-02-07,18:34:33,2026-02-07T18:34:33+01:00,STATION,"Comedie Baudin",0,8,8,0.0,43.608717,3.880787
2026-02-07,18:34:33,2026-02-07T18:34:33+01:00,STATION,"Jean de Beins",3,13,16,0.1875,43.609857,3.883884
2026-02-07,19:35:55,2026-02-07T19:35:55+01:00,STATION,"Rue Jules Ferry - Gare Saint-Roch",6,6,12,0.5,43.605366,3.881346
2026-02-07,19:35:55,2026-02-07T19:35:55+01:00,STATION,"Comédie",10,10,20,0.5,43.608148,3.878778
2026-02-07,19:35:55,2026-02-07T19:35:55+01:00,STATION,"Hôtel de Ville",10,5,16,0.6875,43.599088,3.894866
2026-02-07,19:35:55,2026-02-07T19:35:55+01:00,STATION,"Corum",4,8,12,0.3333333333333333,43.613989,3.8816
2026-02-07,19:35:55,2026-02-07T19:35:55+01:00,STATION,"Place Albert 1er - St Charles",9,18,27,0.3333333333333333,43.616768,3.873375
2026-02-07,19:35:55,2026-02-07T19:35:55+01:00,STATION,"Foch",3,4,8,0.5,43.610989,3.873345
2026-02-07,19:35:55,2026-02-07T19:35:55+01:00,STATION,"Halles Castellane",0,12,12,0.0,43.609935,3.877208
2026-02-07,19:35:55,2026-02-07T19:35:55+01:00,STATION,"Observatoire",2,5,8,0.375,43.606301,3.87724
2026-02-07,19:35:55,2026-02-07T19:35:55+01:00,STATION,"Rondelet",5,11,16,0.3125,43.603038,3.875796
2026-02-07,19:35:55,2026-02-07T19:35:55+01:00,STATION,"Plan Cabanes",1,11,12,0.08333333333333333,43.608491,3.868389
2026-02-07,19:35:55,2026-02-07T19:35:55+01:00,STATION,"Boutonnet",3,9,12,0.25,43.622629,3.868375
2026-02-07,19:35:55,2026-02-07T19:35:55+01:00,STATION,"Emile Combes",2,6,8,0.25,43.616742,3.87998
2026-02-07,19:35:55,2026-02-07T19:35:55+01:00,STATION,"Beaux-Arts",8,8,16,0.5,43.616698,3.884981
2026-02-07,19:35:55,2026-02-07T19:35:55+01:00,STATION,"Les Aubes",7,1,8,0.875,43.618692,3.893844
2026-02-07,19:35:55,2026-02-07T19:35:55+01:00,STATION,"Antigone centre",7,5,12,0.5833333333333334,43.607942,3.890634
2026-02-07,19:35:55,2026-02-07T19:35:55+01:00,STATION,"Médiathèque Emile Zola",10,6,16,0.625,43.608218,3.89314
2026-02-07,19:35:55,2026-02-07T19:35:55+01:00,STATION,"Nombre d Or",6,10,16,0.375,43.607859,3.886644
2026-02-07,19:35:55,2026-02-07T19:35:55+01:00,STATION,"Louis Blanc",2,14,16,0.125,43.614642,3.877648
2026-02-07,19:35:55,2026-02-07T19:35:55+01:00,STATION,"Gambetta",2,6,8,0.25,43.607106,3.870693
2026-02-07,19:35:55,2026-02-07T19:35:55+01:00,STATION,"Port Marianne",8,8,16,0.5,43.60032,3.89851
2026-02-07,19:35:55,2026-02-07T19:35:55+01:00,STATION,"Les Arceaux",2,6,8,0.25,43.612659,3.867734
2026-02-07,19:35:55,2026-02-07T19:35:55+01:00,STATION,"Cité Mion",4,3,8,0.625,43.601143,3.884373
2026-02-07,19:35:55,2026-02-07T19:35:55+01:00,STATION,"Nouveau Saint-Roch",4,4,8,0.5,43.599817,3.875757
2026-02-07,19:35:55,2026-02-07T19:35:55+01:00,STATION,"Renouvier",3,4,8,0.5,43.603553,3.867884
2026-02-07,19:35:55,2026-02-07T19:35:55+01:00,STATION,"Odysseum",0,8,8,0.0,43.603727,3.918979
2026-02-07,19:35:55,2026-02-07T19:35:55+01:00,STATION,"Saint-Denis",0,8,8,0.0,43.605021,3.875065
2026-02-07,19:35:55,2026-02-07T19:35:55+01:00,STATION,"Richter",13,3,16,0.8125,43.603424,3.899263
2026-02-07,19:35:55,2026-02-07T19:35:55+01:00,STATION,"Charles Flahault",2,6,8,0.25,43.622038,3.86672
2026-02-07,19:35:55,2026-02-07T19:35:55+01:00,STATION,"Voltaire",4,4,8,0.5,43.603767,3.888659
2026-02-07,19:35:55,2026-02-07T19:35:55+01:00,STATION,"Prés d Arènes",2,6,8,0.25,43.59048,3.884611
2026-02-07,19:35:55,2026-02-07T19:35:55+01:00,STATION,"Garcia Lorca",4,4,8,0.5,43.590757,3.890616
2026-02-07,19:35:55,2026-02-07T19:35:55+01:00,STATION,"Vert Bois",2,14,16,0.125,43.63543,3.871179
2026-02-07,19:35:55,2026-02-07T19:35:55+01:00,STATION,"Malbosc",0,8,8,0.0,43.633679,3.832861
2026-02-07,19:35:55,2026-02-07T19:35:55+01:00,STATION,"Occitanie",17,15,32,0.53125,43.635689,3.849597
2026-02-07,19:35:55,2026-02-07T19:35:55+01:00,STATION,"FacdesSciences",5,19,24,0.20833333333333334,43.631318,3.861299
2026-02-07,19:35:55,2026-02-07T19:35:55+01:00,STATION,"Fac de Lettres",1,11,12,0.08333333333333333,43.630437,3.869539
2026-02-07,19:35:55,2026-02-07T19:35:55+01:00,STATION,"Aiguelongue",3,4,8,0.5,43.626163,3.882492
2026-02-07,19:35:55,2026-02-07T19:35:55+01:00,STATION,"Jeu de Mail des Abbés",5,3,8,0.625,43.619701,3.883831
2026-02-07,19:35:55,2026-02-07T19:35:55+01:00,STATION,"Euromédecine",3,5,8,0.375,43.639119,3.828199
2026-02-07,19:35:55,2026-02-07T19:35:55+01:00,STATION,"Marie Caizergues",3,5,8,0.375,43.619871,3.873812
2026-02-07,19:35:55,2026-02-07T19:35:55+01:00,STATION,"Sabines",6,2,8,0.75,43.584211,3.860031
2026-02-07,19:35:55,2026-02-07T19:35:55+01:00,STATION,"Celleneuve",2,6,8,0.25,43.61467,3.832624
2026-02-07,19:35:55,2026-02-07T19:35:55+01:00,STATION,"Jardin de la Lironde",4,4,8,0.5,43.60585,3.911576
2026-02-07,19:35:55,2026-02-07T19:35:55+01:00,STATION,"Père Soulas",7,1,8,0.875,43.621983,3.855603
2026-02-07,19:35:55,2026-02-07T19:35:55+01:00,STATION,"Place Viala",2,6,8,0.25,43.616812,3.855075
2026-02-07,19:35:55,2026-02-07T19:35:55+01:00,STATION,"Hôtel du Département",6,2,8,0.75,43.621682,3.83477
2026-02-07,19:35:55,2026-02-07T19:35:55+01:00,STATION,"Tonnelles",4,4,8,0.5,43.615155,3.839466
2026-02-07,19:35:55,2026-02-07T19:35:55+01:00,STATION,"Parvis Jules Ferry - Gare Saint-Roch",2,6,8,0.25,43.603889,3.879362
2026-02-07,19:35:55,2026-02-07T19:35:55+01:00,STATION,"Pont de Lattes - Gare Saint-Roch",6,6,12,0.5,43.606036,3.882393
2026-02-07,19:35:55,2026-02-07T19:35:55+01:00,STATION,"Deux Ponts - Gare Saint-Roch",0,8,8,0.0,43.604319,3.880916
2026-02-07,19:35:55,2026-02-07T19:35:55+01:00,STATION,"Providence - Ovalie",6,2,8,0.75,43.588239,3.853421
2026-02-07,19:35:55,2026-02-07T19:35:55+01:00,STATION,"Pérols Etang de l Or",42,26,68,0.6176470588235294,43.558351,3.963412
2026-02-07,19:35:55,2026-02-07T19:35:55+01:00,STATION,"Albert 1er - Cathédrale",3,9,12,0.25,43.614005,3.873218
2026-02-07,19:35:55,2026-02-07T19:35:55+01:00,STATION,"Saint-Guilhem - Courreau",5,3,8,0.625,43.608996,3.872752
2026-02-07,19:35:55,2026-02-07T19:35:55+01:00,STATION,"Sud De France",2,4,8,0.5,43.59562,3.9235
2026-02-07,19:35:55,2026-02-07T19:35:55+01:00,STATION,"Comedie Baudin",0,8,8,0.0,43.608717,3.880787
2026-02-07,19:35:55,2026-02-07T19:35:55+01:00,STATION,"Jean de Beins",3,13,16,0.1875,43.609857,3.883884
2026-02-07,20:23:51,2026-02-07T20:23:51+01:00,STATION,"Rue Jules Ferry - Gare Saint-Roch",6,6,12,0.5,43.605366,3.881346
2026-02-07,20:23:51,2026-02-07T20:23:51+01:00,STATION,"Comédie",14,6,20,0.7,43.608148,3.878778
2026-02-07,20:23:51,2026-02-07T20:23:51+01:00,STATION,"Hôtel de Ville",10,5,16,0.6875,43.599088,3.894866
2026-02-07,20:23:51,2026-02-07T20:23:51+01:00,STATION,"Corum",4,8,12,0.3333333333333333,43.613989,3.8816
2026-02-07,20:23:51,2026-02-07T20:23:51+01:00,STATION,"Place Albert 1er - St Charles",10,17,27,0.37037037037037035,43.616768,3.873375
2026-02-07,20:23:51,2026-02-07T20:23:51+01:00,STATION,"Foch",3,4,8,0.5,43.610989,3.873345
2026-02-07,20:23:51,2026-02-07T20:23:51+01:00,STATION,"Halles Castellane",0,12,12,0.0,43.609935,3.877208
2026-02-07,20:23:51,2026-02-07T20:23:51+01:00,STATION,"Observatoire",2,5,8,0.375,43.606301,3.87724
2026-02-07,20:23:51,2026-02-07T20:23:51+01:00,STATION,"Rondelet",5,11,16,0.3125,43.603038,3.875796
2026-02-07,20:23:51,2026-02-07T20:23:51+01:00,STATION,"Plan Cabanes",1,11,12,0.08333333333333333,43.608491,3.868389
2026-02-07,20:23:51,2026-02-07T20:23:51+01:00,STATION,"Boutonnet",3,9,12,0.25,43.622629,3.868375
2026-02-07,20:23:51,2026-02-07T20:23:51+01:00,STATION,"Emile Combes",2,6,8,0.25,43.616742,3.87998
2026-02-07,20:23:51,2026-02-07T20:23:51+01:00,STATION,"Beaux-Arts",8,8,16,0.5,43.616698,3.884981
2026-02-07,20:23:51,2026-02-07T20:23:51+01:00,STATION,"Les Aubes",3,5,8,0.375,43.618692,3.893844
2026-02-07,20:23:51,2026-02-07T20:23:51+01:00,STATION,"Antigone centre",7,5,12,0.5833333333333334,43.607942,3.890634
2026-02-07,20:23:51,2026-02-07T20:23:51+01:00,STATION,"Médiathèque Emile Zola",10,6,16,0.625,43.608218,3.89314
2026-02-07,20:23:51,2026-02-07T20:23:51+01:00,STATION,"Nombre d Or",6,10,16,0.375,43.607859,3.886644
2026-02-07,20:23:51,2026-02-07T20:23:51+01:00,STATION,"Louis Blanc",2,14,16,0.125,43.614642,3.877648
2026-02-07,20:23:51,2026-02-07T20:23:51+01:00,STATION,"Gambetta",2,6,8,0.25,43.607106,3.870693
2026-02-07,20:23:51,2026-02-07T20:23:51+01:00,STATION,"Port Marianne",10,6,16,0.625,43.60032,3.89851
2026-02-07,20:23:51,2026-02-07T20:23:51+01:00,STATION,"Les Arceaux",2,6,8,0.25,43.612659,3.867734
2026-02-07,20:23:51,2026-02-07T20:23:51+01:00,STATION,"Cité Mion",4,3,8,0.625,43.601143,3.884373
2026-02-07,20:23:51,2026-02-07T20:23:51+01:00,STATION,"Nouveau Saint-Roch",4,4,8,0.5,43.599817,3.875757
2026-02-07,20:23:51,2026-02-07T20:23:51+01:00,STATION,"Renouvier",2,5,8,0.375,43.603553,3.867884
2026-02-07,20:23:51,2026-02-07T20:23:51+01:00,STATION,"Odysseum",0,8,8,0.0,43.603727,3.918979
2026-02-07,20:23:51,2026-02-07T20:23:51+01:00,STATION,"Saint-Denis",0,8,8,0.0,43.605021,3.875065
2026-02-07,20:23:51,2026-02-07T20:23:51+01:00,STATION,"Richter",13,3,16,0.8125,43.603424,3.899263
2026-02-07,20:23:51,2026-02-07T20:23:51+01:00,STATION,"Charles Flahault",3,5,8,0.375,43.622038,3.86672
2026-02-07,20:23:51,2026-02-07T20:23:51+01:00,STATION,"Voltaire",4,4,8,0.5,43.603767,3.888659
2026-02-07,20:23:51,2026-02-07T20:23:51+01:00,STATION,"Prés d Arènes",1,7,8,0.125,43.59048,3.884611
2026-02-07,20:23:51,2026-02-07T20:23:51+01:00,STATION,"Garcia Lorca",4,4,8,0.5,43.590757,3.890616
2026-02-07,20:23:51,2026-02-07T20:23:51+01:00,STATION,"Vert Bois",2,14,16,0.125,43.63543,3.871179
2026-02-07,20:23:51,2026-02-07T20:23:51+01:00,STATION,"Malbosc",0,8,8,0.0,43.633679,3.832861
2026-02-07,20:23:51,2026-02-07T20:23:51+01:00,STATION,"Occitanie",15,17,32,0.46875,43.635689,3.849597
2026-02-07,20:23:51,2026-02-07T20:23:51+01:00,STATION,"FacdesSciences",5,19,24,0.20833333333333334,43.631318,3.861299
2026-02-07,20:23:51,2026-02-07T20:23:51+01:00,STATION,"Fac de Lettres",1,11,12,0.08333333333333333,43.630437,3.869539
2026-02-07,20:23:51,2026-02-07T20:23:51+01:00,STATION,"Aiguelongue",3,4,8,0.5,43.626163,3.882492
2026-02-07,20:23:51,2026-02-07T20:23:51+01:00,STATION,"Jeu de Mail des Abbés",5,3,8,0.625,43.619701,3.883831
2026-02-07,20:23:51,2026-02-07T20:23:51+01:00,STATION,"Euromédecine",3,5,8,0.375,43.639119,3.828199
2026-02-07,20:23:51,2026-02-07T20:23:51+01:00,STATION,"Marie Caizergues",3,5,8,0.375,43.619871,3.873812
2026-02-07,20:23:51,2026-02-07T20:23:51+01:00,STATION,"Sabines",6,2,8,0.75,43.584211,3.860031
2026-02-07,20:23:51,2026-02-07T20:23:51+01:00,STATION,"Celleneuve",2,6,8,0.25,43.61467,3.832624
2026-02-07,20:23:51,2026-02-07T20:23:51+01:00,STATION,"Jardin de la Lironde",4,4,8,0.5,43.60585,3.911576
2026-02-07,20:23:51,2026-02-07T20:23:51+01:00,STATION,"Père Soulas",7,1,8,0.875,43.621983,3.855603
2026-02-07,20:23:51,2026-02-07T20:23:51+01:00,STATION,"Place Viala",2,6,8,0.25,43.616812,3.855075
2026-02-07,20:23:51,2026-02-07T20:23:51+01:00,STATION,"Hôtel du Département",6,2,8,0.75,43.621682,3.83477
2026-02-07,20:23:51,2026-02-07T20:23:51+01:00,STATION,"Tonnelles",4,4,8,0.5,43.615155,3.839466
2026-02-07,20:23:51,2026-02-07T20:23:51+01:00,STATION,"Parvis Jules Ferry - Gare Saint-Roch",2,6,8,0.25,43.603889,3.879362
2026-02-07,20:23:51,2026-02-07T20:23:51+01:00,STATION,"Pont de Lattes - Gare Saint-Roch",6,6,12,0.5,43.606036,3.882393
2026-02-07,20:23:51,2026-02-07T20:23:51+01:00,STATION,"Deux Ponts - Gare Saint-Roch",0,8,8,0.0,43.604319,3.880916
2026-02-07,20:23:51,2026-02-07T20:23:51+01:00,STATION,"Providence - Ovalie",6,2,8,0.75,43.588239,3.853421
2026-02-07,20:23:51,2026-02-07T20:23:51+01:00,STATION,"Pérols Etang de l Or",42,26,68,0.6176470588235294,43.558351,3.963412
2026-02-07,20:23:51,2026-02-07T20:23:51+01:00,STATION,"Albert 1er - Cathédrale",3,9,12,0.25,43.614005,3.873218
2026-02-07,20:23:51,2026-02-07T20:23:51+01:00,STATION,"Saint-Guilhem - Courreau",5,3,8,0.625,43.608996,3.872752
2026-02-07,20:23:51,2026-02-07T20:23:51+01:00,STATION,"Sud De France",2,4,8,0.5,43.59562,3.9235
2026-02-07,20:23:51,2026-02-07T20:23:51+01:00,STATION,"Comedie Baudin",0,8,8,0.0,43.608717,3.880787
2026-02-07,20:23:51,2026-02-07T20:23:51+01:00,STATION,"Jean de Beins",3,13,16,0.1875,43.609857,3.883884
2026-02-07,20:45:21,2026-02-07T20:45:21+01:00,STATION,"Rue Jules Ferry - Gare Saint-Roch",6,6,12,0.5,43.605366,3.881346
2026-02-07,20:45:21,2026-02-07T20:45:21+01:00,STATION,"Comédie",14,6,20,0.7,43.608148,3.878778
2026-02-07,20:45:21,2026-02-07T20:45:21+01:00,STATION,"Hôtel de Ville",10,5,16,0.6875,43.599088,3.894866
2026-02-07,20:45:21,2026-02-07T20:45:21+01:00,STATION,"Corum",5,7,12,0.4166666666666667,43.613989,3.8816
2026-02-07,20:45:21,2026-02-07T20:45:21+01:00,STATION,"Place Albert 1er - St Charles",10,17,27,0.37037037037037035,43.616768,3.873375
2026-02-07,20:45:21,2026-02-07T20:45:21+01:00,STATION,"Foch",3,4,8,0.5,43.610989,3.873345
2026-02-07,20:45:21,2026-02-07T20:45:21+01:00,STATION,"Halles Castellane",0,12,12,0.0,43.609935,3.877208
2026-02-07,20:45:21,2026-02-07T20:45:21+01:00,STATION,"Observatoire",2,5,8,0.375,43.606301,3.87724
2026-02-07,20:45:21,2026-02-07T20:45:21+01:00,STATION,"Rondelet",4,12,16,0.25,43.603038,3.875796
2026-02-07,20:45:21,2026-02-07T20:45:21+01:00,STATION,"Plan Cabanes",1,11,12,0.08333333333333333,43.608491,3.868389
2026-02-07,20:45:21,2026-02-07T20:45:21+01:00,STATION,"Boutonnet",3,9,12,0.25,43.622629,3.868375
2026-02-07,20:45:21,2026-02-07T20:45:21+01:00,STATION,"Emile Combes",2,6,8,0.25,43.616742,3.87998
2026-02-07,20:45:21,2026-02-07T20:45:21+01:00,STATION,"Beaux-Arts",8,8,16,0.5,43.616698,3.884981
2026-02-07,20:45:21,2026-02-07T20:45:21+01:00,STATION,"Les Aubes",3,5,8,0.375,43.618692,3.893844
2026-02-07,20:45:21,2026-02-07T20:45:21+01:00,STATION,"Antigone centre",7,5,12,0.5833333333333334,43.607942,3.890634
2026-02-07,20:45:21,2026-02-07T20:45:21+01:00,STATION,"Médiathèque Emile Zola",10,6,16,0.625,43.608218,3.89314
2026-02-07,20:45:21,2026-02-07T20:45:21+01:00,STATION,"Nombre d Or",6,10,16,0.375,43.607859,3.886644
2026-02-07,20:45:21,2026-02-07T20:45:21+01:00,STATION,"Louis Blanc",3,13,16,0.1875,43.614642,3.877648
2026-02-07,20:45:21,2026-02-07T20:45:21+01:00,STATION,"Gambetta",2,6,8,0.25,43.607106,3.870693
2026-02-07,20:45:21,2026-02-07T20:45:21+01:00,STATION,"Port Marianne",10,6,16,0.625,43.60032,3.89851
2026-02-07,20:45:21,2026-02-07T20:45:21+01:00,STATION,"Les Arceaux",2,6,8,0.25,43.612659,3.867734
2026-02-07,20:45:21,2026-02-07T20:45:21+01:00,STATION,"Cité Mion",4,3,8,0.625,43.601143,3.884373
2026-02-07,20:45:21,2026-02-07T20:45:21+01:00,STATION,"Nouveau Saint-Roch",4,4,8,0.5,43.599817,3.875757
2026-02-07,20:45:21,2026-02-07T20:45:21+01:00,STATION,"Renouvier",2,5,8,0.375,43.603553,3.867884
2026-02-07,20:45:21,2026-02-07T20:45:21+01:00,STATION,"Odysseum",0,8,8,0.0,43.603727,3.918979
2026-02-07,20:45:21,2026-02-07T20:45:21+01:00,STATION,"Saint-Denis",0,8,8,0.0,43.605021,3.875065
2026-02-07,20:45:21,2026-02-07T20:45:21+01:00,STATION,"Richter",14,2,16,0.875,43.603424,3.899263
2026-02-07,20:45:21,2026-02-07T20:45:21+01:00,STATION,"Charles Flahault",3,5,8,0.375,43.622038,3.86672
2026-02-07,20:45:21,2026-02-07T20:45:21+01:00,STATION,"Voltaire",4,4,8,0.5,43.603767,3.888659
2026-02-07,20:45:21,2026-02-07T20:45:21+01:00,STATION,"Prés d Arènes",1,7,8,0.125,43.59048,3.884611
2026-02-07,20:45:21,2026-02-07T20:45:21+01:00,STATION,"Garcia Lorca",4,4,8,0.5,43.590757,3.890616
2026-02-07,20:45:21,2026-02-07T20:45:21+01:00,STATION,"Vert Bois",2,14,16,0.125,43.63543,3.871179
2026-02-07,20:45:21,2026-02-07T20:45:21+01:00,STATION,"Malbosc",0,8,8,0.0,43.633679,3.832861
2026-02-07,20:45:21,2026-02-07T20:45:21+01:00,STATION,"Occitanie",15,17,32,0.46875,43.635689,3.849597
2026-02-07,20:45:21,2026-02-07T20:45:21+01:00,STATION,"FacdesSciences",5,19,24,0.20833333333333334,43.631318,3.861299
2026-02-07,20:45:21,2026-02-07T20:45:21+01:00,STATION,"Fac de Lettres",1,11,12,0.08333333333333333,43.630437,3.869539
2026-02-07,20:45:21,2026-02-07T20:45:21+01:00,STATION,"Aiguelongue",3,4,8,0.5,43.626163,3.882492
2026-02-07,20:45:21,2026-02-07T20:45:21+01:00,STATION,"Jeu de Mail des Abbés",5,3,8,0.625,43.619701,3.883831
2026-02-07,20:45:21,2026-02-07T20:45:21+01:00,STATION,"Euromédecine",3,5,8,0.375,43.639119,3.828199
2026-02-07,20:45:21,2026-02-07T20:45:21+01:00,STATION,"Marie Caizergues",3,5,8,0.375,43.619871,3.873812
2026-02-07,20:45:21,2026-02-07T20:45:21+01:00,STATION,"Sabines",6,2,8,0.75,43.584211,3.860031
2026-02-07,20:45:21,2026-02-07T20:45:21+01:00,STATION,"Celleneuve",2,6,8,0.25,43.61467,3.832624
2026-02-07,20:45:21,2026-02-07T20:45:21+01:00,STATION,"Jardin de la Lironde",4,4,8,0.5,43.60585,3.911576
2026-02-07,20:45:21,2026-02-07T20:45:21+01:00,STATION,"Père Soulas",7,1,8,0.875,43.621983,3.855603
2026-02-07,20:45:21,2026-02-07T20:45:21+01:00,STATION,"Place Viala",2,6,8,0.25,43.616812,3.855075
2026-02-07,20:45:21,2026-02-07T20:45:21+01:00,STATION,"Hôtel du Département",6,2,8,0.75,43.621682,3.83477
2026-02-07,20:45:21,2026-02-07T20:45:21+01:00,STATION,"Tonnelles",4,4,8,0.5,43.615155,3.839466
2026-02-07,20:45:21,2026-02-07T20:45:21+01:00,STATION,"Parvis Jules Ferry - Gare Saint-Roch",2,6,8,0.25,43.603889,3.879362
2026-02-07,20:45:21,2026-02-07T20:45:21+01:00,STATION,"Pont de Lattes - Gare Saint-Roch",7,5,12,0.5833333333333334,43.606036,3.882393
2026-02-07,20:45:21,2026-02-07T20:45:21+01:00,STATION,"Deux Ponts - Gare Saint-Roch",0,8,8,0.0,43.604319,3.880916
2026-02-07,20:45:21,2026-02-07T20:45:21+01:00,STATION,"Providence - Ovalie",5,3,8,0.625,43.588239,3.853421
2026-02-07,20:45:21,2026-02-07T20:45:21+01:00,STATION,"Pérols Etang de l Or",42,26,68,0.6176470588235294,43.558351,3.963412
2026-02-07,20:45:21,2026-02-07T20:45:21+01:00,STATION,"Albert 1er - Cathédrale",3,9,12,0.25,43.614005,3.873218
2026-02-07,20:45:21,2026-02-07T20:45:21+01:00,STATION,"Saint-Guilhem - Courreau",5,3,8,0.625,43.608996,3.872752
2026-02-07,20:45:21,2026-02-07T20:45:21+01:00,STATION,"Sud De France",2,4,8,0.5,43.59562,3.9235
2026-02-07,20:45:21,2026-02-07T20:45:21+01:00,STATION,"Comedie Baudin",0,8,8,0.0,43.608717,3.880787
2026-02-07,20:45:21,2026-02-07T20:45:21+01:00,STATION,"Jean de Beins",3,13,16,0.1875,43.609857,3.883884
2026-02-07,21:27:23,2026-02-07T21:27:23+01:00,STATION,"Rue Jules Ferry - Gare Saint-Roch",6,6,12,0.5,43.605366,3.881346
2026-02-07,21:27:23,2026-02-07T21:27:23+01:00,STATION,"Comédie",14,6,20,0.7,43.608148,3.878778
2026-02-07,21:27:23,2026-02-07T21:27:23+01:00,STATION,"Hôtel de Ville",10,5,16,0.6875,43.599088,3.894866
2026-02-07,21:27:23,2026-02-07T21:27:23+01:00,STATION,"Corum",4,8,12,0.3333333333333333,43.613989,3.8816
2026-02-07,21:27:23,2026-02-07T21:27:23+01:00,STATION,"Place Albert 1er - St Charles",10,17,27,0.37037037037037035,43.616768,3.873375
2026-02-07,21:27:23,2026-02-07T21:27:23+01:00,STATION,"Foch",3,4,8,0.5,43.610989,3.873345
2026-02-07,21:27:23,2026-02-07T21:27:23+01:00,STATION,"Halles Castellane",0,12,12,0.0,43.609935,3.877208
2026-02-07,21:27:23,2026-02-07T21:27:23+01:00,STATION,"Observatoire",3,4,8,0.5,43.606301,3.87724
2026-02-07,21:27:23,2026-02-07T21:27:23+01:00,STATION,"Rondelet",4,12,16,0.25,43.603038,3.875796
2026-02-07,21:27:23,2026-02-07T21:27:23+01:00,STATION,"Plan Cabanes",1,11,12,0.08333333333333333,43.608491,3.868389
2026-02-07,21:27:23,2026-02-07T21:27:23+01:00,STATION,"Boutonnet",3,9,12,0.25,43.622629,3.868375
2026-02-07,21:27:23,2026-02-07T21:27:23+01:00,STATION,"Emile Combes",2,6,8,0.25,43.616742,3.87998
2026-02-07,21:27:23,2026-02-07T21:27:23+01:00,STATION,"Beaux-Arts",8,8,16,0.5,43.616698,3.884981
2026-02-07,21:27:23,2026-02-07T21:27:23+01:00,STATION,"Les Aubes",3,5,8,0.375,43.618692,3.893844
2026-02-07,21:27:23,2026-02-07T21:27:23+01:00,STATION,"Antigone centre",7,5,12,0.5833333333333334,43.607942,3.890634
2026-02-07,21:27:23,2026-02-07T21:27:23+01:00,STATION,"Médiathèque Emile Zola",10,6,16,0.625,43.608218,3.89314
2026-02-07,21:27:23,2026-02-07T21:27:23+01:00,STATION,"Nombre d Or",7,9,16,0.4375,43.607859,3.886644
2026-02-07,21:27:23,2026-02-07T21:27:23+01:00,STATION,"Louis Blanc",3,13,16,0.1875,43.614642,3.877648
2026-02-07,21:27:23,2026-02-07T21:27:23+01:00,STATION,"Gambetta",2,6,8,0.25,43.607106,3.870693
2026-02-07,21:27:23,2026-02-07T21:27:23+01:00,STATION,"Port Marianne",10,6,16,0.625,43.60032,3.89851
2026-02-07,21:27:23,2026-02-07T21:27:23+01:00,STATION,"Les Arceaux",2,6,8,0.25,43.612659,3.867734
2026-02-07,21:27:23,2026-02-07T21:27:23+01:00,STATION,"Cité Mion",4,3,8,0.625,43.601143,3.884373
2026-02-07,21:27:23,2026-02-07T21:27:23+01:00,STATION,"Nouveau Saint-Roch",4,4,8,0.5,43.599817,3.875757
2026-02-07,21:27:23,2026-02-07T21:27:23+01:00,STATION,"Renouvier",2,5,8,0.375,43.603553,3.867884
2026-02-07,21:27:23,2026-02-07T21:27:23+01:00,STATION,"Odysseum",0,8,8,0.0,43.603727,3.918979
2026-02-07,21:27:23,2026-02-07T21:27:23+01:00,STATION,"Saint-Denis",0,8,8,0.0,43.605021,3.875065
2026-02-07,21:27:23,2026-02-07T21:27:23+01:00,STATION,"Richter",14,2,16,0.875,43.603424,3.899263
2026-02-07,21:27:23,2026-02-07T21:27:23+01:00,STATION,"Charles Flahault",2,6,8,0.25,43.622038,3.86672
2026-02-07,21:27:23,2026-02-07T21:27:23+01:00,STATION,"Voltaire",4,4,8,0.5,43.603767,3.888659
2026-02-07,21:27:23,2026-02-07T21:27:23+01:00,STATION,"Prés d Arènes",1,7,8,0.125,43.59048,3.884611
2026-02-07,21:27:23,2026-02-07T21:27:23+01:00,STATION,"Garcia Lorca",3,5,8,0.375,43.590757,3.890616
2026-02-07,21:27:23,2026-02-07T21:27:23+01:00,STATION,"Vert Bois",2,14,16,0.125,43.63543,3.871179
2026-02-07,21:27:23,2026-02-07T21:27:23+01:00,STATION,"Malbosc",0,8,8,0.0,43.633679,3.832861
2026-02-07,21:27:23,2026-02-07T21:27:23+01:00,STATION,"Occitanie",15,17,32,0.46875,43.635689,3.849597
2026-02-07,21:27:23,2026-02-07T21:27:23+01:00,STATION,"FacdesSciences",3,21,24,0.125,43.631318,3.861299
2026-02-07,21:27:23,2026-02-07T21:27:23+01:00,STATION,"Fac de Lettres",1,11,12,0.08333333333333333,43.630437,3.869539
2026-02-07,21:27:23,2026-02-07T21:27:23+01:00,STATION,"Aiguelongue",3,4,8,0.5,43.626163,3.882492
2026-02-07,21:27:23,2026-02-07T21:27:23+01:00,STATION,"Jeu de Mail des Abbés",5,3,8,0.625,43.619701,3.883831
2026-02-07,21:27:23,2026-02-07T21:27:23+01:00,STATION,"Euromédecine",3,5,8,0.375,43.639119,3.828199
2026-02-07,21:27:23,2026-02-07T21:27:23+01:00,STATION,"Marie Caizergues",3,5,8,0.375,43.619871,3.873812
2026-02-07,21:27:23,2026-02-07T21:27:23+01:00,STATION,"Sabines",6,2,8,0.75,43.584211,3.860031
2026-02-07,21:27:23,2026-02-07T21:27:23+01:00,STATION,"Celleneuve",2,6,8,0.25,43.61467,3.832624
2026-02-07,21:27:23,2026-02-07T21:27:23+01:00,STATION,"Jardin de la Lironde",4,4,8,0.5,43.60585,3.911576
2026-02-07,21:27:23,2026-02-07T21:27:23+01:00,STATION,"Père Soulas",7,1,8,0.875,43.621983,3.855603
2026-02-07,21:27:23,2026-02-07T21:27:23+01:00,STATION,"Place Viala",2,6,8,0.25,43.616812,3.855075
2026-02-07,21:27:23,2026-02-07T21:27:23+01:00,STATION,"Hôtel du Département",6,2,8,0.75,43.621682,3.83477
2026-02-07,21:27:23,2026-02-07T21:27:23+01:00,STATION,"Tonnelles",4,4,8,0.5,43.615155,3.839466
2026-02-07,21:27:23,2026-02-07T21:27:23+01:00,STATION,"Parvis Jules Ferry - Gare Saint-Roch",2,6,8,0.25,43.603889,3.879362
2026-02-07,21:27:23,2026-02-07T21:27:23+01:00,STATION,"Pont de Lattes - Gare Saint-Roch",7,5,12,0.5833333333333334,43.606036,3.882393
2026-02-07,21:27:23,2026-02-07T21:27:23+01:00,STATION,"Deux Ponts - Gare Saint-Roch",0,8,8,0.0,43.604319,3.880916
2026-02-07,21:27:23,2026-02-07T21:27:23+01:00,STATION,"Providence - Ovalie",3,5,8,0.375,43.588239,3.853421
2026-02-07,21:27:23,2026-02-07T21:27:23+01:00,STATION,"Pérols Etang de l Or",43,25,68,0.6323529411764706,43.558351,3.963412
2026-02-07,21:27:23,2026-02-07T21:27:23+01:00,STATION,"Albert 1er - Cathédrale",7,5,12,0.5833333333333334,43.614005,3.873218
2026-02-07,21:27:23,2026-02-07T21:27:23+01:00,STATION,"Saint-Guilhem - Courreau",4,4,8,0.5,43.608996,3.872752
2026-02-07,21:27:23,2026-02-07T21:27:23+01:00,STATION,"Sud De France",2,4,8,0.5,43.59562,3.9235
2026-02-07,21:27:23,2026-02-07T21:27:23+01:00,STATION,"Comedie Baudin",0,8,8,0.0,43.608717,3.880787
2026-02-07,21:27:23,2026-02-07T21:27:23+01:00,STATION,"Jean de Beins",3,13,16,0.1875,43.609857,3.883884
2026-02-07,21:53:32,2026-02-07T21:53:32+01:00,STATION,"Rue Jules Ferry - Gare Saint-Roch",6,6,12,0.5,43.605366,3.881346
2026-02-07,21:53:32,2026-02-07T21:53:32+01:00,STATION,"Comédie",16,4,20,0.8,43.608148,3.878778
2026-02-07,21:53:32,2026-02-07T21:53:32+01:00,STATION,"Hôtel de Ville",13,2,16,0.875,43.599088,3.894866
2026-02-07,21:53:32,2026-02-07T21:53:32+01:00,STATION,"Corum",4,8,12,0.3333333333333333,43.613989,3.8816
2026-02-07,21:53:32,2026-02-07T21:53:32+01:00,STATION,"Place Albert 1er - St Charles",10,17,27,0.37037037037037035,43.616768,3.873375
2026-02-07,21:53:32,2026-02-07T21:53:32+01:00,STATION,"Foch",3,4,8,0.5,43.610989,3.873345
2026-02-07,21:53:32,2026-02-07T21:53:32+01:00,STATION,"Halles Castellane",0,12,12,0.0,43.609935,3.877208
2026-02-07,21:53:32,2026-02-07T21:53:32+01:00,STATION,"Observatoire",3,4,8,0.5,43.606301,3.87724
2026-02-07,21:53:32,2026-02-07T21:53:32+01:00,STATION,"Rondelet",4,12,16,0.25,43.603038,3.875796
2026-02-07,21:53:32,2026-02-07T21:53:32+01:00,STATION,"Plan Cabanes",1,11,12,0.08333333333333333,43.608491,3.868389
2026-02-07,21:53:32,2026-02-07T21:53:32+01:00,STATION,"Boutonnet",3,9,12,0.25,43.622629,3.868375
2026-02-07,21:53:32,2026-02-07T21:53:32+01:00,STATION,"Emile Combes",2,6,8,0.25,43.616742,3.87998
2026-02-07,21:53:32,2026-02-07T21:53:32+01:00,STATION,"Beaux-Arts",8,8,16,0.5,43.616698,3.884981
2026-02-07,21:53:32,2026-02-07T21:53:32+01:00,STATION,"Les Aubes",3,5,8,0.375,43.618692,3.893844
2026-02-07,21:53:32,2026-02-07T21:53:32+01:00,STATION,"Antigone centre",7,5,12,0.5833333333333334,43.607942,3.890634
2026-02-07,21:53:32,2026-02-07T21:53:32+01:00,STATION,"Médiathèque Emile Zola",10,6,16,0.625,43.608218,3.89314
2026-02-07,21:53:32,2026-02-07T21:53:32+01:00,STATION,"Nombre d Or",7,9,16,0.4375,43.607859,3.886644
2026-02-07,21:53:32,2026-02-07T21:53:32+01:00,STATION,"Louis Blanc",3,13,16,0.1875,43.614642,3.877648
2026-02-07,21:53:32,2026-02-07T21:53:32+01:00,STATION,"Gambetta",2,6,8,0.25,43.607106,3.870693
2026-02-07,21:53:32,2026-02-07T21:53:32+01:00,STATION,"Port Marianne",10,6,16,0.625,43.60032,3.89851
2026-02-07,21:53:32,2026-02-07T21:53:32+01:00,STATION,"Les Arceaux",3,5,8,0.375,43.612659,3.867734
2026-02-07,21:53:32,2026-02-07T21:53:32+01:00,STATION,"Cité Mion",4,3,8,0.625,43.601143,3.884373
2026-02-07,21:53:32,2026-02-07T21:53:32+01:00,STATION,"Nouveau Saint-Roch",4,4,8,0.5,43.599817,3.875757
2026-02-07,21:53:32,2026-02-07T21:53:32+01:00,STATION,"Renouvier",2,5,8,0.375,43.603553,3.867884
2026-02-07,21:53:32,2026-02-07T21:53:32+01:00,STATION,"Odysseum",0,8,8,0.0,43.603727,3.918979
2026-02-07,21:53:32,2026-02-07T21:53:32+01:00,STATION,"Saint-Denis",0,8,8,0.0,43.605021,3.875065
2026-02-07,21:53:32,2026-02-07T21:53:32+01:00,STATION,"Richter",14,2,16,0.875,43.603424,3.899263
2026-02-07,21:53:32,2026-02-07T21:53:32+01:00,STATION,"Charles Flahault",2,6,8,0.25,43.622038,3.86672
2026-02-07,21:53:32,2026-02-07T21:53:32+01:00,STATION,"Voltaire",4,4,8,0.5,43.603767,3.888659
2026-02-07,21:53:32,2026-02-07T21:53:32+01:00,STATION,"Prés d Arènes",1,7,8,0.125,43.59048,3.884611
2026-02-07,21:53:32,2026-02-07T21:53:32+01:00,STATION,"Garcia Lorca",4,4,8,0.5,43.590757,3.890616
2026-02-07,21:53:32,2026-02-07T21:53:32+01:00,STATION,"Vert Bois",2,14,16,0.125,43.63543,3.871179
2026-02-07,21:53:32,2026-02-07T21:53:32+01:00,STATION,"Malbosc",0,8,8,0.0,43.633679,3.832861
2026-02-07,21:53:32,2026-02-07T21:53:32+01:00,STATION,"Occitanie",15,17,32,0.46875,43.635689,3.849597
2026-02-07,21:53:32,2026-02-07T21:53:32+01:00,STATION,"FacdesSciences",3,21,24,0.125,43.631318,3.861299
2026-02-07,21:53:32,2026-02-07T21:53:32+01:00,STATION,"Fac de Lettres",1,11,12,0.08333333333333333,43.630437,3.869539
2026-02-07,21:53:32,2026-02-07T21:53:32+01:00,STATION,"Aiguelongue",3,4,8,0.5,43.626163,3.882492
2026-02-07,21:53:32,2026-02-07T21:53:32+01:00,STATION,"Jeu de Mail des Abbés",5,3,8,0.625,43.619701,3.883831
2026-02-07,21:53:32,2026-02-07T21:53:32+01:00,STATION,"Euromédecine",3,5,8,0.375,43.639119,3.828199
2026-02-07,21:53:32,2026-02-07T21:53:32+01:00,STATION,"Marie Caizergues",2,6,8,0.25,43.619871,3.873812
2026-02-07,21:53:32,2026-02-07T21:53:32+01:00,STATION,"Sabines",6,2,8,0.75,43.584211,3.860031
2026-02-07,21:53:32,2026-02-07T21:53:32+01:00,STATION,"Celleneuve",2,6,8,0.25,43.61467,3.832624
2026-02-07,21:53:32,2026-02-07T21:53:32+01:00,STATION,"Jardin de la Lironde",4,4,8,0.5,43.60585,3.911576
2026-02-07,21:53:32,2026-02-07T21:53:32+01:00,STATION,"Père Soulas",7,1,8,0.875,43.621983,3.855603
2026-02-07,21:53:32,2026-02-07T21:53:32+01:00,STATION,"Place Viala",2,6,8,0.25,43.616812,3.855075
2026-02-07,21:53:32,2026-02-07T21:53:32+01:00,STATION,"Hôtel du Département",6,2,8,0.75,43.621682,3.83477
2026-02-07,21:53:32,2026-02-07T21:53:32+01:00,STATION,"Tonnelles",3,5,8,0.375,43.615155,3.839466
2026-02-07,21:53:32,2026-02-07T21:53:32+01:00,STATION,"Parvis Jules Ferry - Gare Saint-Roch",2,6,8,0.25,43.603889,3.879362
2026-02-07,21:53:32,2026-02-07T21:53:32+01:00,STATION,"Pont de Lattes - Gare Saint-Roch",7,5,12,0.5833333333333334,43.606036,3.882393
2026-02-07,21:53:32,2026-02-07T21:53:32+01:00,STATION,"Deux Ponts - Gare Saint-Roch",0,8,8,0.0,43.604319,3.880916
2026-02-07,21:53:32,2026-02-07T21:53:32+01:00,STATION,"Providence - Ovalie",3,5,8,0.375,43.588239,3.853421
2026-02-07,21:53:32,2026-02-07T21:53:32+01:00,STATION,"Pérols Etang de l Or",43,25,68,0.6323529411764706,43.558351,3.963412
2026-02-07,21:53:32,2026-02-07T21:53:32+01:00,STATION,"Albert 1er - Cathédrale",7,5,12,0.5833333333333334,43.614005,3.873218
2026-02-07,21:53:32,2026-02-07T21:53:32+01:00,STATION,"Saint-Guilhem - Courreau",4,4,8,0.5,43.608996,3.872752
2026-02-07,21:53:32,2026-02-07T21:53:32+01:00,STATION,"Sud De France",2,4,8,0.5,43.59562,3.9235
2026-02-07,21:53:32,2026-02-07T21:53:32+01:00,STATION,"Comedie Baudin",0,8,8,0.0,43.608717,3.880787
2026-02-07,21:53:32,2026-02-07T21:53:32+01:00,STATION,"Jean de Beins",3,13,16,0.1875,43.609857,3.883884
2026-02-07,22:26:14,2026-02-07T22:26:14+01:00,STATION,"Rue Jules Ferry - Gare Saint-Roch",6,6,12,0.5,43.605366,3.881346
2026-02-07,22:26:14,2026-02-07T22:26:14+01:00,STATION,"Comédie",16,4,20,0.8,43.608148,3.878778
2026-02-07,22:26:14,2026-02-07T22:26:14+01:00,STATION,"Hôtel de Ville",13,2,16,0.875,43.599088,3.894866
2026-02-07,22:26:14,2026-02-07T22:26:14+01:00,STATION,"Corum",4,8,12,0.3333333333333333,43.613989,3.8816
2026-02-07,22:26:14,2026-02-07T22:26:14+01:00,STATION,"Place Albert 1er - St Charles",10,17,27,0.37037037037037035,43.616768,3.873375
2026-02-07,22:26:14,2026-02-07T22:26:14+01:00,STATION,"Foch",3,4,8,0.5,43.610989,3.873345
2026-02-07,22:26:14,2026-02-07T22:26:14+01:00,STATION,"Halles Castellane",0,12,12,0.0,43.609935,3.877208
2026-02-07,22:26:14,2026-02-07T22:26:14+01:00,STATION,"Observatoire",3,4,8,0.5,43.606301,3.87724
2026-02-07,22:26:14,2026-02-07T22:26:14+01:00,STATION,"Rondelet",4,12,16,0.25,43.603038,3.875796
2026-02-07,22:26:14,2026-02-07T22:26:14+01:00,STATION,"Plan Cabanes",1,11,12,0.08333333333333333,43.608491,3.868389
2026-02-07,22:26:14,2026-02-07T22:26:14+01:00,STATION,"Boutonnet",3,9,12,0.25,43.622629,3.868375
2026-02-07,22:26:14,2026-02-07T22:26:14+01:00,STATION,"Emile Combes",2,6,8,0.25,43.616742,3.87998
2026-02-07,22:26:14,2026-02-07T22:26:14+01:00,STATION,"Beaux-Arts",8,8,16,0.5,43.616698,3.884981
2026-02-07,22:26:14,2026-02-07T22:26:14+01:00,STATION,"Les Aubes",3,5,8,0.375,43.618692,3.893844
2026-02-07,22:26:14,2026-02-07T22:26:14+01:00,STATION,"Antigone centre",7,5,12,0.5833333333333334,43.607942,3.890634
2026-02-07,22:26:14,2026-02-07T22:26:14+01:00,STATION,"Médiathèque Emile Zola",10,6,16,0.625,43.608218,3.89314
2026-02-07,22:26:14,2026-02-07T22:26:14+01:00,STATION,"Nombre d Or",7,9,16,0.4375,43.607859,3.886644
2026-02-07,22:26:14,2026-02-07T22:26:14+01:00,STATION,"Louis Blanc",3,13,16,0.1875,43.614642,3.877648
2026-02-07,22:26:14,2026-02-07T22:26:14+01:00,STATION,"Gambetta",2,6,8,0.25,43.607106,3.870693
2026-02-07,22:26:14,2026-02-07T22:26:14+01:00,STATION,"Port Marianne",10,6,16,0.625,43.60032,3.89851
2026-02-07,22:26:14,2026-02-07T22:26:14+01:00,STATION,"Les Arceaux",3,5,8,0.375,43.612659,3.867734
2026-02-07,22:26:14,2026-02-07T22:26:14+01:00,STATION,"Cité Mion",4,3,8,0.625,43.601143,3.884373
2026-02-07,22:26:14,2026-02-07T22:26:14+01:00,STATION,"Nouveau Saint-Roch",4,4,8,0.5,43.599817,3.875757
2026-02-07,22:26:14,2026-02-07T22:26:14+01:00,STATION,"Renouvier",3,4,8,0.5,43.603553,3.867884
2026-02-07,22:26:14,2026-02-07T22:26:14+01:00,STATION,"Odysseum",0,8,8,0.0,43.603727,3.918979
2026-02-07,22:26:14,2026-02-07T22:26:14+01:00,STATION,"Saint-Denis",0,8,8,0.0,43.605021,3.875065
2026-02-07,22:26:14,2026-02-07T22:26:14+01:00,STATION,"Richter",14,2,16,0.875,43.603424,3.899263
2026-02-07,22:26:14,2026-02-07T22:26:14+01:00,STATION,"Charles Flahault",2,6,8,0.25,43.622038,3.86672
2026-02-07,22:26:14,2026-02-07T22:26:14+01:00,STATION,"Voltaire",4,4,8,0.5,43.603767,3.888659
2026-02-07,22:26:14,2026-02-07T22:26:14+01:00,STATION,"Prés d Arènes",1,7,8,0.125,43.59048,3.884611
2026-02-07,22:26:14,2026-02-07T22:26:14+01:00,STATION,"Garcia Lorca",4,4,8,0.5,43.590757,3.890616
2026-02-07,22:26:14,2026-02-07T22:26:14+01:00,STATION,"Vert Bois",2,14,16,0.125,43.63543,3.871179
2026-02-07,22:26:14,2026-02-07T22:26:14+01:00,STATION,"Malbosc",0,8,8,0.0,43.633679,3.832861
2026-02-07,22:26:14,2026-02-07T22:26:14+01:00,STATION,"Occitanie",15,17,32,0.46875,43.635689,3.849597
2026-02-07,22:26:14,2026-02-07T22:26:14+01:00,STATION,"FacdesSciences",3,21,24,0.125,43.631318,3.861299
2026-02-07,22:26:14,2026-02-07T22:26:14+01:00,STATION,"Fac de Lettres",1,11,12,0.08333333333333333,43.630437,3.869539
2026-02-07,22:26:14,2026-02-07T22:26:14+01:00,STATION,"Aiguelongue",3,4,8,0.5,43.626163,3.882492
2026-02-07,22:26:14,2026-02-07T22:26:14+01:00,STATION,"Jeu de Mail des Abbés",5,3,8,0.625,43.619701,3.883831
2026-02-07,22:26:14,2026-02-07T22:26:14+01:00,STATION,"Euromédecine",3,5,8,0.375,43.639119,3.828199
2026-02-07,22:26:14,2026-02-07T22:26:14+01:00,STATION,"Marie Caizergues",3,5,8,0.375,43.619871,3.873812
2026-02-07,22:26:14,2026-02-07T22:26:14+01:00,STATION,"Sabines",6,2,8,0.75,43.584211,3.860031
2026-02-07,22:26:14,2026-02-07T22:26:14+01:00,STATION,"Celleneuve",2,6,8,0.25,43.61467,3.832624
2026-02-07,22:26:14,2026-02-07T22:26:14+01:00,STATION,"Jardin de la Lironde",3,5,8,0.375,43.60585,3.911576
2026-02-07,22:26:14,2026-02-07T22:26:14+01:00,STATION,"Père Soulas",7,1,8,0.875,43.621983,3.855603
2026-02-07,22:26:14,2026-02-07T22:26:14+01:00,STATION,"Place Viala",2,6,8,0.25,43.616812,3.855075
2026-02-07,22:26:14,2026-02-07T22:26:14+01:00,STATION,"Hôtel du Département",6,2,8,0.75,43.621682,3.83477
2026-02-07,22:26:14,2026-02-07T22:26:14+01:00,STATION,"Tonnelles",3,5,8,0.375,43.615155,3.839466
2026-02-07,22:26:14,2026-02-07T22:26:14+01:00,STATION,"Parvis Jules Ferry - Gare Saint-Roch",2,6,8,0.25,43.603889,3.879362
2026-02-07,22:26:14,2026-02-07T22:26:14+01:00,STATION,"Pont de Lattes - Gare Saint-Roch",7,5,12,0.5833333333333334,43.606036,3.882393
2026-02-07,22:26:14,2026-02-07T22:26:14+01:00,STATION,"Deux Ponts - Gare Saint-Roch",0,8,8,0.0,43.604319,3.880916
2026-02-07,22:26:14,2026-02-07T22:26:14+01:00,STATION,"Providence - Ovalie",3,5,8,0.375,43.588239,3.853421
2026-02-07,22:26:14,2026-02-07T22:26:14+01:00,STATION,"Pérols Etang de l Or",43,25,68,0.6323529411764706,43.558351,3.963412
2026-02-07,22:26:14,2026-02-07T22:26:14+01:00,STATION,"Albert 1er - Cathédrale",7,5,12,0.5833333333333334,43.614005,3.873218
2026-02-07,22:26:14,2026-02-07T22:26:14+01:00,STATION,"Saint-Guilhem - Courreau",5,3,8,0.625,43.608996,3.872752
2026-02-07,22:26:14,2026-02-07T22:26:14+01:00,STATION,"Sud De France",2,4,8,0.5,43.59562,3.9235
2026-02-07,22:26:14,2026-02-07T22:26:14+01:00,STATION,"Comedie Baudin",0,8,8,0.0,43.608717,3.880787
2026-02-07,22:26:14,2026-02-07T22:26:14+01:00,STATION,"Jean de Beins",3,13,16,0.1875,43.609857,3.883884
2026-02-07,22:50:27,2026-02-07T22:50:27+01:00,STATION,"Rue Jules Ferry - Gare Saint-Roch",6,6,12,0.5,43.605366,3.881346
2026-02-07,22:50:27,2026-02-07T22:50:27+01:00,STATION,"Comédie",16,4,20,0.8,43.608148,3.878778
2026-02-07,22:50:27,2026-02-07T22:50:27+01:00,STATION,"Hôtel de Ville",13,2,16,0.875,43.599088,3.894866
2026-02-07,22:50:27,2026-02-07T22:50:27+01:00,STATION,"Corum",4,8,12,0.3333333333333333,43.613989,3.8816
2026-02-07,22:50:27,2026-02-07T22:50:27+01:00,STATION,"Place Albert 1er - St Charles",10,17,27,0.37037037037037035,43.616768,3.873375
2026-02-07,22:50:27,2026-02-07T22:50:27+01:00,STATION,"Foch",3,4,8,0.5,43.610989,3.873345
2026-02-07,22:50:27,2026-02-07T22:50:27+01:00,STATION,"Halles Castellane",0,12,12,0.0,43.609935,3.877208
2026-02-07,22:50:27,2026-02-07T22:50:27+01:00,STATION,"Observatoire",3,4,8,0.5,43.606301,3.87724
2026-02-07,22:50:27,2026-02-07T22:50:27+01:00,STATION,"Rondelet",4,12,16,0.25,43.603038,3.875796
2026-02-07,22:50:27,2026-02-07T22:50:27+01:00,STATION,"Plan Cabanes",1,11,12,0.08333333333333333,43.608491,3.868389
2026-02-07,22:50:27,2026-02-07T22:50:27+01:00,STATION,"Boutonnet",3,9,12,0.25,43.622629,3.868375
2026-02-07,22:50:27,2026-02-07T22:50:27+01:00,STATION,"Emile Combes",2,6,8,0.25,43.616742,3.87998
2026-02-07,22:50:27,2026-02-07T22:50:27+01:00,STATION,"Beaux-Arts",8,8,16,0.5,43.616698,3.884981
2026-02-07,22:50:27,2026-02-07T22:50:27+01:00,STATION,"Les Aubes",3,5,8,0.375,43.618692,3.893844
2026-02-07,22:50:27,2026-02-07T22:50:27+01:00,STATION,"Antigone centre",7,5,12,0.5833333333333334,43.607942,3.890634
2026-02-07,22:50:27,2026-02-07T22:50:27+01:00,STATION,"Médiathèque Emile Zola",10,6,16,0.625,43.608218,3.89314
2026-02-07,22:50:27,2026-02-07T22:50:27+01:00,STATION,"Nombre d Or",7,9,16,0.4375,43.607859,3.886644
2026-02-07,22:50:27,2026-02-07T22:50:27+01:00,STATION,"Louis Blanc",3,13,16,0.1875,43.614642,3.877648
2026-02-07,22:50:27,2026-02-07T22:50:27+01:00,STATION,"Gambetta",2,6,8,0.25,43.607106,3.870693
2026-02-07,22:50:27,2026-02-07T22:50:27+01:00,STATION,"Port Marianne",11,5,16,0.6875,43.60032,3.89851
2026-02-07,22:50:27,2026-02-07T22:50:27+01:00,STATION,"Les Arceaux",3,5,8,0.375,43.612659,3.867734
2026-02-07,22:50:27,2026-02-07T22:50:27+01:00,STATION,"Cité Mion",4,3,8,0.625,43.601143,3.884373
2026-02-07,22:50:27,2026-02-07T22:50:27+01:00,STATION,"Nouveau Saint-Roch",2,6,8,0.25,43.599817,3.875757
2026-02-07,22:50:27,2026-02-07T22:50:27+01:00,STATION,"Renouvier",3,4,8,0.5,43.603553,3.867884
2026-02-07,22:50:27,2026-02-07T22:50:27+01:00,STATION,"Odysseum",0,8,8,0.0,43.603727,3.918979
2026-02-07,22:50:27,2026-02-07T22:50:27+01:00,STATION,"Saint-Denis",0,8,8,0.0,43.605021,3.875065
2026-02-07,22:50:27,2026-02-07T22:50:27+01:00,STATION,"Richter",14,2,16,0.875,43.603424,3.899263
2026-02-07,22:50:27,2026-02-07T22:50:27+01:00,STATION,"Charles Flahault",2,6,8,0.25,43.622038,3.86672
2026-02-07,22:50:27,2026-02-07T22:50:27+01:00,STATION,"Voltaire",4,4,8,0.5,43.603767,3.888659
2026-02-07,22:50:27,2026-02-07T22:50:27+01:00,STATION,"Prés d Arènes",1,7,8,0.125,43.59048,3.884611
2026-02-07,22:50:27,2026-02-07T22:50:27+01:00,STATION,"Garcia Lorca",4,4,8,0.5,43.590757,3.890616
2026-02-07,22:50:27,2026-02-07T22:50:27+01:00,STATION,"Vert Bois",3,13,16,0.1875,43.63543,3.871179
2026-02-07,22:50:27,2026-02-07T22:50:27+01:00,STATION,"Malbosc",0,8,8,0.0,43.633679,3.832861
2026-02-07,22:50:27,2026-02-07T22:50:27+01:00,STATION,"Occitanie",15,17,32,0.46875,43.635689,3.849597
2026-02-07,22:50:27,2026-02-07T22:50:27+01:00,STATION,"FacdesSciences",3,21,24,0.125,43.631318,3.861299
2026-02-07,22:50:27,2026-02-07T22:50:27+01:00,STATION,"Fac de Lettres",1,11,12,0.08333333333333333,43.630437,3.869539
2026-02-07,22:50:27,2026-02-07T22:50:27+01:00,STATION,"Aiguelongue",3,4,8,0.5,43.626163,3.882492
2026-02-07,22:50:27,2026-02-07T22:50:27+01:00,STATION,"Jeu de Mail des Abbés",5,3,8,0.625,43.619701,3.883831
2026-02-07,22:50:27,2026-02-07T22:50:27+01:00,STATION,"Euromédecine",3,5,8,0.375,43.639119,3.828199
2026-02-07,22:50:27,2026-02-07T22:50:27+01:00,STATION,"Marie Caizergues",2,6,8,0.25,43.619871,3.873812
2026-02-07,22:50:27,2026-02-07T22:50:27+01:00,STATION,"Sabines",6,2,8,0.75,43.584211,3.860031
2026-02-07,22:50:27,2026-02-07T22:50:27+01:00,STATION,"Celleneuve",2,6,8,0.25,43.61467,3.832624
2026-02-07,22:50:27,2026-02-07T22:50:27+01:00,STATION,"Jardin de la Lironde",3,5,8,0.375,43.60585,3.911576
2026-02-07,22:50:27,2026-02-07T22:50:27+01:00,STATION,"Père Soulas",7,1,8,0.875,43.621983,3.855603
2026-02-07,22:50:27,2026-02-07T22:50:27+01:00,STATION,"Place Viala",2,6,8,0.25,43.616812,3.855075
2026-02-07,22:50:27,2026-02-07T22:50:27+01:00,STATION,"Hôtel du Département",6,2,8,0.75,43.621682,3.83477
2026-02-07,22:50:27,2026-02-07T22:50:27+01:00,STATION,"Tonnelles",3,5,8,0.375,43.615155,3.839466
2026-02-07,22:50:27,2026-02-07T22:50:27+01:00,STATION,"Parvis Jules Ferry - Gare Saint-Roch",2,6,8,0.25,43.603889,3.879362
2026-02-07,22:50:27,2026-02-07T22:50:27+01:00,STATION,"Pont de Lattes - Gare Saint-Roch",7,5,12,0.5833333333333334,43.606036,3.882393
2026-02-07,22:50:27,2026-02-07T22:50:27+01:00,STATION,"Deux Ponts - Gare Saint-Roch",0,8,8,0.0,43.604319,3.880916
2026-02-07,22:50:27,2026-02-07T22:50:27+01:00,STATION,"Providence - Ovalie",3,5,8,0.375,43.588239,3.853421
2026-02-07,22:50:27,2026-02-07T22:50:27+01:00,STATION,"Pérols Etang de l Or",43,25,68,0.6323529411764706,43.558351,3.963412
2026-02-07,22:50:27,2026-02-07T22:50:27+01:00,STATION,"Albert 1er - Cathédrale",7,5,12,0.5833333333333334,43.614005,3.873218
2026-02-07,22:50:27,2026-02-07T22:50:27+01:00,STATION,"Saint-Guilhem - Courreau",5,3,8,0.625,43.608996,3.872752
2026-02-07,22:50:27,2026-02-07T22:50:27+01:00,STATION,"Sud De France",2,4,8,0.5,43.59562,3.9235
2026-02-07,22:50:27,2026-02-07T22:50:27+01:00,STATION,"Comedie Baudin",0,8,8,0.0,43.608717,3.880787
2026-02-07,22:50:27,2026-02-07T22:50:27+01:00,STATION,"Jean de Beins",3,13,16,0.1875,43.609857,3.883884
2026-02-07,23:25:49,2026-02-07T23:25:49+01:00,STATION,"Rue Jules Ferry - Gare Saint-Roch",6,6,12,0.5,43.605366,3.881346
2026-02-07,23:25:49,2026-02-07T23:25:49+01:00,STATION,"Comédie",14,6,20,0.7,43.608148,3.878778
2026-02-07,23:25:49,2026-02-07T23:25:49+01:00,STATION,"Hôtel de Ville",13,2,16,0.875,43.599088,3.894866
2026-02-07,23:25:49,2026-02-07T23:25:49+01:00,STATION,"Corum",5,7,12,0.4166666666666667,43.613989,3.8816
2026-02-07,23:25:49,2026-02-07T23:25:49+01:00,STATION,"Place Albert 1er - St Charles",10,17,27,0.37037037037037035,43.616768,3.873375
2026-02-07,23:25:49,2026-02-07T23:25:49+01:00,STATION,"Foch",3,4,8,0.5,43.610989,3.873345
2026-02-07,23:25:49,2026-02-07T23:25:49+01:00,STATION,"Halles Castellane",0,12,12,0.0,43.609935,3.877208
2026-02-07,23:25:49,2026-02-07T23:25:49+01:00,STATION,"Observatoire",6,1,8,0.875,43.606301,3.87724
2026-02-07,23:25:49,2026-02-07T23:25:49+01:00,STATION,"Rondelet",4,12,16,0.25,43.603038,3.875796
2026-02-07,23:25:49,2026-02-07T23:25:49+01:00,STATION,"Plan Cabanes",1,11,12,0.08333333333333333,43.608491,3.868389
2026-02-07,23:25:49,2026-02-07T23:25:49+01:00,STATION,"Boutonnet",3,9,12,0.25,43.622629,3.868375
2026-02-07,23:25:49,2026-02-07T23:25:49+01:00,STATION,"Emile Combes",2,6,8,0.25,43.616742,3.87998
2026-02-07,23:25:49,2026-02-07T23:25:49+01:00,STATION,"Beaux-Arts",8,8,16,0.5,43.616698,3.884981
2026-02-07,23:25:49,2026-02-07T23:25:49+01:00,STATION,"Les Aubes",3,5,8,0.375,43.618692,3.893844
2026-02-07,23:25:49,2026-02-07T23:25:49+01:00,STATION,"Antigone centre",8,4,12,0.6666666666666666,43.607942,3.890634
2026-02-07,23:25:49,2026-02-07T23:25:49+01:00,STATION,"Médiathèque Emile Zola",11,5,16,0.6875,43.608218,3.89314
2026-02-07,23:25:49,2026-02-07T23:25:49+01:00,STATION,"Nombre d Or",7,9,16,0.4375,43.607859,3.886644
2026-02-07,23:25:49,2026-02-07T23:25:49+01:00,STATION,"Louis Blanc",3,13,16,0.1875,43.614642,3.877648
2026-02-07,23:25:49,2026-02-07T23:25:49+01:00,STATION,"Gambetta",4,4,8,0.5,43.607106,3.870693
2026-02-07,23:25:49,2026-02-07T23:25:49+01:00,STATION,"Port Marianne",11,5,16,0.6875,43.60032,3.89851
2026-02-07,23:25:49,2026-02-07T23:25:49+01:00,STATION,"Les Arceaux",3,5,8,0.375,43.612659,3.867734
2026-02-07,23:25:49,2026-02-07T23:25:49+01:00,STATION,"Cité Mion",2,5,8,0.375,43.601143,3.884373
2026-02-07,23:25:49,2026-02-07T23:25:49+01:00,STATION,"Nouveau Saint-Roch",2,6,8,0.25,43.599817,3.875757
2026-02-07,23:25:49,2026-02-07T23:25:49+01:00,STATION,"Renouvier",3,4,8,0.5,43.603553,3.867884
2026-02-07,23:25:49,2026-02-07T23:25:49+01:00,STATION,"Odysseum",0,8,8,0.0,43.603727,3.918979
2026-02-07,23:25:49,2026-02-07T23:25:49+01:00,STATION,"Saint-Denis",0,8,8,0.0,43.605021,3.875065
2026-02-07,23:25:49,2026-02-07T23:25:49+01:00,STATION,"Richter",14,2,16,0.875,43.603424,3.899263
2026-02-07,23:25:49,2026-02-07T23:25:49+01:00,STATION,"Charles Flahault",2,6,8,0.25,43.622038,3.86672
2026-02-07,23:25:49,2026-02-07T23:25:49+01:00,STATION,"Voltaire",4,4,8,0.5,43.603767,3.888659
2026-02-07,23:25:49,2026-02-07T23:25:49+01:00,STATION,"Prés d Arènes",1,7,8,0.125,43.59048,3.884611
2026-02-07,23:25:49,2026-02-07T23:25:49+01:00,STATION,"Garcia Lorca",4,4,8,0.5,43.590757,3.890616
2026-02-07,23:25:49,2026-02-07T23:25:49+01:00,STATION,"Vert Bois",4,12,16,0.25,43.63543,3.871179
2026-02-07,23:25:49,2026-02-07T23:25:49+01:00,STATION,"Malbosc",0,8,8,0.0,43.633679,3.832861
2026-02-07,23:25:49,2026-02-07T23:25:49+01:00,STATION,"Occitanie",14,18,32,0.4375,43.635689,3.849597
2026-02-07,23:25:49,2026-02-07T23:25:49+01:00,STATION,"FacdesSciences",3,21,24,0.125,43.631318,3.861299
2026-02-07,23:25:49,2026-02-07T23:25:49+01:00,STATION,"Fac de Lettres",1,11,12,0.08333333333333333,43.630437,3.869539
2026-02-07,23:25:49,2026-02-07T23:25:49+01:00,STATION,"Aiguelongue",3,4,8,0.5,43.626163,3.882492
2026-02-07,23:25:49,2026-02-07T23:25:49+01:00,STATION,"Jeu de Mail des Abbés",5,3,8,0.625,43.619701,3.883831
2026-02-07,23:25:49,2026-02-07T23:25:49+01:00,STATION,"Euromédecine",3,5,8,0.375,43.639119,3.828199
2026-02-07,23:25:49,2026-02-07T23:25:49+01:00,STATION,"Marie Caizergues",2,6,8,0.25,43.619871,3.873812
2026-02-07,23:25:49,2026-02-07T23:25:49+01:00,STATION,"Sabines",6,2,8,0.75,43.584211,3.860031
2026-02-07,23:25:49,2026-02-07T23:25:49+01:00,STATION,"Celleneuve",2,6,8,0.25,43.61467,3.832624
2026-02-07,23:25:49,2026-02-07T23:25:49+01:00,STATION,"Jardin de la Lironde",3,5,8,0.375,43.60585,3.911576
2026-02-07,23:25:49,2026-02-07T23:25:49+01:00,STATION,"Père Soulas",7,1,8,0.875,43.621983,3.855603
2026-02-07,23:25:49,2026-02-07T23:25:49+01:00,STATION,"Place Viala",2,6,8,0.25,43.616812,3.855075
2026-02-07,23:25:49,2026-02-07T23:25:49+01:00,STATION,"Hôtel du Département",6,2,8,0.75,43.621682,3.83477
2026-02-07,23:25:49,2026-02-07T23:25:49+01:00,STATION,"Tonnelles",3,5,8,0.375,43.615155,3.839466
2026-02-07,23:25:49,2026-02-07T23:25:49+01:00,STATION,"Parvis Jules Ferry - Gare Saint-Roch",2,6,8,0.25,43.603889,3.879362
2026-02-07,23:25:49,2026-02-07T23:25:49+01:00,STATION,"Pont de Lattes - Gare Saint-Roch",7,5,12,0.5833333333333334,43.606036,3.882393
2026-02-07,23:25:49,2026-02-07T23:25:49+01:00,STATION,"Deux Ponts - Gare Saint-Roch",0,8,8,0.0,43.604319,3.880916
2026-02-07,23:25:49,2026-02-07T23:25:49+01:00,STATION,"Providence - Ovalie",3,5,8,0.375,43.588239,3.853421
2026-02-07,23:25:49,2026-02-07T23:25:49+01:00,STATION,"Pérols Etang de l Or",43,25,68,0.6323529411764706,43.558351,3.963412
2026-02-07,23:25:49,2026-02-07T23:25:49+01:00,STATION,"Albert 1er - Cathédrale",7,5,12,0.5833333333333334,43.614005,3.873218
2026-02-07,23:25:49,2026-02-07T23:25:49+01:00,STATION,"Saint-Guilhem - Courreau",5,3,8,0.625,43.608996,3.872752
2026-02-07,23:25:49,2026-02-07T23:25:49+01:00,STATION,"Sud De France",2,4,8,0.5,43.59562,3.9235
2026-02-07,23:25:49,2026-02-07T23:25:49+01:00,STATION,"Comedie Baudin",0,8,8,0.0,43.608717,3.880787
2026-02-07,23:25:49,2026-02-07T23:25:49+01:00,STATION,"Jean de Beins",3,13,16,0.1875,43.609857,3.883884
2026-02-07,23:55:33,2026-02-07T23:55:33+01:00,STATION,"Rue Jules Ferry - Gare Saint-Roch",6,6,12,0.5,43.605366,3.881346
2026-02-07,23:55:33,2026-02-07T23:55:33+01:00,STATION,"Comédie",14,6,20,0.7,43.608148,3.878778
2026-02-07,23:55:33,2026-02-07T23:55:33+01:00,STATION,"Hôtel de Ville",13,2,16,0.875,43.599088,3.894866
2026-02-07,23:55:33,2026-02-07T23:55:33+01:00,STATION,"Corum",3,9,12,0.25,43.613989,3.8816
2026-02-07,23:55:33,2026-02-07T23:55:33+01:00,STATION,"Place Albert 1er - St Charles",10,17,27,0.37037037037037035,43.616768,3.873375
2026-02-07,23:55:33,2026-02-07T23:55:33+01:00,STATION,"Foch",3,4,8,0.5,43.610989,3.873345
2026-02-07,23:55:33,2026-02-07T23:55:33+01:00,STATION,"Halles Castellane",0,12,12,0.0,43.609935,3.877208
2026-02-07,23:55:33,2026-02-07T23:55:33+01:00,STATION,"Observatoire",5,2,8,0.75,43.606301,3.87724
2026-02-07,23:55:33,2026-02-07T23:55:33+01:00,STATION,"Rondelet",4,12,16,0.25,43.603038,3.875796
2026-02-07,23:55:33,2026-02-07T23:55:33+01:00,STATION,"Plan Cabanes",1,11,12,0.08333333333333333,43.608491,3.868389
2026-02-07,23:55:33,2026-02-07T23:55:33+01:00,STATION,"Boutonnet",3,9,12,0.25,43.622629,3.868375
2026-02-07,23:55:33,2026-02-07T23:55:33+01:00,STATION,"Emile Combes",2,6,8,0.25,43.616742,3.87998
2026-02-07,23:55:33,2026-02-07T23:55:33+01:00,STATION,"Beaux-Arts",8,8,16,0.5,43.616698,3.884981
2026-02-07,23:55:33,2026-02-07T23:55:33+01:00,STATION,"Les Aubes",3,5,8,0.375,43.618692,3.893844
2026-02-07,23:55:33,2026-02-07T23:55:33+01:00,STATION,"Antigone centre",8,4,12,0.6666666666666666,43.607942,3.890634
2026-02-07,23:55:33,2026-02-07T23:55:33+01:00,STATION,"Médiathèque Emile Zola",11,5,16,0.6875,43.608218,3.89314
2026-02-07,23:55:33,2026-02-07T23:55:33+01:00,STATION,"Nombre d Or",7,9,16,0.4375,43.607859,3.886644
2026-02-07,23:55:33,2026-02-07T23:55:33+01:00,STATION,"Louis Blanc",3,13,16,0.1875,43.614642,3.877648
2026-02-07,23:55:33,2026-02-07T23:55:33+01:00,STATION,"Gambetta",4,4,8,0.5,43.607106,3.870693
2026-02-07,23:55:33,2026-02-07T23:55:33+01:00,STATION,"Port Marianne",11,5,16,0.6875,43.60032,3.89851
2026-02-07,23:55:33,2026-02-07T23:55:33+01:00,STATION,"Les Arceaux",3,5,8,0.375,43.612659,3.867734
2026-02-07,23:55:33,2026-02-07T23:55:33+01:00,STATION,"Cité Mion",2,5,8,0.375,43.601143,3.884373
2026-02-07,23:55:33,2026-02-07T23:55:33+01:00,STATION,"Nouveau Saint-Roch",2,6,8,0.25,43.599817,3.875757
2026-02-07,23:55:33,2026-02-07T23:55:33+01:00,STATION,"Renouvier",3,4,8,0.5,43.603553,3.867884
2026-02-07,23:55:33,2026-02-07T23:55:33+01:00,STATION,"Odysseum",0,8,8,0.0,43.603727,3.918979
2026-02-07,23:55:33,2026-02-07T23:55:33+01:00,STATION,"Saint-Denis",0,8,8,0.0,43.605021,3.875065
2026-02-07,23:55:33,2026-02-07T23:55:33+01:00,STATION,"Richter",14,2,16,0.875,43.603424,3.899263
2026-02-07,23:55:33,2026-02-07T23:55:33+01:00,STATION,"Charles Flahault",3,5,8,0.375,43.622038,3.86672
2026-02-07,23:55:33,2026-02-07T23:55:33+01:00,STATION,"Voltaire",4,4,8,0.5,43.603767,3.888659
2026-02-07,23:55:33,2026-02-07T23:55:33+01:00,STATION,"Prés d Arènes",1,7,8,0.125,43.59048,3.884611
2026-02-07,23:55:33,2026-02-07T23:55:33+01:00,STATION,"Garcia Lorca",4,4,8,0.5,43.590757,3.890616
2026-02-07,23:55:33,2026-02-07T23:55:33+01:00,STATION,"Vert Bois",4,12,16,0.25,43.63543,3.871179
2026-02-07,23:55:33,2026-02-07T23:55:33+01:00,STATION,"Malbosc",0,8,8,0.0,43.633679,3.832861
2026-02-07,23:55:33,2026-02-07T23:55:33+01:00,STATION,"Occitanie",14,18,32,0.4375,43.635689,3.849597
2026-02-07,23:55:33,2026-02-07T23:55:33+01:00,STATION,"FacdesSciences",3,21,24,0.125,43.631318,3.861299
2026-02-07,23:55:33,2026-02-07T23:55:33+01:00,STATION,"Fac de Lettres",1,11,12,0.08333333333333333,43.630437,3.869539
2026-02-07,23:55:33,2026-02-07T23:55:33+01:00,STATION,"Aiguelongue",3,4,8,0.5,43.626163,3.882492
2026-02-07,23:55:33,2026-02-07T23:55:33+01:00,STATION,"Jeu de Mail des Abbés",5,3,8,0.625,43.619701,3.883831
2026-02-07,23:55:33,2026-02-07T23:55:33+01:00,STATION,"Euromédecine",3,5,8,0.375,43.639119,3.828199
2026-02-07,23:55:33,2026-02-07T23:55:33+01:00,STATION,"Marie Caizergues",2,6,8,0.25,43.619871,3.873812
2026-02-07,23:55:33,2026-02-07T23:55:33+01:00,STATION,"Sabines",6,2,8,0.75,43.584211,3.860031
2026-02-07,23:55:33,2026-02-07T23:55:33+01:00,STATION,"Celleneuve",2,6,8,0.25,43.61467,3.832624
2026-02-07,23:55:33,2026-02-07T23:55:33+01:00,STATION,"Jardin de la Lironde",3,5,8,0.375,43.60585,3.911576
2026-02-07,23:55:33,2026-02-07T23:55:33+01:00,STATION,"Père Soulas",7,1,8,0.875,43.621983,3.855603
2026-02-07,23:55:33,2026-02-07T23:55:33+01:00,STATION,"Place Viala",2,6,8,0.25,43.616812,3.855075
2026-02-07,23:55:33,2026-02-07T23:55:33+01:00,STATION,"Hôtel du Département",6,2,8,0.75,43.621682,3.83477
2026-02-07,23:55:33,2026-02-07T23:55:33+01:00,STATION,"Tonnelles",3,5,8,0.375,43.615155,3.839466
2026-02-07,23:55:33,2026-02-07T23:55:33+01:00,STATION,"Parvis Jules Ferry - Gare Saint-Roch",2,6,8,0.25,43.603889,3.879362
2026-02-07,23:55:33,2026-02-07T23:55:33+01:00,STATION,"Pont de Lattes - Gare Saint-Roch",7,5,12,0.5833333333333334,43.606036,3.882393
2026-02-07,23:55:33,2026-02-07T23:55:33+01:00,STATION,"Deux Ponts - Gare Saint-Roch",0,8,8,0.0,43.604319,3.880916
2026-02-07,23:55:33,2026-02-07T23:55:33+01:00,STATION,"Providence - Ovalie",3,5,8,0.375,43.588239,3.853421
2026-02-07,23:55:33,2026-02-07T23:55:33+01:00,STATION,"Pérols Etang de l Or",43,25,68,0.6323529411764706,43.558351,3.963412
2026-02-07,23:55:33,2026-02-07T23:55:33+01:00,STATION,"Albert 1er - Cathédrale",7,5,12,0.5833333333333334,43.614005,3.873218
2026-02-07,23:55:33,2026-02-07T23:55:33+01:00,STATION,"Saint-Guilhem - Courreau",5,3,8,0.625,43.608996,3.872752
2026-02-07,23:55:33,2026-02-07T23:55:33+01:00,STATION,"Sud De France",2,4,8,0.5,43.59562,3.9235
2026-02-07,23:55:33,2026-02-07T23:55:33+01:00,STATION,"Comedie Baudin",0,8,8,0.0,43.608717,3.880787
2026-02-07,23:55:33,2026-02-07T23:55:33+01:00,STATION,"Jean de Beins",3,13,16,0.1875,43.609857,3.883884
