date,heure,timestamp,type,nom,velos_dispo,bornes_libres,total,taux_occupation_places,lat,lon
2026-02-28,00:25:31,2026-02-28T00:25:31+01:00,STATION,"Rue Jules Ferry - Gare Saint-Roch",2,10,12,0.16666666666666666,43.605366,3.881346
2026-02-28,00:25:31,2026-02-28T00:25:31+01:00,STATION,"Comédie",6,14,20,0.3,43.608148,3.878778
2026-02-28,00:25:31,2026-02-28T00:25:31+01:00,STATION,"Hôtel de Ville",10,5,16,0.6875,43.599088,3.894866
2026-02-28,00:25:31,2026-02-28T00:25:31+01:00,STATION,"Corum",11,1,12,0.9166666666666666,43.613989,3.8816
2026-02-28,00:25:31,2026-02-28T00:25:31+01:00,STATION,"Place Albert 1er - St Charles",17,10,27,0.6296296296296297,43.616768,3.873375
2026-02-28,00:25:31,2026-02-28T00:25:31+01:00,STATION,"Foch",1,7,8,0.125,43.610989,3.873345
2026-02-28,00:25:31,2026-02-28T00:25:31+01:00,STATION,"Halles Castellane",0,12,12,0.0,43.609935,3.877208
2026-02-28,00:25:31,2026-02-28T00:25:31+01:00,STATION,"Observatoire",6,1,8,0.875,43.606301,3.87724
2026-02-28,00:25:31,2026-02-28T00:25:31+01:00,STATION,"Rondelet",0,16,16,0.0,43.603038,3.875796
2026-02-28,00:25:31,2026-02-28T00:25:31+01:00,STATION,"Plan Cabanes",7,5,12,0.5833333333333334,43.608491,3.868389
2026-02-28,00:25:31,2026-02-28T00:25:31+01:00,STATION,"Boutonnet",8,4,12,0.6666666666666666,43.622629,3.868375
2026-02-28,00:25:31,2026-02-28T00:25:31+01:00,STATION,"Emile Combes",5,3,8,0.625,43.616742,3.87998
2026-02-28,00:25:31,2026-02-28T00:25:31+01:00,STATION,"Beaux-Arts",5,11,16,0.3125,43.616698,3.884981
2026-02-28,00:25:31,2026-02-28T00:25:31+01:00,STATION,"Les Aubes",4,4,8,0.5,43.618692,3.893844
2026-02-28,00:25:31,2026-02-28T00:25:31+01:00,STATION,"Antigone centre",9,3,12,0.75,43.607942,3.890634
2026-02-28,00:25:31,2026-02-28T00:25:31+01:00,STATION,"Médiathèque Emile Zola",14,2,16,0.875,43.608218,3.89314
2026-02-28,00:25:31,2026-02-28T00:25:31+01:00,STATION,"Nombre d Or",9,7,16,0.5625,43.607859,3.886644
2026-02-28,00:25:31,2026-02-28T00:25:31+01:00,STATION,"Louis Blanc",2,14,16,0.125,43.614642,3.877648
2026-02-28,00:25:31,2026-02-28T00:25:31+01:00,STATION,"Gambetta",2,6,8,0.25,43.607106,3.870693
2026-02-28,00:25:31,2026-02-28T00:25:31+01:00,STATION,"Port Marianne",3,13,16,0.1875,43.60032,3.89851
2026-02-28,00:25:31,2026-02-28T00:25:31+01:00,STATION,"Les Arceaux",4,4,8,0.5,43.612659,3.867734
2026-02-28,00:25:31,2026-02-28T00:25:31+01:00,STATION,"Cité Mion",2,5,8,0.375,43.601143,3.884373
2026-02-28,00:25:31,2026-02-28T00:25:31+01:00,STATION,"Nouveau Saint-Roch",6,2,8,0.75,43.599817,3.875757
2026-02-28,00:25:31,2026-02-28T00:25:31+01:00,STATION,"Renouvier",6,1,8,0.875,43.603553,3.867884
2026-02-28,00:25:31,2026-02-28T00:25:31+01:00,STATION,"Odysseum",0,8,8,0.0,43.603727,3.918979
2026-02-28,00:25:31,2026-02-28T00:25:31+01:00,STATION,"Saint-Denis",0,8,8,0.0,43.605021,3.875065
2026-02-28,00:25:31,2026-02-28T00:25:31+01:00,STATION,"Richter",5,11,16,0.3125,43.603424,3.899263
2026-02-28,00:25:31,2026-02-28T00:25:31+01:00,STATION,"Charles Flahault",1,7,8,0.125,43.622038,3.86672
2026-02-28,00:25:31,2026-02-28T00:25:31+01:00,STATION,"Voltaire",8,0,8,1.0,43.603767,3.888659
2026-02-28,00:25:31,2026-02-28T00:25:31+01:00,STATION,"Prés d Arènes",4,4,8,0.5,43.59048,3.884611
2026-02-28,00:25:31,2026-02-28T00:25:31+01:00,STATION,"Garcia Lorca",5,3,8,0.625,43.590757,3.890616
2026-02-28,00:25:31,2026-02-28T00:25:31+01:00,STATION,"Vert Bois",2,14,16,0.125,43.63543,3.871179
2026-02-28,00:25:31,2026-02-28T00:25:31+01:00,STATION,"Malbosc",1,7,8,0.125,43.633679,3.832861
2026-02-28,00:25:31,2026-02-28T00:25:31+01:00,STATION,"Occitanie",11,21,32,0.34375,43.635689,3.849597
2026-02-28,00:25:31,2026-02-28T00:25:31+01:00,STATION,"FacdesSciences",0,24,24,0.0,43.631318,3.861299
2026-02-28,00:25:31,2026-02-28T00:25:31+01:00,STATION,"Fac de Lettres",1,11,12,0.08333333333333333,43.630437,3.869539
2026-02-28,00:25:31,2026-02-28T00:25:31+01:00,STATION,"Aiguelongue",1,6,8,0.25,43.626163,3.882492
2026-02-28,00:25:31,2026-02-28T00:25:31+01:00,STATION,"Jeu de Mail des Abbés",1,7,8,0.125,43.619701,3.883831
2026-02-28,00:25:31,2026-02-28T00:25:31+01:00,STATION,"Euromédecine",0,8,8,0.0,43.639119,3.828199
2026-02-28,00:25:31,2026-02-28T00:25:31+01:00,STATION,"Marie Caizergues",4,4,8,0.5,43.619871,3.873812
2026-02-28,00:25:31,2026-02-28T00:25:31+01:00,STATION,"Sabines",3,5,8,0.375,43.584211,3.860031
2026-02-28,00:25:31,2026-02-28T00:25:31+01:00,STATION,"Celleneuve",2,6,8,0.25,43.61467,3.832624
2026-02-28,00:25:31,2026-02-28T00:25:31+01:00,STATION,"Jardin de la Lironde",6,2,8,0.75,43.60585,3.911576
2026-02-28,00:25:31,2026-02-28T00:25:31+01:00,STATION,"Père Soulas",5,3,8,0.625,43.621983,3.855603
2026-02-28,00:25:31,2026-02-28T00:25:31+01:00,STATION,"Place Viala",7,1,8,0.875,43.616812,3.855075
2026-02-28,00:25:31,2026-02-28T00:25:31+01:00,STATION,"Hôtel du Département",2,6,8,0.25,43.621682,3.83477
2026-02-28,00:25:31,2026-02-28T00:25:31+01:00,STATION,"Tonnelles",8,0,8,1.0,43.615155,3.839466
2026-02-28,00:25:31,2026-02-28T00:25:31+01:00,STATION,"Parvis Jules Ferry - Gare Saint-Roch",2,6,8,0.25,43.603889,3.879362
2026-02-28,00:25:31,2026-02-28T00:25:31+01:00,STATION,"Pont de Lattes - Gare Saint-Roch",4,8,12,0.3333333333333333,43.606036,3.882393
2026-02-28,00:25:31,2026-02-28T00:25:31+01:00,STATION,"Deux Ponts - Gare Saint-Roch",0,8,8,0.0,43.604319,3.880916
2026-02-28,00:25:31,2026-02-28T00:25:31+01:00,STATION,"Providence - Ovalie",2,6,8,0.25,43.588239,3.853421
2026-02-28,00:25:31,2026-02-28T00:25:31+01:00,STATION,"Pérols Etang de l Or",42,26,68,0.6176470588235294,43.558351,3.963412
2026-02-28,00:25:31,2026-02-28T00:25:31+01:00,STATION,"Albert 1er - Cathédrale",5,7,12,0.4166666666666667,43.614005,3.873218
2026-02-28,00:25:31,2026-02-28T00:25:31+01:00,STATION,"Saint-Guilhem - Courreau",4,4,8,0.5,43.608996,3.872752
2026-02-28,00:25:31,2026-02-28T00:25:31+01:00,STATION,"Sud De France",5,3,8,0.625,43.59562,3.9235
2026-02-28,00:25:31,2026-02-28T00:25:31+01:00,STATION,"Comedie Baudin",0,8,8,0.0,43.608717,3.880787
2026-02-28,00:25:31,2026-02-28T00:25:31+01:00,STATION,"Jean de Beins",6,10,16,0.375,43.609857,3.883884
2026-02-28,00:48:41,2026-02-28T00:48:41+01:00,STATION,"Rue Jules Ferry - Gare Saint-Roch",0,12,12,0.0,43.605366,3.881346
2026-02-28,00:48:41,2026-02-28T00:48:41+01:00,STATION,"Comédie",3,17,20,0.15,43.608148,3.878778
2026-02-28,00:48:41,2026-02-28T00:48:41+01:00,STATION,"Hôtel de Ville",10,5,16,0.6875,43.599088,3.894866
2026-02-28,00:48:41,2026-02-28T00:48:41+01:00,STATION,"Corum",11,1,12,0.9166666666666666,43.613989,3.8816
2026-02-28,00:48:41,2026-02-28T00:48:41+01:00,STATION,"Place Albert 1er - St Charles",17,10,27,0.6296296296296297,43.616768,3.873375
2026-02-28,00:48:41,2026-02-28T00:48:41+01:00,STATION,"Foch",1,7,8,0.125,43.610989,3.873345
2026-02-28,00:48:41,2026-02-28T00:48:41+01:00,STATION,"Halles Castellane",0,12,12,0.0,43.609935,3.877208
2026-02-28,00:48:41,2026-02-28T00:48:41+01:00,STATION,"Observatoire",6,1,8,0.875,43.606301,3.87724
2026-02-28,00:48:41,2026-02-28T00:48:41+01:00,STATION,"Rondelet",0,16,16,0.0,43.603038,3.875796
2026-02-28,00:48:41,2026-02-28T00:48:41+01:00,STATION,"Plan Cabanes",7,5,12,0.5833333333333334,43.608491,3.868389
2026-02-28,00:48:41,2026-02-28T00:48:41+01:00,STATION,"Boutonnet",9,3,12,0.75,43.622629,3.868375
2026-02-28,00:48:41,2026-02-28T00:48:41+01:00,STATION,"Emile Combes",5,3,8,0.625,43.616742,3.87998
2026-02-28,00:48:41,2026-02-28T00:48:41+01:00,STATION,"Beaux-Arts",5,11,16,0.3125,43.616698,3.884981
2026-02-28,00:48:41,2026-02-28T00:48:41+01:00,STATION,"Les Aubes",4,4,8,0.5,43.618692,3.893844
2026-02-28,00:48:41,2026-02-28T00:48:41+01:00,STATION,"Antigone centre",9,3,12,0.75,43.607942,3.890634
2026-02-28,00:48:41,2026-02-28T00:48:41+01:00,STATION,"Médiathèque Emile Zola",14,2,16,0.875,43.608218,3.89314
2026-02-28,00:48:41,2026-02-28T00:48:41+01:00,STATION,"Nombre d Or",9,7,16,0.5625,43.607859,3.886644
2026-02-28,00:48:41,2026-02-28T00:48:41+01:00,STATION,"Louis Blanc",2,14,16,0.125,43.614642,3.877648
2026-02-28,00:48:41,2026-02-28T00:48:41+01:00,STATION,"Gambetta",2,6,8,0.25,43.607106,3.870693
2026-02-28,00:48:41,2026-02-28T00:48:41+01:00,STATION,"Port Marianne",3,13,16,0.1875,43.60032,3.89851
2026-02-28,00:48:41,2026-02-28T00:48:41+01:00,STATION,"Les Arceaux",4,4,8,0.5,43.612659,3.867734
2026-02-28,00:48:41,2026-02-28T00:48:41+01:00,STATION,"Cité Mion",2,5,8,0.375,43.601143,3.884373
2026-02-28,00:48:41,2026-02-28T00:48:41+01:00,STATION,"Nouveau Saint-Roch",6,2,8,0.75,43.599817,3.875757
2026-02-28,00:48:41,2026-02-28T00:48:41+01:00,STATION,"Renouvier",6,1,8,0.875,43.603553,3.867884
2026-02-28,00:48:41,2026-02-28T00:48:41+01:00,STATION,"Odysseum",0,8,8,0.0,43.603727,3.918979
2026-02-28,00:48:41,2026-02-28T00:48:41+01:00,STATION,"Saint-Denis",0,8,8,0.0,43.605021,3.875065
2026-02-28,00:48:41,2026-02-28T00:48:41+01:00,STATION,"Richter",5,11,16,0.3125,43.603424,3.899263
2026-02-28,00:48:41,2026-02-28T00:48:41+01:00,STATION,"Charles Flahault",1,7,8,0.125,43.622038,3.86672
2026-02-28,00:48:41,2026-02-28T00:48:41+01:00,STATION,"Voltaire",8,0,8,1.0,43.603767,3.888659
2026-02-28,00:48:41,2026-02-28T00:48:41+01:00,STATION,"Prés d Arènes",4,4,8,0.5,43.59048,3.884611
2026-02-28,00:48:41,2026-02-28T00:48:41+01:00,STATION,"Garcia Lorca",5,3,8,0.625,43.590757,3.890616
2026-02-28,00:48:41,2026-02-28T00:48:41+01:00,STATION,"Vert Bois",2,14,16,0.125,43.63543,3.871179
2026-02-28,00:48:41,2026-02-28T00:48:41+01:00,STATION,"Malbosc",1,7,8,0.125,43.633679,3.832861
2026-02-28,00:48:41,2026-02-28T00:48:41+01:00,STATION,"Occitanie",11,21,32,0.34375,43.635689,3.849597
2026-02-28,00:48:41,2026-02-28T00:48:41+01:00,STATION,"FacdesSciences",0,24,24,0.0,43.631318,3.861299
2026-02-28,00:48:41,2026-02-28T00:48:41+01:00,STATION,"Fac de Lettres",1,11,12,0.08333333333333333,43.630437,3.869539
2026-02-28,00:48:41,2026-02-28T00:48:41+01:00,STATION,"Aiguelongue",1,6,8,0.25,43.626163,3.882492
2026-02-28,00:48:41,2026-02-28T00:48:41+01:00,STATION,"Jeu de Mail des Abbés",1,7,8,0.125,43.619701,3.883831
2026-02-28,00:48:41,2026-02-28T00:48:41+01:00,STATION,"Euromédecine",0,8,8,0.0,43.639119,3.828199
2026-02-28,00:48:41,2026-02-28T00:48:41+01:00,STATION,"Marie Caizergues",4,4,8,0.5,43.619871,3.873812
2026-02-28,00:48:41,2026-02-28T00:48:41+01:00,STATION,"Sabines",3,5,8,0.375,43.584211,3.860031
2026-02-28,00:48:41,2026-02-28T00:48:41+01:00,STATION,"Celleneuve",3,5,8,0.375,43.61467,3.832624
2026-02-28,00:48:41,2026-02-28T00:48:41+01:00,STATION,"Jardin de la Lironde",6,2,8,0.75,43.60585,3.911576
2026-02-28,00:48:41,2026-02-28T00:48:41+01:00,STATION,"Père Soulas",5,3,8,0.625,43.621983,3.855603
2026-02-28,00:48:41,2026-02-28T00:48:41+01:00,STATION,"Place Viala",7,1,8,0.875,43.616812,3.855075
2026-02-28,00:48:41,2026-02-28T00:48:41+01:00,STATION,"Hôtel du Département",2,6,8,0.25,43.621682,3.83477
2026-02-28,00:48:41,2026-02-28T00:48:41+01:00,STATION,"Tonnelles",8,0,8,1.0,43.615155,3.839466
2026-02-28,00:48:41,2026-02-28T00:48:41+01:00,STATION,"Parvis Jules Ferry - Gare Saint-Roch",1,7,8,0.125,43.603889,3.879362
2026-02-28,00:48:41,2026-02-28T00:48:41+01:00,STATION,"Pont de Lattes - Gare Saint-Roch",4,8,12,0.3333333333333333,43.606036,3.882393
2026-02-28,00:48:41,2026-02-28T00:48:41+01:00,STATION,"Deux Ponts - Gare Saint-Roch",0,8,8,0.0,43.604319,3.880916
2026-02-28,00:48:41,2026-02-28T00:48:41+01:00,STATION,"Providence - Ovalie",4,4,8,0.5,43.588239,3.853421
2026-02-28,00:48:41,2026-02-28T00:48:41+01:00,STATION,"Pérols Etang de l Or",42,26,68,0.6176470588235294,43.558351,3.963412
2026-02-28,00:48:41,2026-02-28T00:48:41+01:00,STATION,"Albert 1er - Cathédrale",5,7,12,0.4166666666666667,43.614005,3.873218
2026-02-28,00:48:41,2026-02-28T00:48:41+01:00,STATION,"Saint-Guilhem - Courreau",4,4,8,0.5,43.608996,3.872752
2026-02-28,00:48:41,2026-02-28T00:48:41+01:00,STATION,"Sud De France",5,3,8,0.625,43.59562,3.9235
2026-02-28,00:48:41,2026-02-28T00:48:41+01:00,STATION,"Comedie Baudin",0,8,8,0.0,43.608717,3.880787
2026-02-28,00:48:41,2026-02-28T00:48:41+01:00,STATION,"Jean de Beins",6,10,16,0.375,43.609857,3.883884
2026-02-28,02:52:57,2026-02-28T02:52:57+01:00,STATION,"Rue Jules Ferry - Gare Saint-Roch",0,12,12,0.0,43.605366,3.881346
2026-02-28,02:52:57,2026-02-28T02:52:57+01:00,STATION,"Comédie",3,17,20,0.15,43.608148,3.878778
2026-02-28,02:52:57,2026-02-28T02:52:57+01:00,STATION,"Hôtel de Ville",10,5,16,0.6875,43.599088,3.894866
2026-02-28,02:52:57,2026-02-28T02:52:57+01:00,STATION,"Corum",11,1,12,0.9166666666666666,43.613989,3.8816
2026-02-28,02:52:57,2026-02-28T02:52:57+01:00,STATION,"Place Albert 1er - St Charles",13,14,27,0.48148148148148145,43.616768,3.873375
2026-02-28,02:52:57,2026-02-28T02:52:57+01:00,STATION,"Foch",2,6,8,0.25,43.610989,3.873345
2026-02-28,02:52:57,2026-02-28T02:52:57+01:00,STATION,"Halles Castellane",0,12,12,0.0,43.609935,3.877208
2026-02-28,02:52:57,2026-02-28T02:52:57+01:00,STATION,"Observatoire",3,4,8,0.5,43.606301,3.87724
2026-02-28,02:52:57,2026-02-28T02:52:57+01:00,STATION,"Rondelet",0,16,16,0.0,43.603038,3.875796
2026-02-28,02:52:57,2026-02-28T02:52:57+01:00,STATION,"Plan Cabanes",7,5,12,0.5833333333333334,43.608491,3.868389
2026-02-28,02:52:57,2026-02-28T02:52:57+01:00,STATION,"Boutonnet",10,2,12,0.8333333333333334,43.622629,3.868375
2026-02-28,02:52:57,2026-02-28T02:52:57+01:00,STATION,"Emile Combes",5,3,8,0.625,43.616742,3.87998
2026-02-28,02:52:57,2026-02-28T02:52:57+01:00,STATION,"Beaux-Arts",5,11,16,0.3125,43.616698,3.884981
2026-02-28,02:52:57,2026-02-28T02:52:57+01:00,STATION,"Les Aubes",4,4,8,0.5,43.618692,3.893844
2026-02-28,02:52:57,2026-02-28T02:52:57+01:00,STATION,"Antigone centre",9,3,12,0.75,43.607942,3.890634
2026-02-28,02:52:57,2026-02-28T02:52:57+01:00,STATION,"Médiathèque Emile Zola",14,2,16,0.875,43.608218,3.89314
2026-02-28,02:52:57,2026-02-28T02:52:57+01:00,STATION,"Nombre d Or",9,7,16,0.5625,43.607859,3.886644
2026-02-28,02:52:57,2026-02-28T02:52:57+01:00,STATION,"Louis Blanc",2,14,16,0.125,43.614642,3.877648
2026-02-28,02:52:57,2026-02-28T02:52:57+01:00,STATION,"Gambetta",2,6,8,0.25,43.607106,3.870693
2026-02-28,02:52:57,2026-02-28T02:52:57+01:00,STATION,"Port Marianne",2,14,16,0.125,43.60032,3.89851
2026-02-28,02:52:57,2026-02-28T02:52:57+01:00,STATION,"Les Arceaux",4,4,8,0.5,43.612659,3.867734
2026-02-28,02:52:57,2026-02-28T02:52:57+01:00,STATION,"Cité Mion",2,5,8,0.375,43.601143,3.884373
2026-02-28,02:52:57,2026-02-28T02:52:57+01:00,STATION,"Nouveau Saint-Roch",7,1,8,0.875,43.599817,3.875757
2026-02-28,02:52:57,2026-02-28T02:52:57+01:00,STATION,"Renouvier",6,1,8,0.875,43.603553,3.867884
2026-02-28,02:52:57,2026-02-28T02:52:57+01:00,STATION,"Odysseum",0,8,8,0.0,43.603727,3.918979
2026-02-28,02:52:57,2026-02-28T02:52:57+01:00,STATION,"Saint-Denis",0,8,8,0.0,43.605021,3.875065
2026-02-28,02:52:57,2026-02-28T02:52:57+01:00,STATION,"Richter",7,9,16,0.4375,43.603424,3.899263
2026-02-28,02:52:57,2026-02-28T02:52:57+01:00,STATION,"Charles Flahault",1,7,8,0.125,43.622038,3.86672
2026-02-28,02:52:57,2026-02-28T02:52:57+01:00,STATION,"Voltaire",8,0,8,1.0,43.603767,3.888659
2026-02-28,02:52:57,2026-02-28T02:52:57+01:00,STATION,"Prés d Arènes",4,4,8,0.5,43.59048,3.884611
2026-02-28,02:52:57,2026-02-28T02:52:57+01:00,STATION,"Garcia Lorca",5,3,8,0.625,43.590757,3.890616
2026-02-28,02:52:57,2026-02-28T02:52:57+01:00,STATION,"Vert Bois",2,14,16,0.125,43.63543,3.871179
2026-02-28,02:52:57,2026-02-28T02:52:57+01:00,STATION,"Malbosc",1,7,8,0.125,43.633679,3.832861
2026-02-28,02:52:57,2026-02-28T02:52:57+01:00,STATION,"Occitanie",14,18,32,0.4375,43.635689,3.849597
2026-02-28,02:52:57,2026-02-28T02:52:57+01:00,STATION,"FacdesSciences",0,24,24,0.0,43.631318,3.861299
2026-02-28,02:52:57,2026-02-28T02:52:57+01:00,STATION,"Fac de Lettres",1,11,12,0.08333333333333333,43.630437,3.869539
2026-02-28,02:52:57,2026-02-28T02:52:57+01:00,STATION,"Aiguelongue",1,6,8,0.25,43.626163,3.882492
2026-02-28,02:52:57,2026-02-28T02:52:57+01:00,STATION,"Jeu de Mail des Abbés",1,7,8,0.125,43.619701,3.883831
2026-02-28,02:52:57,2026-02-28T02:52:57+01:00,STATION,"Euromédecine",0,8,8,0.0,43.639119,3.828199
2026-02-28,02:52:57,2026-02-28T02:52:57+01:00,STATION,"Marie Caizergues",4,4,8,0.5,43.619871,3.873812
2026-02-28,02:52:57,2026-02-28T02:52:57+01:00,STATION,"Sabines",2,6,8,0.25,43.584211,3.860031
2026-02-28,02:52:57,2026-02-28T02:52:57+01:00,STATION,"Celleneuve",4,4,8,0.5,43.61467,3.832624
2026-02-28,02:52:57,2026-02-28T02:52:57+01:00,STATION,"Jardin de la Lironde",8,0,8,1.0,43.60585,3.911576
2026-02-28,02:52:57,2026-02-28T02:52:57+01:00,STATION,"Père Soulas",6,2,8,0.75,43.621983,3.855603
2026-02-28,02:52:57,2026-02-28T02:52:57+01:00,STATION,"Place Viala",7,1,8,0.875,43.616812,3.855075
2026-02-28,02:52:57,2026-02-28T02:52:57+01:00,STATION,"Hôtel du Département",2,6,8,0.25,43.621682,3.83477
2026-02-28,02:52:57,2026-02-28T02:52:57+01:00,STATION,"Tonnelles",8,0,8,1.0,43.615155,3.839466
2026-02-28,02:52:57,2026-02-28T02:52:57+01:00,STATION,"Parvis Jules Ferry - Gare Saint-Roch",1,7,8,0.125,43.603889,3.879362
2026-02-28,02:52:57,2026-02-28T02:52:57+01:00,STATION,"Pont de Lattes - Gare Saint-Roch",1,11,12,0.08333333333333333,43.606036,3.882393
2026-02-28,02:52:57,2026-02-28T02:52:57+01:00,STATION,"Deux Ponts - Gare Saint-Roch",0,8,8,0.0,43.604319,3.880916
2026-02-28,02:52:57,2026-02-28T02:52:57+01:00,STATION,"Providence - Ovalie",4,4,8,0.5,43.588239,3.853421
2026-02-28,02:52:57,2026-02-28T02:52:57+01:00,STATION,"Pérols Etang de l Or",42,26,68,0.6176470588235294,43.558351,3.963412
2026-02-28,02:52:57,2026-02-28T02:52:57+01:00,STATION,"Albert 1er - Cathédrale",5,7,12,0.4166666666666667,43.614005,3.873218
2026-02-28,02:52:57,2026-02-28T02:52:57+01:00,STATION,"Saint-Guilhem - Courreau",3,5,8,0.375,43.608996,3.872752
2026-02-28,02:52:57,2026-02-28T02:52:57+01:00,STATION,"Sud De France",5,3,8,0.625,43.59562,3.9235
2026-02-28,02:52:57,2026-02-28T02:52:57+01:00,STATION,"Comedie Baudin",0,8,8,0.0,43.608717,3.880787
2026-02-28,02:52:57,2026-02-28T02:52:57+01:00,STATION,"Jean de Beins",6,10,16,0.375,43.609857,3.883884
2026-02-28,04:55:44,2026-02-28T04:55:44+01:00,STATION,"Rue Jules Ferry - Gare Saint-Roch",0,12,12,0.0,43.605366,3.881346
2026-02-28,04:55:44,2026-02-28T04:55:44+01:00,STATION,"Comédie",0,20,20,0.0,43.608148,3.878778
2026-02-28,04:55:44,2026-02-28T04:55:44+01:00,STATION,"Hôtel de Ville",10,5,16,0.6875,43.599088,3.894866
2026-02-28,04:55:44,2026-02-28T04:55:44+01:00,STATION,"Corum",11,1,12,0.9166666666666666,43.613989,3.8816
2026-02-28,04:55:44,2026-02-28T04:55:44+01:00,STATION,"Place Albert 1er - St Charles",12,15,27,0.4444444444444444,43.616768,3.873375
2026-02-28,04:55:44,2026-02-28T04:55:44+01:00,STATION,"Foch",1,7,8,0.125,43.610989,3.873345
2026-02-28,04:55:44,2026-02-28T04:55:44+01:00,STATION,"Halles Castellane",0,12,12,0.0,43.609935,3.877208
2026-02-28,04:55:44,2026-02-28T04:55:44+01:00,STATION,"Observatoire",2,5,8,0.375,43.606301,3.87724
2026-02-28,04:55:44,2026-02-28T04:55:44+01:00,STATION,"Rondelet",0,16,16,0.0,43.603038,3.875796
2026-02-28,04:55:44,2026-02-28T04:55:44+01:00,STATION,"Plan Cabanes",7,5,12,0.5833333333333334,43.608491,3.868389
2026-02-28,04:55:44,2026-02-28T04:55:44+01:00,STATION,"Boutonnet",9,3,12,0.75,43.622629,3.868375
2026-02-28,04:55:44,2026-02-28T04:55:44+01:00,STATION,"Emile Combes",5,3,8,0.625,43.616742,3.87998
2026-02-28,04:55:44,2026-02-28T04:55:44+01:00,STATION,"Beaux-Arts",3,13,16,0.1875,43.616698,3.884981
2026-02-28,04:55:44,2026-02-28T04:55:44+01:00,STATION,"Les Aubes",4,4,8,0.5,43.618692,3.893844
2026-02-28,04:55:44,2026-02-28T04:55:44+01:00,STATION,"Antigone centre",9,3,12,0.75,43.607942,3.890634
2026-02-28,04:55:44,2026-02-28T04:55:44+01:00,STATION,"Médiathèque Emile Zola",14,2,16,0.875,43.608218,3.89314
2026-02-28,04:55:44,2026-02-28T04:55:44+01:00,STATION,"Nombre d Or",9,7,16,0.5625,43.607859,3.886644
2026-02-28,04:55:44,2026-02-28T04:55:44+01:00,STATION,"Louis Blanc",2,14,16,0.125,43.614642,3.877648
2026-02-28,04:55:44,2026-02-28T04:55:44+01:00,STATION,"Gambetta",2,6,8,0.25,43.607106,3.870693
2026-02-28,04:55:44,2026-02-28T04:55:44+01:00,STATION,"Port Marianne",2,14,16,0.125,43.60032,3.89851
2026-02-28,04:55:44,2026-02-28T04:55:44+01:00,STATION,"Les Arceaux",4,4,8,0.5,43.612659,3.867734
2026-02-28,04:55:44,2026-02-28T04:55:44+01:00,STATION,"Cité Mion",2,5,8,0.375,43.601143,3.884373
2026-02-28,04:55:44,2026-02-28T04:55:44+01:00,STATION,"Nouveau Saint-Roch",4,4,8,0.5,43.599817,3.875757
2026-02-28,04:55:44,2026-02-28T04:55:44+01:00,STATION,"Renouvier",6,1,8,0.875,43.603553,3.867884
2026-02-28,04:55:44,2026-02-28T04:55:44+01:00,STATION,"Odysseum",0,8,8,0.0,43.603727,3.918979
2026-02-28,04:55:44,2026-02-28T04:55:44+01:00,STATION,"Saint-Denis",0,8,8,0.0,43.605021,3.875065
2026-02-28,04:55:44,2026-02-28T04:55:44+01:00,STATION,"Richter",9,7,16,0.5625,43.603424,3.899263
2026-02-28,04:55:44,2026-02-28T04:55:44+01:00,STATION,"Charles Flahault",1,7,8,0.125,43.622038,3.86672
2026-02-28,04:55:44,2026-02-28T04:55:44+01:00,STATION,"Voltaire",8,0,8,1.0,43.603767,3.888659
2026-02-28,04:55:44,2026-02-28T04:55:44+01:00,STATION,"Prés d Arènes",8,0,8,1.0,43.59048,3.884611
2026-02-28,04:55:44,2026-02-28T04:55:44+01:00,STATION,"Garcia Lorca",6,2,8,0.75,43.590757,3.890616
2026-02-28,04:55:44,2026-02-28T04:55:44+01:00,STATION,"Vert Bois",4,12,16,0.25,43.63543,3.871179
2026-02-28,04:55:44,2026-02-28T04:55:44+01:00,STATION,"Malbosc",1,7,8,0.125,43.633679,3.832861
2026-02-28,04:55:44,2026-02-28T04:55:44+01:00,STATION,"Occitanie",17,15,32,0.53125,43.635689,3.849597
2026-02-28,04:55:44,2026-02-28T04:55:44+01:00,STATION,"FacdesSciences",0,24,24,0.0,43.631318,3.861299
2026-02-28,04:55:44,2026-02-28T04:55:44+01:00,STATION,"Fac de Lettres",2,10,12,0.16666666666666666,43.630437,3.869539
2026-02-28,04:55:44,2026-02-28T04:55:44+01:00,STATION,"Aiguelongue",1,6,8,0.25,43.626163,3.882492
2026-02-28,04:55:44,2026-02-28T04:55:44+01:00,STATION,"Jeu de Mail des Abbés",1,7,8,0.125,43.619701,3.883831
2026-02-28,04:55:44,2026-02-28T04:55:44+01:00,STATION,"Euromédecine",0,8,8,0.0,43.639119,3.828199
2026-02-28,04:55:44,2026-02-28T04:55:44+01:00,STATION,"Marie Caizergues",4,4,8,0.5,43.619871,3.873812
2026-02-28,04:55:44,2026-02-28T04:55:44+01:00,STATION,"Sabines",4,4,8,0.5,43.584211,3.860031
2026-02-28,04:55:44,2026-02-28T04:55:44+01:00,STATION,"Celleneuve",4,4,8,0.5,43.61467,3.832624
2026-02-28,04:55:44,2026-02-28T04:55:44+01:00,STATION,"Jardin de la Lironde",8,0,8,1.0,43.60585,3.911576
2026-02-28,04:55:44,2026-02-28T04:55:44+01:00,STATION,"Père Soulas",7,1,8,0.875,43.621983,3.855603
2026-02-28,04:55:44,2026-02-28T04:55:44+01:00,STATION,"Place Viala",7,1,8,0.875,43.616812,3.855075
2026-02-28,04:55:44,2026-02-28T04:55:44+01:00,STATION,"Hôtel du Département",2,6,8,0.25,43.621682,3.83477
2026-02-28,04:55:44,2026-02-28T04:55:44+01:00,STATION,"Tonnelles",8,0,8,1.0,43.615155,3.839466
2026-02-28,04:55:44,2026-02-28T04:55:44+01:00,STATION,"Parvis Jules Ferry - Gare Saint-Roch",1,7,8,0.125,43.603889,3.879362
2026-02-28,04:55:44,2026-02-28T04:55:44+01:00,STATION,"Pont de Lattes - Gare Saint-Roch",1,11,12,0.08333333333333333,43.606036,3.882393
2026-02-28,04:55:44,2026-02-28T04:55:44+01:00,STATION,"Deux Ponts - Gare Saint-Roch",0,8,8,0.0,43.604319,3.880916
2026-02-28,04:55:44,2026-02-28T04:55:44+01:00,STATION,"Providence - Ovalie",4,4,8,0.5,43.588239,3.853421
2026-02-28,04:55:44,2026-02-28T04:55:44+01:00,STATION,"Pérols Etang de l Or",42,26,68,0.6176470588235294,43.558351,3.963412
2026-02-28,04:55:44,2026-02-28T04:55:44+01:00,STATION,"Albert 1er - Cathédrale",5,7,12,0.4166666666666667,43.614005,3.873218
2026-02-28,04:55:44,2026-02-28T04:55:44+01:00,STATION,"Saint-Guilhem - Courreau",3,5,8,0.375,43.608996,3.872752
2026-02-28,04:55:44,2026-02-28T04:55:44+01:00,STATION,"Sud De France",5,3,8,0.625,43.59562,3.9235
2026-02-28,04:55:44,2026-02-28T04:55:44+01:00,STATION,"Comedie Baudin",0,8,8,0.0,43.608717,3.880787
2026-02-28,04:55:44,2026-02-28T04:55:44+01:00,STATION,"Jean de Beins",6,10,16,0.375,43.609857,3.883884
2026-02-28,05:56:32,2026-02-28T05:56:32+01:00,STATION,"Rue Jules Ferry - Gare Saint-Roch",0,12,12,0.0,43.605366,3.881346
2026-02-28,05:56:32,2026-02-28T05:56:32+01:00,STATION,"Comédie",0,20,20,0.0,43.608148,3.878778
2026-02-28,05:56:32,2026-02-28T05:56:32+01:00,STATION,"Hôtel de Ville",10,5,16,0.6875,43.599088,3.894866
2026-02-28,05:56:32,2026-02-28T05:56:32+01:00,STATION,"Corum",11,1,12,0.9166666666666666,43.613989,3.8816
2026-02-28,05:56:32,2026-02-28T05:56:32+01:00,STATION,"Place Albert 1er - St Charles",12,15,27,0.4444444444444444,43.616768,3.873375
2026-02-28,05:56:32,2026-02-28T05:56:32+01:00,STATION,"Foch",1,7,8,0.125,43.610989,3.873345
2026-02-28,05:56:32,2026-02-28T05:56:32+01:00,STATION,"Halles Castellane",0,12,12,0.0,43.609935,3.877208
2026-02-28,05:56:32,2026-02-28T05:56:32+01:00,STATION,"Observatoire",2,5,8,0.375,43.606301,3.87724
2026-02-28,05:56:32,2026-02-28T05:56:32+01:00,STATION,"Rondelet",0,16,16,0.0,43.603038,3.875796
2026-02-28,05:56:32,2026-02-28T05:56:32+01:00,STATION,"Plan Cabanes",7,5,12,0.5833333333333334,43.608491,3.868389
2026-02-28,05:56:32,2026-02-28T05:56:32+01:00,STATION,"Boutonnet",9,3,12,0.75,43.622629,3.868375
2026-02-28,05:56:32,2026-02-28T05:56:32+01:00,STATION,"Emile Combes",5,3,8,0.625,43.616742,3.87998
2026-02-28,05:56:32,2026-02-28T05:56:32+01:00,STATION,"Beaux-Arts",3,13,16,0.1875,43.616698,3.884981
2026-02-28,05:56:32,2026-02-28T05:56:32+01:00,STATION,"Les Aubes",4,4,8,0.5,43.618692,3.893844
2026-02-28,05:56:32,2026-02-28T05:56:32+01:00,STATION,"Antigone centre",9,3,12,0.75,43.607942,3.890634
2026-02-28,05:56:32,2026-02-28T05:56:32+01:00,STATION,"Médiathèque Emile Zola",14,2,16,0.875,43.608218,3.89314
2026-02-28,05:56:32,2026-02-28T05:56:32+01:00,STATION,"Nombre d Or",9,7,16,0.5625,43.607859,3.886644
2026-02-28,05:56:32,2026-02-28T05:56:32+01:00,STATION,"Louis Blanc",2,14,16,0.125,43.614642,3.877648
2026-02-28,05:56:32,2026-02-28T05:56:32+01:00,STATION,"Gambetta",2,6,8,0.25,43.607106,3.870693
2026-02-28,05:56:32,2026-02-28T05:56:32+01:00,STATION,"Port Marianne",2,14,16,0.125,43.60032,3.89851
2026-02-28,05:56:32,2026-02-28T05:56:32+01:00,STATION,"Les Arceaux",4,4,8,0.5,43.612659,3.867734
2026-02-28,05:56:32,2026-02-28T05:56:32+01:00,STATION,"Cité Mion",2,5,8,0.375,43.601143,3.884373
2026-02-28,05:56:32,2026-02-28T05:56:32+01:00,STATION,"Nouveau Saint-Roch",4,4,8,0.5,43.599817,3.875757
2026-02-28,05:56:32,2026-02-28T05:56:32+01:00,STATION,"Renouvier",6,1,8,0.875,43.603553,3.867884
2026-02-28,05:56:32,2026-02-28T05:56:32+01:00,STATION,"Odysseum",0,8,8,0.0,43.603727,3.918979
2026-02-28,05:56:32,2026-02-28T05:56:32+01:00,STATION,"Saint-Denis",0,8,8,0.0,43.605021,3.875065
2026-02-28,05:56:32,2026-02-28T05:56:32+01:00,STATION,"Richter",9,7,16,0.5625,43.603424,3.899263
2026-02-28,05:56:32,2026-02-28T05:56:32+01:00,STATION,"Charles Flahault",1,7,8,0.125,43.622038,3.86672
2026-02-28,05:56:32,2026-02-28T05:56:32+01:00,STATION,"Voltaire",8,0,8,1.0,43.603767,3.888659
2026-02-28,05:56:32,2026-02-28T05:56:32+01:00,STATION,"Prés d Arènes",8,0,8,1.0,43.59048,3.884611
2026-02-28,05:56:32,2026-02-28T05:56:32+01:00,STATION,"Garcia Lorca",6,2,8,0.75,43.590757,3.890616
2026-02-28,05:56:32,2026-02-28T05:56:32+01:00,STATION,"Vert Bois",4,12,16,0.25,43.63543,3.871179
2026-02-28,05:56:32,2026-02-28T05:56:32+01:00,STATION,"Malbosc",1,7,8,0.125,43.633679,3.832861
2026-02-28,05:56:32,2026-02-28T05:56:32+01:00,STATION,"Occitanie",18,14,32,0.5625,43.635689,3.849597
2026-02-28,05:56:32,2026-02-28T05:56:32+01:00,STATION,"FacdesSciences",0,24,24,0.0,43.631318,3.861299
2026-02-28,05:56:32,2026-02-28T05:56:32+01:00,STATION,"Fac de Lettres",2,10,12,0.16666666666666666,43.630437,3.869539
2026-02-28,05:56:32,2026-02-28T05:56:32+01:00,STATION,"Aiguelongue",1,6,8,0.25,43.626163,3.882492
2026-02-28,05:56:32,2026-02-28T05:56:32+01:00,STATION,"Jeu de Mail des Abbés",4,4,8,0.5,43.619701,3.883831
2026-02-28,05:56:32,2026-02-28T05:56:32+01:00,STATION,"Euromédecine",0,8,8,0.0,43.639119,3.828199
2026-02-28,05:56:32,2026-02-28T05:56:32+01:00,STATION,"Marie Caizergues",4,4,8,0.5,43.619871,3.873812
2026-02-28,05:56:32,2026-02-28T05:56:32+01:00,STATION,"Sabines",4,4,8,0.5,43.584211,3.860031
2026-02-28,05:56:32,2026-02-28T05:56:32+01:00,STATION,"Celleneuve",4,4,8,0.5,43.61467,3.832624
2026-02-28,05:56:32,2026-02-28T05:56:32+01:00,STATION,"Jardin de la Lironde",8,0,8,1.0,43.60585,3.911576
2026-02-28,05:56:32,2026-02-28T05:56:32+01:00,STATION,"Père Soulas",4,4,8,0.5,43.621983,3.855603
2026-02-28,05:56:32,2026-02-28T05:56:32+01:00,STATION,"Place Viala",7,1,8,0.875,43.616812,3.855075
2026-02-28,05:56:32,2026-02-28T05:56:32+01:00,STATION,"Hôtel du Département",2,6,8,0.25,43.621682,3.83477
2026-02-28,05:56:32,2026-02-28T05:56:32+01:00,STATION,"Tonnelles",8,0,8,1.0,43.615155,3.839466
2026-02-28,05:56:32,2026-02-28T05:56:32+01:00,STATION,"Parvis Jules Ferry - Gare Saint-Roch",1,7,8,0.125,43.603889,3.879362
2026-02-28,05:56:32,2026-02-28T05:56:32+01:00,STATION,"Pont de Lattes - Gare Saint-Roch",1,11,12,0.08333333333333333,43.606036,3.882393
2026-02-28,05:56:32,2026-02-28T05:56:32+01:00,STATION,"Deux Ponts - Gare Saint-Roch",0,8,8,0.0,43.604319,3.880916
2026-02-28,05:56:32,2026-02-28T05:56:32+01:00,STATION,"Providence - Ovalie",4,4,8,0.5,43.588239,3.853421
2026-02-28,05:56:32,2026-02-28T05:56:32+01:00,STATION,"Pérols Etang de l Or",42,26,68,0.6176470588235294,43.558351,3.963412
2026-02-28,05:56:32,2026-02-28T05:56:32+01:00,STATION,"Albert 1er - Cathédrale",5,7,12,0.4166666666666667,43.614005,3.873218
2026-02-28,05:56:32,2026-02-28T05:56:32+01:00,STATION,"Saint-Guilhem - Courreau",3,5,8,0.375,43.608996,3.872752
2026-02-28,05:56:32,2026-02-28T05:56:32+01:00,STATION,"Sud De France",5,3,8,0.625,43.59562,3.9235
2026-02-28,05:56:32,2026-02-28T05:56:32+01:00,STATION,"Comedie Baudin",0,8,8,0.0,43.608717,3.880787
2026-02-28,05:56:32,2026-02-28T05:56:32+01:00,STATION,"Jean de Beins",6,10,16,0.375,43.609857,3.883884
2026-02-28,06:34:30,2026-02-28T06:34:30+01:00,STATION,"Rue Jules Ferry - Gare Saint-Roch",0,12,12,0.0,43.605366,3.881346
2026-02-28,06:34:30,2026-02-28T06:34:30+01:00,STATION,"Comédie",0,20,20,0.0,43.608148,3.878778
2026-02-28,06:34:30,2026-02-28T06:34:30+01:00,STATION,"Hôtel de Ville",10,5,16,0.6875,43.599088,3.894866
2026-02-28,06:34:30,2026-02-28T06:34:30+01:00,STATION,"Corum",11,1,12,0.9166666666666666,43.613989,3.8816
2026-02-28,06:34:30,2026-02-28T06:34:30+01:00,STATION,"Place Albert 1er - St Charles",11,16,27,0.4074074074074074,43.616768,3.873375
2026-02-28,06:34:30,2026-02-28T06:34:30+01:00,STATION,"Foch",1,7,8,0.125,43.610989,3.873345
2026-02-28,06:34:30,2026-02-28T06:34:30+01:00,STATION,"Halles Castellane",0,12,12,0.0,43.609935,3.877208
2026-02-28,06:34:30,2026-02-28T06:34:30+01:00,STATION,"Observatoire",2,5,8,0.375,43.606301,3.87724
2026-02-28,06:34:30,2026-02-28T06:34:30+01:00,STATION,"Rondelet",0,16,16,0.0,43.603038,3.875796
2026-02-28,06:34:30,2026-02-28T06:34:30+01:00,STATION,"Plan Cabanes",7,5,12,0.5833333333333334,43.608491,3.868389
2026-02-28,06:34:30,2026-02-28T06:34:30+01:00,STATION,"Boutonnet",9,3,12,0.75,43.622629,3.868375
2026-02-28,06:34:30,2026-02-28T06:34:30+01:00,STATION,"Emile Combes",5,3,8,0.625,43.616742,3.87998
2026-02-28,06:34:30,2026-02-28T06:34:30+01:00,STATION,"Beaux-Arts",3,13,16,0.1875,43.616698,3.884981
2026-02-28,06:34:30,2026-02-28T06:34:30+01:00,STATION,"Les Aubes",4,4,8,0.5,43.618692,3.893844
2026-02-28,06:34:30,2026-02-28T06:34:30+01:00,STATION,"Antigone centre",9,3,12,0.75,43.607942,3.890634
2026-02-28,06:34:30,2026-02-28T06:34:30+01:00,STATION,"Médiathèque Emile Zola",14,2,16,0.875,43.608218,3.89314
2026-02-28,06:34:30,2026-02-28T06:34:30+01:00,STATION,"Nombre d Or",9,7,16,0.5625,43.607859,3.886644
2026-02-28,06:34:30,2026-02-28T06:34:30+01:00,STATION,"Louis Blanc",2,14,16,0.125,43.614642,3.877648
2026-02-28,06:34:30,2026-02-28T06:34:30+01:00,STATION,"Gambetta",2,6,8,0.25,43.607106,3.870693
2026-02-28,06:34:30,2026-02-28T06:34:30+01:00,STATION,"Port Marianne",2,14,16,0.125,43.60032,3.89851
2026-02-28,06:34:30,2026-02-28T06:34:30+01:00,STATION,"Les Arceaux",4,4,8,0.5,43.612659,3.867734
2026-02-28,06:34:30,2026-02-28T06:34:30+01:00,STATION,"Cité Mion",2,5,8,0.375,43.601143,3.884373
2026-02-28,06:34:30,2026-02-28T06:34:30+01:00,STATION,"Nouveau Saint-Roch",4,4,8,0.5,43.599817,3.875757
2026-02-28,06:34:30,2026-02-28T06:34:30+01:00,STATION,"Renouvier",6,1,8,0.875,43.603553,3.867884
2026-02-28,06:34:30,2026-02-28T06:34:30+01:00,STATION,"Odysseum",0,8,8,0.0,43.603727,3.918979
2026-02-28,06:34:30,2026-02-28T06:34:30+01:00,STATION,"Saint-Denis",0,8,8,0.0,43.605021,3.875065
2026-02-28,06:34:30,2026-02-28T06:34:30+01:00,STATION,"Richter",9,7,16,0.5625,43.603424,3.899263
2026-02-28,06:34:30,2026-02-28T06:34:30+01:00,STATION,"Charles Flahault",1,7,8,0.125,43.622038,3.86672
2026-02-28,06:34:30,2026-02-28T06:34:30+01:00,STATION,"Voltaire",8,0,8,1.0,43.603767,3.888659
2026-02-28,06:34:30,2026-02-28T06:34:30+01:00,STATION,"Prés d Arènes",8,0,8,1.0,43.59048,3.884611
2026-02-28,06:34:30,2026-02-28T06:34:30+01:00,STATION,"Garcia Lorca",5,3,8,0.625,43.590757,3.890616
2026-02-28,06:34:30,2026-02-28T06:34:30+01:00,STATION,"Vert Bois",4,12,16,0.25,43.63543,3.871179
2026-02-28,06:34:30,2026-02-28T06:34:30+01:00,STATION,"Malbosc",1,7,8,0.125,43.633679,3.832861
2026-02-28,06:34:30,2026-02-28T06:34:30+01:00,STATION,"Occitanie",18,14,32,0.5625,43.635689,3.849597
2026-02-28,06:34:30,2026-02-28T06:34:30+01:00,STATION,"FacdesSciences",0,24,24,0.0,43.631318,3.861299
2026-02-28,06:34:30,2026-02-28T06:34:30+01:00,STATION,"Fac de Lettres",2,10,12,0.16666666666666666,43.630437,3.869539
2026-02-28,06:34:30,2026-02-28T06:34:30+01:00,STATION,"Aiguelongue",1,6,8,0.25,43.626163,3.882492
2026-02-28,06:34:30,2026-02-28T06:34:30+01:00,STATION,"Jeu de Mail des Abbés",4,4,8,0.5,43.619701,3.883831
2026-02-28,06:34:30,2026-02-28T06:34:30+01:00,STATION,"Euromédecine",0,8,8,0.0,43.639119,3.828199
2026-02-28,06:34:30,2026-02-28T06:34:30+01:00,STATION,"Marie Caizergues",4,4,8,0.5,43.619871,3.873812
2026-02-28,06:34:30,2026-02-28T06:34:30+01:00,STATION,"Sabines",4,4,8,0.5,43.584211,3.860031
2026-02-28,06:34:30,2026-02-28T06:34:30+01:00,STATION,"Celleneuve",4,4,8,0.5,43.61467,3.832624
2026-02-28,06:34:30,2026-02-28T06:34:30+01:00,STATION,"Jardin de la Lironde",8,0,8,1.0,43.60585,3.911576
2026-02-28,06:34:30,2026-02-28T06:34:30+01:00,STATION,"Père Soulas",4,4,8,0.5,43.621983,3.855603
2026-02-28,06:34:30,2026-02-28T06:34:30+01:00,STATION,"Place Viala",7,1,8,0.875,43.616812,3.855075
2026-02-28,06:34:30,2026-02-28T06:34:30+01:00,STATION,"Hôtel du Département",2,6,8,0.25,43.621682,3.83477
2026-02-28,06:34:30,2026-02-28T06:34:30+01:00,STATION,"Tonnelles",8,0,8,1.0,43.615155,3.839466
2026-02-28,06:34:30,2026-02-28T06:34:30+01:00,STATION,"Parvis Jules Ferry - Gare Saint-Roch",1,7,8,0.125,43.603889,3.879362
2026-02-28,06:34:30,2026-02-28T06:34:30+01:00,STATION,"Pont de Lattes - Gare Saint-Roch",1,11,12,0.08333333333333333,43.606036,3.882393
2026-02-28,06:34:30,2026-02-28T06:34:30+01:00,STATION,"Deux Ponts - Gare Saint-Roch",0,8,8,0.0,43.604319,3.880916
2026-02-28,06:34:30,2026-02-28T06:34:30+01:00,STATION,"Providence - Ovalie",4,4,8,0.5,43.588239,3.853421
2026-02-28,06:34:30,2026-02-28T06:34:30+01:00,STATION,"Pérols Etang de l Or",42,26,68,0.6176470588235294,43.558351,3.963412
2026-02-28,06:34:30,2026-02-28T06:34:30+01:00,STATION,"Albert 1er - Cathédrale",5,7,12,0.4166666666666667,43.614005,3.873218
2026-02-28,06:34:30,2026-02-28T06:34:30+01:00,STATION,"Saint-Guilhem - Courreau",3,5,8,0.375,43.608996,3.872752
2026-02-28,06:34:30,2026-02-28T06:34:30+01:00,STATION,"Sud De France",5,3,8,0.625,43.59562,3.9235
2026-02-28,06:34:30,2026-02-28T06:34:30+01:00,STATION,"Comedie Baudin",0,8,8,0.0,43.608717,3.880787
2026-02-28,06:34:30,2026-02-28T06:34:30+01:00,STATION,"Jean de Beins",6,10,16,0.375,43.609857,3.883884
2026-02-28,07:39:28,2026-02-28T07:39:28+01:00,STATION,"Rue Jules Ferry - Gare Saint-Roch",0,12,12,0.0,43.605366,3.881346
2026-02-28,07:39:28,2026-02-28T07:39:28+01:00,STATION,"Comédie",0,20,20,0.0,43.608148,3.878778
2026-02-28,07:39:28,2026-02-28T07:39:28+01:00,STATION,"Hôtel de Ville",10,5,16,0.6875,43.599088,3.894866
2026-02-28,07:39:28,2026-02-28T07:39:28+01:00,STATION,"Corum",11,1,12,0.9166666666666666,43.613989,3.8816
2026-02-28,07:39:28,2026-02-28T07:39:28+01:00,STATION,"Place Albert 1er - St Charles",11,16,27,0.4074074074074074,43.616768,3.873375
2026-02-28,07:39:28,2026-02-28T07:39:28+01:00,STATION,"Foch",1,7,8,0.125,43.610989,3.873345
2026-02-28,07:39:28,2026-02-28T07:39:28+01:00,STATION,"Halles Castellane",0,12,12,0.0,43.609935,3.877208
2026-02-28,07:39:28,2026-02-28T07:39:28+01:00,STATION,"Observatoire",2,5,8,0.375,43.606301,3.87724
2026-02-28,07:39:28,2026-02-28T07:39:28+01:00,STATION,"Rondelet",0,16,16,0.0,43.603038,3.875796
2026-02-28,07:39:28,2026-02-28T07:39:28+01:00,STATION,"Plan Cabanes",7,5,12,0.5833333333333334,43.608491,3.868389
2026-02-28,07:39:28,2026-02-28T07:39:28+01:00,STATION,"Boutonnet",9,3,12,0.75,43.622629,3.868375
2026-02-28,07:39:28,2026-02-28T07:39:28+01:00,STATION,"Emile Combes",5,3,8,0.625,43.616742,3.87998
2026-02-28,07:39:28,2026-02-28T07:39:28+01:00,STATION,"Beaux-Arts",3,13,16,0.1875,43.616698,3.884981
2026-02-28,07:39:28,2026-02-28T07:39:28+01:00,STATION,"Les Aubes",4,4,8,0.5,43.618692,3.893844
2026-02-28,07:39:28,2026-02-28T07:39:28+01:00,STATION,"Antigone centre",9,3,12,0.75,43.607942,3.890634
2026-02-28,07:39:28,2026-02-28T07:39:28+01:00,STATION,"Médiathèque Emile Zola",14,2,16,0.875,43.608218,3.89314
2026-02-28,07:39:28,2026-02-28T07:39:28+01:00,STATION,"Nombre d Or",9,7,16,0.5625,43.607859,3.886644
2026-02-28,07:39:28,2026-02-28T07:39:28+01:00,STATION,"Louis Blanc",2,14,16,0.125,43.614642,3.877648
2026-02-28,07:39:28,2026-02-28T07:39:28+01:00,STATION,"Gambetta",2,6,8,0.25,43.607106,3.870693
2026-02-28,07:39:28,2026-02-28T07:39:28+01:00,STATION,"Port Marianne",2,14,16,0.125,43.60032,3.89851
2026-02-28,07:39:28,2026-02-28T07:39:28+01:00,STATION,"Les Arceaux",4,4,8,0.5,43.612659,3.867734
2026-02-28,07:39:28,2026-02-28T07:39:28+01:00,STATION,"Cité Mion",2,5,8,0.375,43.601143,3.884373
2026-02-28,07:39:28,2026-02-28T07:39:28+01:00,STATION,"Nouveau Saint-Roch",4,4,8,0.5,43.599817,3.875757
2026-02-28,07:39:28,2026-02-28T07:39:28+01:00,STATION,"Renouvier",6,1,8,0.875,43.603553,3.867884
2026-02-28,07:39:28,2026-02-28T07:39:28+01:00,STATION,"Odysseum",0,8,8,0.0,43.603727,3.918979
2026-02-28,07:39:28,2026-02-28T07:39:28+01:00,STATION,"Saint-Denis",0,8,8,0.0,43.605021,3.875065
2026-02-28,07:39:28,2026-02-28T07:39:28+01:00,STATION,"Richter",9,7,16,0.5625,43.603424,3.899263
2026-02-28,07:39:28,2026-02-28T07:39:28+01:00,STATION,"Charles Flahault",1,7,8,0.125,43.622038,3.86672
2026-02-28,07:39:28,2026-02-28T07:39:28+01:00,STATION,"Voltaire",8,0,8,1.0,43.603767,3.888659
2026-02-28,07:39:28,2026-02-28T07:39:28+01:00,STATION,"Prés d Arènes",8,0,8,1.0,43.59048,3.884611
2026-02-28,07:39:28,2026-02-28T07:39:28+01:00,STATION,"Garcia Lorca",6,2,8,0.75,43.590757,3.890616
2026-02-28,07:39:28,2026-02-28T07:39:28+01:00,STATION,"Vert Bois",4,12,16,0.25,43.63543,3.871179
2026-02-28,07:39:28,2026-02-28T07:39:28+01:00,STATION,"Malbosc",1,7,8,0.125,43.633679,3.832861
2026-02-28,07:39:28,2026-02-28T07:39:28+01:00,STATION,"Occitanie",17,15,32,0.53125,43.635689,3.849597
2026-02-28,07:39:28,2026-02-28T07:39:28+01:00,STATION,"FacdesSciences",0,24,24,0.0,43.631318,3.861299
2026-02-28,07:39:28,2026-02-28T07:39:28+01:00,STATION,"Fac de Lettres",1,11,12,0.08333333333333333,43.630437,3.869539
2026-02-28,07:39:28,2026-02-28T07:39:28+01:00,STATION,"Aiguelongue",2,5,8,0.375,43.626163,3.882492
2026-02-28,07:39:28,2026-02-28T07:39:28+01:00,STATION,"Jeu de Mail des Abbés",4,4,8,0.5,43.619701,3.883831
2026-02-28,07:39:28,2026-02-28T07:39:28+01:00,STATION,"Euromédecine",0,8,8,0.0,43.639119,3.828199
2026-02-28,07:39:28,2026-02-28T07:39:28+01:00,STATION,"Marie Caizergues",4,4,8,0.5,43.619871,3.873812
2026-02-28,07:39:28,2026-02-28T07:39:28+01:00,STATION,"Sabines",4,4,8,0.5,43.584211,3.860031
2026-02-28,07:39:28,2026-02-28T07:39:28+01:00,STATION,"Celleneuve",4,4,8,0.5,43.61467,3.832624
2026-02-28,07:39:28,2026-02-28T07:39:28+01:00,STATION,"Jardin de la Lironde",8,0,8,1.0,43.60585,3.911576
2026-02-28,07:39:28,2026-02-28T07:39:28+01:00,STATION,"Père Soulas",4,4,8,0.5,43.621983,3.855603
2026-02-28,07:39:28,2026-02-28T07:39:28+01:00,STATION,"Place Viala",7,1,8,0.875,43.616812,3.855075
2026-02-28,07:39:28,2026-02-28T07:39:28+01:00,STATION,"Hôtel du Département",2,6,8,0.25,43.621682,3.83477
2026-02-28,07:39:28,2026-02-28T07:39:28+01:00,STATION,"Tonnelles",8,0,8,1.0,43.615155,3.839466
2026-02-28,07:39:28,2026-02-28T07:39:28+01:00,STATION,"Parvis Jules Ferry - Gare Saint-Roch",1,7,8,0.125,43.603889,3.879362
2026-02-28,07:39:28,2026-02-28T07:39:28+01:00,STATION,"Pont de Lattes - Gare Saint-Roch",1,11,12,0.08333333333333333,43.606036,3.882393
2026-02-28,07:39:28,2026-02-28T07:39:28+01:00,STATION,"Deux Ponts - Gare Saint-Roch",0,8,8,0.0,43.604319,3.880916
2026-02-28,07:39:28,2026-02-28T07:39:28+01:00,STATION,"Providence - Ovalie",4,4,8,0.5,43.588239,3.853421
2026-02-28,07:39:28,2026-02-28T07:39:28+01:00,STATION,"Pérols Etang de l Or",42,26,68,0.6176470588235294,43.558351,3.963412
2026-02-28,07:39:28,2026-02-28T07:39:28+01:00,STATION,"Albert 1er - Cathédrale",5,7,12,0.4166666666666667,43.614005,3.873218
2026-02-28,07:39:28,2026-02-28T07:39:28+01:00,STATION,"Saint-Guilhem - Courreau",3,5,8,0.375,43.608996,3.872752
2026-02-28,07:39:28,2026-02-28T07:39:28+01:00,STATION,"Sud De France",5,3,8,0.625,43.59562,3.9235
2026-02-28,07:39:28,2026-02-28T07:39:28+01:00,STATION,"Comedie Baudin",0,8,8,0.0,43.608717,3.880787
2026-02-28,07:39:28,2026-02-28T07:39:28+01:00,STATION,"Jean de Beins",6,10,16,0.375,43.609857,3.883884
2026-02-28,08:27:51,2026-02-28T08:27:51+01:00,STATION,"Rue Jules Ferry - Gare Saint-Roch",0,12,12,0.0,43.605366,3.881346
2026-02-28,08:27:51,2026-02-28T08:27:51+01:00,STATION,"Comédie",0,20,20,0.0,43.608148,3.878778
2026-02-28,08:27:51,2026-02-28T08:27:51+01:00,STATION,"Hôtel de Ville",10,5,16,0.6875,43.599088,3.894866
2026-02-28,08:27:51,2026-02-28T08:27:51+01:00,STATION,"Corum",11,1,12,0.9166666666666666,43.613989,3.8816
2026-02-28,08:27:51,2026-02-28T08:27:51+01:00,STATION,"Place Albert 1er - St Charles",11,16,27,0.4074074074074074,43.616768,3.873375
2026-02-28,08:27:51,2026-02-28T08:27:51+01:00,STATION,"Foch",1,7,8,0.125,43.610989,3.873345
2026-02-28,08:27:51,2026-02-28T08:27:51+01:00,STATION,"Halles Castellane",0,12,12,0.0,43.609935,3.877208
2026-02-28,08:27:51,2026-02-28T08:27:51+01:00,STATION,"Observatoire",2,5,8,0.375,43.606301,3.87724
2026-02-28,08:27:51,2026-02-28T08:27:51+01:00,STATION,"Rondelet",0,16,16,0.0,43.603038,3.875796
2026-02-28,08:27:51,2026-02-28T08:27:51+01:00,STATION,"Plan Cabanes",6,6,12,0.5,43.608491,3.868389
2026-02-28,08:27:51,2026-02-28T08:27:51+01:00,STATION,"Boutonnet",9,3,12,0.75,43.622629,3.868375
2026-02-28,08:27:51,2026-02-28T08:27:51+01:00,STATION,"Emile Combes",4,4,8,0.5,43.616742,3.87998
2026-02-28,08:27:51,2026-02-28T08:27:51+01:00,STATION,"Beaux-Arts",2,14,16,0.125,43.616698,3.884981
2026-02-28,08:27:51,2026-02-28T08:27:51+01:00,STATION,"Les Aubes",4,4,8,0.5,43.618692,3.893844
2026-02-28,08:27:51,2026-02-28T08:27:51+01:00,STATION,"Antigone centre",9,3,12,0.75,43.607942,3.890634
2026-02-28,08:27:51,2026-02-28T08:27:51+01:00,STATION,"Médiathèque Emile Zola",14,2,16,0.875,43.608218,3.89314
2026-02-28,08:27:51,2026-02-28T08:27:51+01:00,STATION,"Nombre d Or",9,7,16,0.5625,43.607859,3.886644
2026-02-28,08:27:51,2026-02-28T08:27:51+01:00,STATION,"Louis Blanc",2,14,16,0.125,43.614642,3.877648
2026-02-28,08:27:51,2026-02-28T08:27:51+01:00,STATION,"Gambetta",2,6,8,0.25,43.607106,3.870693
2026-02-28,08:27:51,2026-02-28T08:27:51+01:00,STATION,"Port Marianne",4,12,16,0.25,43.60032,3.89851
2026-02-28,08:27:51,2026-02-28T08:27:51+01:00,STATION,"Les Arceaux",4,4,8,0.5,43.612659,3.867734
2026-02-28,08:27:51,2026-02-28T08:27:51+01:00,STATION,"Cité Mion",1,6,8,0.25,43.601143,3.884373
2026-02-28,08:27:51,2026-02-28T08:27:51+01:00,STATION,"Nouveau Saint-Roch",3,5,8,0.375,43.599817,3.875757
2026-02-28,08:27:51,2026-02-28T08:27:51+01:00,STATION,"Renouvier",6,1,8,0.875,43.603553,3.867884
2026-02-28,08:27:51,2026-02-28T08:27:51+01:00,STATION,"Odysseum",0,8,8,0.0,43.603727,3.918979
2026-02-28,08:27:51,2026-02-28T08:27:51+01:00,STATION,"Saint-Denis",0,8,8,0.0,43.605021,3.875065
2026-02-28,08:27:51,2026-02-28T08:27:51+01:00,STATION,"Richter",7,9,16,0.4375,43.603424,3.899263
2026-02-28,08:27:51,2026-02-28T08:27:51+01:00,STATION,"Charles Flahault",1,7,8,0.125,43.622038,3.86672
2026-02-28,08:27:51,2026-02-28T08:27:51+01:00,STATION,"Voltaire",8,0,8,1.0,43.603767,3.888659
2026-02-28,08:27:51,2026-02-28T08:27:51+01:00,STATION,"Prés d Arènes",8,0,8,1.0,43.59048,3.884611
2026-02-28,08:27:51,2026-02-28T08:27:51+01:00,STATION,"Garcia Lorca",7,1,8,0.875,43.590757,3.890616
2026-02-28,08:27:51,2026-02-28T08:27:51+01:00,STATION,"Vert Bois",4,12,16,0.25,43.63543,3.871179
2026-02-28,08:27:51,2026-02-28T08:27:51+01:00,STATION,"Malbosc",1,7,8,0.125,43.633679,3.832861
2026-02-28,08:27:51,2026-02-28T08:27:51+01:00,STATION,"Occitanie",17,15,32,0.53125,43.635689,3.849597
2026-02-28,08:27:51,2026-02-28T08:27:51+01:00,STATION,"FacdesSciences",0,24,24,0.0,43.631318,3.861299
2026-02-28,08:27:51,2026-02-28T08:27:51+01:00,STATION,"Fac de Lettres",1,11,12,0.08333333333333333,43.630437,3.869539
2026-02-28,08:27:51,2026-02-28T08:27:51+01:00,STATION,"Aiguelongue",2,5,8,0.375,43.626163,3.882492
2026-02-28,08:27:51,2026-02-28T08:27:51+01:00,STATION,"Jeu de Mail des Abbés",4,4,8,0.5,43.619701,3.883831
2026-02-28,08:27:51,2026-02-28T08:27:51+01:00,STATION,"Euromédecine",0,8,8,0.0,43.639119,3.828199
2026-02-28,08:27:51,2026-02-28T08:27:51+01:00,STATION,"Marie Caizergues",4,4,8,0.5,43.619871,3.873812
2026-02-28,08:27:51,2026-02-28T08:27:51+01:00,STATION,"Sabines",4,4,8,0.5,43.584211,3.860031
2026-02-28,08:27:51,2026-02-28T08:27:51+01:00,STATION,"Celleneuve",4,4,8,0.5,43.61467,3.832624
2026-02-28,08:27:51,2026-02-28T08:27:51+01:00,STATION,"Jardin de la Lironde",8,0,8,1.0,43.60585,3.911576
2026-02-28,08:27:51,2026-02-28T08:27:51+01:00,STATION,"Père Soulas",4,4,8,0.5,43.621983,3.855603
2026-02-28,08:27:51,2026-02-28T08:27:51+01:00,STATION,"Place Viala",7,1,8,0.875,43.616812,3.855075
2026-02-28,08:27:51,2026-02-28T08:27:51+01:00,STATION,"Hôtel du Département",2,6,8,0.25,43.621682,3.83477
2026-02-28,08:27:51,2026-02-28T08:27:51+01:00,STATION,"Tonnelles",8,0,8,1.0,43.615155,3.839466
2026-02-28,08:27:51,2026-02-28T08:27:51+01:00,STATION,"Parvis Jules Ferry - Gare Saint-Roch",2,6,8,0.25,43.603889,3.879362
2026-02-28,08:27:51,2026-02-28T08:27:51+01:00,STATION,"Pont de Lattes - Gare Saint-Roch",1,11,12,0.08333333333333333,43.606036,3.882393
2026-02-28,08:27:51,2026-02-28T08:27:51+01:00,STATION,"Deux Ponts - Gare Saint-Roch",0,8,8,0.0,43.604319,3.880916
2026-02-28,08:27:51,2026-02-28T08:27:51+01:00,STATION,"Providence - Ovalie",4,4,8,0.5,43.588239,3.853421
2026-02-28,08:27:51,2026-02-28T08:27:51+01:00,STATION,"Pérols Etang de l Or",42,26,68,0.6176470588235294,43.558351,3.963412
2026-02-28,08:27:51,2026-02-28T08:27:51+01:00,STATION,"Albert 1er - Cathédrale",6,6,12,0.5,43.614005,3.873218
2026-02-28,08:27:51,2026-02-28T08:27:51+01:00,STATION,"Saint-Guilhem - Courreau",3,5,8,0.375,43.608996,3.872752
2026-02-28,08:27:51,2026-02-28T08:27:51+01:00,STATION,"Sud De France",5,3,8,0.625,43.59562,3.9235
2026-02-28,08:27:51,2026-02-28T08:27:51+01:00,STATION,"Comedie Baudin",0,8,8,0.0,43.608717,3.880787
2026-02-28,08:27:51,2026-02-28T08:27:51+01:00,STATION,"Jean de Beins",6,10,16,0.375,43.609857,3.883884
2026-02-28,08:48:33,2026-02-28T08:48:33+01:00,STATION,"Rue Jules Ferry - Gare Saint-Roch",0,12,12,0.0,43.605366,3.881346
2026-02-28,08:48:33,2026-02-28T08:48:33+01:00,STATION,"Comédie",0,20,20,0.0,43.608148,3.878778
2026-02-28,08:48:33,2026-02-28T08:48:33+01:00,STATION,"Hôtel de Ville",10,5,16,0.6875,43.599088,3.894866
2026-02-28,08:48:33,2026-02-28T08:48:33+01:00,STATION,"Corum",10,2,12,0.8333333333333334,43.613989,3.8816
2026-02-28,08:48:33,2026-02-28T08:48:33+01:00,STATION,"Place Albert 1er - St Charles",11,16,27,0.4074074074074074,43.616768,3.873375
2026-02-28,08:48:33,2026-02-28T08:48:33+01:00,STATION,"Foch",1,7,8,0.125,43.610989,3.873345
2026-02-28,08:48:33,2026-02-28T08:48:33+01:00,STATION,"Halles Castellane",0,12,12,0.0,43.609935,3.877208
2026-02-28,08:48:33,2026-02-28T08:48:33+01:00,STATION,"Observatoire",2,5,8,0.375,43.606301,3.87724
2026-02-28,08:48:33,2026-02-28T08:48:33+01:00,STATION,"Rondelet",0,16,16,0.0,43.603038,3.875796
2026-02-28,08:48:33,2026-02-28T08:48:33+01:00,STATION,"Plan Cabanes",6,6,12,0.5,43.608491,3.868389
2026-02-28,08:48:33,2026-02-28T08:48:33+01:00,STATION,"Boutonnet",9,3,12,0.75,43.622629,3.868375
2026-02-28,08:48:33,2026-02-28T08:48:33+01:00,STATION,"Emile Combes",4,4,8,0.5,43.616742,3.87998
2026-02-28,08:48:33,2026-02-28T08:48:33+01:00,STATION,"Beaux-Arts",2,14,16,0.125,43.616698,3.884981
2026-02-28,08:48:33,2026-02-28T08:48:33+01:00,STATION,"Les Aubes",4,4,8,0.5,43.618692,3.893844
2026-02-28,08:48:33,2026-02-28T08:48:33+01:00,STATION,"Antigone centre",9,3,12,0.75,43.607942,3.890634
2026-02-28,08:48:33,2026-02-28T08:48:33+01:00,STATION,"Médiathèque Emile Zola",15,1,16,0.9375,43.608218,3.89314
2026-02-28,08:48:33,2026-02-28T08:48:33+01:00,STATION,"Nombre d Or",9,7,16,0.5625,43.607859,3.886644
2026-02-28,08:48:33,2026-02-28T08:48:33+01:00,STATION,"Louis Blanc",2,14,16,0.125,43.614642,3.877648
2026-02-28,08:48:33,2026-02-28T08:48:33+01:00,STATION,"Gambetta",2,6,8,0.25,43.607106,3.870693
2026-02-28,08:48:33,2026-02-28T08:48:33+01:00,STATION,"Port Marianne",4,12,16,0.25,43.60032,3.89851
2026-02-28,08:48:33,2026-02-28T08:48:33+01:00,STATION,"Les Arceaux",4,4,8,0.5,43.612659,3.867734
2026-02-28,08:48:33,2026-02-28T08:48:33+01:00,STATION,"Cité Mion",1,6,8,0.25,43.601143,3.884373
2026-02-28,08:48:33,2026-02-28T08:48:33+01:00,STATION,"Nouveau Saint-Roch",3,5,8,0.375,43.599817,3.875757
2026-02-28,08:48:33,2026-02-28T08:48:33+01:00,STATION,"Renouvier",6,1,8,0.875,43.603553,3.867884
2026-02-28,08:48:33,2026-02-28T08:48:33+01:00,STATION,"Odysseum",0,8,8,0.0,43.603727,3.918979
2026-02-28,08:48:33,2026-02-28T08:48:33+01:00,STATION,"Saint-Denis",0,8,8,0.0,43.605021,3.875065
2026-02-28,08:48:33,2026-02-28T08:48:33+01:00,STATION,"Richter",7,9,16,0.4375,43.603424,3.899263
2026-02-28,08:48:33,2026-02-28T08:48:33+01:00,STATION,"Charles Flahault",1,7,8,0.125,43.622038,3.86672
2026-02-28,08:48:33,2026-02-28T08:48:33+01:00,STATION,"Voltaire",8,0,8,1.0,43.603767,3.888659
2026-02-28,08:48:33,2026-02-28T08:48:33+01:00,STATION,"Prés d Arènes",8,0,8,1.0,43.59048,3.884611
2026-02-28,08:48:33,2026-02-28T08:48:33+01:00,STATION,"Garcia Lorca",7,1,8,0.875,43.590757,3.890616
2026-02-28,08:48:33,2026-02-28T08:48:33+01:00,STATION,"Vert Bois",4,12,16,0.25,43.63543,3.871179
2026-02-28,08:48:33,2026-02-28T08:48:33+01:00,STATION,"Malbosc",1,7,8,0.125,43.633679,3.832861
2026-02-28,08:48:33,2026-02-28T08:48:33+01:00,STATION,"Occitanie",17,15,32,0.53125,43.635689,3.849597
2026-02-28,08:48:33,2026-02-28T08:48:33+01:00,STATION,"FacdesSciences",0,24,24,0.0,43.631318,3.861299
2026-02-28,08:48:33,2026-02-28T08:48:33+01:00,STATION,"Fac de Lettres",1,11,12,0.08333333333333333,43.630437,3.869539
2026-02-28,08:48:33,2026-02-28T08:48:33+01:00,STATION,"Aiguelongue",2,5,8,0.375,43.626163,3.882492
2026-02-28,08:48:33,2026-02-28T08:48:33+01:00,STATION,"Jeu de Mail des Abbés",4,4,8,0.5,43.619701,3.883831
2026-02-28,08:48:33,2026-02-28T08:48:33+01:00,STATION,"Euromédecine",0,8,8,0.0,43.639119,3.828199
2026-02-28,08:48:33,2026-02-28T08:48:33+01:00,STATION,"Marie Caizergues",4,4,8,0.5,43.619871,3.873812
2026-02-28,08:48:33,2026-02-28T08:48:33+01:00,STATION,"Sabines",4,4,8,0.5,43.584211,3.860031
2026-02-28,08:48:33,2026-02-28T08:48:33+01:00,STATION,"Celleneuve",4,4,8,0.5,43.61467,3.832624
2026-02-28,08:48:33,2026-02-28T08:48:33+01:00,STATION,"Jardin de la Lironde",8,0,8,1.0,43.60585,3.911576
2026-02-28,08:48:33,2026-02-28T08:48:33+01:00,STATION,"Père Soulas",4,4,8,0.5,43.621983,3.855603
2026-02-28,08:48:33,2026-02-28T08:48:33+01:00,STATION,"Place Viala",7,1,8,0.875,43.616812,3.855075
2026-02-28,08:48:33,2026-02-28T08:48:33+01:00,STATION,"Hôtel du Département",2,6,8,0.25,43.621682,3.83477
2026-02-28,08:48:33,2026-02-28T08:48:33+01:00,STATION,"Tonnelles",8,0,8,1.0,43.615155,3.839466
2026-02-28,08:48:33,2026-02-28T08:48:33+01:00,STATION,"Parvis Jules Ferry - Gare Saint-Roch",2,6,8,0.25,43.603889,3.879362
2026-02-28,08:48:33,2026-02-28T08:48:33+01:00,STATION,"Pont de Lattes - Gare Saint-Roch",1,11,12,0.08333333333333333,43.606036,3.882393
2026-02-28,08:48:33,2026-02-28T08:48:33+01:00,STATION,"Deux Ponts - Gare Saint-Roch",0,8,8,0.0,43.604319,3.880916
2026-02-28,08:48:33,2026-02-28T08:48:33+01:00,STATION,"Providence - Ovalie",4,4,8,0.5,43.588239,3.853421
2026-02-28,08:48:33,2026-02-28T08:48:33+01:00,STATION,"Pérols Etang de l Or",42,26,68,0.6176470588235294,43.558351,3.963412
2026-02-28,08:48:33,2026-02-28T08:48:33+01:00,STATION,"Albert 1er - Cathédrale",6,6,12,0.5,43.614005,3.873218
2026-02-28,08:48:33,2026-02-28T08:48:33+01:00,STATION,"Saint-Guilhem - Courreau",3,5,8,0.375,43.608996,3.872752
2026-02-28,08:48:33,2026-02-28T08:48:33+01:00,STATION,"Sud De France",5,3,8,0.625,43.59562,3.9235
2026-02-28,08:48:33,2026-02-28T08:48:33+01:00,STATION,"Comedie Baudin",0,8,8,0.0,43.608717,3.880787
2026-02-28,08:48:33,2026-02-28T08:48:33+01:00,STATION,"Jean de Beins",6,10,16,0.375,43.609857,3.883884
2026-02-28,09:30:09,2026-02-28T09:30:09+01:00,STATION,"Rue Jules Ferry - Gare Saint-Roch",0,12,12,0.0,43.605366,3.881346
2026-02-28,09:30:09,2026-02-28T09:30:09+01:00,STATION,"Comédie",0,20,20,0.0,43.608148,3.878778
2026-02-28,09:30:09,2026-02-28T09:30:09+01:00,STATION,"Hôtel de Ville",10,5,16,0.6875,43.599088,3.894866
2026-02-28,09:30:09,2026-02-28T09:30:09+01:00,STATION,"Corum",10,2,12,0.8333333333333334,43.613989,3.8816
2026-02-28,09:30:09,2026-02-28T09:30:09+01:00,STATION,"Place Albert 1er - St Charles",11,16,27,0.4074074074074074,43.616768,3.873375
2026-02-28,09:30:09,2026-02-28T09:30:09+01:00,STATION,"Foch",1,7,8,0.125,43.610989,3.873345
2026-02-28,09:30:09,2026-02-28T09:30:09+01:00,STATION,"Halles Castellane",0,12,12,0.0,43.609935,3.877208
2026-02-28,09:30:09,2026-02-28T09:30:09+01:00,STATION,"Observatoire",2,5,8,0.375,43.606301,3.87724
2026-02-28,09:30:09,2026-02-28T09:30:09+01:00,STATION,"Rondelet",0,16,16,0.0,43.603038,3.875796
2026-02-28,09:30:09,2026-02-28T09:30:09+01:00,STATION,"Plan Cabanes",5,7,12,0.4166666666666667,43.608491,3.868389
2026-02-28,09:30:09,2026-02-28T09:30:09+01:00,STATION,"Boutonnet",9,3,12,0.75,43.622629,3.868375
2026-02-28,09:30:09,2026-02-28T09:30:09+01:00,STATION,"Emile Combes",4,4,8,0.5,43.616742,3.87998
2026-02-28,09:30:09,2026-02-28T09:30:09+01:00,STATION,"Beaux-Arts",2,14,16,0.125,43.616698,3.884981
2026-02-28,09:30:09,2026-02-28T09:30:09+01:00,STATION,"Les Aubes",4,4,8,0.5,43.618692,3.893844
2026-02-28,09:30:09,2026-02-28T09:30:09+01:00,STATION,"Antigone centre",10,2,12,0.8333333333333334,43.607942,3.890634
2026-02-28,09:30:09,2026-02-28T09:30:09+01:00,STATION,"Médiathèque Emile Zola",15,1,16,0.9375,43.608218,3.89314
2026-02-28,09:30:09,2026-02-28T09:30:09+01:00,STATION,"Nombre d Or",9,7,16,0.5625,43.607859,3.886644
2026-02-28,09:30:09,2026-02-28T09:30:09+01:00,STATION,"Louis Blanc",2,14,16,0.125,43.614642,3.877648
2026-02-28,09:30:09,2026-02-28T09:30:09+01:00,STATION,"Gambetta",2,6,8,0.25,43.607106,3.870693
2026-02-28,09:30:09,2026-02-28T09:30:09+01:00,STATION,"Port Marianne",3,13,16,0.1875,43.60032,3.89851
2026-02-28,09:30:09,2026-02-28T09:30:09+01:00,STATION,"Les Arceaux",4,4,8,0.5,43.612659,3.867734
2026-02-28,09:30:09,2026-02-28T09:30:09+01:00,STATION,"Cité Mion",1,6,8,0.25,43.601143,3.884373
2026-02-28,09:30:09,2026-02-28T09:30:09+01:00,STATION,"Nouveau Saint-Roch",3,5,8,0.375,43.599817,3.875757
2026-02-28,09:30:09,2026-02-28T09:30:09+01:00,STATION,"Renouvier",6,1,8,0.875,43.603553,3.867884
2026-02-28,09:30:09,2026-02-28T09:30:09+01:00,STATION,"Odysseum",0,8,8,0.0,43.603727,3.918979
2026-02-28,09:30:09,2026-02-28T09:30:09+01:00,STATION,"Saint-Denis",0,8,8,0.0,43.605021,3.875065
2026-02-28,09:30:09,2026-02-28T09:30:09+01:00,STATION,"Richter",7,9,16,0.4375,43.603424,3.899263
2026-02-28,09:30:09,2026-02-28T09:30:09+01:00,STATION,"Charles Flahault",1,7,8,0.125,43.622038,3.86672
2026-02-28,09:30:09,2026-02-28T09:30:09+01:00,STATION,"Voltaire",8,0,8,1.0,43.603767,3.888659
2026-02-28,09:30:09,2026-02-28T09:30:09+01:00,STATION,"Prés d Arènes",8,0,8,1.0,43.59048,3.884611
2026-02-28,09:30:09,2026-02-28T09:30:09+01:00,STATION,"Garcia Lorca",7,1,8,0.875,43.590757,3.890616
2026-02-28,09:30:09,2026-02-28T09:30:09+01:00,STATION,"Vert Bois",4,12,16,0.25,43.63543,3.871179
2026-02-28,09:30:09,2026-02-28T09:30:09+01:00,STATION,"Malbosc",1,7,8,0.125,43.633679,3.832861
2026-02-28,09:30:09,2026-02-28T09:30:09+01:00,STATION,"Occitanie",17,15,32,0.53125,43.635689,3.849597
2026-02-28,09:30:09,2026-02-28T09:30:09+01:00,STATION,"FacdesSciences",0,24,24,0.0,43.631318,3.861299
2026-02-28,09:30:09,2026-02-28T09:30:09+01:00,STATION,"Fac de Lettres",1,11,12,0.08333333333333333,43.630437,3.869539
2026-02-28,09:30:09,2026-02-28T09:30:09+01:00,STATION,"Aiguelongue",2,5,8,0.375,43.626163,3.882492
2026-02-28,09:30:09,2026-02-28T09:30:09+01:00,STATION,"Jeu de Mail des Abbés",4,4,8,0.5,43.619701,3.883831
2026-02-28,09:30:09,2026-02-28T09:30:09+01:00,STATION,"Euromédecine",0,8,8,0.0,43.639119,3.828199
2026-02-28,09:30:09,2026-02-28T09:30:09+01:00,STATION,"Marie Caizergues",4,4,8,0.5,43.619871,3.873812
2026-02-28,09:30:09,2026-02-28T09:30:09+01:00,STATION,"Sabines",4,4,8,0.5,43.584211,3.860031
2026-02-28,09:30:09,2026-02-28T09:30:09+01:00,STATION,"Celleneuve",4,4,8,0.5,43.61467,3.832624
2026-02-28,09:30:09,2026-02-28T09:30:09+01:00,STATION,"Jardin de la Lironde",8,0,8,1.0,43.60585,3.911576
2026-02-28,09:30:09,2026-02-28T09:30:09+01:00,STATION,"Père Soulas",4,4,8,0.5,43.621983,3.855603
2026-02-28,09:30:09,2026-02-28T09:30:09+01:00,STATION,"Place Viala",7,1,8,0.875,43.616812,3.855075
2026-02-28,09:30:09,2026-02-28T09:30:09+01:00,STATION,"Hôtel du Département",2,6,8,0.25,43.621682,3.83477
2026-02-28,09:30:09,2026-02-28T09:30:09+01:00,STATION,"Tonnelles",8,0,8,1.0,43.615155,3.839466
2026-02-28,09:30:09,2026-02-28T09:30:09+01:00,STATION,"Parvis Jules Ferry - Gare Saint-Roch",3,5,8,0.375,43.603889,3.879362
2026-02-28,09:30:09,2026-02-28T09:30:09+01:00,STATION,"Pont de Lattes - Gare Saint-Roch",1,11,12,0.08333333333333333,43.606036,3.882393
2026-02-28,09:30:09,2026-02-28T09:30:09+01:00,STATION,"Deux Ponts - Gare Saint-Roch",0,8,8,0.0,43.604319,3.880916
2026-02-28,09:30:09,2026-02-28T09:30:09+01:00,STATION,"Providence - Ovalie",4,4,8,0.5,43.588239,3.853421
2026-02-28,09:30:09,2026-02-28T09:30:09+01:00,STATION,"Pérols Etang de l Or",42,26,68,0.6176470588235294,43.558351,3.963412
2026-02-28,09:30:09,2026-02-28T09:30:09+01:00,STATION,"Albert 1er - Cathédrale",6,6,12,0.5,43.614005,3.873218
2026-02-28,09:30:09,2026-02-28T09:30:09+01:00,STATION,"Saint-Guilhem - Courreau",3,5,8,0.375,43.608996,3.872752
2026-02-28,09:30:09,2026-02-28T09:30:09+01:00,STATION,"Sud De France",5,3,8,0.625,43.59562,3.9235
2026-02-28,09:30:09,2026-02-28T09:30:09+01:00,STATION,"Comedie Baudin",0,8,8,0.0,43.608717,3.880787
2026-02-28,09:30:09,2026-02-28T09:30:09+01:00,STATION,"Jean de Beins",6,10,16,0.375,43.609857,3.883884
2026-02-28,09:55:18,2026-02-28T09:55:18+01:00,STATION,"Rue Jules Ferry - Gare Saint-Roch",0,12,12,0.0,43.605366,3.881346
2026-02-28,09:55:18,2026-02-28T09:55:18+01:00,STATION,"Comédie",0,20,20,0.0,43.608148,3.878778
2026-02-28,09:55:18,2026-02-28T09:55:18+01:00,STATION,"Hôtel de Ville",10,5,16,0.6875,43.599088,3.894866
2026-02-28,09:55:18,2026-02-28T09:55:18+01:00,STATION,"Corum",10,2,12,0.8333333333333334,43.613989,3.8816
2026-02-28,09:55:18,2026-02-28T09:55:18+01:00,STATION,"Place Albert 1er - St Charles",11,16,27,0.4074074074074074,43.616768,3.873375
2026-02-28,09:55:18,2026-02-28T09:55:18+01:00,STATION,"Foch",1,7,8,0.125,43.610989,3.873345
2026-02-28,09:55:18,2026-02-28T09:55:18+01:00,STATION,"Halles Castellane",0,12,12,0.0,43.609935,3.877208
2026-02-28,09:55:18,2026-02-28T09:55:18+01:00,STATION,"Observatoire",2,5,8,0.375,43.606301,3.87724
2026-02-28,09:55:18,2026-02-28T09:55:18+01:00,STATION,"Rondelet",0,16,16,0.0,43.603038,3.875796
2026-02-28,09:55:18,2026-02-28T09:55:18+01:00,STATION,"Plan Cabanes",5,7,12,0.4166666666666667,43.608491,3.868389
2026-02-28,09:55:18,2026-02-28T09:55:18+01:00,STATION,"Boutonnet",9,3,12,0.75,43.622629,3.868375
2026-02-28,09:55:18,2026-02-28T09:55:18+01:00,STATION,"Emile Combes",4,4,8,0.5,43.616742,3.87998
2026-02-28,09:55:18,2026-02-28T09:55:18+01:00,STATION,"Beaux-Arts",2,14,16,0.125,43.616698,3.884981
2026-02-28,09:55:18,2026-02-28T09:55:18+01:00,STATION,"Les Aubes",4,4,8,0.5,43.618692,3.893844
2026-02-28,09:55:18,2026-02-28T09:55:18+01:00,STATION,"Antigone centre",10,2,12,0.8333333333333334,43.607942,3.890634
2026-02-28,09:55:18,2026-02-28T09:55:18+01:00,STATION,"Médiathèque Emile Zola",8,8,16,0.5,43.608218,3.89314
2026-02-28,09:55:18,2026-02-28T09:55:18+01:00,STATION,"Nombre d Or",9,7,16,0.5625,43.607859,3.886644
2026-02-28,09:55:18,2026-02-28T09:55:18+01:00,STATION,"Louis Blanc",2,14,16,0.125,43.614642,3.877648
2026-02-28,09:55:18,2026-02-28T09:55:18+01:00,STATION,"Gambetta",2,6,8,0.25,43.607106,3.870693
2026-02-28,09:55:18,2026-02-28T09:55:18+01:00,STATION,"Port Marianne",3,13,16,0.1875,43.60032,3.89851
2026-02-28,09:55:18,2026-02-28T09:55:18+01:00,STATION,"Les Arceaux",4,4,8,0.5,43.612659,3.867734
2026-02-28,09:55:18,2026-02-28T09:55:18+01:00,STATION,"Cité Mion",1,6,8,0.25,43.601143,3.884373
2026-02-28,09:55:18,2026-02-28T09:55:18+01:00,STATION,"Nouveau Saint-Roch",3,5,8,0.375,43.599817,3.875757
2026-02-28,09:55:18,2026-02-28T09:55:18+01:00,STATION,"Renouvier",6,1,8,0.875,43.603553,3.867884
2026-02-28,09:55:18,2026-02-28T09:55:18+01:00,STATION,"Odysseum",0,8,8,0.0,43.603727,3.918979
2026-02-28,09:55:18,2026-02-28T09:55:18+01:00,STATION,"Saint-Denis",0,8,8,0.0,43.605021,3.875065
2026-02-28,09:55:18,2026-02-28T09:55:18+01:00,STATION,"Richter",7,9,16,0.4375,43.603424,3.899263
2026-02-28,09:55:18,2026-02-28T09:55:18+01:00,STATION,"Charles Flahault",1,7,8,0.125,43.622038,3.86672
2026-02-28,09:55:18,2026-02-28T09:55:18+01:00,STATION,"Voltaire",8,0,8,1.0,43.603767,3.888659
2026-02-28,09:55:18,2026-02-28T09:55:18+01:00,STATION,"Prés d Arènes",8,0,8,1.0,43.59048,3.884611
2026-02-28,09:55:18,2026-02-28T09:55:18+01:00,STATION,"Garcia Lorca",7,1,8,0.875,43.590757,3.890616
2026-02-28,09:55:18,2026-02-28T09:55:18+01:00,STATION,"Vert Bois",4,12,16,0.25,43.63543,3.871179
2026-02-28,09:55:18,2026-02-28T09:55:18+01:00,STATION,"Malbosc",1,7,8,0.125,43.633679,3.832861
2026-02-28,09:55:18,2026-02-28T09:55:18+01:00,STATION,"Occitanie",17,15,32,0.53125,43.635689,3.849597
2026-02-28,09:55:18,2026-02-28T09:55:18+01:00,STATION,"FacdesSciences",0,24,24,0.0,43.631318,3.861299
2026-02-28,09:55:18,2026-02-28T09:55:18+01:00,STATION,"Fac de Lettres",1,11,12,0.08333333333333333,43.630437,3.869539
2026-02-28,09:55:18,2026-02-28T09:55:18+01:00,STATION,"Aiguelongue",2,5,8,0.375,43.626163,3.882492
2026-02-28,09:55:18,2026-02-28T09:55:18+01:00,STATION,"Jeu de Mail des Abbés",4,4,8,0.5,43.619701,3.883831
2026-02-28,09:55:18,2026-02-28T09:55:18+01:00,STATION,"Euromédecine",0,8,8,0.0,43.639119,3.828199
2026-02-28,09:55:18,2026-02-28T09:55:18+01:00,STATION,"Marie Caizergues",4,4,8,0.5,43.619871,3.873812
2026-02-28,09:55:18,2026-02-28T09:55:18+01:00,STATION,"Sabines",4,4,8,0.5,43.584211,3.860031
2026-02-28,09:55:18,2026-02-28T09:55:18+01:00,STATION,"Celleneuve",4,4,8,0.5,43.61467,3.832624
2026-02-28,09:55:18,2026-02-28T09:55:18+01:00,STATION,"Jardin de la Lironde",8,0,8,1.0,43.60585,3.911576
2026-02-28,09:55:18,2026-02-28T09:55:18+01:00,STATION,"Père Soulas",4,4,8,0.5,43.621983,3.855603
2026-02-28,09:55:18,2026-02-28T09:55:18+01:00,STATION,"Place Viala",7,1,8,0.875,43.616812,3.855075
2026-02-28,09:55:18,2026-02-28T09:55:18+01:00,STATION,"Hôtel du Département",2,6,8,0.25,43.621682,3.83477
2026-02-28,09:55:18,2026-02-28T09:55:18+01:00,STATION,"Tonnelles",8,0,8,1.0,43.615155,3.839466
2026-02-28,09:55:18,2026-02-28T09:55:18+01:00,STATION,"Parvis Jules Ferry - Gare Saint-Roch",3,5,8,0.375,43.603889,3.879362
2026-02-28,09:55:18,2026-02-28T09:55:18+01:00,STATION,"Pont de Lattes - Gare Saint-Roch",2,10,12,0.16666666666666666,43.606036,3.882393
2026-02-28,09:55:18,2026-02-28T09:55:18+01:00,STATION,"Deux Ponts - Gare Saint-Roch",0,8,8,0.0,43.604319,3.880916
2026-02-28,09:55:18,2026-02-28T09:55:18+01:00,STATION,"Providence - Ovalie",4,4,8,0.5,43.588239,3.853421
2026-02-28,09:55:18,2026-02-28T09:55:18+01:00,STATION,"Pérols Etang de l Or",42,26,68,0.6176470588235294,43.558351,3.963412
2026-02-28,09:55:18,2026-02-28T09:55:18+01:00,STATION,"Albert 1er - Cathédrale",6,6,12,0.5,43.614005,3.873218
2026-02-28,09:55:18,2026-02-28T09:55:18+01:00,STATION,"Saint-Guilhem - Courreau",3,5,8,0.375,43.608996,3.872752
2026-02-28,09:55:18,2026-02-28T09:55:18+01:00,STATION,"Sud De France",5,3,8,0.625,43.59562,3.9235
2026-02-28,09:55:18,2026-02-28T09:55:18+01:00,STATION,"Comedie Baudin",0,8,8,0.0,43.608717,3.880787
2026-02-28,09:55:18,2026-02-28T09:55:18+01:00,STATION,"Jean de Beins",6,10,16,0.375,43.609857,3.883884
2026-02-28,10:27:19,2026-02-28T10:27:19+01:00,STATION,"Rue Jules Ferry - Gare Saint-Roch",0,12,12,0.0,43.605366,3.881346
2026-02-28,10:27:19,2026-02-28T10:27:19+01:00,STATION,"Comédie",0,20,20,0.0,43.608148,3.878778
2026-02-28,10:27:19,2026-02-28T10:27:19+01:00,STATION,"Hôtel de Ville",10,5,16,0.6875,43.599088,3.894866
2026-02-28,10:27:19,2026-02-28T10:27:19+01:00,STATION,"Corum",10,2,12,0.8333333333333334,43.613989,3.8816
2026-02-28,10:27:19,2026-02-28T10:27:19+01:00,STATION,"Place Albert 1er - St Charles",11,16,27,0.4074074074074074,43.616768,3.873375
2026-02-28,10:27:19,2026-02-28T10:27:19+01:00,STATION,"Foch",1,7,8,0.125,43.610989,3.873345
2026-02-28,10:27:19,2026-02-28T10:27:19+01:00,STATION,"Halles Castellane",0,12,12,0.0,43.609935,3.877208
2026-02-28,10:27:19,2026-02-28T10:27:19+01:00,STATION,"Observatoire",2,5,8,0.375,43.606301,3.87724
2026-02-28,10:27:19,2026-02-28T10:27:19+01:00,STATION,"Rondelet",0,16,16,0.0,43.603038,3.875796
2026-02-28,10:27:19,2026-02-28T10:27:19+01:00,STATION,"Plan Cabanes",5,7,12,0.4166666666666667,43.608491,3.868389
2026-02-28,10:27:19,2026-02-28T10:27:19+01:00,STATION,"Boutonnet",9,3,12,0.75,43.622629,3.868375
2026-02-28,10:27:19,2026-02-28T10:27:19+01:00,STATION,"Emile Combes",4,4,8,0.5,43.616742,3.87998
2026-02-28,10:27:19,2026-02-28T10:27:19+01:00,STATION,"Beaux-Arts",2,14,16,0.125,43.616698,3.884981
2026-02-28,10:27:19,2026-02-28T10:27:19+01:00,STATION,"Les Aubes",4,4,8,0.5,43.618692,3.893844
2026-02-28,10:27:19,2026-02-28T10:27:19+01:00,STATION,"Antigone centre",10,2,12,0.8333333333333334,43.607942,3.890634
2026-02-28,10:27:19,2026-02-28T10:27:19+01:00,STATION,"Médiathèque Emile Zola",8,8,16,0.5,43.608218,3.89314
2026-02-28,10:27:19,2026-02-28T10:27:19+01:00,STATION,"Nombre d Or",9,7,16,0.5625,43.607859,3.886644
2026-02-28,10:27:19,2026-02-28T10:27:19+01:00,STATION,"Louis Blanc",2,14,16,0.125,43.614642,3.877648
2026-02-28,10:27:19,2026-02-28T10:27:19+01:00,STATION,"Gambetta",2,6,8,0.25,43.607106,3.870693
2026-02-28,10:27:19,2026-02-28T10:27:19+01:00,STATION,"Port Marianne",3,13,16,0.1875,43.60032,3.89851
2026-02-28,10:27:19,2026-02-28T10:27:19+01:00,STATION,"Les Arceaux",4,4,8,0.5,43.612659,3.867734
2026-02-28,10:27:19,2026-02-28T10:27:19+01:00,STATION,"Cité Mion",1,6,8,0.25,43.601143,3.884373
2026-02-28,10:27:19,2026-02-28T10:27:19+01:00,STATION,"Nouveau Saint-Roch",3,5,8,0.375,43.599817,3.875757
2026-02-28,10:27:19,2026-02-28T10:27:19+01:00,STATION,"Renouvier",6,1,8,0.875,43.603553,3.867884
2026-02-28,10:27:19,2026-02-28T10:27:19+01:00,STATION,"Odysseum",0,8,8,0.0,43.603727,3.918979
2026-02-28,10:27:19,2026-02-28T10:27:19+01:00,STATION,"Saint-Denis",0,8,8,0.0,43.605021,3.875065
2026-02-28,10:27:19,2026-02-28T10:27:19+01:00,STATION,"Richter",7,9,16,0.4375,43.603424,3.899263
2026-02-28,10:27:19,2026-02-28T10:27:19+01:00,STATION,"Charles Flahault",1,7,8,0.125,43.622038,3.86672
2026-02-28,10:27:19,2026-02-28T10:27:19+01:00,STATION,"Voltaire",8,0,8,1.0,43.603767,3.888659
2026-02-28,10:27:19,2026-02-28T10:27:19+01:00,STATION,"Prés d Arènes",3,5,8,0.375,43.59048,3.884611
2026-02-28,10:27:19,2026-02-28T10:27:19+01:00,STATION,"Garcia Lorca",7,1,8,0.875,43.590757,3.890616
2026-02-28,10:27:19,2026-02-28T10:27:19+01:00,STATION,"Vert Bois",4,12,16,0.25,43.63543,3.871179
2026-02-28,10:27:19,2026-02-28T10:27:19+01:00,STATION,"Malbosc",1,7,8,0.125,43.633679,3.832861
2026-02-28,10:27:19,2026-02-28T10:27:19+01:00,STATION,"Occitanie",17,15,32,0.53125,43.635689,3.849597
2026-02-28,10:27:19,2026-02-28T10:27:19+01:00,STATION,"FacdesSciences",0,24,24,0.0,43.631318,3.861299
2026-02-28,10:27:19,2026-02-28T10:27:19+01:00,STATION,"Fac de Lettres",1,11,12,0.08333333333333333,43.630437,3.869539
2026-02-28,10:27:19,2026-02-28T10:27:19+01:00,STATION,"Aiguelongue",2,5,8,0.375,43.626163,3.882492
2026-02-28,10:27:19,2026-02-28T10:27:19+01:00,STATION,"Jeu de Mail des Abbés",4,4,8,0.5,43.619701,3.883831
2026-02-28,10:27:19,2026-02-28T10:27:19+01:00,STATION,"Euromédecine",0,8,8,0.0,43.639119,3.828199
2026-02-28,10:27:19,2026-02-28T10:27:19+01:00,STATION,"Marie Caizergues",4,4,8,0.5,43.619871,3.873812
2026-02-28,10:27:19,2026-02-28T10:27:19+01:00,STATION,"Sabines",4,4,8,0.5,43.584211,3.860031
2026-02-28,10:27:19,2026-02-28T10:27:19+01:00,STATION,"Celleneuve",4,4,8,0.5,43.61467,3.832624
2026-02-28,10:27:19,2026-02-28T10:27:19+01:00,STATION,"Jardin de la Lironde",8,0,8,1.0,43.60585,3.911576
2026-02-28,10:27:19,2026-02-28T10:27:19+01:00,STATION,"Père Soulas",3,5,8,0.375,43.621983,3.855603
2026-02-28,10:27:19,2026-02-28T10:27:19+01:00,STATION,"Place Viala",7,1,8,0.875,43.616812,3.855075
2026-02-28,10:27:19,2026-02-28T10:27:19+01:00,STATION,"Hôtel du Département",2,6,8,0.25,43.621682,3.83477
2026-02-28,10:27:19,2026-02-28T10:27:19+01:00,STATION,"Tonnelles",8,0,8,1.0,43.615155,3.839466
2026-02-28,10:27:19,2026-02-28T10:27:19+01:00,STATION,"Parvis Jules Ferry - Gare Saint-Roch",8,0,8,1.0,43.603889,3.879362
2026-02-28,10:27:19,2026-02-28T10:27:19+01:00,STATION,"Pont de Lattes - Gare Saint-Roch",2,10,12,0.16666666666666666,43.606036,3.882393
2026-02-28,10:27:19,2026-02-28T10:27:19+01:00,STATION,"Deux Ponts - Gare Saint-Roch",0,8,8,0.0,43.604319,3.880916
2026-02-28,10:27:19,2026-02-28T10:27:19+01:00,STATION,"Providence - Ovalie",4,4,8,0.5,43.588239,3.853421
2026-02-28,10:27:19,2026-02-28T10:27:19+01:00,STATION,"Pérols Etang de l Or",42,26,68,0.6176470588235294,43.558351,3.963412
2026-02-28,10:27:19,2026-02-28T10:27:19+01:00,STATION,"Albert 1er - Cathédrale",6,6,12,0.5,43.614005,3.873218
2026-02-28,10:27:19,2026-02-28T10:27:19+01:00,STATION,"Saint-Guilhem - Courreau",3,5,8,0.375,43.608996,3.872752
2026-02-28,10:27:19,2026-02-28T10:27:19+01:00,STATION,"Sud De France",5,3,8,0.625,43.59562,3.9235
2026-02-28,10:27:19,2026-02-28T10:27:19+01:00,STATION,"Comedie Baudin",0,8,8,0.0,43.608717,3.880787
2026-02-28,10:27:19,2026-02-28T10:27:19+01:00,STATION,"Jean de Beins",6,10,16,0.375,43.609857,3.883884
2026-02-28,10:48:52,2026-02-28T10:48:52+01:00,STATION,"Rue Jules Ferry - Gare Saint-Roch",6,6,12,0.5,43.605366,3.881346
2026-02-28,10:48:52,2026-02-28T10:48:52+01:00,STATION,"Comédie",0,20,20,0.0,43.608148,3.878778
2026-02-28,10:48:52,2026-02-28T10:48:52+01:00,STATION,"Hôtel de Ville",10,5,16,0.6875,43.599088,3.894866
2026-02-28,10:48:52,2026-02-28T10:48:52+01:00,STATION,"Corum",10,2,12,0.8333333333333334,43.613989,3.8816
2026-02-28,10:48:52,2026-02-28T10:48:52+01:00,STATION,"Place Albert 1er - St Charles",11,16,27,0.4074074074074074,43.616768,3.873375
2026-02-28,10:48:52,2026-02-28T10:48:52+01:00,STATION,"Foch",1,7,8,0.125,43.610989,3.873345
2026-02-28,10:48:52,2026-02-28T10:48:52+01:00,STATION,"Halles Castellane",0,12,12,0.0,43.609935,3.877208
2026-02-28,10:48:52,2026-02-28T10:48:52+01:00,STATION,"Observatoire",2,5,8,0.375,43.606301,3.87724
2026-02-28,10:48:52,2026-02-28T10:48:52+01:00,STATION,"Rondelet",0,16,16,0.0,43.603038,3.875796
2026-02-28,10:48:52,2026-02-28T10:48:52+01:00,STATION,"Plan Cabanes",5,7,12,0.4166666666666667,43.608491,3.868389
2026-02-28,10:48:52,2026-02-28T10:48:52+01:00,STATION,"Boutonnet",9,3,12,0.75,43.622629,3.868375
2026-02-28,10:48:52,2026-02-28T10:48:52+01:00,STATION,"Emile Combes",4,4,8,0.5,43.616742,3.87998
2026-02-28,10:48:52,2026-02-28T10:48:52+01:00,STATION,"Beaux-Arts",2,14,16,0.125,43.616698,3.884981
2026-02-28,10:48:52,2026-02-28T10:48:52+01:00,STATION,"Les Aubes",4,4,8,0.5,43.618692,3.893844
2026-02-28,10:48:52,2026-02-28T10:48:52+01:00,STATION,"Antigone centre",10,2,12,0.8333333333333334,43.607942,3.890634
2026-02-28,10:48:52,2026-02-28T10:48:52+01:00,STATION,"Médiathèque Emile Zola",8,8,16,0.5,43.608218,3.89314
2026-02-28,10:48:52,2026-02-28T10:48:52+01:00,STATION,"Nombre d Or",9,7,16,0.5625,43.607859,3.886644
2026-02-28,10:48:52,2026-02-28T10:48:52+01:00,STATION,"Louis Blanc",2,14,16,0.125,43.614642,3.877648
2026-02-28,10:48:52,2026-02-28T10:48:52+01:00,STATION,"Gambetta",2,6,8,0.25,43.607106,3.870693
2026-02-28,10:48:52,2026-02-28T10:48:52+01:00,STATION,"Port Marianne",3,13,16,0.1875,43.60032,3.89851
2026-02-28,10:48:52,2026-02-28T10:48:52+01:00,STATION,"Les Arceaux",4,4,8,0.5,43.612659,3.867734
2026-02-28,10:48:52,2026-02-28T10:48:52+01:00,STATION,"Cité Mion",1,6,8,0.25,43.601143,3.884373
2026-02-28,10:48:52,2026-02-28T10:48:52+01:00,STATION,"Nouveau Saint-Roch",3,5,8,0.375,43.599817,3.875757
2026-02-28,10:48:52,2026-02-28T10:48:52+01:00,STATION,"Renouvier",5,2,8,0.75,43.603553,3.867884
2026-02-28,10:48:52,2026-02-28T10:48:52+01:00,STATION,"Odysseum",0,8,8,0.0,43.603727,3.918979
2026-02-28,10:48:52,2026-02-28T10:48:52+01:00,STATION,"Saint-Denis",0,8,8,0.0,43.605021,3.875065
2026-02-28,10:48:52,2026-02-28T10:48:52+01:00,STATION,"Richter",8,8,16,0.5,43.603424,3.899263
2026-02-28,10:48:52,2026-02-28T10:48:52+01:00,STATION,"Charles Flahault",1,7,8,0.125,43.622038,3.86672
2026-02-28,10:48:52,2026-02-28T10:48:52+01:00,STATION,"Voltaire",8,0,8,1.0,43.603767,3.888659
2026-02-28,10:48:52,2026-02-28T10:48:52+01:00,STATION,"Prés d Arènes",3,5,8,0.375,43.59048,3.884611
2026-02-28,10:48:52,2026-02-28T10:48:52+01:00,STATION,"Garcia Lorca",7,1,8,0.875,43.590757,3.890616
2026-02-28,10:48:52,2026-02-28T10:48:52+01:00,STATION,"Vert Bois",4,12,16,0.25,43.63543,3.871179
2026-02-28,10:48:52,2026-02-28T10:48:52+01:00,STATION,"Malbosc",1,7,8,0.125,43.633679,3.832861
2026-02-28,10:48:52,2026-02-28T10:48:52+01:00,STATION,"Occitanie",17,15,32,0.53125,43.635689,3.849597
2026-02-28,10:48:52,2026-02-28T10:48:52+01:00,STATION,"FacdesSciences",0,24,24,0.0,43.631318,3.861299
2026-02-28,10:48:52,2026-02-28T10:48:52+01:00,STATION,"Fac de Lettres",1,11,12,0.08333333333333333,43.630437,3.869539
2026-02-28,10:48:52,2026-02-28T10:48:52+01:00,STATION,"Aiguelongue",2,5,8,0.375,43.626163,3.882492
2026-02-28,10:48:52,2026-02-28T10:48:52+01:00,STATION,"Jeu de Mail des Abbés",4,4,8,0.5,43.619701,3.883831
2026-02-28,10:48:52,2026-02-28T10:48:52+01:00,STATION,"Euromédecine",0,8,8,0.0,43.639119,3.828199
2026-02-28,10:48:52,2026-02-28T10:48:52+01:00,STATION,"Marie Caizergues",4,4,8,0.5,43.619871,3.873812
2026-02-28,10:48:52,2026-02-28T10:48:52+01:00,STATION,"Sabines",4,4,8,0.5,43.584211,3.860031
2026-02-28,10:48:52,2026-02-28T10:48:52+01:00,STATION,"Celleneuve",4,4,8,0.5,43.61467,3.832624
2026-02-28,10:48:52,2026-02-28T10:48:52+01:00,STATION,"Jardin de la Lironde",8,0,8,1.0,43.60585,3.911576
2026-02-28,10:48:52,2026-02-28T10:48:52+01:00,STATION,"Père Soulas",3,5,8,0.375,43.621983,3.855603
2026-02-28,10:48:52,2026-02-28T10:48:52+01:00,STATION,"Place Viala",4,4,8,0.5,43.616812,3.855075
2026-02-28,10:48:52,2026-02-28T10:48:52+01:00,STATION,"Hôtel du Département",2,6,8,0.25,43.621682,3.83477
2026-02-28,10:48:52,2026-02-28T10:48:52+01:00,STATION,"Tonnelles",8,0,8,1.0,43.615155,3.839466
2026-02-28,10:48:52,2026-02-28T10:48:52+01:00,STATION,"Parvis Jules Ferry - Gare Saint-Roch",8,0,8,1.0,43.603889,3.879362
2026-02-28,10:48:52,2026-02-28T10:48:52+01:00,STATION,"Pont de Lattes - Gare Saint-Roch",2,10,12,0.16666666666666666,43.606036,3.882393
2026-02-28,10:48:52,2026-02-28T10:48:52+01:00,STATION,"Deux Ponts - Gare Saint-Roch",0,8,8,0.0,43.604319,3.880916
2026-02-28,10:48:52,2026-02-28T10:48:52+01:00,STATION,"Providence - Ovalie",4,4,8,0.5,43.588239,3.853421
2026-02-28,10:48:52,2026-02-28T10:48:52+01:00,STATION,"Pérols Etang de l Or",42,26,68,0.6176470588235294,43.558351,3.963412
2026-02-28,10:48:52,2026-02-28T10:48:52+01:00,STATION,"Albert 1er - Cathédrale",6,6,12,0.5,43.614005,3.873218
2026-02-28,10:48:52,2026-02-28T10:48:52+01:00,STATION,"Saint-Guilhem - Courreau",3,5,8,0.375,43.608996,3.872752
2026-02-28,10:48:52,2026-02-28T10:48:52+01:00,STATION,"Sud De France",5,3,8,0.625,43.59562,3.9235
2026-02-28,10:48:52,2026-02-28T10:48:52+01:00,STATION,"Comedie Baudin",0,8,8,0.0,43.608717,3.880787
2026-02-28,10:48:52,2026-02-28T10:48:52+01:00,STATION,"Jean de Beins",6,10,16,0.375,43.609857,3.883884
2026-02-28,11:24:27,2026-02-28T11:24:27+01:00,STATION,"Rue Jules Ferry - Gare Saint-Roch",4,8,12,0.3333333333333333,43.605366,3.881346
2026-02-28,11:24:27,2026-02-28T11:24:27+01:00,STATION,"Comédie",0,20,20,0.0,43.608148,3.878778
2026-02-28,11:24:27,2026-02-28T11:24:27+01:00,STATION,"Hôtel de Ville",10,5,16,0.6875,43.599088,3.894866
2026-02-28,11:24:27,2026-02-28T11:24:27+01:00,STATION,"Corum",9,3,12,0.75,43.613989,3.8816
2026-02-28,11:24:27,2026-02-28T11:24:27+01:00,STATION,"Place Albert 1er - St Charles",12,15,27,0.4444444444444444,43.616768,3.873375
2026-02-28,11:24:27,2026-02-28T11:24:27+01:00,STATION,"Foch",1,7,8,0.125,43.610989,3.873345
2026-02-28,11:24:27,2026-02-28T11:24:27+01:00,STATION,"Halles Castellane",0,12,12,0.0,43.609935,3.877208
2026-02-28,11:24:27,2026-02-28T11:24:27+01:00,STATION,"Observatoire",3,4,8,0.5,43.606301,3.87724
2026-02-28,11:24:27,2026-02-28T11:24:27+01:00,STATION,"Rondelet",0,16,16,0.0,43.603038,3.875796
2026-02-28,11:24:27,2026-02-28T11:24:27+01:00,STATION,"Plan Cabanes",5,7,12,0.4166666666666667,43.608491,3.868389
2026-02-28,11:24:27,2026-02-28T11:24:27+01:00,STATION,"Boutonnet",8,4,12,0.6666666666666666,43.622629,3.868375
2026-02-28,11:24:27,2026-02-28T11:24:27+01:00,STATION,"Emile Combes",4,4,8,0.5,43.616742,3.87998
2026-02-28,11:24:27,2026-02-28T11:24:27+01:00,STATION,"Beaux-Arts",2,14,16,0.125,43.616698,3.884981
2026-02-28,11:24:27,2026-02-28T11:24:27+01:00,STATION,"Les Aubes",4,4,8,0.5,43.618692,3.893844
2026-02-28,11:24:27,2026-02-28T11:24:27+01:00,STATION,"Antigone centre",9,3,12,0.75,43.607942,3.890634
2026-02-28,11:24:27,2026-02-28T11:24:27+01:00,STATION,"Médiathèque Emile Zola",8,8,16,0.5,43.608218,3.89314
2026-02-28,11:24:27,2026-02-28T11:24:27+01:00,STATION,"Nombre d Or",9,7,16,0.5625,43.607859,3.886644
2026-02-28,11:24:27,2026-02-28T11:24:27+01:00,STATION,"Louis Blanc",2,14,16,0.125,43.614642,3.877648
2026-02-28,11:24:27,2026-02-28T11:24:27+01:00,STATION,"Gambetta",2,6,8,0.25,43.607106,3.870693
2026-02-28,11:24:27,2026-02-28T11:24:27+01:00,STATION,"Port Marianne",4,12,16,0.25,43.60032,3.89851
2026-02-28,11:24:27,2026-02-28T11:24:27+01:00,STATION,"Les Arceaux",4,4,8,0.5,43.612659,3.867734
2026-02-28,11:24:27,2026-02-28T11:24:27+01:00,STATION,"Cité Mion",1,6,8,0.25,43.601143,3.884373
2026-02-28,11:24:27,2026-02-28T11:24:27+01:00,STATION,"Nouveau Saint-Roch",3,5,8,0.375,43.599817,3.875757
2026-02-28,11:24:27,2026-02-28T11:24:27+01:00,STATION,"Renouvier",4,3,8,0.625,43.603553,3.867884
2026-02-28,11:24:27,2026-02-28T11:24:27+01:00,STATION,"Odysseum",0,8,8,0.0,43.603727,3.918979
2026-02-28,11:24:27,2026-02-28T11:24:27+01:00,STATION,"Saint-Denis",0,8,8,0.0,43.605021,3.875065
2026-02-28,11:24:27,2026-02-28T11:24:27+01:00,STATION,"Richter",8,8,16,0.5,43.603424,3.899263
2026-02-28,11:24:27,2026-02-28T11:24:27+01:00,STATION,"Charles Flahault",0,8,8,0.0,43.622038,3.86672
2026-02-28,11:24:27,2026-02-28T11:24:27+01:00,STATION,"Voltaire",8,0,8,1.0,43.603767,3.888659
2026-02-28,11:24:27,2026-02-28T11:24:27+01:00,STATION,"Prés d Arènes",3,5,8,0.375,43.59048,3.884611
2026-02-28,11:24:27,2026-02-28T11:24:27+01:00,STATION,"Garcia Lorca",7,1,8,0.875,43.590757,3.890616
2026-02-28,11:24:27,2026-02-28T11:24:27+01:00,STATION,"Vert Bois",4,12,16,0.25,43.63543,3.871179
2026-02-28,11:24:27,2026-02-28T11:24:27+01:00,STATION,"Malbosc",1,7,8,0.125,43.633679,3.832861
2026-02-28,11:24:27,2026-02-28T11:24:27+01:00,STATION,"Occitanie",17,15,32,0.53125,43.635689,3.849597
2026-02-28,11:24:27,2026-02-28T11:24:27+01:00,STATION,"FacdesSciences",0,24,24,0.0,43.631318,3.861299
2026-02-28,11:24:27,2026-02-28T11:24:27+01:00,STATION,"Fac de Lettres",1,11,12,0.08333333333333333,43.630437,3.869539
2026-02-28,11:24:27,2026-02-28T11:24:27+01:00,STATION,"Aiguelongue",2,5,8,0.375,43.626163,3.882492
2026-02-28,11:24:27,2026-02-28T11:24:27+01:00,STATION,"Jeu de Mail des Abbés",4,4,8,0.5,43.619701,3.883831
2026-02-28,11:24:27,2026-02-28T11:24:27+01:00,STATION,"Euromédecine",0,8,8,0.0,43.639119,3.828199
2026-02-28,11:24:27,2026-02-28T11:24:27+01:00,STATION,"Marie Caizergues",4,4,8,0.5,43.619871,3.873812
2026-02-28,11:24:27,2026-02-28T11:24:27+01:00,STATION,"Sabines",4,4,8,0.5,43.584211,3.860031
2026-02-28,11:24:27,2026-02-28T11:24:27+01:00,STATION,"Celleneuve",4,4,8,0.5,43.61467,3.832624
2026-02-28,11:24:27,2026-02-28T11:24:27+01:00,STATION,"Jardin de la Lironde",8,0,8,1.0,43.60585,3.911576
2026-02-28,11:24:27,2026-02-28T11:24:27+01:00,STATION,"Père Soulas",3,5,8,0.375,43.621983,3.855603
2026-02-28,11:24:27,2026-02-28T11:24:27+01:00,STATION,"Place Viala",4,4,8,0.5,43.616812,3.855075
2026-02-28,11:24:27,2026-02-28T11:24:27+01:00,STATION,"Hôtel du Département",2,6,8,0.25,43.621682,3.83477
2026-02-28,11:24:27,2026-02-28T11:24:27+01:00,STATION,"Tonnelles",8,0,8,1.0,43.615155,3.839466
2026-02-28,11:24:27,2026-02-28T11:24:27+01:00,STATION,"Parvis Jules Ferry - Gare Saint-Roch",8,0,8,1.0,43.603889,3.879362
2026-02-28,11:24:27,2026-02-28T11:24:27+01:00,STATION,"Pont de Lattes - Gare Saint-Roch",1,11,12,0.08333333333333333,43.606036,3.882393
2026-02-28,11:24:27,2026-02-28T11:24:27+01:00,STATION,"Deux Ponts - Gare Saint-Roch",0,8,8,0.0,43.604319,3.880916
2026-02-28,11:24:27,2026-02-28T11:24:27+01:00,STATION,"Providence - Ovalie",3,5,8,0.375,43.588239,3.853421
2026-02-28,11:24:27,2026-02-28T11:24:27+01:00,STATION,"Pérols Etang de l Or",42,26,68,0.6176470588235294,43.558351,3.963412
2026-02-28,11:24:27,2026-02-28T11:24:27+01:00,STATION,"Albert 1er - Cathédrale",6,6,12,0.5,43.614005,3.873218
2026-02-28,11:24:27,2026-02-28T11:24:27+01:00,STATION,"Saint-Guilhem - Courreau",5,3,8,0.625,43.608996,3.872752
2026-02-28,11:24:27,2026-02-28T11:24:27+01:00,STATION,"Sud De France",5,3,8,0.625,43.59562,3.9235
2026-02-28,11:24:27,2026-02-28T11:24:27+01:00,STATION,"Comedie Baudin",0,8,8,0.0,43.608717,3.880787
2026-02-28,11:24:27,2026-02-28T11:24:27+01:00,STATION,"Jean de Beins",6,10,16,0.375,43.609857,3.883884
2026-02-28,11:48:49,2026-02-28T11:48:49+01:00,STATION,"Rue Jules Ferry - Gare Saint-Roch",4,8,12,0.3333333333333333,43.605366,3.881346
2026-02-28,11:48:49,2026-02-28T11:48:49+01:00,STATION,"Comédie",0,20,20,0.0,43.608148,3.878778
2026-02-28,11:48:49,2026-02-28T11:48:49+01:00,STATION,"Hôtel de Ville",10,5,16,0.6875,43.599088,3.894866
2026-02-28,11:48:49,2026-02-28T11:48:49+01:00,STATION,"Corum",10,2,12,0.8333333333333334,43.613989,3.8816
2026-02-28,11:48:49,2026-02-28T11:48:49+01:00,STATION,"Place Albert 1er - St Charles",12,15,27,0.4444444444444444,43.616768,3.873375
2026-02-28,11:48:49,2026-02-28T11:48:49+01:00,STATION,"Foch",1,7,8,0.125,43.610989,3.873345
2026-02-28,11:48:49,2026-02-28T11:48:49+01:00,STATION,"Halles Castellane",0,12,12,0.0,43.609935,3.877208
2026-02-28,11:48:49,2026-02-28T11:48:49+01:00,STATION,"Observatoire",3,4,8,0.5,43.606301,3.87724
2026-02-28,11:48:49,2026-02-28T11:48:49+01:00,STATION,"Rondelet",0,16,16,0.0,43.603038,3.875796
2026-02-28,11:48:49,2026-02-28T11:48:49+01:00,STATION,"Plan Cabanes",5,7,12,0.4166666666666667,43.608491,3.868389
2026-02-28,11:48:49,2026-02-28T11:48:49+01:00,STATION,"Boutonnet",8,4,12,0.6666666666666666,43.622629,3.868375
2026-02-28,11:48:49,2026-02-28T11:48:49+01:00,STATION,"Emile Combes",4,4,8,0.5,43.616742,3.87998
2026-02-28,11:48:49,2026-02-28T11:48:49+01:00,STATION,"Beaux-Arts",2,14,16,0.125,43.616698,3.884981
2026-02-28,11:48:49,2026-02-28T11:48:49+01:00,STATION,"Les Aubes",4,4,8,0.5,43.618692,3.893844
2026-02-28,11:48:49,2026-02-28T11:48:49+01:00,STATION,"Antigone centre",9,3,12,0.75,43.607942,3.890634
2026-02-28,11:48:49,2026-02-28T11:48:49+01:00,STATION,"Médiathèque Emile Zola",8,8,16,0.5,43.608218,3.89314
2026-02-28,11:48:49,2026-02-28T11:48:49+01:00,STATION,"Nombre d Or",9,7,16,0.5625,43.607859,3.886644
2026-02-28,11:48:49,2026-02-28T11:48:49+01:00,STATION,"Louis Blanc",2,14,16,0.125,43.614642,3.877648
2026-02-28,11:48:49,2026-02-28T11:48:49+01:00,STATION,"Gambetta",2,6,8,0.25,43.607106,3.870693
2026-02-28,11:48:49,2026-02-28T11:48:49+01:00,STATION,"Port Marianne",4,12,16,0.25,43.60032,3.89851
2026-02-28,11:48:49,2026-02-28T11:48:49+01:00,STATION,"Les Arceaux",3,5,8,0.375,43.612659,3.867734
2026-02-28,11:48:49,2026-02-28T11:48:49+01:00,STATION,"Cité Mion",1,6,8,0.25,43.601143,3.884373
2026-02-28,11:48:49,2026-02-28T11:48:49+01:00,STATION,"Nouveau Saint-Roch",3,5,8,0.375,43.599817,3.875757
2026-02-28,11:48:49,2026-02-28T11:48:49+01:00,STATION,"Renouvier",4,3,8,0.625,43.603553,3.867884
2026-02-28,11:48:49,2026-02-28T11:48:49+01:00,STATION,"Odysseum",0,8,8,0.0,43.603727,3.918979
2026-02-28,11:48:49,2026-02-28T11:48:49+01:00,STATION,"Saint-Denis",0,8,8,0.0,43.605021,3.875065
2026-02-28,11:48:49,2026-02-28T11:48:49+01:00,STATION,"Richter",10,6,16,0.625,43.603424,3.899263
2026-02-28,11:48:49,2026-02-28T11:48:49+01:00,STATION,"Charles Flahault",0,8,8,0.0,43.622038,3.86672
2026-02-28,11:48:49,2026-02-28T11:48:49+01:00,STATION,"Voltaire",8,0,8,1.0,43.603767,3.888659
2026-02-28,11:48:49,2026-02-28T11:48:49+01:00,STATION,"Prés d Arènes",3,5,8,0.375,43.59048,3.884611
2026-02-28,11:48:49,2026-02-28T11:48:49+01:00,STATION,"Garcia Lorca",7,1,8,0.875,43.590757,3.890616
2026-02-28,11:48:49,2026-02-28T11:48:49+01:00,STATION,"Vert Bois",4,12,16,0.25,43.63543,3.871179
2026-02-28,11:48:49,2026-02-28T11:48:49+01:00,STATION,"Malbosc",1,7,8,0.125,43.633679,3.832861
2026-02-28,11:48:49,2026-02-28T11:48:49+01:00,STATION,"Occitanie",17,15,32,0.53125,43.635689,3.849597
2026-02-28,11:48:49,2026-02-28T11:48:49+01:00,STATION,"FacdesSciences",0,24,24,0.0,43.631318,3.861299
2026-02-28,11:48:49,2026-02-28T11:48:49+01:00,STATION,"Fac de Lettres",1,11,12,0.08333333333333333,43.630437,3.869539
2026-02-28,11:48:49,2026-02-28T11:48:49+01:00,STATION,"Aiguelongue",2,5,8,0.375,43.626163,3.882492
2026-02-28,11:48:49,2026-02-28T11:48:49+01:00,STATION,"Jeu de Mail des Abbés",4,4,8,0.5,43.619701,3.883831
2026-02-28,11:48:49,2026-02-28T11:48:49+01:00,STATION,"Euromédecine",0,8,8,0.0,43.639119,3.828199
2026-02-28,11:48:49,2026-02-28T11:48:49+01:00,STATION,"Marie Caizergues",4,4,8,0.5,43.619871,3.873812
2026-02-28,11:48:49,2026-02-28T11:48:49+01:00,STATION,"Sabines",4,4,8,0.5,43.584211,3.860031
2026-02-28,11:48:49,2026-02-28T11:48:49+01:00,STATION,"Celleneuve",4,4,8,0.5,43.61467,3.832624
2026-02-28,11:48:49,2026-02-28T11:48:49+01:00,STATION,"Jardin de la Lironde",8,0,8,1.0,43.60585,3.911576
2026-02-28,11:48:49,2026-02-28T11:48:49+01:00,STATION,"Père Soulas",3,5,8,0.375,43.621983,3.855603
2026-02-28,11:48:49,2026-02-28T11:48:49+01:00,STATION,"Place Viala",4,4,8,0.5,43.616812,3.855075
2026-02-28,11:48:49,2026-02-28T11:48:49+01:00,STATION,"Hôtel du Département",2,6,8,0.25,43.621682,3.83477
2026-02-28,11:48:49,2026-02-28T11:48:49+01:00,STATION,"Tonnelles",7,1,8,0.875,43.615155,3.839466
2026-02-28,11:48:49,2026-02-28T11:48:49+01:00,STATION,"Parvis Jules Ferry - Gare Saint-Roch",8,0,8,1.0,43.603889,3.879362
2026-02-28,11:48:49,2026-02-28T11:48:49+01:00,STATION,"Pont de Lattes - Gare Saint-Roch",1,11,12,0.08333333333333333,43.606036,3.882393
2026-02-28,11:48:49,2026-02-28T11:48:49+01:00,STATION,"Deux Ponts - Gare Saint-Roch",0,8,8,0.0,43.604319,3.880916
2026-02-28,11:48:49,2026-02-28T11:48:49+01:00,STATION,"Providence - Ovalie",3,5,8,0.375,43.588239,3.853421
2026-02-28,11:48:49,2026-02-28T11:48:49+01:00,STATION,"Pérols Etang de l Or",42,26,68,0.6176470588235294,43.558351,3.963412
2026-02-28,11:48:49,2026-02-28T11:48:49+01:00,STATION,"Albert 1er - Cathédrale",6,6,12,0.5,43.614005,3.873218
2026-02-28,11:48:49,2026-02-28T11:48:49+01:00,STATION,"Saint-Guilhem - Courreau",6,2,8,0.75,43.608996,3.872752
2026-02-28,11:48:49,2026-02-28T11:48:49+01:00,STATION,"Sud De France",5,3,8,0.625,43.59562,3.9235
2026-02-28,11:48:49,2026-02-28T11:48:49+01:00,STATION,"Comedie Baudin",0,8,8,0.0,43.608717,3.880787
2026-02-28,11:48:49,2026-02-28T11:48:49+01:00,STATION,"Jean de Beins",6,10,16,0.375,43.609857,3.883884
2026-02-28,12:20:10,2026-02-28T12:20:10+01:00,STATION,"Rue Jules Ferry - Gare Saint-Roch",4,8,12,0.3333333333333333,43.605366,3.881346
2026-02-28,12:20:10,2026-02-28T12:20:10+01:00,STATION,"Comédie",0,20,20,0.0,43.608148,3.878778
2026-02-28,12:20:10,2026-02-28T12:20:10+01:00,STATION,"Hôtel de Ville",10,5,16,0.6875,43.599088,3.894866
2026-02-28,12:20:10,2026-02-28T12:20:10+01:00,STATION,"Corum",10,2,12,0.8333333333333334,43.613989,3.8816
2026-02-28,12:20:10,2026-02-28T12:20:10+01:00,STATION,"Place Albert 1er - St Charles",11,16,27,0.4074074074074074,43.616768,3.873375
2026-02-28,12:20:10,2026-02-28T12:20:10+01:00,STATION,"Foch",1,7,8,0.125,43.610989,3.873345
2026-02-28,12:20:10,2026-02-28T12:20:10+01:00,STATION,"Halles Castellane",0,12,12,0.0,43.609935,3.877208
2026-02-28,12:20:10,2026-02-28T12:20:10+01:00,STATION,"Observatoire",5,2,8,0.75,43.606301,3.87724
2026-02-28,12:20:10,2026-02-28T12:20:10+01:00,STATION,"Rondelet",0,16,16,0.0,43.603038,3.875796
2026-02-28,12:20:10,2026-02-28T12:20:10+01:00,STATION,"Plan Cabanes",4,8,12,0.3333333333333333,43.608491,3.868389
2026-02-28,12:20:10,2026-02-28T12:20:10+01:00,STATION,"Boutonnet",8,4,12,0.6666666666666666,43.622629,3.868375
2026-02-28,12:20:10,2026-02-28T12:20:10+01:00,STATION,"Emile Combes",4,4,8,0.5,43.616742,3.87998
2026-02-28,12:20:10,2026-02-28T12:20:10+01:00,STATION,"Beaux-Arts",1,15,16,0.0625,43.616698,3.884981
2026-02-28,12:20:10,2026-02-28T12:20:10+01:00,STATION,"Les Aubes",4,4,8,0.5,43.618692,3.893844
2026-02-28,12:20:10,2026-02-28T12:20:10+01:00,STATION,"Antigone centre",9,3,12,0.75,43.607942,3.890634
2026-02-28,12:20:10,2026-02-28T12:20:10+01:00,STATION,"Médiathèque Emile Zola",8,8,16,0.5,43.608218,3.89314
2026-02-28,12:20:10,2026-02-28T12:20:10+01:00,STATION,"Nombre d Or",9,7,16,0.5625,43.607859,3.886644
2026-02-28,12:20:10,2026-02-28T12:20:10+01:00,STATION,"Louis Blanc",2,14,16,0.125,43.614642,3.877648
2026-02-28,12:20:10,2026-02-28T12:20:10+01:00,STATION,"Gambetta",2,6,8,0.25,43.607106,3.870693
2026-02-28,12:20:10,2026-02-28T12:20:10+01:00,STATION,"Port Marianne",4,12,16,0.25,43.60032,3.89851
2026-02-28,12:20:10,2026-02-28T12:20:10+01:00,STATION,"Les Arceaux",2,6,8,0.25,43.612659,3.867734
2026-02-28,12:20:10,2026-02-28T12:20:10+01:00,STATION,"Cité Mion",1,6,8,0.25,43.601143,3.884373
2026-02-28,12:20:10,2026-02-28T12:20:10+01:00,STATION,"Nouveau Saint-Roch",2,6,8,0.25,43.599817,3.875757
2026-02-28,12:20:10,2026-02-28T12:20:10+01:00,STATION,"Renouvier",4,3,8,0.625,43.603553,3.867884
2026-02-28,12:20:10,2026-02-28T12:20:10+01:00,STATION,"Odysseum",0,8,8,0.0,43.603727,3.918979
2026-02-28,12:20:10,2026-02-28T12:20:10+01:00,STATION,"Saint-Denis",0,8,8,0.0,43.605021,3.875065
2026-02-28,12:20:10,2026-02-28T12:20:10+01:00,STATION,"Richter",10,6,16,0.625,43.603424,3.899263
2026-02-28,12:20:10,2026-02-28T12:20:10+01:00,STATION,"Charles Flahault",0,8,8,0.0,43.622038,3.86672
2026-02-28,12:20:10,2026-02-28T12:20:10+01:00,STATION,"Voltaire",8,0,8,1.0,43.603767,3.888659
2026-02-28,12:20:10,2026-02-28T12:20:10+01:00,STATION,"Prés d Arènes",3,5,8,0.375,43.59048,3.884611
2026-02-28,12:20:10,2026-02-28T12:20:10+01:00,STATION,"Garcia Lorca",7,1,8,0.875,43.590757,3.890616
2026-02-28,12:20:10,2026-02-28T12:20:10+01:00,STATION,"Vert Bois",4,12,16,0.25,43.63543,3.871179
2026-02-28,12:20:10,2026-02-28T12:20:10+01:00,STATION,"Malbosc",1,7,8,0.125,43.633679,3.832861
2026-02-28,12:20:10,2026-02-28T12:20:10+01:00,STATION,"Occitanie",17,15,32,0.53125,43.635689,3.849597
2026-02-28,12:20:10,2026-02-28T12:20:10+01:00,STATION,"FacdesSciences",0,24,24,0.0,43.631318,3.861299
2026-02-28,12:20:10,2026-02-28T12:20:10+01:00,STATION,"Fac de Lettres",2,10,12,0.16666666666666666,43.630437,3.869539
2026-02-28,12:20:10,2026-02-28T12:20:10+01:00,STATION,"Aiguelongue",2,5,8,0.375,43.626163,3.882492
2026-02-28,12:20:10,2026-02-28T12:20:10+01:00,STATION,"Jeu de Mail des Abbés",4,4,8,0.5,43.619701,3.883831
2026-02-28,12:20:10,2026-02-28T12:20:10+01:00,STATION,"Euromédecine",0,8,8,0.0,43.639119,3.828199
2026-02-28,12:20:10,2026-02-28T12:20:10+01:00,STATION,"Marie Caizergues",4,4,8,0.5,43.619871,3.873812
2026-02-28,12:20:10,2026-02-28T12:20:10+01:00,STATION,"Sabines",4,4,8,0.5,43.584211,3.860031
2026-02-28,12:20:10,2026-02-28T12:20:10+01:00,STATION,"Celleneuve",4,4,8,0.5,43.61467,3.832624
2026-02-28,12:20:10,2026-02-28T12:20:10+01:00,STATION,"Jardin de la Lironde",8,0,8,1.0,43.60585,3.911576
2026-02-28,12:20:10,2026-02-28T12:20:10+01:00,STATION,"Père Soulas",3,5,8,0.375,43.621983,3.855603
2026-02-28,12:20:10,2026-02-28T12:20:10+01:00,STATION,"Place Viala",5,3,8,0.625,43.616812,3.855075
2026-02-28,12:20:10,2026-02-28T12:20:10+01:00,STATION,"Hôtel du Département",2,6,8,0.25,43.621682,3.83477
2026-02-28,12:20:10,2026-02-28T12:20:10+01:00,STATION,"Tonnelles",8,0,8,1.0,43.615155,3.839466
2026-02-28,12:20:10,2026-02-28T12:20:10+01:00,STATION,"Parvis Jules Ferry - Gare Saint-Roch",8,0,8,1.0,43.603889,3.879362
2026-02-28,12:20:10,2026-02-28T12:20:10+01:00,STATION,"Pont de Lattes - Gare Saint-Roch",1,11,12,0.08333333333333333,43.606036,3.882393
2026-02-28,12:20:10,2026-02-28T12:20:10+01:00,STATION,"Deux Ponts - Gare Saint-Roch",0,8,8,0.0,43.604319,3.880916
2026-02-28,12:20:10,2026-02-28T12:20:10+01:00,STATION,"Providence - Ovalie",4,4,8,0.5,43.588239,3.853421
2026-02-28,12:20:10,2026-02-28T12:20:10+01:00,STATION,"Pérols Etang de l Or",42,26,68,0.6176470588235294,43.558351,3.963412
2026-02-28,12:20:10,2026-02-28T12:20:10+01:00,STATION,"Albert 1er - Cathédrale",6,6,12,0.5,43.614005,3.873218
2026-02-28,12:20:10,2026-02-28T12:20:10+01:00,STATION,"Saint-Guilhem - Courreau",3,5,8,0.375,43.608996,3.872752
2026-02-28,12:20:10,2026-02-28T12:20:10+01:00,STATION,"Sud De France",5,3,8,0.625,43.59562,3.9235
2026-02-28,12:20:10,2026-02-28T12:20:10+01:00,STATION,"Comedie Baudin",0,8,8,0.0,43.608717,3.880787
2026-02-28,12:20:10,2026-02-28T12:20:10+01:00,STATION,"Jean de Beins",6,10,16,0.375,43.609857,3.883884
2026-02-28,12:42:30,2026-02-28T12:42:30+01:00,STATION,"Rue Jules Ferry - Gare Saint-Roch",3,9,12,0.25,43.605366,3.881346
2026-02-28,12:42:30,2026-02-28T12:42:30+01:00,STATION,"Comédie",0,20,20,0.0,43.608148,3.878778
2026-02-28,12:42:30,2026-02-28T12:42:30+01:00,STATION,"Hôtel de Ville",9,6,16,0.625,43.599088,3.894866
2026-02-28,12:42:30,2026-02-28T12:42:30+01:00,STATION,"Corum",10,2,12,0.8333333333333334,43.613989,3.8816
2026-02-28,12:42:30,2026-02-28T12:42:30+01:00,STATION,"Place Albert 1er - St Charles",12,15,27,0.4444444444444444,43.616768,3.873375
2026-02-28,12:42:30,2026-02-28T12:42:30+01:00,STATION,"Foch",1,7,8,0.125,43.610989,3.873345
2026-02-28,12:42:30,2026-02-28T12:42:30+01:00,STATION,"Halles Castellane",0,12,12,0.0,43.609935,3.877208
2026-02-28,12:42:30,2026-02-28T12:42:30+01:00,STATION,"Observatoire",3,4,8,0.5,43.606301,3.87724
2026-02-28,12:42:30,2026-02-28T12:42:30+01:00,STATION,"Rondelet",0,16,16,0.0,43.603038,3.875796
2026-02-28,12:42:30,2026-02-28T12:42:30+01:00,STATION,"Plan Cabanes",4,8,12,0.3333333333333333,43.608491,3.868389
2026-02-28,12:42:30,2026-02-28T12:42:30+01:00,STATION,"Boutonnet",8,4,12,0.6666666666666666,43.622629,3.868375
2026-02-28,12:42:30,2026-02-28T12:42:30+01:00,STATION,"Emile Combes",4,4,8,0.5,43.616742,3.87998
2026-02-28,12:42:30,2026-02-28T12:42:30+01:00,STATION,"Beaux-Arts",1,15,16,0.0625,43.616698,3.884981
2026-02-28,12:42:30,2026-02-28T12:42:30+01:00,STATION,"Les Aubes",4,4,8,0.5,43.618692,3.893844
2026-02-28,12:42:30,2026-02-28T12:42:30+01:00,STATION,"Antigone centre",9,3,12,0.75,43.607942,3.890634
2026-02-28,12:42:30,2026-02-28T12:42:30+01:00,STATION,"Médiathèque Emile Zola",7,9,16,0.4375,43.608218,3.89314
2026-02-28,12:42:30,2026-02-28T12:42:30+01:00,STATION,"Nombre d Or",9,7,16,0.5625,43.607859,3.886644
2026-02-28,12:42:30,2026-02-28T12:42:30+01:00,STATION,"Louis Blanc",2,14,16,0.125,43.614642,3.877648
2026-02-28,12:42:30,2026-02-28T12:42:30+01:00,STATION,"Gambetta",2,6,8,0.25,43.607106,3.870693
2026-02-28,12:42:30,2026-02-28T12:42:30+01:00,STATION,"Port Marianne",3,13,16,0.1875,43.60032,3.89851
2026-02-28,12:42:30,2026-02-28T12:42:30+01:00,STATION,"Les Arceaux",2,6,8,0.25,43.612659,3.867734
2026-02-28,12:42:30,2026-02-28T12:42:30+01:00,STATION,"Cité Mion",1,6,8,0.25,43.601143,3.884373
2026-02-28,12:42:30,2026-02-28T12:42:30+01:00,STATION,"Nouveau Saint-Roch",2,6,8,0.25,43.599817,3.875757
2026-02-28,12:42:30,2026-02-28T12:42:30+01:00,STATION,"Renouvier",4,3,8,0.625,43.603553,3.867884
2026-02-28,12:42:30,2026-02-28T12:42:30+01:00,STATION,"Odysseum",0,8,8,0.0,43.603727,3.918979
2026-02-28,12:42:30,2026-02-28T12:42:30+01:00,STATION,"Saint-Denis",0,8,8,0.0,43.605021,3.875065
2026-02-28,12:42:30,2026-02-28T12:42:30+01:00,STATION,"Richter",10,6,16,0.625,43.603424,3.899263
2026-02-28,12:42:30,2026-02-28T12:42:30+01:00,STATION,"Charles Flahault",0,8,8,0.0,43.622038,3.86672
2026-02-28,12:42:30,2026-02-28T12:42:30+01:00,STATION,"Voltaire",8,0,8,1.0,43.603767,3.888659
2026-02-28,12:42:30,2026-02-28T12:42:30+01:00,STATION,"Prés d Arènes",3,5,8,0.375,43.59048,3.884611
2026-02-28,12:42:30,2026-02-28T12:42:30+01:00,STATION,"Garcia Lorca",7,1,8,0.875,43.590757,3.890616
2026-02-28,12:42:30,2026-02-28T12:42:30+01:00,STATION,"Vert Bois",4,12,16,0.25,43.63543,3.871179
2026-02-28,12:42:30,2026-02-28T12:42:30+01:00,STATION,"Malbosc",1,7,8,0.125,43.633679,3.832861
2026-02-28,12:42:30,2026-02-28T12:42:30+01:00,STATION,"Occitanie",16,16,32,0.5,43.635689,3.849597
2026-02-28,12:42:30,2026-02-28T12:42:30+01:00,STATION,"FacdesSciences",0,24,24,0.0,43.631318,3.861299
2026-02-28,12:42:30,2026-02-28T12:42:30+01:00,STATION,"Fac de Lettres",1,11,12,0.08333333333333333,43.630437,3.869539
2026-02-28,12:42:30,2026-02-28T12:42:30+01:00,STATION,"Aiguelongue",2,5,8,0.375,43.626163,3.882492
2026-02-28,12:42:30,2026-02-28T12:42:30+01:00,STATION,"Jeu de Mail des Abbés",4,4,8,0.5,43.619701,3.883831
2026-02-28,12:42:30,2026-02-28T12:42:30+01:00,STATION,"Euromédecine",0,8,8,0.0,43.639119,3.828199
2026-02-28,12:42:30,2026-02-28T12:42:30+01:00,STATION,"Marie Caizergues",4,4,8,0.5,43.619871,3.873812
2026-02-28,12:42:30,2026-02-28T12:42:30+01:00,STATION,"Sabines",4,4,8,0.5,43.584211,3.860031
2026-02-28,12:42:30,2026-02-28T12:42:30+01:00,STATION,"Celleneuve",4,4,8,0.5,43.61467,3.832624
2026-02-28,12:42:30,2026-02-28T12:42:30+01:00,STATION,"Jardin de la Lironde",8,0,8,1.0,43.60585,3.911576
2026-02-28,12:42:30,2026-02-28T12:42:30+01:00,STATION,"Père Soulas",3,5,8,0.375,43.621983,3.855603
2026-02-28,12:42:30,2026-02-28T12:42:30+01:00,STATION,"Place Viala",6,2,8,0.75,43.616812,3.855075
2026-02-28,12:42:30,2026-02-28T12:42:30+01:00,STATION,"Hôtel du Département",2,6,8,0.25,43.621682,3.83477
2026-02-28,12:42:30,2026-02-28T12:42:30+01:00,STATION,"Tonnelles",8,0,8,1.0,43.615155,3.839466
2026-02-28,12:42:30,2026-02-28T12:42:30+01:00,STATION,"Parvis Jules Ferry - Gare Saint-Roch",8,0,8,1.0,43.603889,3.879362
2026-02-28,12:42:30,2026-02-28T12:42:30+01:00,STATION,"Pont de Lattes - Gare Saint-Roch",1,11,12,0.08333333333333333,43.606036,3.882393
2026-02-28,12:42:30,2026-02-28T12:42:30+01:00,STATION,"Deux Ponts - Gare Saint-Roch",0,8,8,0.0,43.604319,3.880916
2026-02-28,12:42:30,2026-02-28T12:42:30+01:00,STATION,"Providence - Ovalie",4,4,8,0.5,43.588239,3.853421
2026-02-28,12:42:30,2026-02-28T12:42:30+01:00,STATION,"Pérols Etang de l Or",42,26,68,0.6176470588235294,43.558351,3.963412
2026-02-28,12:42:30,2026-02-28T12:42:30+01:00,STATION,"Albert 1er - Cathédrale",6,6,12,0.5,43.614005,3.873218
2026-02-28,12:42:30,2026-02-28T12:42:30+01:00,STATION,"Saint-Guilhem - Courreau",3,5,8,0.375,43.608996,3.872752
2026-02-28,12:42:30,2026-02-28T12:42:30+01:00,STATION,"Sud De France",3,5,8,0.375,43.59562,3.9235
2026-02-28,12:42:30,2026-02-28T12:42:30+01:00,STATION,"Comedie Baudin",0,8,8,0.0,43.608717,3.880787
2026-02-28,12:42:30,2026-02-28T12:42:30+01:00,STATION,"Jean de Beins",6,10,16,0.375,43.609857,3.883884
2026-02-28,13:45:20,2026-02-28T13:45:20+01:00,STATION,"Rue Jules Ferry - Gare Saint-Roch",3,9,12,0.25,43.605366,3.881346
2026-02-28,13:45:20,2026-02-28T13:45:20+01:00,STATION,"Comédie",0,20,20,0.0,43.608148,3.878778
2026-02-28,13:45:20,2026-02-28T13:45:20+01:00,STATION,"Hôtel de Ville",8,7,16,0.5625,43.599088,3.894866
2026-02-28,13:45:20,2026-02-28T13:45:20+01:00,STATION,"Corum",10,2,12,0.8333333333333334,43.613989,3.8816
2026-02-28,13:45:20,2026-02-28T13:45:20+01:00,STATION,"Place Albert 1er - St Charles",10,17,27,0.37037037037037035,43.616768,3.873375
2026-02-28,13:45:20,2026-02-28T13:45:20+01:00,STATION,"Foch",1,7,8,0.125,43.610989,3.873345
2026-02-28,13:45:20,2026-02-28T13:45:20+01:00,STATION,"Halles Castellane",0,12,12,0.0,43.609935,3.877208
2026-02-28,13:45:20,2026-02-28T13:45:20+01:00,STATION,"Observatoire",3,4,8,0.5,43.606301,3.87724
2026-02-28,13:45:20,2026-02-28T13:45:20+01:00,STATION,"Rondelet",0,16,16,0.0,43.603038,3.875796
2026-02-28,13:45:20,2026-02-28T13:45:20+01:00,STATION,"Plan Cabanes",4,8,12,0.3333333333333333,43.608491,3.868389
2026-02-28,13:45:20,2026-02-28T13:45:20+01:00,STATION,"Boutonnet",7,5,12,0.5833333333333334,43.622629,3.868375
2026-02-28,13:45:20,2026-02-28T13:45:20+01:00,STATION,"Emile Combes",4,4,8,0.5,43.616742,3.87998
2026-02-28,13:45:20,2026-02-28T13:45:20+01:00,STATION,"Beaux-Arts",2,14,16,0.125,43.616698,3.884981
2026-02-28,13:45:20,2026-02-28T13:45:20+01:00,STATION,"Les Aubes",4,4,8,0.5,43.618692,3.893844
2026-02-28,13:45:20,2026-02-28T13:45:20+01:00,STATION,"Antigone centre",9,3,12,0.75,43.607942,3.890634
2026-02-28,13:45:20,2026-02-28T13:45:20+01:00,STATION,"Médiathèque Emile Zola",7,9,16,0.4375,43.608218,3.89314
2026-02-28,13:45:20,2026-02-28T13:45:20+01:00,STATION,"Nombre d Or",9,7,16,0.5625,43.607859,3.886644
2026-02-28,13:45:20,2026-02-28T13:45:20+01:00,STATION,"Louis Blanc",4,12,16,0.25,43.614642,3.877648
2026-02-28,13:45:20,2026-02-28T13:45:20+01:00,STATION,"Gambetta",2,6,8,0.25,43.607106,3.870693
2026-02-28,13:45:20,2026-02-28T13:45:20+01:00,STATION,"Port Marianne",3,13,16,0.1875,43.60032,3.89851
2026-02-28,13:45:20,2026-02-28T13:45:20+01:00,STATION,"Les Arceaux",2,6,8,0.25,43.612659,3.867734
2026-02-28,13:45:20,2026-02-28T13:45:20+01:00,STATION,"Cité Mion",1,6,8,0.25,43.601143,3.884373
2026-02-28,13:45:20,2026-02-28T13:45:20+01:00,STATION,"Nouveau Saint-Roch",2,6,8,0.25,43.599817,3.875757
2026-02-28,13:45:20,2026-02-28T13:45:20+01:00,STATION,"Renouvier",5,2,8,0.75,43.603553,3.867884
2026-02-28,13:45:20,2026-02-28T13:45:20+01:00,STATION,"Odysseum",0,8,8,0.0,43.603727,3.918979
2026-02-28,13:45:20,2026-02-28T13:45:20+01:00,STATION,"Saint-Denis",0,8,8,0.0,43.605021,3.875065
2026-02-28,13:45:20,2026-02-28T13:45:20+01:00,STATION,"Richter",10,6,16,0.625,43.603424,3.899263
2026-02-28,13:45:20,2026-02-28T13:45:20+01:00,STATION,"Charles Flahault",0,8,8,0.0,43.622038,3.86672
2026-02-28,13:45:20,2026-02-28T13:45:20+01:00,STATION,"Voltaire",8,0,8,1.0,43.603767,3.888659
2026-02-28,13:45:20,2026-02-28T13:45:20+01:00,STATION,"Prés d Arènes",4,4,8,0.5,43.59048,3.884611
2026-02-28,13:45:20,2026-02-28T13:45:20+01:00,STATION,"Garcia Lorca",6,2,8,0.75,43.590757,3.890616
2026-02-28,13:45:20,2026-02-28T13:45:20+01:00,STATION,"Vert Bois",4,12,16,0.25,43.63543,3.871179
2026-02-28,13:45:20,2026-02-28T13:45:20+01:00,STATION,"Malbosc",1,7,8,0.125,43.633679,3.832861
2026-02-28,13:45:20,2026-02-28T13:45:20+01:00,STATION,"Occitanie",17,15,32,0.53125,43.635689,3.849597
2026-02-28,13:45:20,2026-02-28T13:45:20+01:00,STATION,"FacdesSciences",0,24,24,0.0,43.631318,3.861299
2026-02-28,13:45:20,2026-02-28T13:45:20+01:00,STATION,"Fac de Lettres",1,11,12,0.08333333333333333,43.630437,3.869539
2026-02-28,13:45:20,2026-02-28T13:45:20+01:00,STATION,"Aiguelongue",2,5,8,0.375,43.626163,3.882492
2026-02-28,13:45:20,2026-02-28T13:45:20+01:00,STATION,"Jeu de Mail des Abbés",3,5,8,0.375,43.619701,3.883831
2026-02-28,13:45:20,2026-02-28T13:45:20+01:00,STATION,"Euromédecine",0,8,8,0.0,43.639119,3.828199
2026-02-28,13:45:20,2026-02-28T13:45:20+01:00,STATION,"Marie Caizergues",4,4,8,0.5,43.619871,3.873812
2026-02-28,13:45:20,2026-02-28T13:45:20+01:00,STATION,"Sabines",4,4,8,0.5,43.584211,3.860031
2026-02-28,13:45:20,2026-02-28T13:45:20+01:00,STATION,"Celleneuve",4,4,8,0.5,43.61467,3.832624
2026-02-28,13:45:20,2026-02-28T13:45:20+01:00,STATION,"Jardin de la Lironde",8,0,8,1.0,43.60585,3.911576
2026-02-28,13:45:20,2026-02-28T13:45:20+01:00,STATION,"Père Soulas",1,7,8,0.125,43.621983,3.855603
2026-02-28,13:45:20,2026-02-28T13:45:20+01:00,STATION,"Place Viala",8,0,8,1.0,43.616812,3.855075
2026-02-28,13:45:20,2026-02-28T13:45:20+01:00,STATION,"Hôtel du Département",2,6,8,0.25,43.621682,3.83477
2026-02-28,13:45:20,2026-02-28T13:45:20+01:00,STATION,"Tonnelles",8,0,8,1.0,43.615155,3.839466
2026-02-28,13:45:20,2026-02-28T13:45:20+01:00,STATION,"Parvis Jules Ferry - Gare Saint-Roch",8,0,8,1.0,43.603889,3.879362
2026-02-28,13:45:20,2026-02-28T13:45:20+01:00,STATION,"Pont de Lattes - Gare Saint-Roch",1,11,12,0.08333333333333333,43.606036,3.882393
2026-02-28,13:45:20,2026-02-28T13:45:20+01:00,STATION,"Deux Ponts - Gare Saint-Roch",0,8,8,0.0,43.604319,3.880916
2026-02-28,13:45:20,2026-02-28T13:45:20+01:00,STATION,"Providence - Ovalie",3,5,8,0.375,43.588239,3.853421
2026-02-28,13:45:20,2026-02-28T13:45:20+01:00,STATION,"Pérols Etang de l Or",40,28,68,0.5882352941176471,43.558351,3.963412
2026-02-28,13:45:20,2026-02-28T13:45:20+01:00,STATION,"Albert 1er - Cathédrale",6,6,12,0.5,43.614005,3.873218
2026-02-28,13:45:20,2026-02-28T13:45:20+01:00,STATION,"Saint-Guilhem - Courreau",3,5,8,0.375,43.608996,3.872752
2026-02-28,13:45:20,2026-02-28T13:45:20+01:00,STATION,"Sud De France",3,5,8,0.375,43.59562,3.9235
2026-02-28,13:45:20,2026-02-28T13:45:20+01:00,STATION,"Comedie Baudin",0,8,8,0.0,43.608717,3.880787
2026-02-28,13:45:20,2026-02-28T13:45:20+01:00,STATION,"Jean de Beins",6,10,16,0.375,43.609857,3.883884
2026-02-28,14:37:10,2026-02-28T14:37:10+01:00,STATION,"Rue Jules Ferry - Gare Saint-Roch",3,9,12,0.25,43.605366,3.881346
2026-02-28,14:37:10,2026-02-28T14:37:10+01:00,STATION,"Comédie",1,19,20,0.05,43.608148,3.878778
2026-02-28,14:37:10,2026-02-28T14:37:10+01:00,STATION,"Hôtel de Ville",6,9,16,0.4375,43.599088,3.894866
2026-02-28,14:37:10,2026-02-28T14:37:10+01:00,STATION,"Corum",11,1,12,0.9166666666666666,43.613989,3.8816
2026-02-28,14:37:10,2026-02-28T14:37:10+01:00,STATION,"Place Albert 1er - St Charles",9,18,27,0.3333333333333333,43.616768,3.873375
2026-02-28,14:37:10,2026-02-28T14:37:10+01:00,STATION,"Foch",1,7,8,0.125,43.610989,3.873345
2026-02-28,14:37:10,2026-02-28T14:37:10+01:00,STATION,"Halles Castellane",0,12,12,0.0,43.609935,3.877208
2026-02-28,14:37:10,2026-02-28T14:37:10+01:00,STATION,"Observatoire",3,4,8,0.5,43.606301,3.87724
2026-02-28,14:37:10,2026-02-28T14:37:10+01:00,STATION,"Rondelet",0,16,16,0.0,43.603038,3.875796
2026-02-28,14:37:10,2026-02-28T14:37:10+01:00,STATION,"Plan Cabanes",4,8,12,0.3333333333333333,43.608491,3.868389
2026-02-28,14:37:10,2026-02-28T14:37:10+01:00,STATION,"Boutonnet",6,6,12,0.5,43.622629,3.868375
2026-02-28,14:37:10,2026-02-28T14:37:10+01:00,STATION,"Emile Combes",4,4,8,0.5,43.616742,3.87998
2026-02-28,14:37:10,2026-02-28T14:37:10+01:00,STATION,"Beaux-Arts",2,14,16,0.125,43.616698,3.884981
2026-02-28,14:37:10,2026-02-28T14:37:10+01:00,STATION,"Les Aubes",3,5,8,0.375,43.618692,3.893844
2026-02-28,14:37:10,2026-02-28T14:37:10+01:00,STATION,"Antigone centre",10,2,12,0.8333333333333334,43.607942,3.890634
2026-02-28,14:37:10,2026-02-28T14:37:10+01:00,STATION,"Médiathèque Emile Zola",8,8,16,0.5,43.608218,3.89314
2026-02-28,14:37:10,2026-02-28T14:37:10+01:00,STATION,"Nombre d Or",11,5,16,0.6875,43.607859,3.886644
2026-02-28,14:37:10,2026-02-28T14:37:10+01:00,STATION,"Louis Blanc",3,13,16,0.1875,43.614642,3.877648
2026-02-28,14:37:10,2026-02-28T14:37:10+01:00,STATION,"Gambetta",2,6,8,0.25,43.607106,3.870693
2026-02-28,14:37:10,2026-02-28T14:37:10+01:00,STATION,"Port Marianne",1,15,16,0.0625,43.60032,3.89851
2026-02-28,14:37:10,2026-02-28T14:37:10+01:00,STATION,"Les Arceaux",2,6,8,0.25,43.612659,3.867734
2026-02-28,14:37:10,2026-02-28T14:37:10+01:00,STATION,"Cité Mion",3,4,8,0.5,43.601143,3.884373
2026-02-28,14:37:10,2026-02-28T14:37:10+01:00,STATION,"Nouveau Saint-Roch",2,6,8,0.25,43.599817,3.875757
2026-02-28,14:37:10,2026-02-28T14:37:10+01:00,STATION,"Renouvier",5,2,8,0.75,43.603553,3.867884
2026-02-28,14:37:10,2026-02-28T14:37:10+01:00,STATION,"Odysseum",0,8,8,0.0,43.603727,3.918979
2026-02-28,14:37:10,2026-02-28T14:37:10+01:00,STATION,"Saint-Denis",0,8,8,0.0,43.605021,3.875065
2026-02-28,14:37:10,2026-02-28T14:37:10+01:00,STATION,"Richter",10,6,16,0.625,43.603424,3.899263
2026-02-28,14:37:10,2026-02-28T14:37:10+01:00,STATION,"Charles Flahault",0,8,8,0.0,43.622038,3.86672
2026-02-28,14:37:10,2026-02-28T14:37:10+01:00,STATION,"Voltaire",8,0,8,1.0,43.603767,3.888659
2026-02-28,14:37:10,2026-02-28T14:37:10+01:00,STATION,"Prés d Arènes",4,4,8,0.5,43.59048,3.884611
2026-02-28,14:37:10,2026-02-28T14:37:10+01:00,STATION,"Garcia Lorca",5,3,8,0.625,43.590757,3.890616
2026-02-28,14:37:10,2026-02-28T14:37:10+01:00,STATION,"Vert Bois",6,10,16,0.375,43.63543,3.871179
2026-02-28,14:37:10,2026-02-28T14:37:10+01:00,STATION,"Malbosc",1,7,8,0.125,43.633679,3.832861
2026-02-28,14:37:10,2026-02-28T14:37:10+01:00,STATION,"Occitanie",17,15,32,0.53125,43.635689,3.849597
2026-02-28,14:37:10,2026-02-28T14:37:10+01:00,STATION,"FacdesSciences",0,24,24,0.0,43.631318,3.861299
2026-02-28,14:37:10,2026-02-28T14:37:10+01:00,STATION,"Fac de Lettres",1,11,12,0.08333333333333333,43.630437,3.869539
2026-02-28,14:37:10,2026-02-28T14:37:10+01:00,STATION,"Aiguelongue",2,5,8,0.375,43.626163,3.882492
2026-02-28,14:37:10,2026-02-28T14:37:10+01:00,STATION,"Jeu de Mail des Abbés",3,5,8,0.375,43.619701,3.883831
2026-02-28,14:37:10,2026-02-28T14:37:10+01:00,STATION,"Euromédecine",0,8,8,0.0,43.639119,3.828199
2026-02-28,14:37:10,2026-02-28T14:37:10+01:00,STATION,"Marie Caizergues",4,4,8,0.5,43.619871,3.873812
2026-02-28,14:37:10,2026-02-28T14:37:10+01:00,STATION,"Sabines",4,4,8,0.5,43.584211,3.860031
2026-02-28,14:37:10,2026-02-28T14:37:10+01:00,STATION,"Celleneuve",4,4,8,0.5,43.61467,3.832624
2026-02-28,14:37:10,2026-02-28T14:37:10+01:00,STATION,"Jardin de la Lironde",7,1,8,0.875,43.60585,3.911576
2026-02-28,14:37:10,2026-02-28T14:37:10+01:00,STATION,"Père Soulas",1,7,8,0.125,43.621983,3.855603
2026-02-28,14:37:10,2026-02-28T14:37:10+01:00,STATION,"Place Viala",8,0,8,1.0,43.616812,3.855075
2026-02-28,14:37:10,2026-02-28T14:37:10+01:00,STATION,"Hôtel du Département",2,6,8,0.25,43.621682,3.83477
2026-02-28,14:37:10,2026-02-28T14:37:10+01:00,STATION,"Tonnelles",8,0,8,1.0,43.615155,3.839466
2026-02-28,14:37:10,2026-02-28T14:37:10+01:00,STATION,"Parvis Jules Ferry - Gare Saint-Roch",8,0,8,1.0,43.603889,3.879362
2026-02-28,14:37:10,2026-02-28T14:37:10+01:00,STATION,"Pont de Lattes - Gare Saint-Roch",1,11,12,0.08333333333333333,43.606036,3.882393
2026-02-28,14:37:10,2026-02-28T14:37:10+01:00,STATION,"Deux Ponts - Gare Saint-Roch",0,8,8,0.0,43.604319,3.880916
2026-02-28,14:37:10,2026-02-28T14:37:10+01:00,STATION,"Providence - Ovalie",3,5,8,0.375,43.588239,3.853421
2026-02-28,14:37:10,2026-02-28T14:37:10+01:00,STATION,"Pérols Etang de l Or",40,28,68,0.5882352941176471,43.558351,3.963412
2026-02-28,14:37:10,2026-02-28T14:37:10+01:00,STATION,"Albert 1er - Cathédrale",6,6,12,0.5,43.614005,3.873218
2026-02-28,14:37:10,2026-02-28T14:37:10+01:00,STATION,"Saint-Guilhem - Courreau",3,5,8,0.375,43.608996,3.872752
2026-02-28,14:37:10,2026-02-28T14:37:10+01:00,STATION,"Sud De France",3,5,8,0.375,43.59562,3.9235
2026-02-28,14:37:10,2026-02-28T14:37:10+01:00,STATION,"Comedie Baudin",0,8,8,0.0,43.608717,3.880787
2026-02-28,14:37:10,2026-02-28T14:37:10+01:00,STATION,"Jean de Beins",6,10,16,0.375,43.609857,3.883884
2026-02-28,15:22:45,2026-02-28T15:22:45+01:00,STATION,"Rue Jules Ferry - Gare Saint-Roch",2,10,12,0.16666666666666666,43.605366,3.881346
2026-02-28,15:22:45,2026-02-28T15:22:45+01:00,STATION,"Comédie",1,19,20,0.05,43.608148,3.878778
2026-02-28,15:22:45,2026-02-28T15:22:45+01:00,STATION,"Hôtel de Ville",6,9,16,0.4375,43.599088,3.894866
2026-02-28,15:22:45,2026-02-28T15:22:45+01:00,STATION,"Corum",11,1,12,0.9166666666666666,43.613989,3.8816
2026-02-28,15:22:45,2026-02-28T15:22:45+01:00,STATION,"Place Albert 1er - St Charles",9,18,27,0.3333333333333333,43.616768,3.873375
2026-02-28,15:22:45,2026-02-28T15:22:45+01:00,STATION,"Foch",1,7,8,0.125,43.610989,3.873345
2026-02-28,15:22:45,2026-02-28T15:22:45+01:00,STATION,"Halles Castellane",0,12,12,0.0,43.609935,3.877208
2026-02-28,15:22:45,2026-02-28T15:22:45+01:00,STATION,"Observatoire",3,4,8,0.5,43.606301,3.87724
2026-02-28,15:22:45,2026-02-28T15:22:45+01:00,STATION,"Rondelet",0,16,16,0.0,43.603038,3.875796
2026-02-28,15:22:45,2026-02-28T15:22:45+01:00,STATION,"Plan Cabanes",4,8,12,0.3333333333333333,43.608491,3.868389
2026-02-28,15:22:45,2026-02-28T15:22:45+01:00,STATION,"Boutonnet",4,8,12,0.3333333333333333,43.622629,3.868375
2026-02-28,15:22:45,2026-02-28T15:22:45+01:00,STATION,"Emile Combes",4,4,8,0.5,43.616742,3.87998
2026-02-28,15:22:45,2026-02-28T15:22:45+01:00,STATION,"Beaux-Arts",2,14,16,0.125,43.616698,3.884981
2026-02-28,15:22:45,2026-02-28T15:22:45+01:00,STATION,"Les Aubes",3,5,8,0.375,43.618692,3.893844
2026-02-28,15:22:45,2026-02-28T15:22:45+01:00,STATION,"Antigone centre",10,2,12,0.8333333333333334,43.607942,3.890634
2026-02-28,15:22:45,2026-02-28T15:22:45+01:00,STATION,"Médiathèque Emile Zola",8,8,16,0.5,43.608218,3.89314
2026-02-28,15:22:45,2026-02-28T15:22:45+01:00,STATION,"Nombre d Or",11,5,16,0.6875,43.607859,3.886644
2026-02-28,15:22:45,2026-02-28T15:22:45+01:00,STATION,"Louis Blanc",5,11,16,0.3125,43.614642,3.877648
2026-02-28,15:22:45,2026-02-28T15:22:45+01:00,STATION,"Gambetta",2,6,8,0.25,43.607106,3.870693
2026-02-28,15:22:45,2026-02-28T15:22:45+01:00,STATION,"Port Marianne",1,15,16,0.0625,43.60032,3.89851
2026-02-28,15:22:45,2026-02-28T15:22:45+01:00,STATION,"Les Arceaux",2,6,8,0.25,43.612659,3.867734
2026-02-28,15:22:45,2026-02-28T15:22:45+01:00,STATION,"Cité Mion",4,3,8,0.625,43.601143,3.884373
2026-02-28,15:22:45,2026-02-28T15:22:45+01:00,STATION,"Nouveau Saint-Roch",2,6,8,0.25,43.599817,3.875757
2026-02-28,15:22:45,2026-02-28T15:22:45+01:00,STATION,"Renouvier",5,2,8,0.75,43.603553,3.867884
2026-02-28,15:22:45,2026-02-28T15:22:45+01:00,STATION,"Odysseum",0,8,8,0.0,43.603727,3.918979
2026-02-28,15:22:45,2026-02-28T15:22:45+01:00,STATION,"Saint-Denis",0,8,8,0.0,43.605021,3.875065
2026-02-28,15:22:45,2026-02-28T15:22:45+01:00,STATION,"Richter",10,6,16,0.625,43.603424,3.899263
2026-02-28,15:22:45,2026-02-28T15:22:45+01:00,STATION,"Charles Flahault",0,8,8,0.0,43.622038,3.86672
2026-02-28,15:22:45,2026-02-28T15:22:45+01:00,STATION,"Voltaire",6,2,8,0.75,43.603767,3.888659
2026-02-28,15:22:45,2026-02-28T15:22:45+01:00,STATION,"Prés d Arènes",4,4,8,0.5,43.59048,3.884611
2026-02-28,15:22:45,2026-02-28T15:22:45+01:00,STATION,"Garcia Lorca",5,3,8,0.625,43.590757,3.890616
2026-02-28,15:22:45,2026-02-28T15:22:45+01:00,STATION,"Vert Bois",2,14,16,0.125,43.63543,3.871179
2026-02-28,15:22:45,2026-02-28T15:22:45+01:00,STATION,"Malbosc",0,8,8,0.0,43.633679,3.832861
2026-02-28,15:22:45,2026-02-28T15:22:45+01:00,STATION,"Occitanie",17,15,32,0.53125,43.635689,3.849597
2026-02-28,15:22:45,2026-02-28T15:22:45+01:00,STATION,"FacdesSciences",0,24,24,0.0,43.631318,3.861299
2026-02-28,15:22:45,2026-02-28T15:22:45+01:00,STATION,"Fac de Lettres",1,11,12,0.08333333333333333,43.630437,3.869539
2026-02-28,15:22:45,2026-02-28T15:22:45+01:00,STATION,"Aiguelongue",1,6,8,0.25,43.626163,3.882492
2026-02-28,15:22:45,2026-02-28T15:22:45+01:00,STATION,"Jeu de Mail des Abbés",0,8,8,0.0,43.619701,3.883831
2026-02-28,15:22:45,2026-02-28T15:22:45+01:00,STATION,"Euromédecine",0,8,8,0.0,43.639119,3.828199
2026-02-28,15:22:45,2026-02-28T15:22:45+01:00,STATION,"Marie Caizergues",4,4,8,0.5,43.619871,3.873812
2026-02-28,15:22:45,2026-02-28T15:22:45+01:00,STATION,"Sabines",4,4,8,0.5,43.584211,3.860031
2026-02-28,15:22:45,2026-02-28T15:22:45+01:00,STATION,"Celleneuve",4,4,8,0.5,43.61467,3.832624
2026-02-28,15:22:45,2026-02-28T15:22:45+01:00,STATION,"Jardin de la Lironde",7,1,8,0.875,43.60585,3.911576
2026-02-28,15:22:45,2026-02-28T15:22:45+01:00,STATION,"Père Soulas",0,8,8,0.0,43.621983,3.855603
2026-02-28,15:22:45,2026-02-28T15:22:45+01:00,STATION,"Place Viala",9,0,8,1.0,43.616812,3.855075
2026-02-28,15:22:45,2026-02-28T15:22:45+01:00,STATION,"Hôtel du Département",2,6,8,0.25,43.621682,3.83477
2026-02-28,15:22:45,2026-02-28T15:22:45+01:00,STATION,"Tonnelles",8,0,8,1.0,43.615155,3.839466
2026-02-28,15:22:45,2026-02-28T15:22:45+01:00,STATION,"Parvis Jules Ferry - Gare Saint-Roch",8,0,8,1.0,43.603889,3.879362
2026-02-28,15:22:45,2026-02-28T15:22:45+01:00,STATION,"Pont de Lattes - Gare Saint-Roch",1,11,12,0.08333333333333333,43.606036,3.882393
2026-02-28,15:22:45,2026-02-28T15:22:45+01:00,STATION,"Deux Ponts - Gare Saint-Roch",0,8,8,0.0,43.604319,3.880916
2026-02-28,15:22:45,2026-02-28T15:22:45+01:00,STATION,"Providence - Ovalie",3,5,8,0.375,43.588239,3.853421
2026-02-28,15:22:45,2026-02-28T15:22:45+01:00,STATION,"Pérols Etang de l Or",34,34,68,0.5,43.558351,3.963412
2026-02-28,15:22:45,2026-02-28T15:22:45+01:00,STATION,"Albert 1er - Cathédrale",6,6,12,0.5,43.614005,3.873218
2026-02-28,15:22:45,2026-02-28T15:22:45+01:00,STATION,"Saint-Guilhem - Courreau",2,6,8,0.25,43.608996,3.872752
2026-02-28,15:22:45,2026-02-28T15:22:45+01:00,STATION,"Sud De France",3,5,8,0.375,43.59562,3.9235
2026-02-28,15:22:45,2026-02-28T15:22:45+01:00,STATION,"Comedie Baudin",0,8,8,0.0,43.608717,3.880787
2026-02-28,15:22:45,2026-02-28T15:22:45+01:00,STATION,"Jean de Beins",4,12,16,0.25,43.609857,3.883884
2026-02-28,15:48:38,2026-02-28T15:48:38+01:00,STATION,"Rue Jules Ferry - Gare Saint-Roch",2,10,12,0.16666666666666666,43.605366,3.881346
2026-02-28,15:48:38,2026-02-28T15:48:38+01:00,STATION,"Comédie",2,18,20,0.1,43.608148,3.878778
2026-02-28,15:48:38,2026-02-28T15:48:38+01:00,STATION,"Hôtel de Ville",6,9,16,0.4375,43.599088,3.894866
2026-02-28,15:48:38,2026-02-28T15:48:38+01:00,STATION,"Corum",11,1,12,0.9166666666666666,43.613989,3.8816
2026-02-28,15:48:38,2026-02-28T15:48:38+01:00,STATION,"Place Albert 1er - St Charles",9,18,27,0.3333333333333333,43.616768,3.873375
2026-02-28,15:48:38,2026-02-28T15:48:38+01:00,STATION,"Foch",1,7,8,0.125,43.610989,3.873345
2026-02-28,15:48:38,2026-02-28T15:48:38+01:00,STATION,"Halles Castellane",0,12,12,0.0,43.609935,3.877208
2026-02-28,15:48:38,2026-02-28T15:48:38+01:00,STATION,"Observatoire",3,4,8,0.5,43.606301,3.87724
2026-02-28,15:48:38,2026-02-28T15:48:38+01:00,STATION,"Rondelet",0,16,16,0.0,43.603038,3.875796
2026-02-28,15:48:38,2026-02-28T15:48:38+01:00,STATION,"Plan Cabanes",4,8,12,0.3333333333333333,43.608491,3.868389
2026-02-28,15:48:38,2026-02-28T15:48:38+01:00,STATION,"Boutonnet",4,8,12,0.3333333333333333,43.622629,3.868375
2026-02-28,15:48:38,2026-02-28T15:48:38+01:00,STATION,"Emile Combes",4,4,8,0.5,43.616742,3.87998
2026-02-28,15:48:38,2026-02-28T15:48:38+01:00,STATION,"Beaux-Arts",2,14,16,0.125,43.616698,3.884981
2026-02-28,15:48:38,2026-02-28T15:48:38+01:00,STATION,"Les Aubes",3,5,8,0.375,43.618692,3.893844
2026-02-28,15:48:38,2026-02-28T15:48:38+01:00,STATION,"Antigone centre",10,2,12,0.8333333333333334,43.607942,3.890634
2026-02-28,15:48:38,2026-02-28T15:48:38+01:00,STATION,"Médiathèque Emile Zola",8,8,16,0.5,43.608218,3.89314
2026-02-28,15:48:38,2026-02-28T15:48:38+01:00,STATION,"Nombre d Or",11,5,16,0.6875,43.607859,3.886644
2026-02-28,15:48:38,2026-02-28T15:48:38+01:00,STATION,"Louis Blanc",3,13,16,0.1875,43.614642,3.877648
2026-02-28,15:48:38,2026-02-28T15:48:38+01:00,STATION,"Gambetta",1,7,8,0.125,43.607106,3.870693
2026-02-28,15:48:38,2026-02-28T15:48:38+01:00,STATION,"Port Marianne",1,15,16,0.0625,43.60032,3.89851
2026-02-28,15:48:38,2026-02-28T15:48:38+01:00,STATION,"Les Arceaux",2,6,8,0.25,43.612659,3.867734
2026-02-28,15:48:38,2026-02-28T15:48:38+01:00,STATION,"Cité Mion",4,3,8,0.625,43.601143,3.884373
2026-02-28,15:48:38,2026-02-28T15:48:38+01:00,STATION,"Nouveau Saint-Roch",2,6,8,0.25,43.599817,3.875757
2026-02-28,15:48:38,2026-02-28T15:48:38+01:00,STATION,"Renouvier",4,3,8,0.625,43.603553,3.867884
2026-02-28,15:48:38,2026-02-28T15:48:38+01:00,STATION,"Odysseum",0,8,8,0.0,43.603727,3.918979
2026-02-28,15:48:38,2026-02-28T15:48:38+01:00,STATION,"Saint-Denis",0,8,8,0.0,43.605021,3.875065
2026-02-28,15:48:38,2026-02-28T15:48:38+01:00,STATION,"Richter",10,6,16,0.625,43.603424,3.899263
2026-02-28,15:48:38,2026-02-28T15:48:38+01:00,STATION,"Charles Flahault",0,8,8,0.0,43.622038,3.86672
2026-02-28,15:48:38,2026-02-28T15:48:38+01:00,STATION,"Voltaire",3,5,8,0.375,43.603767,3.888659
2026-02-28,15:48:38,2026-02-28T15:48:38+01:00,STATION,"Prés d Arènes",4,4,8,0.5,43.59048,3.884611
2026-02-28,15:48:38,2026-02-28T15:48:38+01:00,STATION,"Garcia Lorca",5,3,8,0.625,43.590757,3.890616
2026-02-28,15:48:38,2026-02-28T15:48:38+01:00,STATION,"Vert Bois",2,14,16,0.125,43.63543,3.871179
2026-02-28,15:48:38,2026-02-28T15:48:38+01:00,STATION,"Malbosc",0,8,8,0.0,43.633679,3.832861
2026-02-28,15:48:38,2026-02-28T15:48:38+01:00,STATION,"Occitanie",17,15,32,0.53125,43.635689,3.849597
2026-02-28,15:48:38,2026-02-28T15:48:38+01:00,STATION,"FacdesSciences",0,24,24,0.0,43.631318,3.861299
2026-02-28,15:48:38,2026-02-28T15:48:38+01:00,STATION,"Fac de Lettres",2,10,12,0.16666666666666666,43.630437,3.869539
2026-02-28,15:48:38,2026-02-28T15:48:38+01:00,STATION,"Aiguelongue",1,6,8,0.25,43.626163,3.882492
2026-02-28,15:48:38,2026-02-28T15:48:38+01:00,STATION,"Jeu de Mail des Abbés",0,8,8,0.0,43.619701,3.883831
2026-02-28,15:48:38,2026-02-28T15:48:38+01:00,STATION,"Euromédecine",0,8,8,0.0,43.639119,3.828199
2026-02-28,15:48:38,2026-02-28T15:48:38+01:00,STATION,"Marie Caizergues",4,4,8,0.5,43.619871,3.873812
2026-02-28,15:48:38,2026-02-28T15:48:38+01:00,STATION,"Sabines",4,4,8,0.5,43.584211,3.860031
2026-02-28,15:48:38,2026-02-28T15:48:38+01:00,STATION,"Celleneuve",4,4,8,0.5,43.61467,3.832624
2026-02-28,15:48:38,2026-02-28T15:48:38+01:00,STATION,"Jardin de la Lironde",7,1,8,0.875,43.60585,3.911576
2026-02-28,15:48:38,2026-02-28T15:48:38+01:00,STATION,"Père Soulas",0,8,8,0.0,43.621983,3.855603
2026-02-28,15:48:38,2026-02-28T15:48:38+01:00,STATION,"Place Viala",9,0,8,1.0,43.616812,3.855075
2026-02-28,15:48:38,2026-02-28T15:48:38+01:00,STATION,"Hôtel du Département",2,6,8,0.25,43.621682,3.83477
2026-02-28,15:48:38,2026-02-28T15:48:38+01:00,STATION,"Tonnelles",8,0,8,1.0,43.615155,3.839466
2026-02-28,15:48:38,2026-02-28T15:48:38+01:00,STATION,"Parvis Jules Ferry - Gare Saint-Roch",8,0,8,1.0,43.603889,3.879362
2026-02-28,15:48:38,2026-02-28T15:48:38+01:00,STATION,"Pont de Lattes - Gare Saint-Roch",1,11,12,0.08333333333333333,43.606036,3.882393
2026-02-28,15:48:38,2026-02-28T15:48:38+01:00,STATION,"Deux Ponts - Gare Saint-Roch",0,8,8,0.0,43.604319,3.880916
2026-02-28,15:48:38,2026-02-28T15:48:38+01:00,STATION,"Providence - Ovalie",3,5,8,0.375,43.588239,3.853421
2026-02-28,15:48:38,2026-02-28T15:48:38+01:00,STATION,"Pérols Etang de l Or",34,34,68,0.5,43.558351,3.963412
2026-02-28,15:48:38,2026-02-28T15:48:38+01:00,STATION,"Albert 1er - Cathédrale",6,6,12,0.5,43.614005,3.873218
2026-02-28,15:48:38,2026-02-28T15:48:38+01:00,STATION,"Saint-Guilhem - Courreau",2,6,8,0.25,43.608996,3.872752
2026-02-28,15:48:38,2026-02-28T15:48:38+01:00,STATION,"Sud De France",3,5,8,0.375,43.59562,3.9235
2026-02-28,15:48:38,2026-02-28T15:48:38+01:00,STATION,"Comedie Baudin",0,8,8,0.0,43.608717,3.880787
2026-02-28,15:48:38,2026-02-28T15:48:38+01:00,STATION,"Jean de Beins",2,14,16,0.125,43.609857,3.883884
2026-02-28,16:23:00,2026-02-28T16:23:00+01:00,STATION,"Rue Jules Ferry - Gare Saint-Roch",2,10,12,0.16666666666666666,43.605366,3.881346
2026-02-28,16:23:00,2026-02-28T16:23:00+01:00,STATION,"Comédie",2,18,20,0.1,43.608148,3.878778
2026-02-28,16:23:00,2026-02-28T16:23:00+01:00,STATION,"Hôtel de Ville",6,9,16,0.4375,43.599088,3.894866
2026-02-28,16:23:00,2026-02-28T16:23:00+01:00,STATION,"Corum",11,1,12,0.9166666666666666,43.613989,3.8816
2026-02-28,16:23:00,2026-02-28T16:23:00+01:00,STATION,"Place Albert 1er - St Charles",9,18,27,0.3333333333333333,43.616768,3.873375
2026-02-28,16:23:00,2026-02-28T16:23:00+01:00,STATION,"Foch",1,7,8,0.125,43.610989,3.873345
2026-02-28,16:23:00,2026-02-28T16:23:00+01:00,STATION,"Halles Castellane",0,12,12,0.0,43.609935,3.877208
2026-02-28,16:23:00,2026-02-28T16:23:00+01:00,STATION,"Observatoire",3,4,8,0.5,43.606301,3.87724
2026-02-28,16:23:00,2026-02-28T16:23:00+01:00,STATION,"Rondelet",0,16,16,0.0,43.603038,3.875796
2026-02-28,16:23:00,2026-02-28T16:23:00+01:00,STATION,"Plan Cabanes",3,9,12,0.25,43.608491,3.868389
2026-02-28,16:23:00,2026-02-28T16:23:00+01:00,STATION,"Boutonnet",4,8,12,0.3333333333333333,43.622629,3.868375
2026-02-28,16:23:00,2026-02-28T16:23:00+01:00,STATION,"Emile Combes",4,4,8,0.5,43.616742,3.87998
2026-02-28,16:23:00,2026-02-28T16:23:00+01:00,STATION,"Beaux-Arts",2,14,16,0.125,43.616698,3.884981
2026-02-28,16:23:00,2026-02-28T16:23:00+01:00,STATION,"Les Aubes",2,6,8,0.25,43.618692,3.893844
2026-02-28,16:23:00,2026-02-28T16:23:00+01:00,STATION,"Antigone centre",10,2,12,0.8333333333333334,43.607942,3.890634
2026-02-28,16:23:00,2026-02-28T16:23:00+01:00,STATION,"Médiathèque Emile Zola",6,10,16,0.375,43.608218,3.89314
2026-02-28,16:23:00,2026-02-28T16:23:00+01:00,STATION,"Nombre d Or",11,5,16,0.6875,43.607859,3.886644
2026-02-28,16:23:00,2026-02-28T16:23:00+01:00,STATION,"Louis Blanc",3,13,16,0.1875,43.614642,3.877648
2026-02-28,16:23:00,2026-02-28T16:23:00+01:00,STATION,"Gambetta",1,7,8,0.125,43.607106,3.870693
2026-02-28,16:23:00,2026-02-28T16:23:00+01:00,STATION,"Port Marianne",1,15,16,0.0625,43.60032,3.89851
2026-02-28,16:23:00,2026-02-28T16:23:00+01:00,STATION,"Les Arceaux",2,6,8,0.25,43.612659,3.867734
2026-02-28,16:23:00,2026-02-28T16:23:00+01:00,STATION,"Cité Mion",4,3,8,0.625,43.601143,3.884373
2026-02-28,16:23:00,2026-02-28T16:23:00+01:00,STATION,"Nouveau Saint-Roch",2,6,8,0.25,43.599817,3.875757
2026-02-28,16:23:00,2026-02-28T16:23:00+01:00,STATION,"Renouvier",4,3,8,0.625,43.603553,3.867884
2026-02-28,16:23:00,2026-02-28T16:23:00+01:00,STATION,"Odysseum",0,8,8,0.0,43.603727,3.918979
2026-02-28,16:23:00,2026-02-28T16:23:00+01:00,STATION,"Saint-Denis",0,8,8,0.0,43.605021,3.875065
2026-02-28,16:23:00,2026-02-28T16:23:00+01:00,STATION,"Richter",11,5,16,0.6875,43.603424,3.899263
2026-02-28,16:23:00,2026-02-28T16:23:00+01:00,STATION,"Charles Flahault",0,8,8,0.0,43.622038,3.86672
2026-02-28,16:23:00,2026-02-28T16:23:00+01:00,STATION,"Voltaire",5,3,8,0.625,43.603767,3.888659
2026-02-28,16:23:00,2026-02-28T16:23:00+01:00,STATION,"Prés d Arènes",4,4,8,0.5,43.59048,3.884611
2026-02-28,16:23:00,2026-02-28T16:23:00+01:00,STATION,"Garcia Lorca",5,3,8,0.625,43.590757,3.890616
2026-02-28,16:23:00,2026-02-28T16:23:00+01:00,STATION,"Vert Bois",2,14,16,0.125,43.63543,3.871179
2026-02-28,16:23:00,2026-02-28T16:23:00+01:00,STATION,"Malbosc",0,8,8,0.0,43.633679,3.832861
2026-02-28,16:23:00,2026-02-28T16:23:00+01:00,STATION,"Occitanie",17,15,32,0.53125,43.635689,3.849597
2026-02-28,16:23:00,2026-02-28T16:23:00+01:00,STATION,"FacdesSciences",0,24,24,0.0,43.631318,3.861299
2026-02-28,16:23:00,2026-02-28T16:23:00+01:00,STATION,"Fac de Lettres",2,10,12,0.16666666666666666,43.630437,3.869539
2026-02-28,16:23:00,2026-02-28T16:23:00+01:00,STATION,"Aiguelongue",1,6,8,0.25,43.626163,3.882492
2026-02-28,16:23:00,2026-02-28T16:23:00+01:00,STATION,"Jeu de Mail des Abbés",0,8,8,0.0,43.619701,3.883831
2026-02-28,16:23:00,2026-02-28T16:23:00+01:00,STATION,"Euromédecine",0,8,8,0.0,43.639119,3.828199
2026-02-28,16:23:00,2026-02-28T16:23:00+01:00,STATION,"Marie Caizergues",4,4,8,0.5,43.619871,3.873812
2026-02-28,16:23:00,2026-02-28T16:23:00+01:00,STATION,"Sabines",4,4,8,0.5,43.584211,3.860031
2026-02-28,16:23:00,2026-02-28T16:23:00+01:00,STATION,"Celleneuve",4,4,8,0.5,43.61467,3.832624
2026-02-28,16:23:00,2026-02-28T16:23:00+01:00,STATION,"Jardin de la Lironde",7,1,8,0.875,43.60585,3.911576
2026-02-28,16:23:00,2026-02-28T16:23:00+01:00,STATION,"Père Soulas",0,8,8,0.0,43.621983,3.855603
2026-02-28,16:23:00,2026-02-28T16:23:00+01:00,STATION,"Place Viala",9,0,8,1.0,43.616812,3.855075
2026-02-28,16:23:00,2026-02-28T16:23:00+01:00,STATION,"Hôtel du Département",2,6,8,0.25,43.621682,3.83477
2026-02-28,16:23:00,2026-02-28T16:23:00+01:00,STATION,"Tonnelles",8,0,8,1.0,43.615155,3.839466
2026-02-28,16:23:00,2026-02-28T16:23:00+01:00,STATION,"Parvis Jules Ferry - Gare Saint-Roch",8,0,8,1.0,43.603889,3.879362
2026-02-28,16:23:00,2026-02-28T16:23:00+01:00,STATION,"Pont de Lattes - Gare Saint-Roch",1,11,12,0.08333333333333333,43.606036,3.882393
2026-02-28,16:23:00,2026-02-28T16:23:00+01:00,STATION,"Deux Ponts - Gare Saint-Roch",0,8,8,0.0,43.604319,3.880916
2026-02-28,16:23:00,2026-02-28T16:23:00+01:00,STATION,"Providence - Ovalie",3,5,8,0.375,43.588239,3.853421
2026-02-28,16:23:00,2026-02-28T16:23:00+01:00,STATION,"Pérols Etang de l Or",30,38,68,0.4411764705882353,43.558351,3.963412
2026-02-28,16:23:00,2026-02-28T16:23:00+01:00,STATION,"Albert 1er - Cathédrale",6,6,12,0.5,43.614005,3.873218
2026-02-28,16:23:00,2026-02-28T16:23:00+01:00,STATION,"Saint-Guilhem - Courreau",2,6,8,0.25,43.608996,3.872752
2026-02-28,16:23:00,2026-02-28T16:23:00+01:00,STATION,"Sud De France",3,5,8,0.375,43.59562,3.9235
2026-02-28,16:23:00,2026-02-28T16:23:00+01:00,STATION,"Comedie Baudin",0,8,8,0.0,43.608717,3.880787
2026-02-28,16:23:00,2026-02-28T16:23:00+01:00,STATION,"Jean de Beins",5,11,16,0.3125,43.609857,3.883884
2026-02-28,16:45:25,2026-02-28T16:45:25+01:00,STATION,"Rue Jules Ferry - Gare Saint-Roch",2,10,12,0.16666666666666666,43.605366,3.881346
2026-02-28,16:45:25,2026-02-28T16:45:25+01:00,STATION,"Comédie",1,19,20,0.05,43.608148,3.878778
2026-02-28,16:45:25,2026-02-28T16:45:25+01:00,STATION,"Hôtel de Ville",3,12,16,0.25,43.599088,3.894866
2026-02-28,16:45:25,2026-02-28T16:45:25+01:00,STATION,"Corum",11,1,12,0.9166666666666666,43.613989,3.8816
2026-02-28,16:45:25,2026-02-28T16:45:25+01:00,STATION,"Place Albert 1er - St Charles",9,18,27,0.3333333333333333,43.616768,3.873375
2026-02-28,16:45:25,2026-02-28T16:45:25+01:00,STATION,"Foch",1,7,8,0.125,43.610989,3.873345
2026-02-28,16:45:25,2026-02-28T16:45:25+01:00,STATION,"Halles Castellane",0,12,12,0.0,43.609935,3.877208
2026-02-28,16:45:25,2026-02-28T16:45:25+01:00,STATION,"Observatoire",3,4,8,0.5,43.606301,3.87724
2026-02-28,16:45:25,2026-02-28T16:45:25+01:00,STATION,"Rondelet",0,16,16,0.0,43.603038,3.875796
2026-02-28,16:45:25,2026-02-28T16:45:25+01:00,STATION,"Plan Cabanes",3,9,12,0.25,43.608491,3.868389
2026-02-28,16:45:25,2026-02-28T16:45:25+01:00,STATION,"Boutonnet",4,8,12,0.3333333333333333,43.622629,3.868375
2026-02-28,16:45:25,2026-02-28T16:45:25+01:00,STATION,"Emile Combes",4,4,8,0.5,43.616742,3.87998
2026-02-28,16:45:25,2026-02-28T16:45:25+01:00,STATION,"Beaux-Arts",2,14,16,0.125,43.616698,3.884981
2026-02-28,16:45:25,2026-02-28T16:45:25+01:00,STATION,"Les Aubes",2,6,8,0.25,43.618692,3.893844
2026-02-28,16:45:25,2026-02-28T16:45:25+01:00,STATION,"Antigone centre",10,2,12,0.8333333333333334,43.607942,3.890634
2026-02-28,16:45:25,2026-02-28T16:45:25+01:00,STATION,"Médiathèque Emile Zola",6,10,16,0.375,43.608218,3.89314
2026-02-28,16:45:25,2026-02-28T16:45:25+01:00,STATION,"Nombre d Or",11,5,16,0.6875,43.607859,3.886644
2026-02-28,16:45:25,2026-02-28T16:45:25+01:00,STATION,"Louis Blanc",4,12,16,0.25,43.614642,3.877648
2026-02-28,16:45:25,2026-02-28T16:45:25+01:00,STATION,"Gambetta",1,7,8,0.125,43.607106,3.870693
2026-02-28,16:45:25,2026-02-28T16:45:25+01:00,STATION,"Port Marianne",1,15,16,0.0625,43.60032,3.89851
2026-02-28,16:45:25,2026-02-28T16:45:25+01:00,STATION,"Les Arceaux",1,7,8,0.125,43.612659,3.867734
2026-02-28,16:45:25,2026-02-28T16:45:25+01:00,STATION,"Cité Mion",4,3,8,0.625,43.601143,3.884373
2026-02-28,16:45:25,2026-02-28T16:45:25+01:00,STATION,"Nouveau Saint-Roch",2,6,8,0.25,43.599817,3.875757
2026-02-28,16:45:25,2026-02-28T16:45:25+01:00,STATION,"Renouvier",4,3,8,0.625,43.603553,3.867884
2026-02-28,16:45:25,2026-02-28T16:45:25+01:00,STATION,"Odysseum",0,8,8,0.0,43.603727,3.918979
2026-02-28,16:45:25,2026-02-28T16:45:25+01:00,STATION,"Saint-Denis",0,8,8,0.0,43.605021,3.875065
2026-02-28,16:45:25,2026-02-28T16:45:25+01:00,STATION,"Richter",11,5,16,0.6875,43.603424,3.899263
2026-02-28,16:45:25,2026-02-28T16:45:25+01:00,STATION,"Charles Flahault",0,8,8,0.0,43.622038,3.86672
2026-02-28,16:45:25,2026-02-28T16:45:25+01:00,STATION,"Voltaire",5,3,8,0.625,43.603767,3.888659
2026-02-28,16:45:25,2026-02-28T16:45:25+01:00,STATION,"Prés d Arènes",4,4,8,0.5,43.59048,3.884611
2026-02-28,16:45:25,2026-02-28T16:45:25+01:00,STATION,"Garcia Lorca",5,3,8,0.625,43.590757,3.890616
2026-02-28,16:45:25,2026-02-28T16:45:25+01:00,STATION,"Vert Bois",2,14,16,0.125,43.63543,3.871179
2026-02-28,16:45:25,2026-02-28T16:45:25+01:00,STATION,"Malbosc",0,8,8,0.0,43.633679,3.832861
2026-02-28,16:45:25,2026-02-28T16:45:25+01:00,STATION,"Occitanie",17,15,32,0.53125,43.635689,3.849597
2026-02-28,16:45:25,2026-02-28T16:45:25+01:00,STATION,"FacdesSciences",0,24,24,0.0,43.631318,3.861299
2026-02-28,16:45:25,2026-02-28T16:45:25+01:00,STATION,"Fac de Lettres",2,10,12,0.16666666666666666,43.630437,3.869539
2026-02-28,16:45:25,2026-02-28T16:45:25+01:00,STATION,"Aiguelongue",1,6,8,0.25,43.626163,3.882492
2026-02-28,16:45:25,2026-02-28T16:45:25+01:00,STATION,"Jeu de Mail des Abbés",0,8,8,0.0,43.619701,3.883831
2026-02-28,16:45:25,2026-02-28T16:45:25+01:00,STATION,"Euromédecine",0,8,8,0.0,43.639119,3.828199
2026-02-28,16:45:25,2026-02-28T16:45:25+01:00,STATION,"Marie Caizergues",4,4,8,0.5,43.619871,3.873812
2026-02-28,16:45:25,2026-02-28T16:45:25+01:00,STATION,"Sabines",4,4,8,0.5,43.584211,3.860031
2026-02-28,16:45:25,2026-02-28T16:45:25+01:00,STATION,"Celleneuve",4,4,8,0.5,43.61467,3.832624
2026-02-28,16:45:25,2026-02-28T16:45:25+01:00,STATION,"Jardin de la Lironde",7,1,8,0.875,43.60585,3.911576
2026-02-28,16:45:25,2026-02-28T16:45:25+01:00,STATION,"Père Soulas",0,8,8,0.0,43.621983,3.855603
2026-02-28,16:45:25,2026-02-28T16:45:25+01:00,STATION,"Place Viala",9,0,8,1.0,43.616812,3.855075
2026-02-28,16:45:25,2026-02-28T16:45:25+01:00,STATION,"Hôtel du Département",2,6,8,0.25,43.621682,3.83477
2026-02-28,16:45:25,2026-02-28T16:45:25+01:00,STATION,"Tonnelles",8,0,8,1.0,43.615155,3.839466
2026-02-28,16:45:25,2026-02-28T16:45:25+01:00,STATION,"Parvis Jules Ferry - Gare Saint-Roch",8,0,8,1.0,43.603889,3.879362
2026-02-28,16:45:25,2026-02-28T16:45:25+01:00,STATION,"Pont de Lattes - Gare Saint-Roch",1,11,12,0.08333333333333333,43.606036,3.882393
2026-02-28,16:45:25,2026-02-28T16:45:25+01:00,STATION,"Deux Ponts - Gare Saint-Roch",0,8,8,0.0,43.604319,3.880916
2026-02-28,16:45:25,2026-02-28T16:45:25+01:00,STATION,"Providence - Ovalie",5,3,8,0.625,43.588239,3.853421
2026-02-28,16:45:25,2026-02-28T16:45:25+01:00,STATION,"Pérols Etang de l Or",31,37,68,0.45588235294117646,43.558351,3.963412
2026-02-28,16:45:25,2026-02-28T16:45:25+01:00,STATION,"Albert 1er - Cathédrale",6,6,12,0.5,43.614005,3.873218
2026-02-28,16:45:25,2026-02-28T16:45:25+01:00,STATION,"Saint-Guilhem - Courreau",1,7,8,0.125,43.608996,3.872752
2026-02-28,16:45:25,2026-02-28T16:45:25+01:00,STATION,"Sud De France",3,5,8,0.375,43.59562,3.9235
2026-02-28,16:45:25,2026-02-28T16:45:25+01:00,STATION,"Comedie Baudin",0,8,8,0.0,43.608717,3.880787
2026-02-28,16:45:25,2026-02-28T16:45:25+01:00,STATION,"Jean de Beins",5,11,16,0.3125,43.609857,3.883884
2026-02-28,17:27:31,2026-02-28T17:27:31+01:00,STATION,"Rue Jules Ferry - Gare Saint-Roch",2,10,12,0.16666666666666666,43.605366,3.881346
2026-02-28,17:27:31,2026-02-28T17:27:31+01:00,STATION,"Comédie",1,19,20,0.05,43.608148,3.878778
2026-02-28,17:27:31,2026-02-28T17:27:31+01:00,STATION,"Hôtel de Ville",2,13,16,0.1875,43.599088,3.894866
2026-02-28,17:27:31,2026-02-28T17:27:31+01:00,STATION,"Corum",11,1,12,0.9166666666666666,43.613989,3.8816
2026-02-28,17:27:31,2026-02-28T17:27:31+01:00,STATION,"Place Albert 1er - St Charles",9,18,27,0.3333333333333333,43.616768,3.873375
2026-02-28,17:27:31,2026-02-28T17:27:31+01:00,STATION,"Foch",1,7,8,0.125,43.610989,3.873345
2026-02-28,17:27:31,2026-02-28T17:27:31+01:00,STATION,"Halles Castellane",0,12,12,0.0,43.609935,3.877208
2026-02-28,17:27:31,2026-02-28T17:27:31+01:00,STATION,"Observatoire",3,4,8,0.5,43.606301,3.87724
2026-02-28,17:27:31,2026-02-28T17:27:31+01:00,STATION,"Rondelet",0,16,16,0.0,43.603038,3.875796
2026-02-28,17:27:31,2026-02-28T17:27:31+01:00,STATION,"Plan Cabanes",2,10,12,0.16666666666666666,43.608491,3.868389
2026-02-28,17:27:31,2026-02-28T17:27:31+01:00,STATION,"Boutonnet",4,8,12,0.3333333333333333,43.622629,3.868375
2026-02-28,17:27:31,2026-02-28T17:27:31+01:00,STATION,"Emile Combes",4,4,8,0.5,43.616742,3.87998
2026-02-28,17:27:31,2026-02-28T17:27:31+01:00,STATION,"Beaux-Arts",5,11,16,0.3125,43.616698,3.884981
2026-02-28,17:27:31,2026-02-28T17:27:31+01:00,STATION,"Les Aubes",3,5,8,0.375,43.618692,3.893844
2026-02-28,17:27:31,2026-02-28T17:27:31+01:00,STATION,"Antigone centre",10,2,12,0.8333333333333334,43.607942,3.890634
2026-02-28,17:27:31,2026-02-28T17:27:31+01:00,STATION,"Médiathèque Emile Zola",6,10,16,0.375,43.608218,3.89314
2026-02-28,17:27:31,2026-02-28T17:27:31+01:00,STATION,"Nombre d Or",11,5,16,0.6875,43.607859,3.886644
2026-02-28,17:27:31,2026-02-28T17:27:31+01:00,STATION,"Louis Blanc",4,12,16,0.25,43.614642,3.877648
2026-02-28,17:27:31,2026-02-28T17:27:31+01:00,STATION,"Gambetta",0,8,8,0.0,43.607106,3.870693
2026-02-28,17:27:31,2026-02-28T17:27:31+01:00,STATION,"Port Marianne",0,16,16,0.0,43.60032,3.89851
2026-02-28,17:27:31,2026-02-28T17:27:31+01:00,STATION,"Les Arceaux",1,7,8,0.125,43.612659,3.867734
2026-02-28,17:27:31,2026-02-28T17:27:31+01:00,STATION,"Cité Mion",4,3,8,0.625,43.601143,3.884373
2026-02-28,17:27:31,2026-02-28T17:27:31+01:00,STATION,"Nouveau Saint-Roch",2,6,8,0.25,43.599817,3.875757
2026-02-28,17:27:31,2026-02-28T17:27:31+01:00,STATION,"Renouvier",4,3,8,0.625,43.603553,3.867884
2026-02-28,17:27:31,2026-02-28T17:27:31+01:00,STATION,"Odysseum",0,8,8,0.0,43.603727,3.918979
2026-02-28,17:27:31,2026-02-28T17:27:31+01:00,STATION,"Saint-Denis",0,8,8,0.0,43.605021,3.875065
2026-02-28,17:27:31,2026-02-28T17:27:31+01:00,STATION,"Richter",11,5,16,0.6875,43.603424,3.899263
2026-02-28,17:27:31,2026-02-28T17:27:31+01:00,STATION,"Charles Flahault",0,8,8,0.0,43.622038,3.86672
2026-02-28,17:27:31,2026-02-28T17:27:31+01:00,STATION,"Voltaire",5,3,8,0.625,43.603767,3.888659
2026-02-28,17:27:31,2026-02-28T17:27:31+01:00,STATION,"Prés d Arènes",4,4,8,0.5,43.59048,3.884611
2026-02-28,17:27:31,2026-02-28T17:27:31+01:00,STATION,"Garcia Lorca",5,3,8,0.625,43.590757,3.890616
2026-02-28,17:27:31,2026-02-28T17:27:31+01:00,STATION,"Vert Bois",3,13,16,0.1875,43.63543,3.871179
2026-02-28,17:27:31,2026-02-28T17:27:31+01:00,STATION,"Malbosc",0,8,8,0.0,43.633679,3.832861
2026-02-28,17:27:31,2026-02-28T17:27:31+01:00,STATION,"Occitanie",17,15,32,0.53125,43.635689,3.849597
2026-02-28,17:27:31,2026-02-28T17:27:31+01:00,STATION,"FacdesSciences",0,24,24,0.0,43.631318,3.861299
2026-02-28,17:27:31,2026-02-28T17:27:31+01:00,STATION,"Fac de Lettres",2,10,12,0.16666666666666666,43.630437,3.869539
2026-02-28,17:27:31,2026-02-28T17:27:31+01:00,STATION,"Aiguelongue",1,6,8,0.25,43.626163,3.882492
2026-02-28,17:27:31,2026-02-28T17:27:31+01:00,STATION,"Jeu de Mail des Abbés",0,8,8,0.0,43.619701,3.883831
2026-02-28,17:27:31,2026-02-28T17:27:31+01:00,STATION,"Euromédecine",0,8,8,0.0,43.639119,3.828199
2026-02-28,17:27:31,2026-02-28T17:27:31+01:00,STATION,"Marie Caizergues",3,5,8,0.375,43.619871,3.873812
2026-02-28,17:27:31,2026-02-28T17:27:31+01:00,STATION,"Sabines",4,4,8,0.5,43.584211,3.860031
2026-02-28,17:27:31,2026-02-28T17:27:31+01:00,STATION,"Celleneuve",4,4,8,0.5,43.61467,3.832624
2026-02-28,17:27:31,2026-02-28T17:27:31+01:00,STATION,"Jardin de la Lironde",7,1,8,0.875,43.60585,3.911576
2026-02-28,17:27:31,2026-02-28T17:27:31+01:00,STATION,"Père Soulas",0,8,8,0.0,43.621983,3.855603
2026-02-28,17:27:31,2026-02-28T17:27:31+01:00,STATION,"Place Viala",9,0,8,1.0,43.616812,3.855075
2026-02-28,17:27:31,2026-02-28T17:27:31+01:00,STATION,"Hôtel du Département",2,6,8,0.25,43.621682,3.83477
2026-02-28,17:27:31,2026-02-28T17:27:31+01:00,STATION,"Tonnelles",8,0,8,1.0,43.615155,3.839466
2026-02-28,17:27:31,2026-02-28T17:27:31+01:00,STATION,"Parvis Jules Ferry - Gare Saint-Roch",8,0,8,1.0,43.603889,3.879362
2026-02-28,17:27:31,2026-02-28T17:27:31+01:00,STATION,"Pont de Lattes - Gare Saint-Roch",1,11,12,0.08333333333333333,43.606036,3.882393
2026-02-28,17:27:31,2026-02-28T17:27:31+01:00,STATION,"Deux Ponts - Gare Saint-Roch",0,8,8,0.0,43.604319,3.880916
2026-02-28,17:27:31,2026-02-28T17:27:31+01:00,STATION,"Providence - Ovalie",5,3,8,0.625,43.588239,3.853421
2026-02-28,17:27:31,2026-02-28T17:27:31+01:00,STATION,"Pérols Etang de l Or",35,33,68,0.5147058823529411,43.558351,3.963412
2026-02-28,17:27:31,2026-02-28T17:27:31+01:00,STATION,"Albert 1er - Cathédrale",6,6,12,0.5,43.614005,3.873218
2026-02-28,17:27:31,2026-02-28T17:27:31+01:00,STATION,"Saint-Guilhem - Courreau",1,7,8,0.125,43.608996,3.872752
2026-02-28,17:27:31,2026-02-28T17:27:31+01:00,STATION,"Sud De France",3,5,8,0.375,43.59562,3.9235
2026-02-28,17:27:31,2026-02-28T17:27:31+01:00,STATION,"Comedie Baudin",0,8,8,0.0,43.608717,3.880787
2026-02-28,17:27:31,2026-02-28T17:27:31+01:00,STATION,"Jean de Beins",5,11,16,0.3125,43.609857,3.883884
