date,heure,timestamp,type,nom,velos_dispo,bornes_libres,total,taux_occupation_places,lat,lon
2026-01-27,00:22:22,2026-01-27T00:22:22+01:00,STATION,"Rue Jules Ferry - Gare Saint-Roch",8,4,12,0.6666666666666666,43.605366,3.881346
2026-01-27,00:22:22,2026-01-27T00:22:22+01:00,STATION,"Comédie",8,12,20,0.4,43.608148,3.878778
2026-01-27,00:22:22,2026-01-27T00:22:22+01:00,STATION,"Hôtel de Ville",3,12,16,0.25,43.599088,3.894866
2026-01-27,00:22:22,2026-01-27T00:22:22+01:00,STATION,"Corum",10,2,12,0.8333333333333334,43.613989,3.8816
2026-01-27,00:22:22,2026-01-27T00:22:22+01:00,STATION,"Place Albert 1er - St Charles",15,12,27,0.5555555555555556,43.616768,3.873375
2026-01-27,00:22:22,2026-01-27T00:22:22+01:00,STATION,"Foch",1,3,8,0.625,43.610989,3.873345
2026-01-27,00:22:22,2026-01-27T00:22:22+01:00,STATION,"Halles Castellane",0,12,12,0.0,43.609935,3.877208
2026-01-27,00:22:22,2026-01-27T00:22:22+01:00,STATION,"Observatoire",4,3,8,0.625,43.606301,3.87724
2026-01-27,00:22:22,2026-01-27T00:22:22+01:00,STATION,"Rondelet",5,11,16,0.3125,43.603038,3.875796
2026-01-27,00:22:22,2026-01-27T00:22:22+01:00,STATION,"Plan Cabanes",4,8,12,0.3333333333333333,43.608491,3.868389
2026-01-27,00:22:22,2026-01-27T00:22:22+01:00,STATION,"Boutonnet",5,7,12,0.4166666666666667,43.622629,3.868375
2026-01-27,00:22:22,2026-01-27T00:22:22+01:00,STATION,"Emile Combes",4,4,8,0.5,43.616742,3.87998
2026-01-27,00:22:22,2026-01-27T00:22:22+01:00,STATION,"Beaux-Arts",10,6,16,0.625,43.616698,3.884981
2026-01-27,00:22:22,2026-01-27T00:22:22+01:00,STATION,"Les Aubes",5,3,8,0.625,43.618692,3.893844
2026-01-27,00:22:22,2026-01-27T00:22:22+01:00,STATION,"Antigone centre",7,5,12,0.5833333333333334,43.607942,3.890634
2026-01-27,00:22:22,2026-01-27T00:22:22+01:00,STATION,"Médiathèque Emile Zola",7,9,16,0.4375,43.608218,3.89314
2026-01-27,00:22:22,2026-01-27T00:22:22+01:00,STATION,"Nombre d Or",5,11,16,0.3125,43.607859,3.886644
2026-01-27,00:22:22,2026-01-27T00:22:22+01:00,STATION,"Louis Blanc",8,8,16,0.5,43.614642,3.877648
2026-01-27,00:22:22,2026-01-27T00:22:22+01:00,STATION,"Gambetta",4,4,8,0.5,43.607106,3.870693
2026-01-27,00:22:22,2026-01-27T00:22:22+01:00,STATION,"Port Marianne",13,3,16,0.8125,43.60032,3.89851
2026-01-27,00:22:22,2026-01-27T00:22:22+01:00,STATION,"Les Arceaux",4,4,8,0.5,43.612659,3.867734
2026-01-27,00:22:22,2026-01-27T00:22:22+01:00,STATION,"Cité Mion",4,3,8,0.625,43.601143,3.884373
2026-01-27,00:22:22,2026-01-27T00:22:22+01:00,STATION,"Nouveau Saint-Roch",3,5,8,0.375,43.599817,3.875757
2026-01-27,00:22:22,2026-01-27T00:22:22+01:00,STATION,"Renouvier",3,4,8,0.5,43.603553,3.867884
2026-01-27,00:22:22,2026-01-27T00:22:22+01:00,STATION,"Odysseum",0,8,8,0.0,43.603727,3.918979
2026-01-27,00:22:22,2026-01-27T00:22:22+01:00,STATION,"Saint-Denis",0,8,8,0.0,43.605021,3.875065
2026-01-27,00:22:22,2026-01-27T00:22:22+01:00,STATION,"Richter",14,2,16,0.875,43.603424,3.899263
2026-01-27,00:22:22,2026-01-27T00:22:22+01:00,STATION,"Charles Flahault",1,7,8,0.125,43.622038,3.86672
2026-01-27,00:22:22,2026-01-27T00:22:22+01:00,STATION,"Voltaire",6,2,8,0.75,43.603767,3.888659
2026-01-27,00:22:22,2026-01-27T00:22:22+01:00,STATION,"Prés d Arènes",4,4,8,0.5,43.59048,3.884611
2026-01-27,00:22:22,2026-01-27T00:22:22+01:00,STATION,"Garcia Lorca",4,4,8,0.5,43.590757,3.890616
2026-01-27,00:22:22,2026-01-27T00:22:22+01:00,STATION,"Vert Bois",11,5,16,0.6875,43.63543,3.871179
2026-01-27,00:22:22,2026-01-27T00:22:22+01:00,STATION,"Malbosc",2,6,8,0.25,43.633679,3.832861
2026-01-27,00:22:22,2026-01-27T00:22:22+01:00,STATION,"Occitanie",3,29,32,0.09375,43.635689,3.849597
2026-01-27,00:22:22,2026-01-27T00:22:22+01:00,STATION,"FacdesSciences",12,12,24,0.5,43.631318,3.861299
2026-01-27,00:22:22,2026-01-27T00:22:22+01:00,STATION,"Fac de Lettres",2,10,12,0.16666666666666666,43.630437,3.869539
2026-01-27,00:22:22,2026-01-27T00:22:22+01:00,STATION,"Aiguelongue",3,4,8,0.5,43.626163,3.882492
2026-01-27,00:22:22,2026-01-27T00:22:22+01:00,STATION,"Jeu de Mail des Abbés",2,6,8,0.25,43.619701,3.883831
2026-01-27,00:22:22,2026-01-27T00:22:22+01:00,STATION,"Euromédecine",2,6,8,0.25,43.639119,3.828199
2026-01-27,00:22:22,2026-01-27T00:22:22+01:00,STATION,"Marie Caizergues",3,5,8,0.375,43.619871,3.873812
2026-01-27,00:22:22,2026-01-27T00:22:22+01:00,STATION,"Sabines",1,7,8,0.125,43.584211,3.860031
2026-01-27,00:22:22,2026-01-27T00:22:22+01:00,STATION,"Celleneuve",5,3,8,0.625,43.61467,3.832624
2026-01-27,00:22:22,2026-01-27T00:22:22+01:00,STATION,"Jardin de la Lironde",7,1,8,0.875,43.60585,3.911576
2026-01-27,00:22:22,2026-01-27T00:22:22+01:00,STATION,"Père Soulas",6,2,8,0.75,43.621983,3.855603
2026-01-27,00:22:22,2026-01-27T00:22:22+01:00,STATION,"Place Viala",5,2,8,0.75,43.616812,3.855075
2026-01-27,00:22:22,2026-01-27T00:22:22+01:00,STATION,"Hôtel du Département",3,5,8,0.375,43.621682,3.83477
2026-01-27,00:22:22,2026-01-27T00:22:22+01:00,STATION,"Tonnelles",1,7,8,0.125,43.615155,3.839466
2026-01-27,00:22:22,2026-01-27T00:22:22+01:00,STATION,"Parvis Jules Ferry - Gare Saint-Roch",4,4,8,0.5,43.603889,3.879362
2026-01-27,00:22:22,2026-01-27T00:22:22+01:00,STATION,"Pont de Lattes - Gare Saint-Roch",4,8,12,0.3333333333333333,43.606036,3.882393
2026-01-27,00:22:22,2026-01-27T00:22:22+01:00,STATION,"Deux Ponts - Gare Saint-Roch",0,8,8,0.0,43.604319,3.880916
2026-01-27,00:22:22,2026-01-27T00:22:22+01:00,STATION,"Providence - Ovalie",1,7,8,0.125,43.588239,3.853421
2026-01-27,00:22:22,2026-01-27T00:22:22+01:00,STATION,"Pérols Etang de l Or",41,27,68,0.6029411764705882,43.558351,3.963412
2026-01-27,00:22:22,2026-01-27T00:22:22+01:00,STATION,"Albert 1er - Cathédrale",3,8,12,0.3333333333333333,43.614005,3.873218
2026-01-27,00:22:22,2026-01-27T00:22:22+01:00,STATION,"Saint-Guilhem - Courreau",4,4,8,0.5,43.608996,3.872752
2026-01-27,00:22:22,2026-01-27T00:22:22+01:00,STATION,"Sud De France",3,3,8,0.625,43.59562,3.9235
2026-01-27,00:22:22,2026-01-27T00:22:22+01:00,STATION,"Comedie Baudin",0,8,8,0.0,43.608717,3.880787
2026-01-27,00:22:22,2026-01-27T00:22:22+01:00,STATION,"Jean de Beins",2,14,16,0.125,43.609857,3.883884
2026-01-27,00:45:21,2026-01-27T00:45:21+01:00,STATION,"Rue Jules Ferry - Gare Saint-Roch",8,4,12,0.6666666666666666,43.605366,3.881346
2026-01-27,00:45:21,2026-01-27T00:45:21+01:00,STATION,"Comédie",8,12,20,0.4,43.608148,3.878778
2026-01-27,00:45:21,2026-01-27T00:45:21+01:00,STATION,"Hôtel de Ville",3,12,16,0.25,43.599088,3.894866
2026-01-27,00:45:21,2026-01-27T00:45:21+01:00,STATION,"Corum",10,2,12,0.8333333333333334,43.613989,3.8816
2026-01-27,00:45:21,2026-01-27T00:45:21+01:00,STATION,"Place Albert 1er - St Charles",15,12,27,0.5555555555555556,43.616768,3.873375
2026-01-27,00:45:21,2026-01-27T00:45:21+01:00,STATION,"Foch",1,3,8,0.625,43.610989,3.873345
2026-01-27,00:45:21,2026-01-27T00:45:21+01:00,STATION,"Halles Castellane",0,12,12,0.0,43.609935,3.877208
2026-01-27,00:45:21,2026-01-27T00:45:21+01:00,STATION,"Observatoire",4,3,8,0.625,43.606301,3.87724
2026-01-27,00:45:21,2026-01-27T00:45:21+01:00,STATION,"Rondelet",5,11,16,0.3125,43.603038,3.875796
2026-01-27,00:45:21,2026-01-27T00:45:21+01:00,STATION,"Plan Cabanes",4,8,12,0.3333333333333333,43.608491,3.868389
2026-01-27,00:45:21,2026-01-27T00:45:21+01:00,STATION,"Boutonnet",5,7,12,0.4166666666666667,43.622629,3.868375
2026-01-27,00:45:21,2026-01-27T00:45:21+01:00,STATION,"Emile Combes",4,4,8,0.5,43.616742,3.87998
2026-01-27,00:45:21,2026-01-27T00:45:21+01:00,STATION,"Beaux-Arts",10,6,16,0.625,43.616698,3.884981
2026-01-27,00:45:21,2026-01-27T00:45:21+01:00,STATION,"Les Aubes",5,3,8,0.625,43.618692,3.893844
2026-01-27,00:45:21,2026-01-27T00:45:21+01:00,STATION,"Antigone centre",7,5,12,0.5833333333333334,43.607942,3.890634
2026-01-27,00:45:21,2026-01-27T00:45:21+01:00,STATION,"Médiathèque Emile Zola",7,9,16,0.4375,43.608218,3.89314
2026-01-27,00:45:21,2026-01-27T00:45:21+01:00,STATION,"Nombre d Or",5,11,16,0.3125,43.607859,3.886644
2026-01-27,00:45:21,2026-01-27T00:45:21+01:00,STATION,"Louis Blanc",8,8,16,0.5,43.614642,3.877648
2026-01-27,00:45:21,2026-01-27T00:45:21+01:00,STATION,"Gambetta",4,4,8,0.5,43.607106,3.870693
2026-01-27,00:45:21,2026-01-27T00:45:21+01:00,STATION,"Port Marianne",13,3,16,0.8125,43.60032,3.89851
2026-01-27,00:45:21,2026-01-27T00:45:21+01:00,STATION,"Les Arceaux",4,4,8,0.5,43.612659,3.867734
2026-01-27,00:45:21,2026-01-27T00:45:21+01:00,STATION,"Cité Mion",4,3,8,0.625,43.601143,3.884373
2026-01-27,00:45:21,2026-01-27T00:45:21+01:00,STATION,"Nouveau Saint-Roch",3,5,8,0.375,43.599817,3.875757
2026-01-27,00:45:21,2026-01-27T00:45:21+01:00,STATION,"Renouvier",3,4,8,0.5,43.603553,3.867884
2026-01-27,00:45:21,2026-01-27T00:45:21+01:00,STATION,"Odysseum",0,8,8,0.0,43.603727,3.918979
2026-01-27,00:45:21,2026-01-27T00:45:21+01:00,STATION,"Saint-Denis",0,8,8,0.0,43.605021,3.875065
2026-01-27,00:45:21,2026-01-27T00:45:21+01:00,STATION,"Richter",14,2,16,0.875,43.603424,3.899263
2026-01-27,00:45:21,2026-01-27T00:45:21+01:00,STATION,"Charles Flahault",1,7,8,0.125,43.622038,3.86672
2026-01-27,00:45:21,2026-01-27T00:45:21+01:00,STATION,"Voltaire",6,2,8,0.75,43.603767,3.888659
2026-01-27,00:45:21,2026-01-27T00:45:21+01:00,STATION,"Prés d Arènes",4,4,8,0.5,43.59048,3.884611
2026-01-27,00:45:21,2026-01-27T00:45:21+01:00,STATION,"Garcia Lorca",4,4,8,0.5,43.590757,3.890616
2026-01-27,00:45:21,2026-01-27T00:45:21+01:00,STATION,"Vert Bois",11,5,16,0.6875,43.63543,3.871179
2026-01-27,00:45:21,2026-01-27T00:45:21+01:00,STATION,"Malbosc",2,6,8,0.25,43.633679,3.832861
2026-01-27,00:45:21,2026-01-27T00:45:21+01:00,STATION,"Occitanie",3,29,32,0.09375,43.635689,3.849597
2026-01-27,00:45:21,2026-01-27T00:45:21+01:00,STATION,"FacdesSciences",12,12,24,0.5,43.631318,3.861299
2026-01-27,00:45:21,2026-01-27T00:45:21+01:00,STATION,"Fac de Lettres",2,10,12,0.16666666666666666,43.630437,3.869539
2026-01-27,00:45:21,2026-01-27T00:45:21+01:00,STATION,"Aiguelongue",3,4,8,0.5,43.626163,3.882492
2026-01-27,00:45:21,2026-01-27T00:45:21+01:00,STATION,"Jeu de Mail des Abbés",2,6,8,0.25,43.619701,3.883831
2026-01-27,00:45:21,2026-01-27T00:45:21+01:00,STATION,"Euromédecine",2,6,8,0.25,43.639119,3.828199
2026-01-27,00:45:21,2026-01-27T00:45:21+01:00,STATION,"Marie Caizergues",3,5,8,0.375,43.619871,3.873812
2026-01-27,00:45:21,2026-01-27T00:45:21+01:00,STATION,"Sabines",1,7,8,0.125,43.584211,3.860031
2026-01-27,00:45:21,2026-01-27T00:45:21+01:00,STATION,"Celleneuve",5,3,8,0.625,43.61467,3.832624
2026-01-27,00:45:21,2026-01-27T00:45:21+01:00,STATION,"Jardin de la Lironde",7,1,8,0.875,43.60585,3.911576
2026-01-27,00:45:21,2026-01-27T00:45:21+01:00,STATION,"Père Soulas",6,2,8,0.75,43.621983,3.855603
2026-01-27,00:45:21,2026-01-27T00:45:21+01:00,STATION,"Place Viala",5,2,8,0.75,43.616812,3.855075
2026-01-27,00:45:21,2026-01-27T00:45:21+01:00,STATION,"Hôtel du Département",3,5,8,0.375,43.621682,3.83477
2026-01-27,00:45:21,2026-01-27T00:45:21+01:00,STATION,"Tonnelles",1,7,8,0.125,43.615155,3.839466
2026-01-27,00:45:21,2026-01-27T00:45:21+01:00,STATION,"Parvis Jules Ferry - Gare Saint-Roch",4,4,8,0.5,43.603889,3.879362
2026-01-27,00:45:21,2026-01-27T00:45:21+01:00,STATION,"Pont de Lattes - Gare Saint-Roch",4,8,12,0.3333333333333333,43.606036,3.882393
2026-01-27,00:45:21,2026-01-27T00:45:21+01:00,STATION,"Deux Ponts - Gare Saint-Roch",0,8,8,0.0,43.604319,3.880916
2026-01-27,00:45:21,2026-01-27T00:45:21+01:00,STATION,"Providence - Ovalie",1,7,8,0.125,43.588239,3.853421
2026-01-27,00:45:21,2026-01-27T00:45:21+01:00,STATION,"Pérols Etang de l Or",41,27,68,0.6029411764705882,43.558351,3.963412
2026-01-27,00:45:21,2026-01-27T00:45:21+01:00,STATION,"Albert 1er - Cathédrale",3,8,12,0.3333333333333333,43.614005,3.873218
2026-01-27,00:45:21,2026-01-27T00:45:21+01:00,STATION,"Saint-Guilhem - Courreau",4,4,8,0.5,43.608996,3.872752
2026-01-27,00:45:21,2026-01-27T00:45:21+01:00,STATION,"Sud De France",3,3,8,0.625,43.59562,3.9235
2026-01-27,00:45:21,2026-01-27T00:45:21+01:00,STATION,"Comedie Baudin",0,8,8,0.0,43.608717,3.880787
2026-01-27,00:45:21,2026-01-27T00:45:21+01:00,STATION,"Jean de Beins",2,14,16,0.125,43.609857,3.883884
2026-01-27,02:51:13,2026-01-27T02:51:13+01:00,STATION,"Rue Jules Ferry - Gare Saint-Roch",8,4,12,0.6666666666666666,43.605366,3.881346
2026-01-27,02:51:13,2026-01-27T02:51:13+01:00,STATION,"Comédie",8,12,20,0.4,43.608148,3.878778
2026-01-27,02:51:13,2026-01-27T02:51:13+01:00,STATION,"Hôtel de Ville",3,12,16,0.25,43.599088,3.894866
2026-01-27,02:51:13,2026-01-27T02:51:13+01:00,STATION,"Corum",10,2,12,0.8333333333333334,43.613989,3.8816
2026-01-27,02:51:13,2026-01-27T02:51:13+01:00,STATION,"Place Albert 1er - St Charles",15,12,27,0.5555555555555556,43.616768,3.873375
2026-01-27,02:51:13,2026-01-27T02:51:13+01:00,STATION,"Foch",1,3,8,0.625,43.610989,3.873345
2026-01-27,02:51:13,2026-01-27T02:51:13+01:00,STATION,"Halles Castellane",0,12,12,0.0,43.609935,3.877208
2026-01-27,02:51:13,2026-01-27T02:51:13+01:00,STATION,"Observatoire",4,3,8,0.625,43.606301,3.87724
2026-01-27,02:51:13,2026-01-27T02:51:13+01:00,STATION,"Rondelet",5,11,16,0.3125,43.603038,3.875796
2026-01-27,02:51:13,2026-01-27T02:51:13+01:00,STATION,"Plan Cabanes",4,8,12,0.3333333333333333,43.608491,3.868389
2026-01-27,02:51:13,2026-01-27T02:51:13+01:00,STATION,"Boutonnet",5,7,12,0.4166666666666667,43.622629,3.868375
2026-01-27,02:51:13,2026-01-27T02:51:13+01:00,STATION,"Emile Combes",4,4,8,0.5,43.616742,3.87998
2026-01-27,02:51:13,2026-01-27T02:51:13+01:00,STATION,"Beaux-Arts",10,6,16,0.625,43.616698,3.884981
2026-01-27,02:51:13,2026-01-27T02:51:13+01:00,STATION,"Les Aubes",5,3,8,0.625,43.618692,3.893844
2026-01-27,02:51:13,2026-01-27T02:51:13+01:00,STATION,"Antigone centre",7,5,12,0.5833333333333334,43.607942,3.890634
2026-01-27,02:51:13,2026-01-27T02:51:13+01:00,STATION,"Médiathèque Emile Zola",7,9,16,0.4375,43.608218,3.89314
2026-01-27,02:51:13,2026-01-27T02:51:13+01:00,STATION,"Nombre d Or",5,11,16,0.3125,43.607859,3.886644
2026-01-27,02:51:13,2026-01-27T02:51:13+01:00,STATION,"Louis Blanc",9,7,16,0.5625,43.614642,3.877648
2026-01-27,02:51:13,2026-01-27T02:51:13+01:00,STATION,"Gambetta",4,4,8,0.5,43.607106,3.870693
2026-01-27,02:51:13,2026-01-27T02:51:13+01:00,STATION,"Port Marianne",13,3,16,0.8125,43.60032,3.89851
2026-01-27,02:51:13,2026-01-27T02:51:13+01:00,STATION,"Les Arceaux",4,4,8,0.5,43.612659,3.867734
2026-01-27,02:51:13,2026-01-27T02:51:13+01:00,STATION,"Cité Mion",4,3,8,0.625,43.601143,3.884373
2026-01-27,02:51:13,2026-01-27T02:51:13+01:00,STATION,"Nouveau Saint-Roch",3,5,8,0.375,43.599817,3.875757
2026-01-27,02:51:13,2026-01-27T02:51:13+01:00,STATION,"Renouvier",3,4,8,0.5,43.603553,3.867884
2026-01-27,02:51:13,2026-01-27T02:51:13+01:00,STATION,"Odysseum",0,8,8,0.0,43.603727,3.918979
2026-01-27,02:51:13,2026-01-27T02:51:13+01:00,STATION,"Saint-Denis",0,8,8,0.0,43.605021,3.875065
2026-01-27,02:51:13,2026-01-27T02:51:13+01:00,STATION,"Richter",14,2,16,0.875,43.603424,3.899263
2026-01-27,02:51:13,2026-01-27T02:51:13+01:00,STATION,"Charles Flahault",1,7,8,0.125,43.622038,3.86672
2026-01-27,02:51:13,2026-01-27T02:51:13+01:00,STATION,"Voltaire",6,2,8,0.75,43.603767,3.888659
2026-01-27,02:51:13,2026-01-27T02:51:13+01:00,STATION,"Prés d Arènes",4,4,8,0.5,43.59048,3.884611
2026-01-27,02:51:13,2026-01-27T02:51:13+01:00,STATION,"Garcia Lorca",4,4,8,0.5,43.590757,3.890616
2026-01-27,02:51:13,2026-01-27T02:51:13+01:00,STATION,"Vert Bois",11,5,16,0.6875,43.63543,3.871179
2026-01-27,02:51:13,2026-01-27T02:51:13+01:00,STATION,"Malbosc",2,6,8,0.25,43.633679,3.832861
2026-01-27,02:51:13,2026-01-27T02:51:13+01:00,STATION,"Occitanie",3,29,32,0.09375,43.635689,3.849597
2026-01-27,02:51:13,2026-01-27T02:51:13+01:00,STATION,"FacdesSciences",12,12,24,0.5,43.631318,3.861299
2026-01-27,02:51:13,2026-01-27T02:51:13+01:00,STATION,"Fac de Lettres",2,10,12,0.16666666666666666,43.630437,3.869539
2026-01-27,02:51:13,2026-01-27T02:51:13+01:00,STATION,"Aiguelongue",3,4,8,0.5,43.626163,3.882492
2026-01-27,02:51:13,2026-01-27T02:51:13+01:00,STATION,"Jeu de Mail des Abbés",2,6,8,0.25,43.619701,3.883831
2026-01-27,02:51:13,2026-01-27T02:51:13+01:00,STATION,"Euromédecine",2,6,8,0.25,43.639119,3.828199
2026-01-27,02:51:13,2026-01-27T02:51:13+01:00,STATION,"Marie Caizergues",3,5,8,0.375,43.619871,3.873812
2026-01-27,02:51:13,2026-01-27T02:51:13+01:00,STATION,"Sabines",1,7,8,0.125,43.584211,3.860031
2026-01-27,02:51:13,2026-01-27T02:51:13+01:00,STATION,"Celleneuve",5,3,8,0.625,43.61467,3.832624
2026-01-27,02:51:13,2026-01-27T02:51:13+01:00,STATION,"Jardin de la Lironde",7,1,8,0.875,43.60585,3.911576
2026-01-27,02:51:13,2026-01-27T02:51:13+01:00,STATION,"Père Soulas",6,2,8,0.75,43.621983,3.855603
2026-01-27,02:51:13,2026-01-27T02:51:13+01:00,STATION,"Place Viala",5,2,8,0.75,43.616812,3.855075
2026-01-27,02:51:13,2026-01-27T02:51:13+01:00,STATION,"Hôtel du Département",3,5,8,0.375,43.621682,3.83477
2026-01-27,02:51:13,2026-01-27T02:51:13+01:00,STATION,"Tonnelles",1,7,8,0.125,43.615155,3.839466
2026-01-27,02:51:13,2026-01-27T02:51:13+01:00,STATION,"Parvis Jules Ferry - Gare Saint-Roch",4,4,8,0.5,43.603889,3.879362
2026-01-27,02:51:13,2026-01-27T02:51:13+01:00,STATION,"Pont de Lattes - Gare Saint-Roch",3,9,12,0.25,43.606036,3.882393
2026-01-27,02:51:13,2026-01-27T02:51:13+01:00,STATION,"Deux Ponts - Gare Saint-Roch",0,8,8,0.0,43.604319,3.880916
2026-01-27,02:51:13,2026-01-27T02:51:13+01:00,STATION,"Providence - Ovalie",1,7,8,0.125,43.588239,3.853421
2026-01-27,02:51:13,2026-01-27T02:51:13+01:00,STATION,"Pérols Etang de l Or",41,27,68,0.6029411764705882,43.558351,3.963412
2026-01-27,02:51:13,2026-01-27T02:51:13+01:00,STATION,"Albert 1er - Cathédrale",3,8,12,0.3333333333333333,43.614005,3.873218
2026-01-27,02:51:13,2026-01-27T02:51:13+01:00,STATION,"Saint-Guilhem - Courreau",4,4,8,0.5,43.608996,3.872752
2026-01-27,02:51:13,2026-01-27T02:51:13+01:00,STATION,"Sud De France",3,3,8,0.625,43.59562,3.9235
2026-01-27,02:51:13,2026-01-27T02:51:13+01:00,STATION,"Comedie Baudin",0,8,8,0.0,43.608717,3.880787
2026-01-27,02:51:13,2026-01-27T02:51:13+01:00,STATION,"Jean de Beins",2,14,16,0.125,43.609857,3.883884
2026-01-27,04:47:58,2026-01-27T04:47:58+01:00,STATION,"Rue Jules Ferry - Gare Saint-Roch",8,4,12,0.6666666666666666,43.605366,3.881346
2026-01-27,04:47:58,2026-01-27T04:47:58+01:00,STATION,"Comédie",8,12,20,0.4,43.608148,3.878778
2026-01-27,04:47:58,2026-01-27T04:47:58+01:00,STATION,"Hôtel de Ville",3,12,16,0.25,43.599088,3.894866
2026-01-27,04:47:58,2026-01-27T04:47:58+01:00,STATION,"Corum",10,2,12,0.8333333333333334,43.613989,3.8816
2026-01-27,04:47:58,2026-01-27T04:47:58+01:00,STATION,"Place Albert 1er - St Charles",15,12,27,0.5555555555555556,43.616768,3.873375
2026-01-27,04:47:58,2026-01-27T04:47:58+01:00,STATION,"Foch",1,3,8,0.625,43.610989,3.873345
2026-01-27,04:47:58,2026-01-27T04:47:58+01:00,STATION,"Halles Castellane",0,12,12,0.0,43.609935,3.877208
2026-01-27,04:47:58,2026-01-27T04:47:58+01:00,STATION,"Observatoire",5,2,8,0.75,43.606301,3.87724
2026-01-27,04:47:58,2026-01-27T04:47:58+01:00,STATION,"Rondelet",5,11,16,0.3125,43.603038,3.875796
2026-01-27,04:47:58,2026-01-27T04:47:58+01:00,STATION,"Plan Cabanes",3,9,12,0.25,43.608491,3.868389
2026-01-27,04:47:58,2026-01-27T04:47:58+01:00,STATION,"Boutonnet",7,5,12,0.5833333333333334,43.622629,3.868375
2026-01-27,04:47:58,2026-01-27T04:47:58+01:00,STATION,"Emile Combes",4,4,8,0.5,43.616742,3.87998
2026-01-27,04:47:58,2026-01-27T04:47:58+01:00,STATION,"Beaux-Arts",10,6,16,0.625,43.616698,3.884981
2026-01-27,04:47:58,2026-01-27T04:47:58+01:00,STATION,"Les Aubes",5,3,8,0.625,43.618692,3.893844
2026-01-27,04:47:58,2026-01-27T04:47:58+01:00,STATION,"Antigone centre",5,7,12,0.4166666666666667,43.607942,3.890634
2026-01-27,04:47:58,2026-01-27T04:47:58+01:00,STATION,"Médiathèque Emile Zola",7,9,16,0.4375,43.608218,3.89314
2026-01-27,04:47:58,2026-01-27T04:47:58+01:00,STATION,"Nombre d Or",5,11,16,0.3125,43.607859,3.886644
2026-01-27,04:47:58,2026-01-27T04:47:58+01:00,STATION,"Louis Blanc",9,7,16,0.5625,43.614642,3.877648
2026-01-27,04:47:58,2026-01-27T04:47:58+01:00,STATION,"Gambetta",4,4,8,0.5,43.607106,3.870693
2026-01-27,04:47:58,2026-01-27T04:47:58+01:00,STATION,"Port Marianne",13,3,16,0.8125,43.60032,3.89851
2026-01-27,04:47:58,2026-01-27T04:47:58+01:00,STATION,"Les Arceaux",4,4,8,0.5,43.612659,3.867734
2026-01-27,04:47:58,2026-01-27T04:47:58+01:00,STATION,"Cité Mion",4,3,8,0.625,43.601143,3.884373
2026-01-27,04:47:58,2026-01-27T04:47:58+01:00,STATION,"Nouveau Saint-Roch",3,5,8,0.375,43.599817,3.875757
2026-01-27,04:47:58,2026-01-27T04:47:58+01:00,STATION,"Renouvier",3,4,8,0.5,43.603553,3.867884
2026-01-27,04:47:58,2026-01-27T04:47:58+01:00,STATION,"Odysseum",0,8,8,0.0,43.603727,3.918979
2026-01-27,04:47:58,2026-01-27T04:47:58+01:00,STATION,"Saint-Denis",0,8,8,0.0,43.605021,3.875065
2026-01-27,04:47:58,2026-01-27T04:47:58+01:00,STATION,"Richter",14,2,16,0.875,43.603424,3.899263
2026-01-27,04:47:58,2026-01-27T04:47:58+01:00,STATION,"Charles Flahault",1,7,8,0.125,43.622038,3.86672
2026-01-27,04:47:58,2026-01-27T04:47:58+01:00,STATION,"Voltaire",6,2,8,0.75,43.603767,3.888659
2026-01-27,04:47:58,2026-01-27T04:47:58+01:00,STATION,"Prés d Arènes",4,4,8,0.5,43.59048,3.884611
2026-01-27,04:47:58,2026-01-27T04:47:58+01:00,STATION,"Garcia Lorca",4,4,8,0.5,43.590757,3.890616
2026-01-27,04:47:58,2026-01-27T04:47:58+01:00,STATION,"Vert Bois",11,5,16,0.6875,43.63543,3.871179
2026-01-27,04:47:58,2026-01-27T04:47:58+01:00,STATION,"Malbosc",2,6,8,0.25,43.633679,3.832861
2026-01-27,04:47:58,2026-01-27T04:47:58+01:00,STATION,"Occitanie",3,29,32,0.09375,43.635689,3.849597
2026-01-27,04:47:58,2026-01-27T04:47:58+01:00,STATION,"FacdesSciences",12,12,24,0.5,43.631318,3.861299
2026-01-27,04:47:58,2026-01-27T04:47:58+01:00,STATION,"Fac de Lettres",2,10,12,0.16666666666666666,43.630437,3.869539
2026-01-27,04:47:58,2026-01-27T04:47:58+01:00,STATION,"Aiguelongue",3,4,8,0.5,43.626163,3.882492
2026-01-27,04:47:58,2026-01-27T04:47:58+01:00,STATION,"Jeu de Mail des Abbés",2,6,8,0.25,43.619701,3.883831
2026-01-27,04:47:58,2026-01-27T04:47:58+01:00,STATION,"Euromédecine",2,6,8,0.25,43.639119,3.828199
2026-01-27,04:47:58,2026-01-27T04:47:58+01:00,STATION,"Marie Caizergues",3,5,8,0.375,43.619871,3.873812
2026-01-27,04:47:58,2026-01-27T04:47:58+01:00,STATION,"Sabines",0,8,8,0.0,43.584211,3.860031
2026-01-27,04:47:58,2026-01-27T04:47:58+01:00,STATION,"Celleneuve",5,3,8,0.625,43.61467,3.832624
2026-01-27,04:47:58,2026-01-27T04:47:58+01:00,STATION,"Jardin de la Lironde",7,1,8,0.875,43.60585,3.911576
2026-01-27,04:47:58,2026-01-27T04:47:58+01:00,STATION,"Père Soulas",6,2,8,0.75,43.621983,3.855603
2026-01-27,04:47:58,2026-01-27T04:47:58+01:00,STATION,"Place Viala",5,2,8,0.75,43.616812,3.855075
2026-01-27,04:47:58,2026-01-27T04:47:58+01:00,STATION,"Hôtel du Département",3,5,8,0.375,43.621682,3.83477
2026-01-27,04:47:58,2026-01-27T04:47:58+01:00,STATION,"Tonnelles",1,7,8,0.125,43.615155,3.839466
2026-01-27,04:47:58,2026-01-27T04:47:58+01:00,STATION,"Parvis Jules Ferry - Gare Saint-Roch",4,4,8,0.5,43.603889,3.879362
2026-01-27,04:47:58,2026-01-27T04:47:58+01:00,STATION,"Pont de Lattes - Gare Saint-Roch",3,9,12,0.25,43.606036,3.882393
2026-01-27,04:47:58,2026-01-27T04:47:58+01:00,STATION,"Deux Ponts - Gare Saint-Roch",0,8,8,0.0,43.604319,3.880916
2026-01-27,04:47:58,2026-01-27T04:47:58+01:00,STATION,"Providence - Ovalie",1,7,8,0.125,43.588239,3.853421
2026-01-27,04:47:58,2026-01-27T04:47:58+01:00,STATION,"Pérols Etang de l Or",41,27,68,0.6029411764705882,43.558351,3.963412
2026-01-27,04:47:58,2026-01-27T04:47:58+01:00,STATION,"Albert 1er - Cathédrale",3,8,12,0.3333333333333333,43.614005,3.873218
2026-01-27,04:47:58,2026-01-27T04:47:58+01:00,STATION,"Saint-Guilhem - Courreau",4,4,8,0.5,43.608996,3.872752
2026-01-27,04:47:58,2026-01-27T04:47:58+01:00,STATION,"Sud De France",3,3,8,0.625,43.59562,3.9235
2026-01-27,04:47:58,2026-01-27T04:47:58+01:00,STATION,"Comedie Baudin",0,8,8,0.0,43.608717,3.880787
2026-01-27,04:47:58,2026-01-27T04:47:58+01:00,STATION,"Jean de Beins",2,14,16,0.125,43.609857,3.883884
2026-01-27,05:47:08,2026-01-27T05:47:08+01:00,STATION,"Rue Jules Ferry - Gare Saint-Roch",9,3,12,0.75,43.605366,3.881346
2026-01-27,05:47:08,2026-01-27T05:47:08+01:00,STATION,"Comédie",8,12,20,0.4,43.608148,3.878778
2026-01-27,05:47:08,2026-01-27T05:47:08+01:00,STATION,"Hôtel de Ville",3,12,16,0.25,43.599088,3.894866
2026-01-27,05:47:08,2026-01-27T05:47:08+01:00,STATION,"Corum",10,2,12,0.8333333333333334,43.613989,3.8816
2026-01-27,05:47:08,2026-01-27T05:47:08+01:00,STATION,"Place Albert 1er - St Charles",15,12,27,0.5555555555555556,43.616768,3.873375
2026-01-27,05:47:08,2026-01-27T05:47:08+01:00,STATION,"Foch",1,3,8,0.625,43.610989,3.873345
2026-01-27,05:47:08,2026-01-27T05:47:08+01:00,STATION,"Halles Castellane",0,12,12,0.0,43.609935,3.877208
2026-01-27,05:47:08,2026-01-27T05:47:08+01:00,STATION,"Observatoire",5,2,8,0.75,43.606301,3.87724
2026-01-27,05:47:08,2026-01-27T05:47:08+01:00,STATION,"Rondelet",5,11,16,0.3125,43.603038,3.875796
2026-01-27,05:47:08,2026-01-27T05:47:08+01:00,STATION,"Plan Cabanes",3,9,12,0.25,43.608491,3.868389
2026-01-27,05:47:08,2026-01-27T05:47:08+01:00,STATION,"Boutonnet",7,5,12,0.5833333333333334,43.622629,3.868375
2026-01-27,05:47:08,2026-01-27T05:47:08+01:00,STATION,"Emile Combes",4,4,8,0.5,43.616742,3.87998
2026-01-27,05:47:08,2026-01-27T05:47:08+01:00,STATION,"Beaux-Arts",10,6,16,0.625,43.616698,3.884981
2026-01-27,05:47:08,2026-01-27T05:47:08+01:00,STATION,"Les Aubes",4,4,8,0.5,43.618692,3.893844
2026-01-27,05:47:08,2026-01-27T05:47:08+01:00,STATION,"Antigone centre",5,7,12,0.4166666666666667,43.607942,3.890634
2026-01-27,05:47:08,2026-01-27T05:47:08+01:00,STATION,"Médiathèque Emile Zola",7,9,16,0.4375,43.608218,3.89314
2026-01-27,05:47:08,2026-01-27T05:47:08+01:00,STATION,"Nombre d Or",5,11,16,0.3125,43.607859,3.886644
2026-01-27,05:47:08,2026-01-27T05:47:08+01:00,STATION,"Louis Blanc",9,7,16,0.5625,43.614642,3.877648
2026-01-27,05:47:08,2026-01-27T05:47:08+01:00,STATION,"Gambetta",4,4,8,0.5,43.607106,3.870693
2026-01-27,05:47:08,2026-01-27T05:47:08+01:00,STATION,"Port Marianne",13,3,16,0.8125,43.60032,3.89851
2026-01-27,05:47:08,2026-01-27T05:47:08+01:00,STATION,"Les Arceaux",4,4,8,0.5,43.612659,3.867734
2026-01-27,05:47:08,2026-01-27T05:47:08+01:00,STATION,"Cité Mion",4,3,8,0.625,43.601143,3.884373
2026-01-27,05:47:08,2026-01-27T05:47:08+01:00,STATION,"Nouveau Saint-Roch",3,5,8,0.375,43.599817,3.875757
2026-01-27,05:47:08,2026-01-27T05:47:08+01:00,STATION,"Renouvier",3,4,8,0.5,43.603553,3.867884
2026-01-27,05:47:08,2026-01-27T05:47:08+01:00,STATION,"Odysseum",0,8,8,0.0,43.603727,3.918979
2026-01-27,05:47:08,2026-01-27T05:47:08+01:00,STATION,"Saint-Denis",0,8,8,0.0,43.605021,3.875065
2026-01-27,05:47:08,2026-01-27T05:47:08+01:00,STATION,"Richter",14,2,16,0.875,43.603424,3.899263
2026-01-27,05:47:08,2026-01-27T05:47:08+01:00,STATION,"Charles Flahault",1,7,8,0.125,43.622038,3.86672
2026-01-27,05:47:08,2026-01-27T05:47:08+01:00,STATION,"Voltaire",6,2,8,0.75,43.603767,3.888659
2026-01-27,05:47:08,2026-01-27T05:47:08+01:00,STATION,"Prés d Arènes",4,4,8,0.5,43.59048,3.884611
2026-01-27,05:47:08,2026-01-27T05:47:08+01:00,STATION,"Garcia Lorca",4,4,8,0.5,43.590757,3.890616
2026-01-27,05:47:08,2026-01-27T05:47:08+01:00,STATION,"Vert Bois",11,5,16,0.6875,43.63543,3.871179
2026-01-27,05:47:08,2026-01-27T05:47:08+01:00,STATION,"Malbosc",2,6,8,0.25,43.633679,3.832861
2026-01-27,05:47:08,2026-01-27T05:47:08+01:00,STATION,"Occitanie",3,29,32,0.09375,43.635689,3.849597
2026-01-27,05:47:08,2026-01-27T05:47:08+01:00,STATION,"FacdesSciences",12,12,24,0.5,43.631318,3.861299
2026-01-27,05:47:08,2026-01-27T05:47:08+01:00,STATION,"Fac de Lettres",2,10,12,0.16666666666666666,43.630437,3.869539
2026-01-27,05:47:08,2026-01-27T05:47:08+01:00,STATION,"Aiguelongue",3,4,8,0.5,43.626163,3.882492
2026-01-27,05:47:08,2026-01-27T05:47:08+01:00,STATION,"Jeu de Mail des Abbés",2,6,8,0.25,43.619701,3.883831
2026-01-27,05:47:08,2026-01-27T05:47:08+01:00,STATION,"Euromédecine",2,6,8,0.25,43.639119,3.828199
2026-01-27,05:47:08,2026-01-27T05:47:08+01:00,STATION,"Marie Caizergues",3,5,8,0.375,43.619871,3.873812
2026-01-27,05:47:08,2026-01-27T05:47:08+01:00,STATION,"Sabines",0,8,8,0.0,43.584211,3.860031
2026-01-27,05:47:08,2026-01-27T05:47:08+01:00,STATION,"Celleneuve",5,3,8,0.625,43.61467,3.832624
2026-01-27,05:47:08,2026-01-27T05:47:08+01:00,STATION,"Jardin de la Lironde",7,1,8,0.875,43.60585,3.911576
2026-01-27,05:47:08,2026-01-27T05:47:08+01:00,STATION,"Père Soulas",6,2,8,0.75,43.621983,3.855603
2026-01-27,05:47:08,2026-01-27T05:47:08+01:00,STATION,"Place Viala",6,1,8,0.875,43.616812,3.855075
2026-01-27,05:47:08,2026-01-27T05:47:08+01:00,STATION,"Hôtel du Département",3,5,8,0.375,43.621682,3.83477
2026-01-27,05:47:08,2026-01-27T05:47:08+01:00,STATION,"Tonnelles",1,7,8,0.125,43.615155,3.839466
2026-01-27,05:47:08,2026-01-27T05:47:08+01:00,STATION,"Parvis Jules Ferry - Gare Saint-Roch",4,4,8,0.5,43.603889,3.879362
2026-01-27,05:47:08,2026-01-27T05:47:08+01:00,STATION,"Pont de Lattes - Gare Saint-Roch",3,9,12,0.25,43.606036,3.882393
2026-01-27,05:47:08,2026-01-27T05:47:08+01:00,STATION,"Deux Ponts - Gare Saint-Roch",0,8,8,0.0,43.604319,3.880916
2026-01-27,05:47:08,2026-01-27T05:47:08+01:00,STATION,"Providence - Ovalie",1,7,8,0.125,43.588239,3.853421
2026-01-27,05:47:08,2026-01-27T05:47:08+01:00,STATION,"Pérols Etang de l Or",41,27,68,0.6029411764705882,43.558351,3.963412
2026-01-27,05:47:08,2026-01-27T05:47:08+01:00,STATION,"Albert 1er - Cathédrale",4,7,12,0.4166666666666667,43.614005,3.873218
2026-01-27,05:47:08,2026-01-27T05:47:08+01:00,STATION,"Saint-Guilhem - Courreau",4,4,8,0.5,43.608996,3.872752
2026-01-27,05:47:08,2026-01-27T05:47:08+01:00,STATION,"Sud De France",3,3,8,0.625,43.59562,3.9235
2026-01-27,05:47:08,2026-01-27T05:47:08+01:00,STATION,"Comedie Baudin",0,8,8,0.0,43.608717,3.880787
2026-01-27,05:47:08,2026-01-27T05:47:08+01:00,STATION,"Jean de Beins",2,14,16,0.125,43.609857,3.883884
2026-01-27,06:26:46,2026-01-27T06:26:46+01:00,STATION,"Rue Jules Ferry - Gare Saint-Roch",9,3,12,0.75,43.605366,3.881346
2026-01-27,06:26:46,2026-01-27T06:26:46+01:00,STATION,"Comédie",8,12,20,0.4,43.608148,3.878778
2026-01-27,06:26:46,2026-01-27T06:26:46+01:00,STATION,"Hôtel de Ville",3,12,16,0.25,43.599088,3.894866
2026-01-27,06:26:46,2026-01-27T06:26:46+01:00,STATION,"Corum",10,2,12,0.8333333333333334,43.613989,3.8816
2026-01-27,06:26:46,2026-01-27T06:26:46+01:00,STATION,"Place Albert 1er - St Charles",15,12,27,0.5555555555555556,43.616768,3.873375
2026-01-27,06:26:46,2026-01-27T06:26:46+01:00,STATION,"Foch",1,3,8,0.625,43.610989,3.873345
2026-01-27,06:26:46,2026-01-27T06:26:46+01:00,STATION,"Halles Castellane",0,12,12,0.0,43.609935,3.877208
2026-01-27,06:26:46,2026-01-27T06:26:46+01:00,STATION,"Observatoire",5,2,8,0.75,43.606301,3.87724
2026-01-27,06:26:46,2026-01-27T06:26:46+01:00,STATION,"Rondelet",5,11,16,0.3125,43.603038,3.875796
2026-01-27,06:26:46,2026-01-27T06:26:46+01:00,STATION,"Plan Cabanes",3,9,12,0.25,43.608491,3.868389
2026-01-27,06:26:46,2026-01-27T06:26:46+01:00,STATION,"Boutonnet",7,5,12,0.5833333333333334,43.622629,3.868375
2026-01-27,06:26:46,2026-01-27T06:26:46+01:00,STATION,"Emile Combes",4,4,8,0.5,43.616742,3.87998
2026-01-27,06:26:46,2026-01-27T06:26:46+01:00,STATION,"Beaux-Arts",10,6,16,0.625,43.616698,3.884981
2026-01-27,06:26:46,2026-01-27T06:26:46+01:00,STATION,"Les Aubes",4,4,8,0.5,43.618692,3.893844
2026-01-27,06:26:46,2026-01-27T06:26:46+01:00,STATION,"Antigone centre",5,7,12,0.4166666666666667,43.607942,3.890634
2026-01-27,06:26:46,2026-01-27T06:26:46+01:00,STATION,"Médiathèque Emile Zola",7,9,16,0.4375,43.608218,3.89314
2026-01-27,06:26:46,2026-01-27T06:26:46+01:00,STATION,"Nombre d Or",5,11,16,0.3125,43.607859,3.886644
2026-01-27,06:26:46,2026-01-27T06:26:46+01:00,STATION,"Louis Blanc",9,7,16,0.5625,43.614642,3.877648
2026-01-27,06:26:46,2026-01-27T06:26:46+01:00,STATION,"Gambetta",4,4,8,0.5,43.607106,3.870693
2026-01-27,06:26:46,2026-01-27T06:26:46+01:00,STATION,"Port Marianne",13,3,16,0.8125,43.60032,3.89851
2026-01-27,06:26:46,2026-01-27T06:26:46+01:00,STATION,"Les Arceaux",4,4,8,0.5,43.612659,3.867734
2026-01-27,06:26:46,2026-01-27T06:26:46+01:00,STATION,"Cité Mion",4,3,8,0.625,43.601143,3.884373
2026-01-27,06:26:46,2026-01-27T06:26:46+01:00,STATION,"Nouveau Saint-Roch",3,5,8,0.375,43.599817,3.875757
2026-01-27,06:26:46,2026-01-27T06:26:46+01:00,STATION,"Renouvier",2,5,8,0.375,43.603553,3.867884
2026-01-27,06:26:46,2026-01-27T06:26:46+01:00,STATION,"Odysseum",0,8,8,0.0,43.603727,3.918979
2026-01-27,06:26:46,2026-01-27T06:26:46+01:00,STATION,"Saint-Denis",0,8,8,0.0,43.605021,3.875065
2026-01-27,06:26:46,2026-01-27T06:26:46+01:00,STATION,"Richter",14,2,16,0.875,43.603424,3.899263
2026-01-27,06:26:46,2026-01-27T06:26:46+01:00,STATION,"Charles Flahault",1,7,8,0.125,43.622038,3.86672
2026-01-27,06:26:46,2026-01-27T06:26:46+01:00,STATION,"Voltaire",6,2,8,0.75,43.603767,3.888659
2026-01-27,06:26:46,2026-01-27T06:26:46+01:00,STATION,"Prés d Arènes",4,4,8,0.5,43.59048,3.884611
2026-01-27,06:26:46,2026-01-27T06:26:46+01:00,STATION,"Garcia Lorca",4,4,8,0.5,43.590757,3.890616
2026-01-27,06:26:46,2026-01-27T06:26:46+01:00,STATION,"Vert Bois",11,5,16,0.6875,43.63543,3.871179
2026-01-27,06:26:46,2026-01-27T06:26:46+01:00,STATION,"Malbosc",2,6,8,0.25,43.633679,3.832861
2026-01-27,06:26:46,2026-01-27T06:26:46+01:00,STATION,"Occitanie",3,29,32,0.09375,43.635689,3.849597
2026-01-27,06:26:46,2026-01-27T06:26:46+01:00,STATION,"FacdesSciences",12,12,24,0.5,43.631318,3.861299
2026-01-27,06:26:46,2026-01-27T06:26:46+01:00,STATION,"Fac de Lettres",2,10,12,0.16666666666666666,43.630437,3.869539
2026-01-27,06:26:46,2026-01-27T06:26:46+01:00,STATION,"Aiguelongue",3,4,8,0.5,43.626163,3.882492
2026-01-27,06:26:46,2026-01-27T06:26:46+01:00,STATION,"Jeu de Mail des Abbés",2,6,8,0.25,43.619701,3.883831
2026-01-27,06:26:46,2026-01-27T06:26:46+01:00,STATION,"Euromédecine",2,6,8,0.25,43.639119,3.828199
2026-01-27,06:26:46,2026-01-27T06:26:46+01:00,STATION,"Marie Caizergues",3,5,8,0.375,43.619871,3.873812
2026-01-27,06:26:46,2026-01-27T06:26:46+01:00,STATION,"Sabines",0,8,8,0.0,43.584211,3.860031
2026-01-27,06:26:46,2026-01-27T06:26:46+01:00,STATION,"Celleneuve",5,3,8,0.625,43.61467,3.832624
2026-01-27,06:26:46,2026-01-27T06:26:46+01:00,STATION,"Jardin de la Lironde",7,1,8,0.875,43.60585,3.911576
2026-01-27,06:26:46,2026-01-27T06:26:46+01:00,STATION,"Père Soulas",6,2,8,0.75,43.621983,3.855603
2026-01-27,06:26:46,2026-01-27T06:26:46+01:00,STATION,"Place Viala",6,1,8,0.875,43.616812,3.855075
2026-01-27,06:26:46,2026-01-27T06:26:46+01:00,STATION,"Hôtel du Département",3,5,8,0.375,43.621682,3.83477
2026-01-27,06:26:46,2026-01-27T06:26:46+01:00,STATION,"Tonnelles",1,7,8,0.125,43.615155,3.839466
2026-01-27,06:26:46,2026-01-27T06:26:46+01:00,STATION,"Parvis Jules Ferry - Gare Saint-Roch",4,4,8,0.5,43.603889,3.879362
2026-01-27,06:26:46,2026-01-27T06:26:46+01:00,STATION,"Pont de Lattes - Gare Saint-Roch",3,9,12,0.25,43.606036,3.882393
2026-01-27,06:26:46,2026-01-27T06:26:46+01:00,STATION,"Deux Ponts - Gare Saint-Roch",0,8,8,0.0,43.604319,3.880916
2026-01-27,06:26:46,2026-01-27T06:26:46+01:00,STATION,"Providence - Ovalie",1,7,8,0.125,43.588239,3.853421
2026-01-27,06:26:46,2026-01-27T06:26:46+01:00,STATION,"Pérols Etang de l Or",41,27,68,0.6029411764705882,43.558351,3.963412
2026-01-27,06:26:46,2026-01-27T06:26:46+01:00,STATION,"Albert 1er - Cathédrale",4,7,12,0.4166666666666667,43.614005,3.873218
2026-01-27,06:26:46,2026-01-27T06:26:46+01:00,STATION,"Saint-Guilhem - Courreau",4,4,8,0.5,43.608996,3.872752
2026-01-27,06:26:46,2026-01-27T06:26:46+01:00,STATION,"Sud De France",3,3,8,0.625,43.59562,3.9235
2026-01-27,06:26:46,2026-01-27T06:26:46+01:00,STATION,"Comedie Baudin",0,8,8,0.0,43.608717,3.880787
2026-01-27,06:26:46,2026-01-27T06:26:46+01:00,STATION,"Jean de Beins",2,14,16,0.125,43.609857,3.883884
2026-01-27,06:51:32,2026-01-27T06:51:32+01:00,STATION,"Rue Jules Ferry - Gare Saint-Roch",9,3,12,0.75,43.605366,3.881346
2026-01-27,06:51:32,2026-01-27T06:51:32+01:00,STATION,"Comédie",8,12,20,0.4,43.608148,3.878778
2026-01-27,06:51:32,2026-01-27T06:51:32+01:00,STATION,"Hôtel de Ville",3,12,16,0.25,43.599088,3.894866
2026-01-27,06:51:32,2026-01-27T06:51:32+01:00,STATION,"Corum",10,2,12,0.8333333333333334,43.613989,3.8816
2026-01-27,06:51:32,2026-01-27T06:51:32+01:00,STATION,"Place Albert 1er - St Charles",15,12,27,0.5555555555555556,43.616768,3.873375
2026-01-27,06:51:32,2026-01-27T06:51:32+01:00,STATION,"Foch",1,3,8,0.625,43.610989,3.873345
2026-01-27,06:51:32,2026-01-27T06:51:32+01:00,STATION,"Halles Castellane",0,12,12,0.0,43.609935,3.877208
2026-01-27,06:51:32,2026-01-27T06:51:32+01:00,STATION,"Observatoire",5,2,8,0.75,43.606301,3.87724
2026-01-27,06:51:32,2026-01-27T06:51:32+01:00,STATION,"Rondelet",5,11,16,0.3125,43.603038,3.875796
2026-01-27,06:51:32,2026-01-27T06:51:32+01:00,STATION,"Plan Cabanes",3,9,12,0.25,43.608491,3.868389
2026-01-27,06:51:32,2026-01-27T06:51:32+01:00,STATION,"Boutonnet",6,6,12,0.5,43.622629,3.868375
2026-01-27,06:51:32,2026-01-27T06:51:32+01:00,STATION,"Emile Combes",4,4,8,0.5,43.616742,3.87998
2026-01-27,06:51:32,2026-01-27T06:51:32+01:00,STATION,"Beaux-Arts",10,6,16,0.625,43.616698,3.884981
2026-01-27,06:51:32,2026-01-27T06:51:32+01:00,STATION,"Les Aubes",4,4,8,0.5,43.618692,3.893844
2026-01-27,06:51:32,2026-01-27T06:51:32+01:00,STATION,"Antigone centre",5,7,12,0.4166666666666667,43.607942,3.890634
2026-01-27,06:51:32,2026-01-27T06:51:32+01:00,STATION,"Médiathèque Emile Zola",7,9,16,0.4375,43.608218,3.89314
2026-01-27,06:51:32,2026-01-27T06:51:32+01:00,STATION,"Nombre d Or",5,11,16,0.3125,43.607859,3.886644
2026-01-27,06:51:32,2026-01-27T06:51:32+01:00,STATION,"Louis Blanc",9,7,16,0.5625,43.614642,3.877648
2026-01-27,06:51:32,2026-01-27T06:51:32+01:00,STATION,"Gambetta",4,4,8,0.5,43.607106,3.870693
2026-01-27,06:51:32,2026-01-27T06:51:32+01:00,STATION,"Port Marianne",13,3,16,0.8125,43.60032,3.89851
2026-01-27,06:51:32,2026-01-27T06:51:32+01:00,STATION,"Les Arceaux",4,4,8,0.5,43.612659,3.867734
2026-01-27,06:51:32,2026-01-27T06:51:32+01:00,STATION,"Cité Mion",4,3,8,0.625,43.601143,3.884373
2026-01-27,06:51:32,2026-01-27T06:51:32+01:00,STATION,"Nouveau Saint-Roch",3,5,8,0.375,43.599817,3.875757
2026-01-27,06:51:32,2026-01-27T06:51:32+01:00,STATION,"Renouvier",2,5,8,0.375,43.603553,3.867884
2026-01-27,06:51:32,2026-01-27T06:51:32+01:00,STATION,"Odysseum",0,8,8,0.0,43.603727,3.918979
2026-01-27,06:51:32,2026-01-27T06:51:32+01:00,STATION,"Saint-Denis",0,8,8,0.0,43.605021,3.875065
2026-01-27,06:51:32,2026-01-27T06:51:32+01:00,STATION,"Richter",14,2,16,0.875,43.603424,3.899263
2026-01-27,06:51:32,2026-01-27T06:51:32+01:00,STATION,"Charles Flahault",1,7,8,0.125,43.622038,3.86672
2026-01-27,06:51:32,2026-01-27T06:51:32+01:00,STATION,"Voltaire",6,2,8,0.75,43.603767,3.888659
2026-01-27,06:51:32,2026-01-27T06:51:32+01:00,STATION,"Prés d Arènes",4,4,8,0.5,43.59048,3.884611
2026-01-27,06:51:32,2026-01-27T06:51:32+01:00,STATION,"Garcia Lorca",4,4,8,0.5,43.590757,3.890616
2026-01-27,06:51:32,2026-01-27T06:51:32+01:00,STATION,"Vert Bois",10,6,16,0.625,43.63543,3.871179
2026-01-27,06:51:32,2026-01-27T06:51:32+01:00,STATION,"Malbosc",2,6,8,0.25,43.633679,3.832861
2026-01-27,06:51:32,2026-01-27T06:51:32+01:00,STATION,"Occitanie",4,28,32,0.125,43.635689,3.849597
2026-01-27,06:51:32,2026-01-27T06:51:32+01:00,STATION,"FacdesSciences",12,12,24,0.5,43.631318,3.861299
2026-01-27,06:51:32,2026-01-27T06:51:32+01:00,STATION,"Fac de Lettres",2,10,12,0.16666666666666666,43.630437,3.869539
2026-01-27,06:51:32,2026-01-27T06:51:32+01:00,STATION,"Aiguelongue",3,4,8,0.5,43.626163,3.882492
2026-01-27,06:51:32,2026-01-27T06:51:32+01:00,STATION,"Jeu de Mail des Abbés",2,6,8,0.25,43.619701,3.883831
2026-01-27,06:51:32,2026-01-27T06:51:32+01:00,STATION,"Euromédecine",2,6,8,0.25,43.639119,3.828199
2026-01-27,06:51:32,2026-01-27T06:51:32+01:00,STATION,"Marie Caizergues",3,5,8,0.375,43.619871,3.873812
2026-01-27,06:51:32,2026-01-27T06:51:32+01:00,STATION,"Sabines",0,8,8,0.0,43.584211,3.860031
2026-01-27,06:51:32,2026-01-27T06:51:32+01:00,STATION,"Celleneuve",5,3,8,0.625,43.61467,3.832624
2026-01-27,06:51:32,2026-01-27T06:51:32+01:00,STATION,"Jardin de la Lironde",7,1,8,0.875,43.60585,3.911576
2026-01-27,06:51:32,2026-01-27T06:51:32+01:00,STATION,"Père Soulas",6,2,8,0.75,43.621983,3.855603
2026-01-27,06:51:32,2026-01-27T06:51:32+01:00,STATION,"Place Viala",6,1,8,0.875,43.616812,3.855075
2026-01-27,06:51:32,2026-01-27T06:51:32+01:00,STATION,"Hôtel du Département",3,5,8,0.375,43.621682,3.83477
2026-01-27,06:51:32,2026-01-27T06:51:32+01:00,STATION,"Tonnelles",1,7,8,0.125,43.615155,3.839466
2026-01-27,06:51:32,2026-01-27T06:51:32+01:00,STATION,"Parvis Jules Ferry - Gare Saint-Roch",4,4,8,0.5,43.603889,3.879362
2026-01-27,06:51:32,2026-01-27T06:51:32+01:00,STATION,"Pont de Lattes - Gare Saint-Roch",4,8,12,0.3333333333333333,43.606036,3.882393
2026-01-27,06:51:32,2026-01-27T06:51:32+01:00,STATION,"Deux Ponts - Gare Saint-Roch",0,8,8,0.0,43.604319,3.880916
2026-01-27,06:51:32,2026-01-27T06:51:32+01:00,STATION,"Providence - Ovalie",1,7,8,0.125,43.588239,3.853421
2026-01-27,06:51:32,2026-01-27T06:51:32+01:00,STATION,"Pérols Etang de l Or",41,27,68,0.6029411764705882,43.558351,3.963412
2026-01-27,06:51:32,2026-01-27T06:51:32+01:00,STATION,"Albert 1er - Cathédrale",4,7,12,0.4166666666666667,43.614005,3.873218
2026-01-27,06:51:32,2026-01-27T06:51:32+01:00,STATION,"Saint-Guilhem - Courreau",4,4,8,0.5,43.608996,3.872752
2026-01-27,06:51:32,2026-01-27T06:51:32+01:00,STATION,"Sud De France",3,3,8,0.625,43.59562,3.9235
2026-01-27,06:51:32,2026-01-27T06:51:32+01:00,STATION,"Comedie Baudin",0,8,8,0.0,43.608717,3.880787
2026-01-27,06:51:32,2026-01-27T06:51:32+01:00,STATION,"Jean de Beins",2,14,16,0.125,43.609857,3.883884
2026-01-27,07:35:40,2026-01-27T07:35:40+01:00,STATION,"Rue Jules Ferry - Gare Saint-Roch",9,3,12,0.75,43.605366,3.881346
2026-01-27,07:35:40,2026-01-27T07:35:40+01:00,STATION,"Comédie",8,12,20,0.4,43.608148,3.878778
2026-01-27,07:35:40,2026-01-27T07:35:40+01:00,STATION,"Hôtel de Ville",3,12,16,0.25,43.599088,3.894866
2026-01-27,07:35:40,2026-01-27T07:35:40+01:00,STATION,"Corum",10,2,12,0.8333333333333334,43.613989,3.8816
2026-01-27,07:35:40,2026-01-27T07:35:40+01:00,STATION,"Place Albert 1er - St Charles",15,12,27,0.5555555555555556,43.616768,3.873375
2026-01-27,07:35:40,2026-01-27T07:35:40+01:00,STATION,"Foch",1,3,8,0.625,43.610989,3.873345
2026-01-27,07:35:40,2026-01-27T07:35:40+01:00,STATION,"Halles Castellane",0,12,12,0.0,43.609935,3.877208
2026-01-27,07:35:40,2026-01-27T07:35:40+01:00,STATION,"Observatoire",5,2,8,0.75,43.606301,3.87724
2026-01-27,07:35:40,2026-01-27T07:35:40+01:00,STATION,"Rondelet",5,11,16,0.3125,43.603038,3.875796
2026-01-27,07:35:40,2026-01-27T07:35:40+01:00,STATION,"Plan Cabanes",5,7,12,0.4166666666666667,43.608491,3.868389
2026-01-27,07:35:40,2026-01-27T07:35:40+01:00,STATION,"Boutonnet",7,5,12,0.5833333333333334,43.622629,3.868375
2026-01-27,07:35:40,2026-01-27T07:35:40+01:00,STATION,"Emile Combes",3,5,8,0.375,43.616742,3.87998
2026-01-27,07:35:40,2026-01-27T07:35:40+01:00,STATION,"Beaux-Arts",10,6,16,0.625,43.616698,3.884981
2026-01-27,07:35:40,2026-01-27T07:35:40+01:00,STATION,"Les Aubes",4,4,8,0.5,43.618692,3.893844
2026-01-27,07:35:40,2026-01-27T07:35:40+01:00,STATION,"Antigone centre",5,7,12,0.4166666666666667,43.607942,3.890634
2026-01-27,07:35:40,2026-01-27T07:35:40+01:00,STATION,"Médiathèque Emile Zola",7,9,16,0.4375,43.608218,3.89314
2026-01-27,07:35:40,2026-01-27T07:35:40+01:00,STATION,"Nombre d Or",5,11,16,0.3125,43.607859,3.886644
2026-01-27,07:35:40,2026-01-27T07:35:40+01:00,STATION,"Louis Blanc",9,7,16,0.5625,43.614642,3.877648
2026-01-27,07:35:40,2026-01-27T07:35:40+01:00,STATION,"Gambetta",4,4,8,0.5,43.607106,3.870693
2026-01-27,07:35:40,2026-01-27T07:35:40+01:00,STATION,"Port Marianne",13,3,16,0.8125,43.60032,3.89851
2026-01-27,07:35:40,2026-01-27T07:35:40+01:00,STATION,"Les Arceaux",4,4,8,0.5,43.612659,3.867734
2026-01-27,07:35:40,2026-01-27T07:35:40+01:00,STATION,"Cité Mion",4,3,8,0.625,43.601143,3.884373
2026-01-27,07:35:40,2026-01-27T07:35:40+01:00,STATION,"Nouveau Saint-Roch",3,5,8,0.375,43.599817,3.875757
2026-01-27,07:35:40,2026-01-27T07:35:40+01:00,STATION,"Renouvier",2,5,8,0.375,43.603553,3.867884
2026-01-27,07:35:40,2026-01-27T07:35:40+01:00,STATION,"Odysseum",0,8,8,0.0,43.603727,3.918979
2026-01-27,07:35:40,2026-01-27T07:35:40+01:00,STATION,"Saint-Denis",0,8,8,0.0,43.605021,3.875065
2026-01-27,07:35:40,2026-01-27T07:35:40+01:00,STATION,"Richter",15,1,16,0.9375,43.603424,3.899263
2026-01-27,07:35:40,2026-01-27T07:35:40+01:00,STATION,"Charles Flahault",1,7,8,0.125,43.622038,3.86672
2026-01-27,07:35:40,2026-01-27T07:35:40+01:00,STATION,"Voltaire",6,2,8,0.75,43.603767,3.888659
2026-01-27,07:35:40,2026-01-27T07:35:40+01:00,STATION,"Prés d Arènes",4,4,8,0.5,43.59048,3.884611
2026-01-27,07:35:40,2026-01-27T07:35:40+01:00,STATION,"Garcia Lorca",4,4,8,0.5,43.590757,3.890616
2026-01-27,07:35:40,2026-01-27T07:35:40+01:00,STATION,"Vert Bois",10,6,16,0.625,43.63543,3.871179
2026-01-27,07:35:40,2026-01-27T07:35:40+01:00,STATION,"Malbosc",2,6,8,0.25,43.633679,3.832861
2026-01-27,07:35:40,2026-01-27T07:35:40+01:00,STATION,"Occitanie",4,28,32,0.125,43.635689,3.849597
2026-01-27,07:35:40,2026-01-27T07:35:40+01:00,STATION,"FacdesSciences",12,12,24,0.5,43.631318,3.861299
2026-01-27,07:35:40,2026-01-27T07:35:40+01:00,STATION,"Fac de Lettres",2,10,12,0.16666666666666666,43.630437,3.869539
2026-01-27,07:35:40,2026-01-27T07:35:40+01:00,STATION,"Aiguelongue",3,4,8,0.5,43.626163,3.882492
2026-01-27,07:35:40,2026-01-27T07:35:40+01:00,STATION,"Jeu de Mail des Abbés",2,6,8,0.25,43.619701,3.883831
2026-01-27,07:35:40,2026-01-27T07:35:40+01:00,STATION,"Euromédecine",2,6,8,0.25,43.639119,3.828199
2026-01-27,07:35:40,2026-01-27T07:35:40+01:00,STATION,"Marie Caizergues",3,5,8,0.375,43.619871,3.873812
2026-01-27,07:35:40,2026-01-27T07:35:40+01:00,STATION,"Sabines",0,8,8,0.0,43.584211,3.860031
2026-01-27,07:35:40,2026-01-27T07:35:40+01:00,STATION,"Celleneuve",5,3,8,0.625,43.61467,3.832624
2026-01-27,07:35:40,2026-01-27T07:35:40+01:00,STATION,"Jardin de la Lironde",7,1,8,0.875,43.60585,3.911576
2026-01-27,07:35:40,2026-01-27T07:35:40+01:00,STATION,"Père Soulas",6,2,8,0.75,43.621983,3.855603
2026-01-27,07:35:40,2026-01-27T07:35:40+01:00,STATION,"Place Viala",4,3,8,0.625,43.616812,3.855075
2026-01-27,07:35:40,2026-01-27T07:35:40+01:00,STATION,"Hôtel du Département",3,5,8,0.375,43.621682,3.83477
2026-01-27,07:35:40,2026-01-27T07:35:40+01:00,STATION,"Tonnelles",1,7,8,0.125,43.615155,3.839466
2026-01-27,07:35:40,2026-01-27T07:35:40+01:00,STATION,"Parvis Jules Ferry - Gare Saint-Roch",4,4,8,0.5,43.603889,3.879362
2026-01-27,07:35:40,2026-01-27T07:35:40+01:00,STATION,"Pont de Lattes - Gare Saint-Roch",3,9,12,0.25,43.606036,3.882393
2026-01-27,07:35:40,2026-01-27T07:35:40+01:00,STATION,"Deux Ponts - Gare Saint-Roch",0,8,8,0.0,43.604319,3.880916
2026-01-27,07:35:40,2026-01-27T07:35:40+01:00,STATION,"Providence - Ovalie",1,7,8,0.125,43.588239,3.853421
2026-01-27,07:35:40,2026-01-27T07:35:40+01:00,STATION,"Pérols Etang de l Or",41,27,68,0.6029411764705882,43.558351,3.963412
2026-01-27,07:35:40,2026-01-27T07:35:40+01:00,STATION,"Albert 1er - Cathédrale",4,7,12,0.4166666666666667,43.614005,3.873218
2026-01-27,07:35:40,2026-01-27T07:35:40+01:00,STATION,"Saint-Guilhem - Courreau",4,4,8,0.5,43.608996,3.872752
2026-01-27,07:35:40,2026-01-27T07:35:40+01:00,STATION,"Sud De France",3,3,8,0.625,43.59562,3.9235
2026-01-27,07:35:40,2026-01-27T07:35:40+01:00,STATION,"Comedie Baudin",0,8,8,0.0,43.608717,3.880787
2026-01-27,07:35:40,2026-01-27T07:35:40+01:00,STATION,"Jean de Beins",2,14,16,0.125,43.609857,3.883884
2026-01-27,08:27:44,2026-01-27T08:27:44+01:00,STATION,"Rue Jules Ferry - Gare Saint-Roch",8,4,12,0.6666666666666666,43.605366,3.881346
2026-01-27,08:27:44,2026-01-27T08:27:44+01:00,STATION,"Comédie",8,12,20,0.4,43.608148,3.878778
2026-01-27,08:27:44,2026-01-27T08:27:44+01:00,STATION,"Hôtel de Ville",3,12,16,0.25,43.599088,3.894866
2026-01-27,08:27:44,2026-01-27T08:27:44+01:00,STATION,"Corum",10,2,12,0.8333333333333334,43.613989,3.8816
2026-01-27,08:27:44,2026-01-27T08:27:44+01:00,STATION,"Place Albert 1er - St Charles",15,12,27,0.5555555555555556,43.616768,3.873375
2026-01-27,08:27:44,2026-01-27T08:27:44+01:00,STATION,"Foch",1,3,8,0.625,43.610989,3.873345
2026-01-27,08:27:44,2026-01-27T08:27:44+01:00,STATION,"Halles Castellane",0,12,12,0.0,43.609935,3.877208
2026-01-27,08:27:44,2026-01-27T08:27:44+01:00,STATION,"Observatoire",4,3,8,0.625,43.606301,3.87724
2026-01-27,08:27:44,2026-01-27T08:27:44+01:00,STATION,"Rondelet",5,11,16,0.3125,43.603038,3.875796
2026-01-27,08:27:44,2026-01-27T08:27:44+01:00,STATION,"Plan Cabanes",5,7,12,0.4166666666666667,43.608491,3.868389
2026-01-27,08:27:44,2026-01-27T08:27:44+01:00,STATION,"Boutonnet",7,5,12,0.5833333333333334,43.622629,3.868375
2026-01-27,08:27:44,2026-01-27T08:27:44+01:00,STATION,"Emile Combes",3,5,8,0.375,43.616742,3.87998
2026-01-27,08:27:44,2026-01-27T08:27:44+01:00,STATION,"Beaux-Arts",10,6,16,0.625,43.616698,3.884981
2026-01-27,08:27:44,2026-01-27T08:27:44+01:00,STATION,"Les Aubes",4,4,8,0.5,43.618692,3.893844
2026-01-27,08:27:44,2026-01-27T08:27:44+01:00,STATION,"Antigone centre",5,7,12,0.4166666666666667,43.607942,3.890634
2026-01-27,08:27:44,2026-01-27T08:27:44+01:00,STATION,"Médiathèque Emile Zola",7,9,16,0.4375,43.608218,3.89314
2026-01-27,08:27:44,2026-01-27T08:27:44+01:00,STATION,"Nombre d Or",5,11,16,0.3125,43.607859,3.886644
2026-01-27,08:27:44,2026-01-27T08:27:44+01:00,STATION,"Louis Blanc",9,7,16,0.5625,43.614642,3.877648
2026-01-27,08:27:44,2026-01-27T08:27:44+01:00,STATION,"Gambetta",4,4,8,0.5,43.607106,3.870693
2026-01-27,08:27:44,2026-01-27T08:27:44+01:00,STATION,"Port Marianne",13,3,16,0.8125,43.60032,3.89851
2026-01-27,08:27:44,2026-01-27T08:27:44+01:00,STATION,"Les Arceaux",4,4,8,0.5,43.612659,3.867734
2026-01-27,08:27:44,2026-01-27T08:27:44+01:00,STATION,"Cité Mion",4,3,8,0.625,43.601143,3.884373
2026-01-27,08:27:44,2026-01-27T08:27:44+01:00,STATION,"Nouveau Saint-Roch",3,5,8,0.375,43.599817,3.875757
2026-01-27,08:27:44,2026-01-27T08:27:44+01:00,STATION,"Renouvier",3,4,8,0.5,43.603553,3.867884
2026-01-27,08:27:44,2026-01-27T08:27:44+01:00,STATION,"Odysseum",0,8,8,0.0,43.603727,3.918979
2026-01-27,08:27:44,2026-01-27T08:27:44+01:00,STATION,"Saint-Denis",0,8,8,0.0,43.605021,3.875065
2026-01-27,08:27:44,2026-01-27T08:27:44+01:00,STATION,"Richter",4,12,16,0.25,43.603424,3.899263
2026-01-27,08:27:44,2026-01-27T08:27:44+01:00,STATION,"Charles Flahault",1,7,8,0.125,43.622038,3.86672
2026-01-27,08:27:44,2026-01-27T08:27:44+01:00,STATION,"Voltaire",6,2,8,0.75,43.603767,3.888659
2026-01-27,08:27:44,2026-01-27T08:27:44+01:00,STATION,"Prés d Arènes",4,4,8,0.5,43.59048,3.884611
2026-01-27,08:27:44,2026-01-27T08:27:44+01:00,STATION,"Garcia Lorca",4,4,8,0.5,43.590757,3.890616
2026-01-27,08:27:44,2026-01-27T08:27:44+01:00,STATION,"Vert Bois",9,7,16,0.5625,43.63543,3.871179
2026-01-27,08:27:44,2026-01-27T08:27:44+01:00,STATION,"Malbosc",2,6,8,0.25,43.633679,3.832861
2026-01-27,08:27:44,2026-01-27T08:27:44+01:00,STATION,"Occitanie",4,28,32,0.125,43.635689,3.849597
2026-01-27,08:27:44,2026-01-27T08:27:44+01:00,STATION,"FacdesSciences",12,12,24,0.5,43.631318,3.861299
2026-01-27,08:27:44,2026-01-27T08:27:44+01:00,STATION,"Fac de Lettres",2,10,12,0.16666666666666666,43.630437,3.869539
2026-01-27,08:27:44,2026-01-27T08:27:44+01:00,STATION,"Aiguelongue",3,4,8,0.5,43.626163,3.882492
2026-01-27,08:27:44,2026-01-27T08:27:44+01:00,STATION,"Jeu de Mail des Abbés",2,6,8,0.25,43.619701,3.883831
2026-01-27,08:27:44,2026-01-27T08:27:44+01:00,STATION,"Euromédecine",2,6,8,0.25,43.639119,3.828199
2026-01-27,08:27:44,2026-01-27T08:27:44+01:00,STATION,"Marie Caizergues",3,5,8,0.375,43.619871,3.873812
2026-01-27,08:27:44,2026-01-27T08:27:44+01:00,STATION,"Sabines",0,8,8,0.0,43.584211,3.860031
2026-01-27,08:27:44,2026-01-27T08:27:44+01:00,STATION,"Celleneuve",5,3,8,0.625,43.61467,3.832624
2026-01-27,08:27:44,2026-01-27T08:27:44+01:00,STATION,"Jardin de la Lironde",3,5,8,0.375,43.60585,3.911576
2026-01-27,08:27:44,2026-01-27T08:27:44+01:00,STATION,"Père Soulas",6,2,8,0.75,43.621983,3.855603
2026-01-27,08:27:44,2026-01-27T08:27:44+01:00,STATION,"Place Viala",3,4,8,0.5,43.616812,3.855075
2026-01-27,08:27:44,2026-01-27T08:27:44+01:00,STATION,"Hôtel du Département",3,5,8,0.375,43.621682,3.83477
2026-01-27,08:27:44,2026-01-27T08:27:44+01:00,STATION,"Tonnelles",1,7,8,0.125,43.615155,3.839466
2026-01-27,08:27:44,2026-01-27T08:27:44+01:00,STATION,"Parvis Jules Ferry - Gare Saint-Roch",5,3,8,0.625,43.603889,3.879362
2026-01-27,08:27:44,2026-01-27T08:27:44+01:00,STATION,"Pont de Lattes - Gare Saint-Roch",2,10,12,0.16666666666666666,43.606036,3.882393
2026-01-27,08:27:44,2026-01-27T08:27:44+01:00,STATION,"Deux Ponts - Gare Saint-Roch",0,8,8,0.0,43.604319,3.880916
2026-01-27,08:27:44,2026-01-27T08:27:44+01:00,STATION,"Providence - Ovalie",1,7,8,0.125,43.588239,3.853421
2026-01-27,08:27:44,2026-01-27T08:27:44+01:00,STATION,"Pérols Etang de l Or",41,27,68,0.6029411764705882,43.558351,3.963412
2026-01-27,08:27:44,2026-01-27T08:27:44+01:00,STATION,"Albert 1er - Cathédrale",4,7,12,0.4166666666666667,43.614005,3.873218
2026-01-27,08:27:44,2026-01-27T08:27:44+01:00,STATION,"Saint-Guilhem - Courreau",4,4,8,0.5,43.608996,3.872752
2026-01-27,08:27:44,2026-01-27T08:27:44+01:00,STATION,"Sud De France",3,3,8,0.625,43.59562,3.9235
2026-01-27,08:27:44,2026-01-27T08:27:44+01:00,STATION,"Comedie Baudin",0,8,8,0.0,43.608717,3.880787
2026-01-27,08:27:44,2026-01-27T08:27:44+01:00,STATION,"Jean de Beins",2,14,16,0.125,43.609857,3.883884
2026-01-27,08:49:56,2026-01-27T08:49:56+01:00,STATION,"Rue Jules Ferry - Gare Saint-Roch",8,4,12,0.6666666666666666,43.605366,3.881346
2026-01-27,08:49:56,2026-01-27T08:49:56+01:00,STATION,"Comédie",8,12,20,0.4,43.608148,3.878778
2026-01-27,08:49:56,2026-01-27T08:49:56+01:00,STATION,"Hôtel de Ville",3,12,16,0.25,43.599088,3.894866
2026-01-27,08:49:56,2026-01-27T08:49:56+01:00,STATION,"Corum",10,2,12,0.8333333333333334,43.613989,3.8816
2026-01-27,08:49:56,2026-01-27T08:49:56+01:00,STATION,"Place Albert 1er - St Charles",15,12,27,0.5555555555555556,43.616768,3.873375
2026-01-27,08:49:56,2026-01-27T08:49:56+01:00,STATION,"Foch",1,3,8,0.625,43.610989,3.873345
2026-01-27,08:49:56,2026-01-27T08:49:56+01:00,STATION,"Halles Castellane",0,12,12,0.0,43.609935,3.877208
2026-01-27,08:49:56,2026-01-27T08:49:56+01:00,STATION,"Observatoire",4,3,8,0.625,43.606301,3.87724
2026-01-27,08:49:56,2026-01-27T08:49:56+01:00,STATION,"Rondelet",5,11,16,0.3125,43.603038,3.875796
2026-01-27,08:49:56,2026-01-27T08:49:56+01:00,STATION,"Plan Cabanes",5,7,12,0.4166666666666667,43.608491,3.868389
2026-01-27,08:49:56,2026-01-27T08:49:56+01:00,STATION,"Boutonnet",7,5,12,0.5833333333333334,43.622629,3.868375
2026-01-27,08:49:56,2026-01-27T08:49:56+01:00,STATION,"Emile Combes",3,5,8,0.375,43.616742,3.87998
2026-01-27,08:49:56,2026-01-27T08:49:56+01:00,STATION,"Beaux-Arts",10,6,16,0.625,43.616698,3.884981
2026-01-27,08:49:56,2026-01-27T08:49:56+01:00,STATION,"Les Aubes",4,4,8,0.5,43.618692,3.893844
2026-01-27,08:49:56,2026-01-27T08:49:56+01:00,STATION,"Antigone centre",5,7,12,0.4166666666666667,43.607942,3.890634
2026-01-27,08:49:56,2026-01-27T08:49:56+01:00,STATION,"Médiathèque Emile Zola",8,8,16,0.5,43.608218,3.89314
2026-01-27,08:49:56,2026-01-27T08:49:56+01:00,STATION,"Nombre d Or",5,11,16,0.3125,43.607859,3.886644
2026-01-27,08:49:56,2026-01-27T08:49:56+01:00,STATION,"Louis Blanc",9,7,16,0.5625,43.614642,3.877648
2026-01-27,08:49:56,2026-01-27T08:49:56+01:00,STATION,"Gambetta",3,5,8,0.375,43.607106,3.870693
2026-01-27,08:49:56,2026-01-27T08:49:56+01:00,STATION,"Port Marianne",13,3,16,0.8125,43.60032,3.89851
2026-01-27,08:49:56,2026-01-27T08:49:56+01:00,STATION,"Les Arceaux",4,4,8,0.5,43.612659,3.867734
2026-01-27,08:49:56,2026-01-27T08:49:56+01:00,STATION,"Cité Mion",4,3,8,0.625,43.601143,3.884373
2026-01-27,08:49:56,2026-01-27T08:49:56+01:00,STATION,"Nouveau Saint-Roch",3,5,8,0.375,43.599817,3.875757
2026-01-27,08:49:56,2026-01-27T08:49:56+01:00,STATION,"Renouvier",3,4,8,0.5,43.603553,3.867884
2026-01-27,08:49:56,2026-01-27T08:49:56+01:00,STATION,"Odysseum",0,8,8,0.0,43.603727,3.918979
2026-01-27,08:49:56,2026-01-27T08:49:56+01:00,STATION,"Saint-Denis",0,8,8,0.0,43.605021,3.875065
2026-01-27,08:49:56,2026-01-27T08:49:56+01:00,STATION,"Richter",4,12,16,0.25,43.603424,3.899263
2026-01-27,08:49:56,2026-01-27T08:49:56+01:00,STATION,"Charles Flahault",1,7,8,0.125,43.622038,3.86672
2026-01-27,08:49:56,2026-01-27T08:49:56+01:00,STATION,"Voltaire",6,2,8,0.75,43.603767,3.888659
2026-01-27,08:49:56,2026-01-27T08:49:56+01:00,STATION,"Prés d Arènes",4,4,8,0.5,43.59048,3.884611
2026-01-27,08:49:56,2026-01-27T08:49:56+01:00,STATION,"Garcia Lorca",4,4,8,0.5,43.590757,3.890616
2026-01-27,08:49:56,2026-01-27T08:49:56+01:00,STATION,"Vert Bois",9,7,16,0.5625,43.63543,3.871179
2026-01-27,08:49:56,2026-01-27T08:49:56+01:00,STATION,"Malbosc",2,6,8,0.25,43.633679,3.832861
2026-01-27,08:49:56,2026-01-27T08:49:56+01:00,STATION,"Occitanie",4,28,32,0.125,43.635689,3.849597
2026-01-27,08:49:56,2026-01-27T08:49:56+01:00,STATION,"FacdesSciences",12,12,24,0.5,43.631318,3.861299
2026-01-27,08:49:56,2026-01-27T08:49:56+01:00,STATION,"Fac de Lettres",3,9,12,0.25,43.630437,3.869539
2026-01-27,08:49:56,2026-01-27T08:49:56+01:00,STATION,"Aiguelongue",3,4,8,0.5,43.626163,3.882492
2026-01-27,08:49:56,2026-01-27T08:49:56+01:00,STATION,"Jeu de Mail des Abbés",2,6,8,0.25,43.619701,3.883831
2026-01-27,08:49:56,2026-01-27T08:49:56+01:00,STATION,"Euromédecine",2,6,8,0.25,43.639119,3.828199
2026-01-27,08:49:56,2026-01-27T08:49:56+01:00,STATION,"Marie Caizergues",3,5,8,0.375,43.619871,3.873812
2026-01-27,08:49:56,2026-01-27T08:49:56+01:00,STATION,"Sabines",0,8,8,0.0,43.584211,3.860031
2026-01-27,08:49:56,2026-01-27T08:49:56+01:00,STATION,"Celleneuve",5,3,8,0.625,43.61467,3.832624
2026-01-27,08:49:56,2026-01-27T08:49:56+01:00,STATION,"Jardin de la Lironde",4,4,8,0.5,43.60585,3.911576
2026-01-27,08:49:56,2026-01-27T08:49:56+01:00,STATION,"Père Soulas",6,2,8,0.75,43.621983,3.855603
2026-01-27,08:49:56,2026-01-27T08:49:56+01:00,STATION,"Place Viala",3,4,8,0.5,43.616812,3.855075
2026-01-27,08:49:56,2026-01-27T08:49:56+01:00,STATION,"Hôtel du Département",3,5,8,0.375,43.621682,3.83477
2026-01-27,08:49:56,2026-01-27T08:49:56+01:00,STATION,"Tonnelles",1,7,8,0.125,43.615155,3.839466
2026-01-27,08:49:56,2026-01-27T08:49:56+01:00,STATION,"Parvis Jules Ferry - Gare Saint-Roch",5,3,8,0.625,43.603889,3.879362
2026-01-27,08:49:56,2026-01-27T08:49:56+01:00,STATION,"Pont de Lattes - Gare Saint-Roch",2,10,12,0.16666666666666666,43.606036,3.882393
2026-01-27,08:49:56,2026-01-27T08:49:56+01:00,STATION,"Deux Ponts - Gare Saint-Roch",0,8,8,0.0,43.604319,3.880916
2026-01-27,08:49:56,2026-01-27T08:49:56+01:00,STATION,"Providence - Ovalie",1,7,8,0.125,43.588239,3.853421
2026-01-27,08:49:56,2026-01-27T08:49:56+01:00,STATION,"Pérols Etang de l Or",41,27,68,0.6029411764705882,43.558351,3.963412
2026-01-27,08:49:56,2026-01-27T08:49:56+01:00,STATION,"Albert 1er - Cathédrale",4,7,12,0.4166666666666667,43.614005,3.873218
2026-01-27,08:49:56,2026-01-27T08:49:56+01:00,STATION,"Saint-Guilhem - Courreau",4,4,8,0.5,43.608996,3.872752
2026-01-27,08:49:56,2026-01-27T08:49:56+01:00,STATION,"Sud De France",4,2,8,0.75,43.59562,3.9235
2026-01-27,08:49:56,2026-01-27T08:49:56+01:00,STATION,"Comedie Baudin",0,8,8,0.0,43.608717,3.880787
2026-01-27,08:49:56,2026-01-27T08:49:56+01:00,STATION,"Jean de Beins",6,10,16,0.375,43.609857,3.883884
2026-01-27,09:33:23,2026-01-27T09:33:23+01:00,STATION,"Rue Jules Ferry - Gare Saint-Roch",8,4,12,0.6666666666666666,43.605366,3.881346
2026-01-27,09:33:23,2026-01-27T09:33:23+01:00,STATION,"Comédie",8,12,20,0.4,43.608148,3.878778
2026-01-27,09:33:23,2026-01-27T09:33:23+01:00,STATION,"Hôtel de Ville",4,11,16,0.3125,43.599088,3.894866
2026-01-27,09:33:23,2026-01-27T09:33:23+01:00,STATION,"Corum",10,2,12,0.8333333333333334,43.613989,3.8816
2026-01-27,09:33:23,2026-01-27T09:33:23+01:00,STATION,"Place Albert 1er - St Charles",16,11,27,0.5925925925925926,43.616768,3.873375
2026-01-27,09:33:23,2026-01-27T09:33:23+01:00,STATION,"Foch",1,3,8,0.625,43.610989,3.873345
2026-01-27,09:33:23,2026-01-27T09:33:23+01:00,STATION,"Halles Castellane",0,12,12,0.0,43.609935,3.877208
2026-01-27,09:33:23,2026-01-27T09:33:23+01:00,STATION,"Observatoire",4,3,8,0.625,43.606301,3.87724
2026-01-27,09:33:23,2026-01-27T09:33:23+01:00,STATION,"Rondelet",5,11,16,0.3125,43.603038,3.875796
2026-01-27,09:33:23,2026-01-27T09:33:23+01:00,STATION,"Plan Cabanes",5,7,12,0.4166666666666667,43.608491,3.868389
2026-01-27,09:33:23,2026-01-27T09:33:23+01:00,STATION,"Boutonnet",8,4,12,0.6666666666666666,43.622629,3.868375
2026-01-27,09:33:23,2026-01-27T09:33:23+01:00,STATION,"Emile Combes",3,5,8,0.375,43.616742,3.87998
2026-01-27,09:33:23,2026-01-27T09:33:23+01:00,STATION,"Beaux-Arts",10,6,16,0.625,43.616698,3.884981
2026-01-27,09:33:23,2026-01-27T09:33:23+01:00,STATION,"Les Aubes",4,4,8,0.5,43.618692,3.893844
2026-01-27,09:33:23,2026-01-27T09:33:23+01:00,STATION,"Antigone centre",4,8,12,0.3333333333333333,43.607942,3.890634
2026-01-27,09:33:23,2026-01-27T09:33:23+01:00,STATION,"Médiathèque Emile Zola",8,8,16,0.5,43.608218,3.89314
2026-01-27,09:33:23,2026-01-27T09:33:23+01:00,STATION,"Nombre d Or",5,11,16,0.3125,43.607859,3.886644
2026-01-27,09:33:23,2026-01-27T09:33:23+01:00,STATION,"Louis Blanc",9,7,16,0.5625,43.614642,3.877648
2026-01-27,09:33:23,2026-01-27T09:33:23+01:00,STATION,"Gambetta",3,5,8,0.375,43.607106,3.870693
2026-01-27,09:33:23,2026-01-27T09:33:23+01:00,STATION,"Port Marianne",13,3,16,0.8125,43.60032,3.89851
2026-01-27,09:33:23,2026-01-27T09:33:23+01:00,STATION,"Les Arceaux",4,4,8,0.5,43.612659,3.867734
2026-01-27,09:33:23,2026-01-27T09:33:23+01:00,STATION,"Cité Mion",4,3,8,0.625,43.601143,3.884373
2026-01-27,09:33:23,2026-01-27T09:33:23+01:00,STATION,"Nouveau Saint-Roch",3,5,8,0.375,43.599817,3.875757
2026-01-27,09:33:23,2026-01-27T09:33:23+01:00,STATION,"Renouvier",2,5,8,0.375,43.603553,3.867884
2026-01-27,09:33:23,2026-01-27T09:33:23+01:00,STATION,"Odysseum",0,8,8,0.0,43.603727,3.918979
2026-01-27,09:33:23,2026-01-27T09:33:23+01:00,STATION,"Saint-Denis",0,8,8,0.0,43.605021,3.875065
2026-01-27,09:33:23,2026-01-27T09:33:23+01:00,STATION,"Richter",4,12,16,0.25,43.603424,3.899263
2026-01-27,09:33:23,2026-01-27T09:33:23+01:00,STATION,"Charles Flahault",4,4,8,0.5,43.622038,3.86672
2026-01-27,09:33:23,2026-01-27T09:33:23+01:00,STATION,"Voltaire",6,2,8,0.75,43.603767,3.888659
2026-01-27,09:33:23,2026-01-27T09:33:23+01:00,STATION,"Prés d Arènes",4,4,8,0.5,43.59048,3.884611
2026-01-27,09:33:23,2026-01-27T09:33:23+01:00,STATION,"Garcia Lorca",4,4,8,0.5,43.590757,3.890616
2026-01-27,09:33:23,2026-01-27T09:33:23+01:00,STATION,"Vert Bois",8,8,16,0.5,43.63543,3.871179
2026-01-27,09:33:23,2026-01-27T09:33:23+01:00,STATION,"Malbosc",2,6,8,0.25,43.633679,3.832861
2026-01-27,09:33:23,2026-01-27T09:33:23+01:00,STATION,"Occitanie",3,29,32,0.09375,43.635689,3.849597
2026-01-27,09:33:23,2026-01-27T09:33:23+01:00,STATION,"FacdesSciences",12,12,24,0.5,43.631318,3.861299
2026-01-27,09:33:23,2026-01-27T09:33:23+01:00,STATION,"Fac de Lettres",3,9,12,0.25,43.630437,3.869539
2026-01-27,09:33:23,2026-01-27T09:33:23+01:00,STATION,"Aiguelongue",3,4,8,0.5,43.626163,3.882492
2026-01-27,09:33:23,2026-01-27T09:33:23+01:00,STATION,"Jeu de Mail des Abbés",4,4,8,0.5,43.619701,3.883831
2026-01-27,09:33:23,2026-01-27T09:33:23+01:00,STATION,"Euromédecine",2,6,8,0.25,43.639119,3.828199
2026-01-27,09:33:23,2026-01-27T09:33:23+01:00,STATION,"Marie Caizergues",3,5,8,0.375,43.619871,3.873812
2026-01-27,09:33:23,2026-01-27T09:33:23+01:00,STATION,"Sabines",0,8,8,0.0,43.584211,3.860031
2026-01-27,09:33:23,2026-01-27T09:33:23+01:00,STATION,"Celleneuve",5,3,8,0.625,43.61467,3.832624
2026-01-27,09:33:23,2026-01-27T09:33:23+01:00,STATION,"Jardin de la Lironde",4,4,8,0.5,43.60585,3.911576
2026-01-27,09:33:23,2026-01-27T09:33:23+01:00,STATION,"Père Soulas",6,2,8,0.75,43.621983,3.855603
2026-01-27,09:33:23,2026-01-27T09:33:23+01:00,STATION,"Place Viala",3,4,8,0.5,43.616812,3.855075
2026-01-27,09:33:23,2026-01-27T09:33:23+01:00,STATION,"Hôtel du Département",3,5,8,0.375,43.621682,3.83477
2026-01-27,09:33:23,2026-01-27T09:33:23+01:00,STATION,"Tonnelles",1,7,8,0.125,43.615155,3.839466
2026-01-27,09:33:23,2026-01-27T09:33:23+01:00,STATION,"Parvis Jules Ferry - Gare Saint-Roch",5,3,8,0.625,43.603889,3.879362
2026-01-27,09:33:23,2026-01-27T09:33:23+01:00,STATION,"Pont de Lattes - Gare Saint-Roch",2,10,12,0.16666666666666666,43.606036,3.882393
2026-01-27,09:33:23,2026-01-27T09:33:23+01:00,STATION,"Deux Ponts - Gare Saint-Roch",0,8,8,0.0,43.604319,3.880916
2026-01-27,09:33:23,2026-01-27T09:33:23+01:00,STATION,"Providence - Ovalie",1,7,8,0.125,43.588239,3.853421
2026-01-27,09:33:23,2026-01-27T09:33:23+01:00,STATION,"Pérols Etang de l Or",41,27,68,0.6029411764705882,43.558351,3.963412
2026-01-27,09:33:23,2026-01-27T09:33:23+01:00,STATION,"Albert 1er - Cathédrale",4,7,12,0.4166666666666667,43.614005,3.873218
2026-01-27,09:33:23,2026-01-27T09:33:23+01:00,STATION,"Saint-Guilhem - Courreau",4,4,8,0.5,43.608996,3.872752
2026-01-27,09:33:23,2026-01-27T09:33:23+01:00,STATION,"Sud De France",4,2,8,0.75,43.59562,3.9235
2026-01-27,09:33:23,2026-01-27T09:33:23+01:00,STATION,"Comedie Baudin",0,8,8,0.0,43.608717,3.880787
2026-01-27,09:33:23,2026-01-27T09:33:23+01:00,STATION,"Jean de Beins",6,10,16,0.375,43.609857,3.883884
2026-01-27,10:33:24,2026-01-27T10:33:24+01:00,STATION,"Rue Jules Ferry - Gare Saint-Roch",8,4,12,0.6666666666666666,43.605366,3.881346
2026-01-27,10:33:24,2026-01-27T10:33:24+01:00,STATION,"Comédie",10,10,20,0.5,43.608148,3.878778
2026-01-27,10:33:24,2026-01-27T10:33:24+01:00,STATION,"Hôtel de Ville",4,11,16,0.3125,43.599088,3.894866
2026-01-27,10:33:24,2026-01-27T10:33:24+01:00,STATION,"Corum",10,2,12,0.8333333333333334,43.613989,3.8816
2026-01-27,10:33:24,2026-01-27T10:33:24+01:00,STATION,"Place Albert 1er - St Charles",16,11,27,0.5925925925925926,43.616768,3.873375
2026-01-27,10:33:24,2026-01-27T10:33:24+01:00,STATION,"Foch",1,3,8,0.625,43.610989,3.873345
2026-01-27,10:33:24,2026-01-27T10:33:24+01:00,STATION,"Halles Castellane",0,12,12,0.0,43.609935,3.877208
2026-01-27,10:33:24,2026-01-27T10:33:24+01:00,STATION,"Observatoire",4,3,8,0.625,43.606301,3.87724
2026-01-27,10:33:24,2026-01-27T10:33:24+01:00,STATION,"Rondelet",6,10,16,0.375,43.603038,3.875796
2026-01-27,10:33:24,2026-01-27T10:33:24+01:00,STATION,"Plan Cabanes",5,7,12,0.4166666666666667,43.608491,3.868389
2026-01-27,10:33:24,2026-01-27T10:33:24+01:00,STATION,"Boutonnet",8,4,12,0.6666666666666666,43.622629,3.868375
2026-01-27,10:33:24,2026-01-27T10:33:24+01:00,STATION,"Emile Combes",3,5,8,0.375,43.616742,3.87998
2026-01-27,10:33:24,2026-01-27T10:33:24+01:00,STATION,"Beaux-Arts",10,6,16,0.625,43.616698,3.884981
2026-01-27,10:33:24,2026-01-27T10:33:24+01:00,STATION,"Les Aubes",4,4,8,0.5,43.618692,3.893844
2026-01-27,10:33:24,2026-01-27T10:33:24+01:00,STATION,"Antigone centre",4,8,12,0.3333333333333333,43.607942,3.890634
2026-01-27,10:33:24,2026-01-27T10:33:24+01:00,STATION,"Médiathèque Emile Zola",8,8,16,0.5,43.608218,3.89314
2026-01-27,10:33:24,2026-01-27T10:33:24+01:00,STATION,"Nombre d Or",5,11,16,0.3125,43.607859,3.886644
2026-01-27,10:33:24,2026-01-27T10:33:24+01:00,STATION,"Louis Blanc",9,7,16,0.5625,43.614642,3.877648
2026-01-27,10:33:24,2026-01-27T10:33:24+01:00,STATION,"Gambetta",3,5,8,0.375,43.607106,3.870693
2026-01-27,10:33:24,2026-01-27T10:33:24+01:00,STATION,"Port Marianne",13,3,16,0.8125,43.60032,3.89851
2026-01-27,10:33:24,2026-01-27T10:33:24+01:00,STATION,"Les Arceaux",4,4,8,0.5,43.612659,3.867734
2026-01-27,10:33:24,2026-01-27T10:33:24+01:00,STATION,"Cité Mion",4,3,8,0.625,43.601143,3.884373
2026-01-27,10:33:24,2026-01-27T10:33:24+01:00,STATION,"Nouveau Saint-Roch",2,6,8,0.25,43.599817,3.875757
2026-01-27,10:33:24,2026-01-27T10:33:24+01:00,STATION,"Renouvier",2,5,8,0.375,43.603553,3.867884
2026-01-27,10:33:24,2026-01-27T10:33:24+01:00,STATION,"Odysseum",0,8,8,0.0,43.603727,3.918979
2026-01-27,10:33:24,2026-01-27T10:33:24+01:00,STATION,"Saint-Denis",0,8,8,0.0,43.605021,3.875065
2026-01-27,10:33:24,2026-01-27T10:33:24+01:00,STATION,"Richter",4,12,16,0.25,43.603424,3.899263
2026-01-27,10:33:24,2026-01-27T10:33:24+01:00,STATION,"Charles Flahault",4,4,8,0.5,43.622038,3.86672
2026-01-27,10:33:24,2026-01-27T10:33:24+01:00,STATION,"Voltaire",6,2,8,0.75,43.603767,3.888659
2026-01-27,10:33:24,2026-01-27T10:33:24+01:00,STATION,"Prés d Arènes",4,4,8,0.5,43.59048,3.884611
2026-01-27,10:33:24,2026-01-27T10:33:24+01:00,STATION,"Garcia Lorca",4,4,8,0.5,43.590757,3.890616
2026-01-27,10:33:24,2026-01-27T10:33:24+01:00,STATION,"Vert Bois",8,8,16,0.5,43.63543,3.871179
2026-01-27,10:33:24,2026-01-27T10:33:24+01:00,STATION,"Malbosc",2,6,8,0.25,43.633679,3.832861
2026-01-27,10:33:24,2026-01-27T10:33:24+01:00,STATION,"Occitanie",3,29,32,0.09375,43.635689,3.849597
2026-01-27,10:33:24,2026-01-27T10:33:24+01:00,STATION,"FacdesSciences",12,12,24,0.5,43.631318,3.861299
2026-01-27,10:33:24,2026-01-27T10:33:24+01:00,STATION,"Fac de Lettres",3,9,12,0.25,43.630437,3.869539
2026-01-27,10:33:24,2026-01-27T10:33:24+01:00,STATION,"Aiguelongue",3,4,8,0.5,43.626163,3.882492
2026-01-27,10:33:24,2026-01-27T10:33:24+01:00,STATION,"Jeu de Mail des Abbés",4,4,8,0.5,43.619701,3.883831
2026-01-27,10:33:24,2026-01-27T10:33:24+01:00,STATION,"Euromédecine",2,6,8,0.25,43.639119,3.828199
2026-01-27,10:33:24,2026-01-27T10:33:24+01:00,STATION,"Marie Caizergues",3,5,8,0.375,43.619871,3.873812
2026-01-27,10:33:24,2026-01-27T10:33:24+01:00,STATION,"Sabines",0,8,8,0.0,43.584211,3.860031
2026-01-27,10:33:24,2026-01-27T10:33:24+01:00,STATION,"Celleneuve",5,3,8,0.625,43.61467,3.832624
2026-01-27,10:33:24,2026-01-27T10:33:24+01:00,STATION,"Jardin de la Lironde",4,4,8,0.5,43.60585,3.911576
2026-01-27,10:33:24,2026-01-27T10:33:24+01:00,STATION,"Père Soulas",6,2,8,0.75,43.621983,3.855603
2026-01-27,10:33:24,2026-01-27T10:33:24+01:00,STATION,"Place Viala",3,4,8,0.5,43.616812,3.855075
2026-01-27,10:33:24,2026-01-27T10:33:24+01:00,STATION,"Hôtel du Département",3,5,8,0.375,43.621682,3.83477
2026-01-27,10:33:24,2026-01-27T10:33:24+01:00,STATION,"Tonnelles",1,7,8,0.125,43.615155,3.839466
2026-01-27,10:33:24,2026-01-27T10:33:24+01:00,STATION,"Parvis Jules Ferry - Gare Saint-Roch",5,3,8,0.625,43.603889,3.879362
2026-01-27,10:33:24,2026-01-27T10:33:24+01:00,STATION,"Pont de Lattes - Gare Saint-Roch",5,7,12,0.4166666666666667,43.606036,3.882393
2026-01-27,10:33:24,2026-01-27T10:33:24+01:00,STATION,"Deux Ponts - Gare Saint-Roch",0,8,8,0.0,43.604319,3.880916
2026-01-27,10:33:24,2026-01-27T10:33:24+01:00,STATION,"Providence - Ovalie",1,7,8,0.125,43.588239,3.853421
2026-01-27,10:33:24,2026-01-27T10:33:24+01:00,STATION,"Pérols Etang de l Or",41,27,68,0.6029411764705882,43.558351,3.963412
2026-01-27,10:33:24,2026-01-27T10:33:24+01:00,STATION,"Albert 1er - Cathédrale",4,7,12,0.4166666666666667,43.614005,3.873218
2026-01-27,10:33:24,2026-01-27T10:33:24+01:00,STATION,"Saint-Guilhem - Courreau",4,4,8,0.5,43.608996,3.872752
2026-01-27,10:33:24,2026-01-27T10:33:24+01:00,STATION,"Sud De France",4,2,8,0.75,43.59562,3.9235
2026-01-27,10:33:24,2026-01-27T10:33:24+01:00,STATION,"Comedie Baudin",0,8,8,0.0,43.608717,3.880787
2026-01-27,10:33:24,2026-01-27T10:33:24+01:00,STATION,"Jean de Beins",6,10,16,0.375,43.609857,3.883884
2026-01-27,11:28:03,2026-01-27T11:28:03+01:00,STATION,"Rue Jules Ferry - Gare Saint-Roch",8,4,12,0.6666666666666666,43.605366,3.881346
2026-01-27,11:28:03,2026-01-27T11:28:03+01:00,STATION,"Comédie",10,10,20,0.5,43.608148,3.878778
2026-01-27,11:28:03,2026-01-27T11:28:03+01:00,STATION,"Hôtel de Ville",4,11,16,0.3125,43.599088,3.894866
2026-01-27,11:28:03,2026-01-27T11:28:03+01:00,STATION,"Corum",10,2,12,0.8333333333333334,43.613989,3.8816
2026-01-27,11:28:03,2026-01-27T11:28:03+01:00,STATION,"Place Albert 1er - St Charles",16,11,27,0.5925925925925926,43.616768,3.873375
2026-01-27,11:28:03,2026-01-27T11:28:03+01:00,STATION,"Foch",1,3,8,0.625,43.610989,3.873345
2026-01-27,11:28:03,2026-01-27T11:28:03+01:00,STATION,"Halles Castellane",0,12,12,0.0,43.609935,3.877208
2026-01-27,11:28:03,2026-01-27T11:28:03+01:00,STATION,"Observatoire",4,3,8,0.625,43.606301,3.87724
2026-01-27,11:28:03,2026-01-27T11:28:03+01:00,STATION,"Rondelet",6,10,16,0.375,43.603038,3.875796
2026-01-27,11:28:03,2026-01-27T11:28:03+01:00,STATION,"Plan Cabanes",5,7,12,0.4166666666666667,43.608491,3.868389
2026-01-27,11:28:03,2026-01-27T11:28:03+01:00,STATION,"Boutonnet",8,4,12,0.6666666666666666,43.622629,3.868375
2026-01-27,11:28:03,2026-01-27T11:28:03+01:00,STATION,"Emile Combes",3,5,8,0.375,43.616742,3.87998
2026-01-27,11:28:03,2026-01-27T11:28:03+01:00,STATION,"Beaux-Arts",10,6,16,0.625,43.616698,3.884981
2026-01-27,11:28:03,2026-01-27T11:28:03+01:00,STATION,"Les Aubes",4,4,8,0.5,43.618692,3.893844
2026-01-27,11:28:03,2026-01-27T11:28:03+01:00,STATION,"Antigone centre",4,8,12,0.3333333333333333,43.607942,3.890634
2026-01-27,11:28:03,2026-01-27T11:28:03+01:00,STATION,"Médiathèque Emile Zola",8,8,16,0.5,43.608218,3.89314
2026-01-27,11:28:03,2026-01-27T11:28:03+01:00,STATION,"Nombre d Or",5,11,16,0.3125,43.607859,3.886644
2026-01-27,11:28:03,2026-01-27T11:28:03+01:00,STATION,"Louis Blanc",9,7,16,0.5625,43.614642,3.877648
2026-01-27,11:28:03,2026-01-27T11:28:03+01:00,STATION,"Gambetta",3,5,8,0.375,43.607106,3.870693
2026-01-27,11:28:03,2026-01-27T11:28:03+01:00,STATION,"Port Marianne",13,3,16,0.8125,43.60032,3.89851
2026-01-27,11:28:03,2026-01-27T11:28:03+01:00,STATION,"Les Arceaux",4,4,8,0.5,43.612659,3.867734
2026-01-27,11:28:03,2026-01-27T11:28:03+01:00,STATION,"Cité Mion",4,3,8,0.625,43.601143,3.884373
2026-01-27,11:28:03,2026-01-27T11:28:03+01:00,STATION,"Nouveau Saint-Roch",2,6,8,0.25,43.599817,3.875757
2026-01-27,11:28:03,2026-01-27T11:28:03+01:00,STATION,"Renouvier",2,5,8,0.375,43.603553,3.867884
2026-01-27,11:28:03,2026-01-27T11:28:03+01:00,STATION,"Odysseum",0,8,8,0.0,43.603727,3.918979
2026-01-27,11:28:03,2026-01-27T11:28:03+01:00,STATION,"Saint-Denis",0,8,8,0.0,43.605021,3.875065
2026-01-27,11:28:03,2026-01-27T11:28:03+01:00,STATION,"Richter",4,12,16,0.25,43.603424,3.899263
2026-01-27,11:28:03,2026-01-27T11:28:03+01:00,STATION,"Charles Flahault",4,4,8,0.5,43.622038,3.86672
2026-01-27,11:28:03,2026-01-27T11:28:03+01:00,STATION,"Voltaire",6,2,8,0.75,43.603767,3.888659
2026-01-27,11:28:03,2026-01-27T11:28:03+01:00,STATION,"Prés d Arènes",4,4,8,0.5,43.59048,3.884611
2026-01-27,11:28:03,2026-01-27T11:28:03+01:00,STATION,"Garcia Lorca",4,4,8,0.5,43.590757,3.890616
2026-01-27,11:28:03,2026-01-27T11:28:03+01:00,STATION,"Vert Bois",8,8,16,0.5,43.63543,3.871179
2026-01-27,11:28:03,2026-01-27T11:28:03+01:00,STATION,"Malbosc",2,6,8,0.25,43.633679,3.832861
2026-01-27,11:28:03,2026-01-27T11:28:03+01:00,STATION,"Occitanie",3,29,32,0.09375,43.635689,3.849597
2026-01-27,11:28:03,2026-01-27T11:28:03+01:00,STATION,"FacdesSciences",13,11,24,0.5416666666666666,43.631318,3.861299
2026-01-27,11:28:03,2026-01-27T11:28:03+01:00,STATION,"Fac de Lettres",3,9,12,0.25,43.630437,3.869539
2026-01-27,11:28:03,2026-01-27T11:28:03+01:00,STATION,"Aiguelongue",2,5,8,0.375,43.626163,3.882492
2026-01-27,11:28:03,2026-01-27T11:28:03+01:00,STATION,"Jeu de Mail des Abbés",4,4,8,0.5,43.619701,3.883831
2026-01-27,11:28:03,2026-01-27T11:28:03+01:00,STATION,"Euromédecine",2,6,8,0.25,43.639119,3.828199
2026-01-27,11:28:03,2026-01-27T11:28:03+01:00,STATION,"Marie Caizergues",3,5,8,0.375,43.619871,3.873812
2026-01-27,11:28:03,2026-01-27T11:28:03+01:00,STATION,"Sabines",0,8,8,0.0,43.584211,3.860031
2026-01-27,11:28:03,2026-01-27T11:28:03+01:00,STATION,"Celleneuve",5,3,8,0.625,43.61467,3.832624
2026-01-27,11:28:03,2026-01-27T11:28:03+01:00,STATION,"Jardin de la Lironde",4,4,8,0.5,43.60585,3.911576
2026-01-27,11:28:03,2026-01-27T11:28:03+01:00,STATION,"Père Soulas",6,2,8,0.75,43.621983,3.855603
2026-01-27,11:28:03,2026-01-27T11:28:03+01:00,STATION,"Place Viala",3,4,8,0.5,43.616812,3.855075
2026-01-27,11:28:03,2026-01-27T11:28:03+01:00,STATION,"Hôtel du Département",3,5,8,0.375,43.621682,3.83477
2026-01-27,11:28:03,2026-01-27T11:28:03+01:00,STATION,"Tonnelles",1,7,8,0.125,43.615155,3.839466
2026-01-27,11:28:03,2026-01-27T11:28:03+01:00,STATION,"Parvis Jules Ferry - Gare Saint-Roch",5,3,8,0.625,43.603889,3.879362
2026-01-27,11:28:03,2026-01-27T11:28:03+01:00,STATION,"Pont de Lattes - Gare Saint-Roch",5,7,12,0.4166666666666667,43.606036,3.882393
2026-01-27,11:28:03,2026-01-27T11:28:03+01:00,STATION,"Deux Ponts - Gare Saint-Roch",0,8,8,0.0,43.604319,3.880916
2026-01-27,11:28:03,2026-01-27T11:28:03+01:00,STATION,"Providence - Ovalie",1,7,8,0.125,43.588239,3.853421
2026-01-27,11:28:03,2026-01-27T11:28:03+01:00,STATION,"Pérols Etang de l Or",41,27,68,0.6029411764705882,43.558351,3.963412
2026-01-27,11:28:03,2026-01-27T11:28:03+01:00,STATION,"Albert 1er - Cathédrale",4,7,12,0.4166666666666667,43.614005,3.873218
2026-01-27,11:28:03,2026-01-27T11:28:03+01:00,STATION,"Saint-Guilhem - Courreau",4,4,8,0.5,43.608996,3.872752
2026-01-27,11:28:03,2026-01-27T11:28:03+01:00,STATION,"Sud De France",4,2,8,0.75,43.59562,3.9235
2026-01-27,11:28:03,2026-01-27T11:28:03+01:00,STATION,"Comedie Baudin",0,8,8,0.0,43.608717,3.880787
2026-01-27,11:28:03,2026-01-27T11:28:03+01:00,STATION,"Jean de Beins",6,10,16,0.375,43.609857,3.883884
2026-01-27,11:56:35,2026-01-27T11:56:35+01:00,STATION,"Rue Jules Ferry - Gare Saint-Roch",8,4,12,0.6666666666666666,43.605366,3.881346
2026-01-27,11:56:35,2026-01-27T11:56:35+01:00,STATION,"Comédie",10,10,20,0.5,43.608148,3.878778
2026-01-27,11:56:35,2026-01-27T11:56:35+01:00,STATION,"Hôtel de Ville",4,11,16,0.3125,43.599088,3.894866
2026-01-27,11:56:35,2026-01-27T11:56:35+01:00,STATION,"Corum",10,2,12,0.8333333333333334,43.613989,3.8816
2026-01-27,11:56:35,2026-01-27T11:56:35+01:00,STATION,"Place Albert 1er - St Charles",15,12,27,0.5555555555555556,43.616768,3.873375
2026-01-27,11:56:35,2026-01-27T11:56:35+01:00,STATION,"Foch",1,3,8,0.625,43.610989,3.873345
2026-01-27,11:56:35,2026-01-27T11:56:35+01:00,STATION,"Halles Castellane",0,12,12,0.0,43.609935,3.877208
2026-01-27,11:56:35,2026-01-27T11:56:35+01:00,STATION,"Observatoire",3,4,8,0.5,43.606301,3.87724
2026-01-27,11:56:35,2026-01-27T11:56:35+01:00,STATION,"Rondelet",6,10,16,0.375,43.603038,3.875796
2026-01-27,11:56:35,2026-01-27T11:56:35+01:00,STATION,"Plan Cabanes",5,7,12,0.4166666666666667,43.608491,3.868389
2026-01-27,11:56:35,2026-01-27T11:56:35+01:00,STATION,"Boutonnet",8,4,12,0.6666666666666666,43.622629,3.868375
2026-01-27,11:56:35,2026-01-27T11:56:35+01:00,STATION,"Emile Combes",3,5,8,0.375,43.616742,3.87998
2026-01-27,11:56:35,2026-01-27T11:56:35+01:00,STATION,"Beaux-Arts",10,6,16,0.625,43.616698,3.884981
2026-01-27,11:56:35,2026-01-27T11:56:35+01:00,STATION,"Les Aubes",4,4,8,0.5,43.618692,3.893844
2026-01-27,11:56:35,2026-01-27T11:56:35+01:00,STATION,"Antigone centre",4,8,12,0.3333333333333333,43.607942,3.890634
2026-01-27,11:56:35,2026-01-27T11:56:35+01:00,STATION,"Médiathèque Emile Zola",9,7,16,0.5625,43.608218,3.89314
2026-01-27,11:56:35,2026-01-27T11:56:35+01:00,STATION,"Nombre d Or",5,11,16,0.3125,43.607859,3.886644
2026-01-27,11:56:35,2026-01-27T11:56:35+01:00,STATION,"Louis Blanc",9,7,16,0.5625,43.614642,3.877648
2026-01-27,11:56:35,2026-01-27T11:56:35+01:00,STATION,"Gambetta",3,5,8,0.375,43.607106,3.870693
2026-01-27,11:56:35,2026-01-27T11:56:35+01:00,STATION,"Port Marianne",13,3,16,0.8125,43.60032,3.89851
2026-01-27,11:56:35,2026-01-27T11:56:35+01:00,STATION,"Les Arceaux",4,4,8,0.5,43.612659,3.867734
2026-01-27,11:56:35,2026-01-27T11:56:35+01:00,STATION,"Cité Mion",4,3,8,0.625,43.601143,3.884373
2026-01-27,11:56:35,2026-01-27T11:56:35+01:00,STATION,"Nouveau Saint-Roch",2,6,8,0.25,43.599817,3.875757
2026-01-27,11:56:35,2026-01-27T11:56:35+01:00,STATION,"Renouvier",2,5,8,0.375,43.603553,3.867884
2026-01-27,11:56:35,2026-01-27T11:56:35+01:00,STATION,"Odysseum",0,8,8,0.0,43.603727,3.918979
2026-01-27,11:56:35,2026-01-27T11:56:35+01:00,STATION,"Saint-Denis",0,8,8,0.0,43.605021,3.875065
2026-01-27,11:56:35,2026-01-27T11:56:35+01:00,STATION,"Richter",4,12,16,0.25,43.603424,3.899263
2026-01-27,11:56:35,2026-01-27T11:56:35+01:00,STATION,"Charles Flahault",4,4,8,0.5,43.622038,3.86672
2026-01-27,11:56:35,2026-01-27T11:56:35+01:00,STATION,"Voltaire",6,2,8,0.75,43.603767,3.888659
2026-01-27,11:56:35,2026-01-27T11:56:35+01:00,STATION,"Prés d Arènes",4,4,8,0.5,43.59048,3.884611
2026-01-27,11:56:35,2026-01-27T11:56:35+01:00,STATION,"Garcia Lorca",4,4,8,0.5,43.590757,3.890616
2026-01-27,11:56:35,2026-01-27T11:56:35+01:00,STATION,"Vert Bois",8,8,16,0.5,43.63543,3.871179
2026-01-27,11:56:35,2026-01-27T11:56:35+01:00,STATION,"Malbosc",2,6,8,0.25,43.633679,3.832861
2026-01-27,11:56:35,2026-01-27T11:56:35+01:00,STATION,"Occitanie",3,29,32,0.09375,43.635689,3.849597
2026-01-27,11:56:35,2026-01-27T11:56:35+01:00,STATION,"FacdesSciences",13,11,24,0.5416666666666666,43.631318,3.861299
2026-01-27,11:56:35,2026-01-27T11:56:35+01:00,STATION,"Fac de Lettres",3,9,12,0.25,43.630437,3.869539
2026-01-27,11:56:35,2026-01-27T11:56:35+01:00,STATION,"Aiguelongue",2,5,8,0.375,43.626163,3.882492
2026-01-27,11:56:35,2026-01-27T11:56:35+01:00,STATION,"Jeu de Mail des Abbés",4,4,8,0.5,43.619701,3.883831
2026-01-27,11:56:35,2026-01-27T11:56:35+01:00,STATION,"Euromédecine",2,6,8,0.25,43.639119,3.828199
2026-01-27,11:56:35,2026-01-27T11:56:35+01:00,STATION,"Marie Caizergues",3,5,8,0.375,43.619871,3.873812
2026-01-27,11:56:35,2026-01-27T11:56:35+01:00,STATION,"Sabines",0,8,8,0.0,43.584211,3.860031
2026-01-27,11:56:35,2026-01-27T11:56:35+01:00,STATION,"Celleneuve",5,3,8,0.625,43.61467,3.832624
2026-01-27,11:56:35,2026-01-27T11:56:35+01:00,STATION,"Jardin de la Lironde",4,4,8,0.5,43.60585,3.911576
2026-01-27,11:56:35,2026-01-27T11:56:35+01:00,STATION,"Père Soulas",6,2,8,0.75,43.621983,3.855603
2026-01-27,11:56:35,2026-01-27T11:56:35+01:00,STATION,"Place Viala",3,4,8,0.5,43.616812,3.855075
2026-01-27,11:56:35,2026-01-27T11:56:35+01:00,STATION,"Hôtel du Département",3,5,8,0.375,43.621682,3.83477
2026-01-27,11:56:35,2026-01-27T11:56:35+01:00,STATION,"Tonnelles",1,7,8,0.125,43.615155,3.839466
2026-01-27,11:56:35,2026-01-27T11:56:35+01:00,STATION,"Parvis Jules Ferry - Gare Saint-Roch",5,3,8,0.625,43.603889,3.879362
2026-01-27,11:56:35,2026-01-27T11:56:35+01:00,STATION,"Pont de Lattes - Gare Saint-Roch",5,7,12,0.4166666666666667,43.606036,3.882393
2026-01-27,11:56:35,2026-01-27T11:56:35+01:00,STATION,"Deux Ponts - Gare Saint-Roch",0,8,8,0.0,43.604319,3.880916
2026-01-27,11:56:35,2026-01-27T11:56:35+01:00,STATION,"Providence - Ovalie",1,7,8,0.125,43.588239,3.853421
2026-01-27,11:56:35,2026-01-27T11:56:35+01:00,STATION,"Pérols Etang de l Or",41,27,68,0.6029411764705882,43.558351,3.963412
2026-01-27,11:56:35,2026-01-27T11:56:35+01:00,STATION,"Albert 1er - Cathédrale",4,7,12,0.4166666666666667,43.614005,3.873218
2026-01-27,11:56:35,2026-01-27T11:56:35+01:00,STATION,"Saint-Guilhem - Courreau",4,4,8,0.5,43.608996,3.872752
2026-01-27,11:56:35,2026-01-27T11:56:35+01:00,STATION,"Sud De France",4,2,8,0.75,43.59562,3.9235
2026-01-27,11:56:35,2026-01-27T11:56:35+01:00,STATION,"Comedie Baudin",0,8,8,0.0,43.608717,3.880787
2026-01-27,11:56:35,2026-01-27T11:56:35+01:00,STATION,"Jean de Beins",6,10,16,0.375,43.609857,3.883884
2026-01-27,12:26:04,2026-01-27T12:26:04+01:00,STATION,"Rue Jules Ferry - Gare Saint-Roch",8,4,12,0.6666666666666666,43.605366,3.881346
2026-01-27,12:26:04,2026-01-27T12:26:04+01:00,STATION,"Comédie",10,10,20,0.5,43.608148,3.878778
2026-01-27,12:26:04,2026-01-27T12:26:04+01:00,STATION,"Hôtel de Ville",4,11,16,0.3125,43.599088,3.894866
2026-01-27,12:26:04,2026-01-27T12:26:04+01:00,STATION,"Corum",10,2,12,0.8333333333333334,43.613989,3.8816
2026-01-27,12:26:04,2026-01-27T12:26:04+01:00,STATION,"Place Albert 1er - St Charles",15,12,27,0.5555555555555556,43.616768,3.873375
2026-01-27,12:26:04,2026-01-27T12:26:04+01:00,STATION,"Foch",1,3,8,0.625,43.610989,3.873345
2026-01-27,12:26:04,2026-01-27T12:26:04+01:00,STATION,"Halles Castellane",0,12,12,0.0,43.609935,3.877208
2026-01-27,12:26:04,2026-01-27T12:26:04+01:00,STATION,"Observatoire",3,4,8,0.5,43.606301,3.87724
2026-01-27,12:26:04,2026-01-27T12:26:04+01:00,STATION,"Rondelet",6,10,16,0.375,43.603038,3.875796
2026-01-27,12:26:04,2026-01-27T12:26:04+01:00,STATION,"Plan Cabanes",5,7,12,0.4166666666666667,43.608491,3.868389
2026-01-27,12:26:04,2026-01-27T12:26:04+01:00,STATION,"Boutonnet",8,4,12,0.6666666666666666,43.622629,3.868375
2026-01-27,12:26:04,2026-01-27T12:26:04+01:00,STATION,"Emile Combes",3,5,8,0.375,43.616742,3.87998
2026-01-27,12:26:04,2026-01-27T12:26:04+01:00,STATION,"Beaux-Arts",10,6,16,0.625,43.616698,3.884981
2026-01-27,12:26:04,2026-01-27T12:26:04+01:00,STATION,"Les Aubes",4,4,8,0.5,43.618692,3.893844
2026-01-27,12:26:04,2026-01-27T12:26:04+01:00,STATION,"Antigone centre",4,8,12,0.3333333333333333,43.607942,3.890634
2026-01-27,12:26:04,2026-01-27T12:26:04+01:00,STATION,"Médiathèque Emile Zola",9,7,16,0.5625,43.608218,3.89314
2026-01-27,12:26:04,2026-01-27T12:26:04+01:00,STATION,"Nombre d Or",5,11,16,0.3125,43.607859,3.886644
2026-01-27,12:26:04,2026-01-27T12:26:04+01:00,STATION,"Louis Blanc",9,7,16,0.5625,43.614642,3.877648
2026-01-27,12:26:04,2026-01-27T12:26:04+01:00,STATION,"Gambetta",3,5,8,0.375,43.607106,3.870693
2026-01-27,12:26:04,2026-01-27T12:26:04+01:00,STATION,"Port Marianne",13,3,16,0.8125,43.60032,3.89851
2026-01-27,12:26:04,2026-01-27T12:26:04+01:00,STATION,"Les Arceaux",4,4,8,0.5,43.612659,3.867734
2026-01-27,12:26:04,2026-01-27T12:26:04+01:00,STATION,"Cité Mion",4,3,8,0.625,43.601143,3.884373
2026-01-27,12:26:04,2026-01-27T12:26:04+01:00,STATION,"Nouveau Saint-Roch",2,6,8,0.25,43.599817,3.875757
2026-01-27,12:26:04,2026-01-27T12:26:04+01:00,STATION,"Renouvier",2,5,8,0.375,43.603553,3.867884
2026-01-27,12:26:04,2026-01-27T12:26:04+01:00,STATION,"Odysseum",0,8,8,0.0,43.603727,3.918979
2026-01-27,12:26:04,2026-01-27T12:26:04+01:00,STATION,"Saint-Denis",0,8,8,0.0,43.605021,3.875065
2026-01-27,12:26:04,2026-01-27T12:26:04+01:00,STATION,"Richter",4,12,16,0.25,43.603424,3.899263
2026-01-27,12:26:04,2026-01-27T12:26:04+01:00,STATION,"Charles Flahault",4,4,8,0.5,43.622038,3.86672
2026-01-27,12:26:04,2026-01-27T12:26:04+01:00,STATION,"Voltaire",6,2,8,0.75,43.603767,3.888659
2026-01-27,12:26:04,2026-01-27T12:26:04+01:00,STATION,"Prés d Arènes",4,4,8,0.5,43.59048,3.884611
2026-01-27,12:26:04,2026-01-27T12:26:04+01:00,STATION,"Garcia Lorca",4,4,8,0.5,43.590757,3.890616
2026-01-27,12:26:04,2026-01-27T12:26:04+01:00,STATION,"Vert Bois",8,8,16,0.5,43.63543,3.871179
2026-01-27,12:26:04,2026-01-27T12:26:04+01:00,STATION,"Malbosc",2,6,8,0.25,43.633679,3.832861
2026-01-27,12:26:04,2026-01-27T12:26:04+01:00,STATION,"Occitanie",3,29,32,0.09375,43.635689,3.849597
2026-01-27,12:26:04,2026-01-27T12:26:04+01:00,STATION,"FacdesSciences",13,11,24,0.5416666666666666,43.631318,3.861299
2026-01-27,12:26:04,2026-01-27T12:26:04+01:00,STATION,"Fac de Lettres",3,9,12,0.25,43.630437,3.869539
2026-01-27,12:26:04,2026-01-27T12:26:04+01:00,STATION,"Aiguelongue",2,5,8,0.375,43.626163,3.882492
2026-01-27,12:26:04,2026-01-27T12:26:04+01:00,STATION,"Jeu de Mail des Abbés",4,4,8,0.5,43.619701,3.883831
2026-01-27,12:26:04,2026-01-27T12:26:04+01:00,STATION,"Euromédecine",2,6,8,0.25,43.639119,3.828199
2026-01-27,12:26:04,2026-01-27T12:26:04+01:00,STATION,"Marie Caizergues",3,5,8,0.375,43.619871,3.873812
2026-01-27,12:26:04,2026-01-27T12:26:04+01:00,STATION,"Sabines",0,8,8,0.0,43.584211,3.860031
2026-01-27,12:26:04,2026-01-27T12:26:04+01:00,STATION,"Celleneuve",5,3,8,0.625,43.61467,3.832624
2026-01-27,12:26:04,2026-01-27T12:26:04+01:00,STATION,"Jardin de la Lironde",4,4,8,0.5,43.60585,3.911576
2026-01-27,12:26:04,2026-01-27T12:26:04+01:00,STATION,"Père Soulas",6,2,8,0.75,43.621983,3.855603
2026-01-27,12:26:04,2026-01-27T12:26:04+01:00,STATION,"Place Viala",3,4,8,0.5,43.616812,3.855075
2026-01-27,12:26:04,2026-01-27T12:26:04+01:00,STATION,"Hôtel du Département",3,5,8,0.375,43.621682,3.83477
2026-01-27,12:26:04,2026-01-27T12:26:04+01:00,STATION,"Tonnelles",1,7,8,0.125,43.615155,3.839466
2026-01-27,12:26:04,2026-01-27T12:26:04+01:00,STATION,"Parvis Jules Ferry - Gare Saint-Roch",5,3,8,0.625,43.603889,3.879362
2026-01-27,12:26:04,2026-01-27T12:26:04+01:00,STATION,"Pont de Lattes - Gare Saint-Roch",5,7,12,0.4166666666666667,43.606036,3.882393
2026-01-27,12:26:04,2026-01-27T12:26:04+01:00,STATION,"Deux Ponts - Gare Saint-Roch",0,8,8,0.0,43.604319,3.880916
2026-01-27,12:26:04,2026-01-27T12:26:04+01:00,STATION,"Providence - Ovalie",1,7,8,0.125,43.588239,3.853421
2026-01-27,12:26:04,2026-01-27T12:26:04+01:00,STATION,"Pérols Etang de l Or",41,27,68,0.6029411764705882,43.558351,3.963412
2026-01-27,12:26:04,2026-01-27T12:26:04+01:00,STATION,"Albert 1er - Cathédrale",4,7,12,0.4166666666666667,43.614005,3.873218
2026-01-27,12:26:04,2026-01-27T12:26:04+01:00,STATION,"Saint-Guilhem - Courreau",4,4,8,0.5,43.608996,3.872752
2026-01-27,12:26:04,2026-01-27T12:26:04+01:00,STATION,"Sud De France",4,2,8,0.75,43.59562,3.9235
2026-01-27,12:26:04,2026-01-27T12:26:04+01:00,STATION,"Comedie Baudin",0,8,8,0.0,43.608717,3.880787
2026-01-27,12:26:04,2026-01-27T12:26:04+01:00,STATION,"Jean de Beins",6,10,16,0.375,43.609857,3.883884
2026-01-27,12:46:06,2026-01-27T12:46:06+01:00,STATION,"Rue Jules Ferry - Gare Saint-Roch",8,4,12,0.6666666666666666,43.605366,3.881346
2026-01-27,12:46:06,2026-01-27T12:46:06+01:00,STATION,"Comédie",10,10,20,0.5,43.608148,3.878778
2026-01-27,12:46:06,2026-01-27T12:46:06+01:00,STATION,"Hôtel de Ville",4,11,16,0.3125,43.599088,3.894866
2026-01-27,12:46:06,2026-01-27T12:46:06+01:00,STATION,"Corum",10,2,12,0.8333333333333334,43.613989,3.8816
2026-01-27,12:46:06,2026-01-27T12:46:06+01:00,STATION,"Place Albert 1er - St Charles",14,13,27,0.5185185185185185,43.616768,3.873375
2026-01-27,12:46:06,2026-01-27T12:46:06+01:00,STATION,"Foch",1,3,8,0.625,43.610989,3.873345
2026-01-27,12:46:06,2026-01-27T12:46:06+01:00,STATION,"Halles Castellane",0,12,12,0.0,43.609935,3.877208
2026-01-27,12:46:06,2026-01-27T12:46:06+01:00,STATION,"Observatoire",4,3,8,0.625,43.606301,3.87724
2026-01-27,12:46:06,2026-01-27T12:46:06+01:00,STATION,"Rondelet",6,10,16,0.375,43.603038,3.875796
2026-01-27,12:46:06,2026-01-27T12:46:06+01:00,STATION,"Plan Cabanes",5,7,12,0.4166666666666667,43.608491,3.868389
2026-01-27,12:46:06,2026-01-27T12:46:06+01:00,STATION,"Boutonnet",8,4,12,0.6666666666666666,43.622629,3.868375
2026-01-27,12:46:06,2026-01-27T12:46:06+01:00,STATION,"Emile Combes",3,5,8,0.375,43.616742,3.87998
2026-01-27,12:46:06,2026-01-27T12:46:06+01:00,STATION,"Beaux-Arts",10,6,16,0.625,43.616698,3.884981
2026-01-27,12:46:06,2026-01-27T12:46:06+01:00,STATION,"Les Aubes",4,4,8,0.5,43.618692,3.893844
2026-01-27,12:46:06,2026-01-27T12:46:06+01:00,STATION,"Antigone centre",4,8,12,0.3333333333333333,43.607942,3.890634
2026-01-27,12:46:06,2026-01-27T12:46:06+01:00,STATION,"Médiathèque Emile Zola",9,7,16,0.5625,43.608218,3.89314
2026-01-27,12:46:06,2026-01-27T12:46:06+01:00,STATION,"Nombre d Or",5,11,16,0.3125,43.607859,3.886644
2026-01-27,12:46:06,2026-01-27T12:46:06+01:00,STATION,"Louis Blanc",9,7,16,0.5625,43.614642,3.877648
2026-01-27,12:46:06,2026-01-27T12:46:06+01:00,STATION,"Gambetta",3,5,8,0.375,43.607106,3.870693
2026-01-27,12:46:06,2026-01-27T12:46:06+01:00,STATION,"Port Marianne",13,3,16,0.8125,43.60032,3.89851
2026-01-27,12:46:06,2026-01-27T12:46:06+01:00,STATION,"Les Arceaux",4,4,8,0.5,43.612659,3.867734
2026-01-27,12:46:06,2026-01-27T12:46:06+01:00,STATION,"Cité Mion",4,3,8,0.625,43.601143,3.884373
2026-01-27,12:46:06,2026-01-27T12:46:06+01:00,STATION,"Nouveau Saint-Roch",2,6,8,0.25,43.599817,3.875757
2026-01-27,12:46:06,2026-01-27T12:46:06+01:00,STATION,"Renouvier",2,5,8,0.375,43.603553,3.867884
2026-01-27,12:46:06,2026-01-27T12:46:06+01:00,STATION,"Odysseum",0,8,8,0.0,43.603727,3.918979
2026-01-27,12:46:06,2026-01-27T12:46:06+01:00,STATION,"Saint-Denis",0,8,8,0.0,43.605021,3.875065
2026-01-27,12:46:06,2026-01-27T12:46:06+01:00,STATION,"Richter",4,12,16,0.25,43.603424,3.899263
2026-01-27,12:46:06,2026-01-27T12:46:06+01:00,STATION,"Charles Flahault",4,4,8,0.5,43.622038,3.86672
2026-01-27,12:46:06,2026-01-27T12:46:06+01:00,STATION,"Voltaire",6,2,8,0.75,43.603767,3.888659
2026-01-27,12:46:06,2026-01-27T12:46:06+01:00,STATION,"Prés d Arènes",4,4,8,0.5,43.59048,3.884611
2026-01-27,12:46:06,2026-01-27T12:46:06+01:00,STATION,"Garcia Lorca",4,4,8,0.5,43.590757,3.890616
2026-01-27,12:46:06,2026-01-27T12:46:06+01:00,STATION,"Vert Bois",8,8,16,0.5,43.63543,3.871179
2026-01-27,12:46:06,2026-01-27T12:46:06+01:00,STATION,"Malbosc",2,6,8,0.25,43.633679,3.832861
2026-01-27,12:46:06,2026-01-27T12:46:06+01:00,STATION,"Occitanie",3,29,32,0.09375,43.635689,3.849597
2026-01-27,12:46:06,2026-01-27T12:46:06+01:00,STATION,"FacdesSciences",13,11,24,0.5416666666666666,43.631318,3.861299
2026-01-27,12:46:06,2026-01-27T12:46:06+01:00,STATION,"Fac de Lettres",3,9,12,0.25,43.630437,3.869539
2026-01-27,12:46:06,2026-01-27T12:46:06+01:00,STATION,"Aiguelongue",2,5,8,0.375,43.626163,3.882492
2026-01-27,12:46:06,2026-01-27T12:46:06+01:00,STATION,"Jeu de Mail des Abbés",4,4,8,0.5,43.619701,3.883831
2026-01-27,12:46:06,2026-01-27T12:46:06+01:00,STATION,"Euromédecine",2,6,8,0.25,43.639119,3.828199
2026-01-27,12:46:06,2026-01-27T12:46:06+01:00,STATION,"Marie Caizergues",3,5,8,0.375,43.619871,3.873812
2026-01-27,12:46:06,2026-01-27T12:46:06+01:00,STATION,"Sabines",0,8,8,0.0,43.584211,3.860031
2026-01-27,12:46:06,2026-01-27T12:46:06+01:00,STATION,"Celleneuve",5,3,8,0.625,43.61467,3.832624
2026-01-27,12:46:06,2026-01-27T12:46:06+01:00,STATION,"Jardin de la Lironde",4,4,8,0.5,43.60585,3.911576
2026-01-27,12:46:06,2026-01-27T12:46:06+01:00,STATION,"Père Soulas",6,2,8,0.75,43.621983,3.855603
2026-01-27,12:46:06,2026-01-27T12:46:06+01:00,STATION,"Place Viala",3,4,8,0.5,43.616812,3.855075
2026-01-27,12:46:06,2026-01-27T12:46:06+01:00,STATION,"Hôtel du Département",3,5,8,0.375,43.621682,3.83477
2026-01-27,12:46:06,2026-01-27T12:46:06+01:00,STATION,"Tonnelles",1,7,8,0.125,43.615155,3.839466
2026-01-27,12:46:06,2026-01-27T12:46:06+01:00,STATION,"Parvis Jules Ferry - Gare Saint-Roch",5,3,8,0.625,43.603889,3.879362
2026-01-27,12:46:06,2026-01-27T12:46:06+01:00,STATION,"Pont de Lattes - Gare Saint-Roch",6,6,12,0.5,43.606036,3.882393
2026-01-27,12:46:06,2026-01-27T12:46:06+01:00,STATION,"Deux Ponts - Gare Saint-Roch",0,8,8,0.0,43.604319,3.880916
2026-01-27,12:46:06,2026-01-27T12:46:06+01:00,STATION,"Providence - Ovalie",1,7,8,0.125,43.588239,3.853421
2026-01-27,12:46:06,2026-01-27T12:46:06+01:00,STATION,"Pérols Etang de l Or",41,27,68,0.6029411764705882,43.558351,3.963412
2026-01-27,12:46:06,2026-01-27T12:46:06+01:00,STATION,"Albert 1er - Cathédrale",4,7,12,0.4166666666666667,43.614005,3.873218
2026-01-27,12:46:06,2026-01-27T12:46:06+01:00,STATION,"Saint-Guilhem - Courreau",4,4,8,0.5,43.608996,3.872752
2026-01-27,12:46:06,2026-01-27T12:46:06+01:00,STATION,"Sud De France",4,2,8,0.75,43.59562,3.9235
2026-01-27,12:46:06,2026-01-27T12:46:06+01:00,STATION,"Comedie Baudin",0,8,8,0.0,43.608717,3.880787
2026-01-27,12:46:06,2026-01-27T12:46:06+01:00,STATION,"Jean de Beins",6,10,16,0.375,43.609857,3.883884
2026-01-27,13:50:52,2026-01-27T13:50:52+01:00,STATION,"Rue Jules Ferry - Gare Saint-Roch",8,4,12,0.6666666666666666,43.605366,3.881346
2026-01-27,13:50:52,2026-01-27T13:50:52+01:00,STATION,"Comédie",10,10,20,0.5,43.608148,3.878778
2026-01-27,13:50:52,2026-01-27T13:50:52+01:00,STATION,"Hôtel de Ville",4,11,16,0.3125,43.599088,3.894866
2026-01-27,13:50:52,2026-01-27T13:50:52+01:00,STATION,"Corum",10,2,12,0.8333333333333334,43.613989,3.8816
2026-01-27,13:50:52,2026-01-27T13:50:52+01:00,STATION,"Place Albert 1er - St Charles",15,12,27,0.5555555555555556,43.616768,3.873375
2026-01-27,13:50:52,2026-01-27T13:50:52+01:00,STATION,"Foch",1,3,8,0.625,43.610989,3.873345
2026-01-27,13:50:52,2026-01-27T13:50:52+01:00,STATION,"Halles Castellane",0,12,12,0.0,43.609935,3.877208
2026-01-27,13:50:52,2026-01-27T13:50:52+01:00,STATION,"Observatoire",4,3,8,0.625,43.606301,3.87724
2026-01-27,13:50:52,2026-01-27T13:50:52+01:00,STATION,"Rondelet",6,10,16,0.375,43.603038,3.875796
2026-01-27,13:50:52,2026-01-27T13:50:52+01:00,STATION,"Plan Cabanes",4,8,12,0.3333333333333333,43.608491,3.868389
2026-01-27,13:50:52,2026-01-27T13:50:52+01:00,STATION,"Boutonnet",8,4,12,0.6666666666666666,43.622629,3.868375
2026-01-27,13:50:52,2026-01-27T13:50:52+01:00,STATION,"Emile Combes",3,5,8,0.375,43.616742,3.87998
2026-01-27,13:50:52,2026-01-27T13:50:52+01:00,STATION,"Beaux-Arts",10,6,16,0.625,43.616698,3.884981
2026-01-27,13:50:52,2026-01-27T13:50:52+01:00,STATION,"Les Aubes",4,4,8,0.5,43.618692,3.893844
2026-01-27,13:50:52,2026-01-27T13:50:52+01:00,STATION,"Antigone centre",4,8,12,0.3333333333333333,43.607942,3.890634
2026-01-27,13:50:52,2026-01-27T13:50:52+01:00,STATION,"Médiathèque Emile Zola",8,8,16,0.5,43.608218,3.89314
2026-01-27,13:50:52,2026-01-27T13:50:52+01:00,STATION,"Nombre d Or",5,11,16,0.3125,43.607859,3.886644
2026-01-27,13:50:52,2026-01-27T13:50:52+01:00,STATION,"Louis Blanc",9,7,16,0.5625,43.614642,3.877648
2026-01-27,13:50:52,2026-01-27T13:50:52+01:00,STATION,"Gambetta",3,5,8,0.375,43.607106,3.870693
2026-01-27,13:50:52,2026-01-27T13:50:52+01:00,STATION,"Port Marianne",13,3,16,0.8125,43.60032,3.89851
2026-01-27,13:50:52,2026-01-27T13:50:52+01:00,STATION,"Les Arceaux",4,4,8,0.5,43.612659,3.867734
2026-01-27,13:50:52,2026-01-27T13:50:52+01:00,STATION,"Cité Mion",4,3,8,0.625,43.601143,3.884373
2026-01-27,13:50:52,2026-01-27T13:50:52+01:00,STATION,"Nouveau Saint-Roch",2,6,8,0.25,43.599817,3.875757
2026-01-27,13:50:52,2026-01-27T13:50:52+01:00,STATION,"Renouvier",1,6,8,0.25,43.603553,3.867884
2026-01-27,13:50:52,2026-01-27T13:50:52+01:00,STATION,"Odysseum",0,8,8,0.0,43.603727,3.918979
2026-01-27,13:50:52,2026-01-27T13:50:52+01:00,STATION,"Saint-Denis",0,8,8,0.0,43.605021,3.875065
2026-01-27,13:50:52,2026-01-27T13:50:52+01:00,STATION,"Richter",4,12,16,0.25,43.603424,3.899263
2026-01-27,13:50:52,2026-01-27T13:50:52+01:00,STATION,"Charles Flahault",4,4,8,0.5,43.622038,3.86672
2026-01-27,13:50:52,2026-01-27T13:50:52+01:00,STATION,"Voltaire",6,2,8,0.75,43.603767,3.888659
2026-01-27,13:50:52,2026-01-27T13:50:52+01:00,STATION,"Prés d Arènes",4,4,8,0.5,43.59048,3.884611
2026-01-27,13:50:52,2026-01-27T13:50:52+01:00,STATION,"Garcia Lorca",4,4,8,0.5,43.590757,3.890616
2026-01-27,13:50:52,2026-01-27T13:50:52+01:00,STATION,"Vert Bois",8,8,16,0.5,43.63543,3.871179
2026-01-27,13:50:52,2026-01-27T13:50:52+01:00,STATION,"Malbosc",2,6,8,0.25,43.633679,3.832861
2026-01-27,13:50:52,2026-01-27T13:50:52+01:00,STATION,"Occitanie",2,30,32,0.0625,43.635689,3.849597
2026-01-27,13:50:52,2026-01-27T13:50:52+01:00,STATION,"FacdesSciences",13,11,24,0.5416666666666666,43.631318,3.861299
2026-01-27,13:50:52,2026-01-27T13:50:52+01:00,STATION,"Fac de Lettres",3,9,12,0.25,43.630437,3.869539
2026-01-27,13:50:52,2026-01-27T13:50:52+01:00,STATION,"Aiguelongue",2,5,8,0.375,43.626163,3.882492
2026-01-27,13:50:52,2026-01-27T13:50:52+01:00,STATION,"Jeu de Mail des Abbés",4,4,8,0.5,43.619701,3.883831
2026-01-27,13:50:52,2026-01-27T13:50:52+01:00,STATION,"Euromédecine",2,6,8,0.25,43.639119,3.828199
2026-01-27,13:50:52,2026-01-27T13:50:52+01:00,STATION,"Marie Caizergues",3,5,8,0.375,43.619871,3.873812
2026-01-27,13:50:52,2026-01-27T13:50:52+01:00,STATION,"Sabines",0,8,8,0.0,43.584211,3.860031
2026-01-27,13:50:52,2026-01-27T13:50:52+01:00,STATION,"Celleneuve",5,3,8,0.625,43.61467,3.832624
2026-01-27,13:50:52,2026-01-27T13:50:52+01:00,STATION,"Jardin de la Lironde",4,4,8,0.5,43.60585,3.911576
2026-01-27,13:50:52,2026-01-27T13:50:52+01:00,STATION,"Père Soulas",6,2,8,0.75,43.621983,3.855603
2026-01-27,13:50:52,2026-01-27T13:50:52+01:00,STATION,"Place Viala",3,4,8,0.5,43.616812,3.855075
2026-01-27,13:50:52,2026-01-27T13:50:52+01:00,STATION,"Hôtel du Département",3,5,8,0.375,43.621682,3.83477
2026-01-27,13:50:52,2026-01-27T13:50:52+01:00,STATION,"Tonnelles",1,7,8,0.125,43.615155,3.839466
2026-01-27,13:50:52,2026-01-27T13:50:52+01:00,STATION,"Parvis Jules Ferry - Gare Saint-Roch",5,3,8,0.625,43.603889,3.879362
2026-01-27,13:50:52,2026-01-27T13:50:52+01:00,STATION,"Pont de Lattes - Gare Saint-Roch",6,6,12,0.5,43.606036,3.882393
2026-01-27,13:50:52,2026-01-27T13:50:52+01:00,STATION,"Deux Ponts - Gare Saint-Roch",0,8,8,0.0,43.604319,3.880916
2026-01-27,13:50:52,2026-01-27T13:50:52+01:00,STATION,"Providence - Ovalie",1,7,8,0.125,43.588239,3.853421
2026-01-27,13:50:52,2026-01-27T13:50:52+01:00,STATION,"Pérols Etang de l Or",41,27,68,0.6029411764705882,43.558351,3.963412
2026-01-27,13:50:52,2026-01-27T13:50:52+01:00,STATION,"Albert 1er - Cathédrale",4,7,12,0.4166666666666667,43.614005,3.873218
2026-01-27,13:50:52,2026-01-27T13:50:52+01:00,STATION,"Saint-Guilhem - Courreau",5,3,8,0.625,43.608996,3.872752
2026-01-27,13:50:52,2026-01-27T13:50:52+01:00,STATION,"Sud De France",4,2,8,0.75,43.59562,3.9235
2026-01-27,13:50:52,2026-01-27T13:50:52+01:00,STATION,"Comedie Baudin",0,8,8,0.0,43.608717,3.880787
2026-01-27,13:50:52,2026-01-27T13:50:52+01:00,STATION,"Jean de Beins",6,10,16,0.375,43.609857,3.883884
2026-01-27,14:47:51,2026-01-27T14:47:51+01:00,STATION,"Rue Jules Ferry - Gare Saint-Roch",8,4,12,0.6666666666666666,43.605366,3.881346
2026-01-27,14:47:51,2026-01-27T14:47:51+01:00,STATION,"Comédie",10,10,20,0.5,43.608148,3.878778
2026-01-27,14:47:51,2026-01-27T14:47:51+01:00,STATION,"Hôtel de Ville",3,12,16,0.25,43.599088,3.894866
2026-01-27,14:47:51,2026-01-27T14:47:51+01:00,STATION,"Corum",11,1,12,0.9166666666666666,43.613989,3.8816
2026-01-27,14:47:51,2026-01-27T14:47:51+01:00,STATION,"Place Albert 1er - St Charles",14,13,27,0.5185185185185185,43.616768,3.873375
2026-01-27,14:47:51,2026-01-27T14:47:51+01:00,STATION,"Foch",1,3,8,0.625,43.610989,3.873345
2026-01-27,14:47:51,2026-01-27T14:47:51+01:00,STATION,"Halles Castellane",0,12,12,0.0,43.609935,3.877208
2026-01-27,14:47:51,2026-01-27T14:47:51+01:00,STATION,"Observatoire",3,4,8,0.5,43.606301,3.87724
2026-01-27,14:47:51,2026-01-27T14:47:51+01:00,STATION,"Rondelet",6,10,16,0.375,43.603038,3.875796
2026-01-27,14:47:51,2026-01-27T14:47:51+01:00,STATION,"Plan Cabanes",4,8,12,0.3333333333333333,43.608491,3.868389
2026-01-27,14:47:51,2026-01-27T14:47:51+01:00,STATION,"Boutonnet",9,3,12,0.75,43.622629,3.868375
2026-01-27,14:47:51,2026-01-27T14:47:51+01:00,STATION,"Emile Combes",3,5,8,0.375,43.616742,3.87998
2026-01-27,14:47:51,2026-01-27T14:47:51+01:00,STATION,"Beaux-Arts",10,6,16,0.625,43.616698,3.884981
2026-01-27,14:47:51,2026-01-27T14:47:51+01:00,STATION,"Les Aubes",4,4,8,0.5,43.618692,3.893844
2026-01-27,14:47:51,2026-01-27T14:47:51+01:00,STATION,"Antigone centre",4,8,12,0.3333333333333333,43.607942,3.890634
2026-01-27,14:47:51,2026-01-27T14:47:51+01:00,STATION,"Médiathèque Emile Zola",8,8,16,0.5,43.608218,3.89314
2026-01-27,14:47:51,2026-01-27T14:47:51+01:00,STATION,"Nombre d Or",6,10,16,0.375,43.607859,3.886644
2026-01-27,14:47:51,2026-01-27T14:47:51+01:00,STATION,"Louis Blanc",9,7,16,0.5625,43.614642,3.877648
2026-01-27,14:47:51,2026-01-27T14:47:51+01:00,STATION,"Gambetta",3,5,8,0.375,43.607106,3.870693
2026-01-27,14:47:51,2026-01-27T14:47:51+01:00,STATION,"Port Marianne",13,3,16,0.8125,43.60032,3.89851
2026-01-27,14:47:51,2026-01-27T14:47:51+01:00,STATION,"Les Arceaux",4,4,8,0.5,43.612659,3.867734
2026-01-27,14:47:51,2026-01-27T14:47:51+01:00,STATION,"Cité Mion",4,3,8,0.625,43.601143,3.884373
2026-01-27,14:47:51,2026-01-27T14:47:51+01:00,STATION,"Nouveau Saint-Roch",2,6,8,0.25,43.599817,3.875757
2026-01-27,14:47:51,2026-01-27T14:47:51+01:00,STATION,"Renouvier",1,6,8,0.25,43.603553,3.867884
2026-01-27,14:47:51,2026-01-27T14:47:51+01:00,STATION,"Odysseum",0,8,8,0.0,43.603727,3.918979
2026-01-27,14:47:51,2026-01-27T14:47:51+01:00,STATION,"Saint-Denis",0,8,8,0.0,43.605021,3.875065
2026-01-27,14:47:51,2026-01-27T14:47:51+01:00,STATION,"Richter",4,12,16,0.25,43.603424,3.899263
2026-01-27,14:47:51,2026-01-27T14:47:51+01:00,STATION,"Charles Flahault",4,4,8,0.5,43.622038,3.86672
2026-01-27,14:47:51,2026-01-27T14:47:51+01:00,STATION,"Voltaire",6,2,8,0.75,43.603767,3.888659
2026-01-27,14:47:51,2026-01-27T14:47:51+01:00,STATION,"Prés d Arènes",4,4,8,0.5,43.59048,3.884611
2026-01-27,14:47:51,2026-01-27T14:47:51+01:00,STATION,"Garcia Lorca",5,3,8,0.625,43.590757,3.890616
2026-01-27,14:47:51,2026-01-27T14:47:51+01:00,STATION,"Vert Bois",7,9,16,0.4375,43.63543,3.871179
2026-01-27,14:47:51,2026-01-27T14:47:51+01:00,STATION,"Malbosc",2,6,8,0.25,43.633679,3.832861
2026-01-27,14:47:51,2026-01-27T14:47:51+01:00,STATION,"Occitanie",3,29,32,0.09375,43.635689,3.849597
2026-01-27,14:47:51,2026-01-27T14:47:51+01:00,STATION,"FacdesSciences",13,11,24,0.5416666666666666,43.631318,3.861299
2026-01-27,14:47:51,2026-01-27T14:47:51+01:00,STATION,"Fac de Lettres",3,9,12,0.25,43.630437,3.869539
2026-01-27,14:47:51,2026-01-27T14:47:51+01:00,STATION,"Aiguelongue",3,4,8,0.5,43.626163,3.882492
2026-01-27,14:47:51,2026-01-27T14:47:51+01:00,STATION,"Jeu de Mail des Abbés",4,4,8,0.5,43.619701,3.883831
2026-01-27,14:47:51,2026-01-27T14:47:51+01:00,STATION,"Euromédecine",2,6,8,0.25,43.639119,3.828199
2026-01-27,14:47:51,2026-01-27T14:47:51+01:00,STATION,"Marie Caizergues",3,5,8,0.375,43.619871,3.873812
2026-01-27,14:47:51,2026-01-27T14:47:51+01:00,STATION,"Sabines",0,8,8,0.0,43.584211,3.860031
2026-01-27,14:47:51,2026-01-27T14:47:51+01:00,STATION,"Celleneuve",5,3,8,0.625,43.61467,3.832624
2026-01-27,14:47:51,2026-01-27T14:47:51+01:00,STATION,"Jardin de la Lironde",4,4,8,0.5,43.60585,3.911576
2026-01-27,14:47:51,2026-01-27T14:47:51+01:00,STATION,"Père Soulas",5,3,8,0.625,43.621983,3.855603
2026-01-27,14:47:51,2026-01-27T14:47:51+01:00,STATION,"Place Viala",3,4,8,0.5,43.616812,3.855075
2026-01-27,14:47:51,2026-01-27T14:47:51+01:00,STATION,"Hôtel du Département",3,5,8,0.375,43.621682,3.83477
2026-01-27,14:47:51,2026-01-27T14:47:51+01:00,STATION,"Tonnelles",1,7,8,0.125,43.615155,3.839466
2026-01-27,14:47:51,2026-01-27T14:47:51+01:00,STATION,"Parvis Jules Ferry - Gare Saint-Roch",6,2,8,0.75,43.603889,3.879362
2026-01-27,14:47:51,2026-01-27T14:47:51+01:00,STATION,"Pont de Lattes - Gare Saint-Roch",6,6,12,0.5,43.606036,3.882393
2026-01-27,14:47:51,2026-01-27T14:47:51+01:00,STATION,"Deux Ponts - Gare Saint-Roch",0,8,8,0.0,43.604319,3.880916
2026-01-27,14:47:51,2026-01-27T14:47:51+01:00,STATION,"Providence - Ovalie",1,7,8,0.125,43.588239,3.853421
2026-01-27,14:47:51,2026-01-27T14:47:51+01:00,STATION,"Pérols Etang de l Or",40,28,68,0.5882352941176471,43.558351,3.963412
2026-01-27,14:47:51,2026-01-27T14:47:51+01:00,STATION,"Albert 1er - Cathédrale",4,7,12,0.4166666666666667,43.614005,3.873218
2026-01-27,14:47:51,2026-01-27T14:47:51+01:00,STATION,"Saint-Guilhem - Courreau",5,3,8,0.625,43.608996,3.872752
2026-01-27,14:47:51,2026-01-27T14:47:51+01:00,STATION,"Sud De France",4,2,8,0.75,43.59562,3.9235
2026-01-27,14:47:51,2026-01-27T14:47:51+01:00,STATION,"Comedie Baudin",0,8,8,0.0,43.608717,3.880787
2026-01-27,14:47:51,2026-01-27T14:47:51+01:00,STATION,"Jean de Beins",6,10,16,0.375,43.609857,3.883884
2026-01-27,15:30:32,2026-01-27T15:30:32+01:00,STATION,"Rue Jules Ferry - Gare Saint-Roch",8,4,12,0.6666666666666666,43.605366,3.881346
2026-01-27,15:30:32,2026-01-27T15:30:32+01:00,STATION,"Comédie",10,10,20,0.5,43.608148,3.878778
2026-01-27,15:30:32,2026-01-27T15:30:32+01:00,STATION,"Hôtel de Ville",3,12,16,0.25,43.599088,3.894866
2026-01-27,15:30:32,2026-01-27T15:30:32+01:00,STATION,"Corum",10,2,12,0.8333333333333334,43.613989,3.8816
2026-01-27,15:30:32,2026-01-27T15:30:32+01:00,STATION,"Place Albert 1er - St Charles",15,12,27,0.5555555555555556,43.616768,3.873375
2026-01-27,15:30:32,2026-01-27T15:30:32+01:00,STATION,"Foch",1,3,8,0.625,43.610989,3.873345
2026-01-27,15:30:32,2026-01-27T15:30:32+01:00,STATION,"Halles Castellane",0,12,12,0.0,43.609935,3.877208
2026-01-27,15:30:32,2026-01-27T15:30:32+01:00,STATION,"Observatoire",3,4,8,0.5,43.606301,3.87724
2026-01-27,15:30:32,2026-01-27T15:30:32+01:00,STATION,"Rondelet",6,10,16,0.375,43.603038,3.875796
2026-01-27,15:30:32,2026-01-27T15:30:32+01:00,STATION,"Plan Cabanes",4,8,12,0.3333333333333333,43.608491,3.868389
2026-01-27,15:30:32,2026-01-27T15:30:32+01:00,STATION,"Boutonnet",9,3,12,0.75,43.622629,3.868375
2026-01-27,15:30:32,2026-01-27T15:30:32+01:00,STATION,"Emile Combes",3,5,8,0.375,43.616742,3.87998
2026-01-27,15:30:32,2026-01-27T15:30:32+01:00,STATION,"Beaux-Arts",10,6,16,0.625,43.616698,3.884981
2026-01-27,15:30:32,2026-01-27T15:30:32+01:00,STATION,"Les Aubes",4,4,8,0.5,43.618692,3.893844
2026-01-27,15:30:32,2026-01-27T15:30:32+01:00,STATION,"Antigone centre",4,8,12,0.3333333333333333,43.607942,3.890634
2026-01-27,15:30:32,2026-01-27T15:30:32+01:00,STATION,"Médiathèque Emile Zola",9,7,16,0.5625,43.608218,3.89314
2026-01-27,15:30:32,2026-01-27T15:30:32+01:00,STATION,"Nombre d Or",6,10,16,0.375,43.607859,3.886644
2026-01-27,15:30:32,2026-01-27T15:30:32+01:00,STATION,"Louis Blanc",9,7,16,0.5625,43.614642,3.877648
2026-01-27,15:30:32,2026-01-27T15:30:32+01:00,STATION,"Gambetta",3,5,8,0.375,43.607106,3.870693
2026-01-27,15:30:32,2026-01-27T15:30:32+01:00,STATION,"Port Marianne",13,3,16,0.8125,43.60032,3.89851
2026-01-27,15:30:32,2026-01-27T15:30:32+01:00,STATION,"Les Arceaux",4,4,8,0.5,43.612659,3.867734
2026-01-27,15:30:32,2026-01-27T15:30:32+01:00,STATION,"Cité Mion",4,3,8,0.625,43.601143,3.884373
2026-01-27,15:30:32,2026-01-27T15:30:32+01:00,STATION,"Nouveau Saint-Roch",2,6,8,0.25,43.599817,3.875757
2026-01-27,15:30:32,2026-01-27T15:30:32+01:00,STATION,"Renouvier",1,6,8,0.25,43.603553,3.867884
2026-01-27,15:30:32,2026-01-27T15:30:32+01:00,STATION,"Odysseum",0,8,8,0.0,43.603727,3.918979
2026-01-27,15:30:32,2026-01-27T15:30:32+01:00,STATION,"Saint-Denis",0,8,8,0.0,43.605021,3.875065
2026-01-27,15:30:32,2026-01-27T15:30:32+01:00,STATION,"Richter",4,12,16,0.25,43.603424,3.899263
2026-01-27,15:30:32,2026-01-27T15:30:32+01:00,STATION,"Charles Flahault",4,4,8,0.5,43.622038,3.86672
2026-01-27,15:30:32,2026-01-27T15:30:32+01:00,STATION,"Voltaire",5,3,8,0.625,43.603767,3.888659
2026-01-27,15:30:32,2026-01-27T15:30:32+01:00,STATION,"Prés d Arènes",4,4,8,0.5,43.59048,3.884611
2026-01-27,15:30:32,2026-01-27T15:30:32+01:00,STATION,"Garcia Lorca",5,3,8,0.625,43.590757,3.890616
2026-01-27,15:30:32,2026-01-27T15:30:32+01:00,STATION,"Vert Bois",7,9,16,0.4375,43.63543,3.871179
2026-01-27,15:30:32,2026-01-27T15:30:32+01:00,STATION,"Malbosc",2,6,8,0.25,43.633679,3.832861
2026-01-27,15:30:32,2026-01-27T15:30:32+01:00,STATION,"Occitanie",3,29,32,0.09375,43.635689,3.849597
2026-01-27,15:30:32,2026-01-27T15:30:32+01:00,STATION,"FacdesSciences",13,11,24,0.5416666666666666,43.631318,3.861299
2026-01-27,15:30:32,2026-01-27T15:30:32+01:00,STATION,"Fac de Lettres",3,9,12,0.25,43.630437,3.869539
2026-01-27,15:30:32,2026-01-27T15:30:32+01:00,STATION,"Aiguelongue",3,4,8,0.5,43.626163,3.882492
2026-01-27,15:30:32,2026-01-27T15:30:32+01:00,STATION,"Jeu de Mail des Abbés",4,4,8,0.5,43.619701,3.883831
2026-01-27,15:30:32,2026-01-27T15:30:32+01:00,STATION,"Euromédecine",2,6,8,0.25,43.639119,3.828199
2026-01-27,15:30:32,2026-01-27T15:30:32+01:00,STATION,"Marie Caizergues",3,5,8,0.375,43.619871,3.873812
2026-01-27,15:30:32,2026-01-27T15:30:32+01:00,STATION,"Sabines",0,8,8,0.0,43.584211,3.860031
2026-01-27,15:30:32,2026-01-27T15:30:32+01:00,STATION,"Celleneuve",5,3,8,0.625,43.61467,3.832624
2026-01-27,15:30:32,2026-01-27T15:30:32+01:00,STATION,"Jardin de la Lironde",4,4,8,0.5,43.60585,3.911576
2026-01-27,15:30:32,2026-01-27T15:30:32+01:00,STATION,"Père Soulas",5,3,8,0.625,43.621983,3.855603
2026-01-27,15:30:32,2026-01-27T15:30:32+01:00,STATION,"Place Viala",3,4,8,0.5,43.616812,3.855075
2026-01-27,15:30:32,2026-01-27T15:30:32+01:00,STATION,"Hôtel du Département",3,5,8,0.375,43.621682,3.83477
2026-01-27,15:30:32,2026-01-27T15:30:32+01:00,STATION,"Tonnelles",1,7,8,0.125,43.615155,3.839466
2026-01-27,15:30:32,2026-01-27T15:30:32+01:00,STATION,"Parvis Jules Ferry - Gare Saint-Roch",6,2,8,0.75,43.603889,3.879362
2026-01-27,15:30:32,2026-01-27T15:30:32+01:00,STATION,"Pont de Lattes - Gare Saint-Roch",6,6,12,0.5,43.606036,3.882393
2026-01-27,15:30:32,2026-01-27T15:30:32+01:00,STATION,"Deux Ponts - Gare Saint-Roch",0,8,8,0.0,43.604319,3.880916
2026-01-27,15:30:32,2026-01-27T15:30:32+01:00,STATION,"Providence - Ovalie",1,7,8,0.125,43.588239,3.853421
2026-01-27,15:30:32,2026-01-27T15:30:32+01:00,STATION,"Pérols Etang de l Or",40,28,68,0.5882352941176471,43.558351,3.963412
2026-01-27,15:30:32,2026-01-27T15:30:32+01:00,STATION,"Albert 1er - Cathédrale",4,7,12,0.4166666666666667,43.614005,3.873218
2026-01-27,15:30:32,2026-01-27T15:30:32+01:00,STATION,"Saint-Guilhem - Courreau",5,3,8,0.625,43.608996,3.872752
2026-01-27,15:30:32,2026-01-27T15:30:32+01:00,STATION,"Sud De France",4,2,8,0.75,43.59562,3.9235
2026-01-27,15:30:32,2026-01-27T15:30:32+01:00,STATION,"Comedie Baudin",0,8,8,0.0,43.608717,3.880787
2026-01-27,15:30:32,2026-01-27T15:30:32+01:00,STATION,"Jean de Beins",6,10,16,0.375,43.609857,3.883884
2026-01-27,16:00:34,2026-01-27T16:00:34+01:00,STATION,"Rue Jules Ferry - Gare Saint-Roch",8,4,12,0.6666666666666666,43.605366,3.881346
2026-01-27,16:00:34,2026-01-27T16:00:34+01:00,STATION,"Comédie",10,10,20,0.5,43.608148,3.878778
2026-01-27,16:00:34,2026-01-27T16:00:34+01:00,STATION,"Hôtel de Ville",3,12,16,0.25,43.599088,3.894866
2026-01-27,16:00:34,2026-01-27T16:00:34+01:00,STATION,"Corum",10,2,12,0.8333333333333334,43.613989,3.8816
2026-01-27,16:00:34,2026-01-27T16:00:34+01:00,STATION,"Place Albert 1er - St Charles",16,11,27,0.5925925925925926,43.616768,3.873375
2026-01-27,16:00:34,2026-01-27T16:00:34+01:00,STATION,"Foch",1,3,8,0.625,43.610989,3.873345
2026-01-27,16:00:34,2026-01-27T16:00:34+01:00,STATION,"Halles Castellane",0,12,12,0.0,43.609935,3.877208
2026-01-27,16:00:34,2026-01-27T16:00:34+01:00,STATION,"Observatoire",3,4,8,0.5,43.606301,3.87724
2026-01-27,16:00:34,2026-01-27T16:00:34+01:00,STATION,"Rondelet",6,10,16,0.375,43.603038,3.875796
2026-01-27,16:00:34,2026-01-27T16:00:34+01:00,STATION,"Plan Cabanes",4,8,12,0.3333333333333333,43.608491,3.868389
2026-01-27,16:00:34,2026-01-27T16:00:34+01:00,STATION,"Boutonnet",9,3,12,0.75,43.622629,3.868375
2026-01-27,16:00:34,2026-01-27T16:00:34+01:00,STATION,"Emile Combes",3,5,8,0.375,43.616742,3.87998
2026-01-27,16:00:34,2026-01-27T16:00:34+01:00,STATION,"Beaux-Arts",10,6,16,0.625,43.616698,3.884981
2026-01-27,16:00:34,2026-01-27T16:00:34+01:00,STATION,"Les Aubes",4,4,8,0.5,43.618692,3.893844
2026-01-27,16:00:34,2026-01-27T16:00:34+01:00,STATION,"Antigone centre",4,8,12,0.3333333333333333,43.607942,3.890634
2026-01-27,16:00:34,2026-01-27T16:00:34+01:00,STATION,"Médiathèque Emile Zola",9,7,16,0.5625,43.608218,3.89314
2026-01-27,16:00:34,2026-01-27T16:00:34+01:00,STATION,"Nombre d Or",6,10,16,0.375,43.607859,3.886644
2026-01-27,16:00:34,2026-01-27T16:00:34+01:00,STATION,"Louis Blanc",9,7,16,0.5625,43.614642,3.877648
2026-01-27,16:00:34,2026-01-27T16:00:34+01:00,STATION,"Gambetta",3,5,8,0.375,43.607106,3.870693
2026-01-27,16:00:34,2026-01-27T16:00:34+01:00,STATION,"Port Marianne",13,3,16,0.8125,43.60032,3.89851
2026-01-27,16:00:34,2026-01-27T16:00:34+01:00,STATION,"Les Arceaux",4,4,8,0.5,43.612659,3.867734
2026-01-27,16:00:34,2026-01-27T16:00:34+01:00,STATION,"Cité Mion",4,3,8,0.625,43.601143,3.884373
2026-01-27,16:00:34,2026-01-27T16:00:34+01:00,STATION,"Nouveau Saint-Roch",2,6,8,0.25,43.599817,3.875757
2026-01-27,16:00:34,2026-01-27T16:00:34+01:00,STATION,"Renouvier",1,6,8,0.25,43.603553,3.867884
2026-01-27,16:00:34,2026-01-27T16:00:34+01:00,STATION,"Odysseum",0,8,8,0.0,43.603727,3.918979
2026-01-27,16:00:34,2026-01-27T16:00:34+01:00,STATION,"Saint-Denis",0,8,8,0.0,43.605021,3.875065
2026-01-27,16:00:34,2026-01-27T16:00:34+01:00,STATION,"Richter",4,12,16,0.25,43.603424,3.899263
2026-01-27,16:00:34,2026-01-27T16:00:34+01:00,STATION,"Charles Flahault",4,4,8,0.5,43.622038,3.86672
2026-01-27,16:00:34,2026-01-27T16:00:34+01:00,STATION,"Voltaire",5,3,8,0.625,43.603767,3.888659
2026-01-27,16:00:34,2026-01-27T16:00:34+01:00,STATION,"Prés d Arènes",4,4,8,0.5,43.59048,3.884611
2026-01-27,16:00:34,2026-01-27T16:00:34+01:00,STATION,"Garcia Lorca",5,3,8,0.625,43.590757,3.890616
2026-01-27,16:00:34,2026-01-27T16:00:34+01:00,STATION,"Vert Bois",7,9,16,0.4375,43.63543,3.871179
2026-01-27,16:00:34,2026-01-27T16:00:34+01:00,STATION,"Malbosc",2,6,8,0.25,43.633679,3.832861
2026-01-27,16:00:34,2026-01-27T16:00:34+01:00,STATION,"Occitanie",3,29,32,0.09375,43.635689,3.849597
2026-01-27,16:00:34,2026-01-27T16:00:34+01:00,STATION,"FacdesSciences",13,11,24,0.5416666666666666,43.631318,3.861299
2026-01-27,16:00:34,2026-01-27T16:00:34+01:00,STATION,"Fac de Lettres",2,10,12,0.16666666666666666,43.630437,3.869539
2026-01-27,16:00:34,2026-01-27T16:00:34+01:00,STATION,"Aiguelongue",3,4,8,0.5,43.626163,3.882492
2026-01-27,16:00:34,2026-01-27T16:00:34+01:00,STATION,"Jeu de Mail des Abbés",4,4,8,0.5,43.619701,3.883831
2026-01-27,16:00:34,2026-01-27T16:00:34+01:00,STATION,"Euromédecine",2,6,8,0.25,43.639119,3.828199
2026-01-27,16:00:34,2026-01-27T16:00:34+01:00,STATION,"Marie Caizergues",3,5,8,0.375,43.619871,3.873812
2026-01-27,16:00:34,2026-01-27T16:00:34+01:00,STATION,"Sabines",0,8,8,0.0,43.584211,3.860031
2026-01-27,16:00:34,2026-01-27T16:00:34+01:00,STATION,"Celleneuve",5,3,8,0.625,43.61467,3.832624
2026-01-27,16:00:34,2026-01-27T16:00:34+01:00,STATION,"Jardin de la Lironde",4,4,8,0.5,43.60585,3.911576
2026-01-27,16:00:34,2026-01-27T16:00:34+01:00,STATION,"Père Soulas",5,3,8,0.625,43.621983,3.855603
2026-01-27,16:00:34,2026-01-27T16:00:34+01:00,STATION,"Place Viala",3,4,8,0.5,43.616812,3.855075
2026-01-27,16:00:34,2026-01-27T16:00:34+01:00,STATION,"Hôtel du Département",3,5,8,0.375,43.621682,3.83477
2026-01-27,16:00:34,2026-01-27T16:00:34+01:00,STATION,"Tonnelles",1,7,8,0.125,43.615155,3.839466
2026-01-27,16:00:34,2026-01-27T16:00:34+01:00,STATION,"Parvis Jules Ferry - Gare Saint-Roch",6,2,8,0.75,43.603889,3.879362
2026-01-27,16:00:34,2026-01-27T16:00:34+01:00,STATION,"Pont de Lattes - Gare Saint-Roch",6,6,12,0.5,43.606036,3.882393
2026-01-27,16:00:34,2026-01-27T16:00:34+01:00,STATION,"Deux Ponts - Gare Saint-Roch",0,8,8,0.0,43.604319,3.880916
2026-01-27,16:00:34,2026-01-27T16:00:34+01:00,STATION,"Providence - Ovalie",1,7,8,0.125,43.588239,3.853421
2026-01-27,16:00:34,2026-01-27T16:00:34+01:00,STATION,"Pérols Etang de l Or",40,28,68,0.5882352941176471,43.558351,3.963412
2026-01-27,16:00:34,2026-01-27T16:00:34+01:00,STATION,"Albert 1er - Cathédrale",4,7,12,0.4166666666666667,43.614005,3.873218
2026-01-27,16:00:34,2026-01-27T16:00:34+01:00,STATION,"Saint-Guilhem - Courreau",5,3,8,0.625,43.608996,3.872752
2026-01-27,16:00:34,2026-01-27T16:00:34+01:00,STATION,"Sud De France",4,2,8,0.75,43.59562,3.9235
2026-01-27,16:00:34,2026-01-27T16:00:34+01:00,STATION,"Comedie Baudin",0,8,8,0.0,43.608717,3.880787
2026-01-27,16:00:34,2026-01-27T16:00:34+01:00,STATION,"Jean de Beins",6,10,16,0.375,43.609857,3.883884
2026-01-27,16:51:07,2026-01-27T16:51:07+01:00,STATION,"Rue Jules Ferry - Gare Saint-Roch",8,4,12,0.6666666666666666,43.605366,3.881346
2026-01-27,16:51:07,2026-01-27T16:51:07+01:00,STATION,"Comédie",10,10,20,0.5,43.608148,3.878778
2026-01-27,16:51:07,2026-01-27T16:51:07+01:00,STATION,"Hôtel de Ville",3,12,16,0.25,43.599088,3.894866
2026-01-27,16:51:07,2026-01-27T16:51:07+01:00,STATION,"Corum",10,2,12,0.8333333333333334,43.613989,3.8816
2026-01-27,16:51:07,2026-01-27T16:51:07+01:00,STATION,"Place Albert 1er - St Charles",16,11,27,0.5925925925925926,43.616768,3.873375
2026-01-27,16:51:07,2026-01-27T16:51:07+01:00,STATION,"Foch",1,3,8,0.625,43.610989,3.873345
2026-01-27,16:51:07,2026-01-27T16:51:07+01:00,STATION,"Halles Castellane",0,12,12,0.0,43.609935,3.877208
2026-01-27,16:51:07,2026-01-27T16:51:07+01:00,STATION,"Observatoire",3,4,8,0.5,43.606301,3.87724
2026-01-27,16:51:07,2026-01-27T16:51:07+01:00,STATION,"Rondelet",6,10,16,0.375,43.603038,3.875796
2026-01-27,16:51:07,2026-01-27T16:51:07+01:00,STATION,"Plan Cabanes",4,8,12,0.3333333333333333,43.608491,3.868389
2026-01-27,16:51:07,2026-01-27T16:51:07+01:00,STATION,"Boutonnet",9,3,12,0.75,43.622629,3.868375
2026-01-27,16:51:07,2026-01-27T16:51:07+01:00,STATION,"Emile Combes",3,5,8,0.375,43.616742,3.87998
2026-01-27,16:51:07,2026-01-27T16:51:07+01:00,STATION,"Beaux-Arts",10,6,16,0.625,43.616698,3.884981
2026-01-27,16:51:07,2026-01-27T16:51:07+01:00,STATION,"Les Aubes",4,4,8,0.5,43.618692,3.893844
2026-01-27,16:51:07,2026-01-27T16:51:07+01:00,STATION,"Antigone centre",4,8,12,0.3333333333333333,43.607942,3.890634
2026-01-27,16:51:07,2026-01-27T16:51:07+01:00,STATION,"Médiathèque Emile Zola",8,8,16,0.5,43.608218,3.89314
2026-01-27,16:51:07,2026-01-27T16:51:07+01:00,STATION,"Nombre d Or",6,10,16,0.375,43.607859,3.886644
2026-01-27,16:51:07,2026-01-27T16:51:07+01:00,STATION,"Louis Blanc",9,7,16,0.5625,43.614642,3.877648
2026-01-27,16:51:07,2026-01-27T16:51:07+01:00,STATION,"Gambetta",3,5,8,0.375,43.607106,3.870693
2026-01-27,16:51:07,2026-01-27T16:51:07+01:00,STATION,"Port Marianne",13,3,16,0.8125,43.60032,3.89851
2026-01-27,16:51:07,2026-01-27T16:51:07+01:00,STATION,"Les Arceaux",4,4,8,0.5,43.612659,3.867734
2026-01-27,16:51:07,2026-01-27T16:51:07+01:00,STATION,"Cité Mion",3,4,8,0.5,43.601143,3.884373
2026-01-27,16:51:07,2026-01-27T16:51:07+01:00,STATION,"Nouveau Saint-Roch",2,6,8,0.25,43.599817,3.875757
2026-01-27,16:51:07,2026-01-27T16:51:07+01:00,STATION,"Renouvier",1,6,8,0.25,43.603553,3.867884
2026-01-27,16:51:07,2026-01-27T16:51:07+01:00,STATION,"Odysseum",0,8,8,0.0,43.603727,3.918979
2026-01-27,16:51:07,2026-01-27T16:51:07+01:00,STATION,"Saint-Denis",0,8,8,0.0,43.605021,3.875065
2026-01-27,16:51:07,2026-01-27T16:51:07+01:00,STATION,"Richter",5,11,16,0.3125,43.603424,3.899263
2026-01-27,16:51:07,2026-01-27T16:51:07+01:00,STATION,"Charles Flahault",4,4,8,0.5,43.622038,3.86672
2026-01-27,16:51:07,2026-01-27T16:51:07+01:00,STATION,"Voltaire",5,3,8,0.625,43.603767,3.888659
2026-01-27,16:51:07,2026-01-27T16:51:07+01:00,STATION,"Prés d Arènes",4,4,8,0.5,43.59048,3.884611
2026-01-27,16:51:07,2026-01-27T16:51:07+01:00,STATION,"Garcia Lorca",5,3,8,0.625,43.590757,3.890616
2026-01-27,16:51:07,2026-01-27T16:51:07+01:00,STATION,"Vert Bois",7,9,16,0.4375,43.63543,3.871179
2026-01-27,16:51:07,2026-01-27T16:51:07+01:00,STATION,"Malbosc",2,6,8,0.25,43.633679,3.832861
2026-01-27,16:51:07,2026-01-27T16:51:07+01:00,STATION,"Occitanie",3,29,32,0.09375,43.635689,3.849597
2026-01-27,16:51:07,2026-01-27T16:51:07+01:00,STATION,"FacdesSciences",11,13,24,0.4583333333333333,43.631318,3.861299
2026-01-27,16:51:07,2026-01-27T16:51:07+01:00,STATION,"Fac de Lettres",2,10,12,0.16666666666666666,43.630437,3.869539
2026-01-27,16:51:07,2026-01-27T16:51:07+01:00,STATION,"Aiguelongue",4,3,8,0.625,43.626163,3.882492
2026-01-27,16:51:07,2026-01-27T16:51:07+01:00,STATION,"Jeu de Mail des Abbés",4,4,8,0.5,43.619701,3.883831
2026-01-27,16:51:07,2026-01-27T16:51:07+01:00,STATION,"Euromédecine",2,6,8,0.25,43.639119,3.828199
2026-01-27,16:51:07,2026-01-27T16:51:07+01:00,STATION,"Marie Caizergues",3,5,8,0.375,43.619871,3.873812
2026-01-27,16:51:07,2026-01-27T16:51:07+01:00,STATION,"Sabines",0,8,8,0.0,43.584211,3.860031
2026-01-27,16:51:07,2026-01-27T16:51:07+01:00,STATION,"Celleneuve",5,3,8,0.625,43.61467,3.832624
2026-01-27,16:51:07,2026-01-27T16:51:07+01:00,STATION,"Jardin de la Lironde",4,4,8,0.5,43.60585,3.911576
2026-01-27,16:51:07,2026-01-27T16:51:07+01:00,STATION,"Père Soulas",5,3,8,0.625,43.621983,3.855603
2026-01-27,16:51:07,2026-01-27T16:51:07+01:00,STATION,"Place Viala",3,4,8,0.5,43.616812,3.855075
2026-01-27,16:51:07,2026-01-27T16:51:07+01:00,STATION,"Hôtel du Département",1,7,8,0.125,43.621682,3.83477
2026-01-27,16:51:07,2026-01-27T16:51:07+01:00,STATION,"Tonnelles",1,7,8,0.125,43.615155,3.839466
2026-01-27,16:51:07,2026-01-27T16:51:07+01:00,STATION,"Parvis Jules Ferry - Gare Saint-Roch",6,2,8,0.75,43.603889,3.879362
2026-01-27,16:51:07,2026-01-27T16:51:07+01:00,STATION,"Pont de Lattes - Gare Saint-Roch",6,6,12,0.5,43.606036,3.882393
2026-01-27,16:51:07,2026-01-27T16:51:07+01:00,STATION,"Deux Ponts - Gare Saint-Roch",0,8,8,0.0,43.604319,3.880916
2026-01-27,16:51:07,2026-01-27T16:51:07+01:00,STATION,"Providence - Ovalie",1,7,8,0.125,43.588239,3.853421
2026-01-27,16:51:07,2026-01-27T16:51:07+01:00,STATION,"Pérols Etang de l Or",40,28,68,0.5882352941176471,43.558351,3.963412
2026-01-27,16:51:07,2026-01-27T16:51:07+01:00,STATION,"Albert 1er - Cathédrale",4,7,12,0.4166666666666667,43.614005,3.873218
2026-01-27,16:51:07,2026-01-27T16:51:07+01:00,STATION,"Saint-Guilhem - Courreau",5,3,8,0.625,43.608996,3.872752
2026-01-27,16:51:07,2026-01-27T16:51:07+01:00,STATION,"Sud De France",4,2,8,0.75,43.59562,3.9235
2026-01-27,16:51:07,2026-01-27T16:51:07+01:00,STATION,"Comedie Baudin",0,8,8,0.0,43.608717,3.880787
2026-01-27,16:51:07,2026-01-27T16:51:07+01:00,STATION,"Jean de Beins",7,9,16,0.4375,43.609857,3.883884
2026-01-27,17:30:24,2026-01-27T17:30:24+01:00,STATION,"Rue Jules Ferry - Gare Saint-Roch",8,4,12,0.6666666666666666,43.605366,3.881346
2026-01-27,17:30:24,2026-01-27T17:30:24+01:00,STATION,"Comédie",12,8,20,0.6,43.608148,3.878778
2026-01-27,17:30:24,2026-01-27T17:30:24+01:00,STATION,"Hôtel de Ville",3,12,16,0.25,43.599088,3.894866
2026-01-27,17:30:24,2026-01-27T17:30:24+01:00,STATION,"Corum",10,2,12,0.8333333333333334,43.613989,3.8816
2026-01-27,17:30:24,2026-01-27T17:30:24+01:00,STATION,"Place Albert 1er - St Charles",16,11,27,0.5925925925925926,43.616768,3.873375
2026-01-27,17:30:24,2026-01-27T17:30:24+01:00,STATION,"Foch",1,3,8,0.625,43.610989,3.873345
2026-01-27,17:30:24,2026-01-27T17:30:24+01:00,STATION,"Halles Castellane",0,12,12,0.0,43.609935,3.877208
2026-01-27,17:30:24,2026-01-27T17:30:24+01:00,STATION,"Observatoire",3,4,8,0.5,43.606301,3.87724
2026-01-27,17:30:24,2026-01-27T17:30:24+01:00,STATION,"Rondelet",6,10,16,0.375,43.603038,3.875796
2026-01-27,17:30:24,2026-01-27T17:30:24+01:00,STATION,"Plan Cabanes",4,8,12,0.3333333333333333,43.608491,3.868389
2026-01-27,17:30:24,2026-01-27T17:30:24+01:00,STATION,"Boutonnet",9,3,12,0.75,43.622629,3.868375
2026-01-27,17:30:24,2026-01-27T17:30:24+01:00,STATION,"Emile Combes",3,5,8,0.375,43.616742,3.87998
2026-01-27,17:30:24,2026-01-27T17:30:24+01:00,STATION,"Beaux-Arts",10,6,16,0.625,43.616698,3.884981
2026-01-27,17:30:24,2026-01-27T17:30:24+01:00,STATION,"Les Aubes",4,4,8,0.5,43.618692,3.893844
2026-01-27,17:30:24,2026-01-27T17:30:24+01:00,STATION,"Antigone centre",4,8,12,0.3333333333333333,43.607942,3.890634
2026-01-27,17:30:24,2026-01-27T17:30:24+01:00,STATION,"Médiathèque Emile Zola",7,9,16,0.4375,43.608218,3.89314
2026-01-27,17:30:24,2026-01-27T17:30:24+01:00,STATION,"Nombre d Or",6,10,16,0.375,43.607859,3.886644
2026-01-27,17:30:24,2026-01-27T17:30:24+01:00,STATION,"Louis Blanc",9,7,16,0.5625,43.614642,3.877648
2026-01-27,17:30:24,2026-01-27T17:30:24+01:00,STATION,"Gambetta",3,5,8,0.375,43.607106,3.870693
2026-01-27,17:30:24,2026-01-27T17:30:24+01:00,STATION,"Port Marianne",14,2,16,0.875,43.60032,3.89851
2026-01-27,17:30:24,2026-01-27T17:30:24+01:00,STATION,"Les Arceaux",3,5,8,0.375,43.612659,3.867734
2026-01-27,17:30:24,2026-01-27T17:30:24+01:00,STATION,"Cité Mion",3,4,8,0.5,43.601143,3.884373
2026-01-27,17:30:24,2026-01-27T17:30:24+01:00,STATION,"Nouveau Saint-Roch",2,6,8,0.25,43.599817,3.875757
2026-01-27,17:30:24,2026-01-27T17:30:24+01:00,STATION,"Renouvier",1,6,8,0.25,43.603553,3.867884
2026-01-27,17:30:24,2026-01-27T17:30:24+01:00,STATION,"Odysseum",0,8,8,0.0,43.603727,3.918979
2026-01-27,17:30:24,2026-01-27T17:30:24+01:00,STATION,"Saint-Denis",0,8,8,0.0,43.605021,3.875065
2026-01-27,17:30:24,2026-01-27T17:30:24+01:00,STATION,"Richter",5,11,16,0.3125,43.603424,3.899263
2026-01-27,17:30:24,2026-01-27T17:30:24+01:00,STATION,"Charles Flahault",4,4,8,0.5,43.622038,3.86672
2026-01-27,17:30:24,2026-01-27T17:30:24+01:00,STATION,"Voltaire",5,3,8,0.625,43.603767,3.888659
2026-01-27,17:30:24,2026-01-27T17:30:24+01:00,STATION,"Prés d Arènes",4,4,8,0.5,43.59048,3.884611
2026-01-27,17:30:24,2026-01-27T17:30:24+01:00,STATION,"Garcia Lorca",6,2,8,0.75,43.590757,3.890616
2026-01-27,17:30:24,2026-01-27T17:30:24+01:00,STATION,"Vert Bois",7,9,16,0.4375,43.63543,3.871179
2026-01-27,17:30:24,2026-01-27T17:30:24+01:00,STATION,"Malbosc",2,6,8,0.25,43.633679,3.832861
2026-01-27,17:30:24,2026-01-27T17:30:24+01:00,STATION,"Occitanie",3,29,32,0.09375,43.635689,3.849597
2026-01-27,17:30:24,2026-01-27T17:30:24+01:00,STATION,"FacdesSciences",11,13,24,0.4583333333333333,43.631318,3.861299
2026-01-27,17:30:24,2026-01-27T17:30:24+01:00,STATION,"Fac de Lettres",2,10,12,0.16666666666666666,43.630437,3.869539
2026-01-27,17:30:24,2026-01-27T17:30:24+01:00,STATION,"Aiguelongue",4,3,8,0.625,43.626163,3.882492
2026-01-27,17:30:24,2026-01-27T17:30:24+01:00,STATION,"Jeu de Mail des Abbés",4,4,8,0.5,43.619701,3.883831
2026-01-27,17:30:24,2026-01-27T17:30:24+01:00,STATION,"Euromédecine",2,6,8,0.25,43.639119,3.828199
2026-01-27,17:30:24,2026-01-27T17:30:24+01:00,STATION,"Marie Caizergues",3,5,8,0.375,43.619871,3.873812
2026-01-27,17:30:24,2026-01-27T17:30:24+01:00,STATION,"Sabines",0,8,8,0.0,43.584211,3.860031
2026-01-27,17:30:24,2026-01-27T17:30:24+01:00,STATION,"Celleneuve",5,3,8,0.625,43.61467,3.832624
2026-01-27,17:30:24,2026-01-27T17:30:24+01:00,STATION,"Jardin de la Lironde",4,4,8,0.5,43.60585,3.911576
2026-01-27,17:30:24,2026-01-27T17:30:24+01:00,STATION,"Père Soulas",5,3,8,0.625,43.621983,3.855603
2026-01-27,17:30:24,2026-01-27T17:30:24+01:00,STATION,"Place Viala",3,4,8,0.5,43.616812,3.855075
2026-01-27,17:30:24,2026-01-27T17:30:24+01:00,STATION,"Hôtel du Département",1,7,8,0.125,43.621682,3.83477
2026-01-27,17:30:24,2026-01-27T17:30:24+01:00,STATION,"Tonnelles",1,7,8,0.125,43.615155,3.839466
2026-01-27,17:30:24,2026-01-27T17:30:24+01:00,STATION,"Parvis Jules Ferry - Gare Saint-Roch",6,2,8,0.75,43.603889,3.879362
2026-01-27,17:30:24,2026-01-27T17:30:24+01:00,STATION,"Pont de Lattes - Gare Saint-Roch",6,6,12,0.5,43.606036,3.882393
2026-01-27,17:30:24,2026-01-27T17:30:24+01:00,STATION,"Deux Ponts - Gare Saint-Roch",0,8,8,0.0,43.604319,3.880916
2026-01-27,17:30:24,2026-01-27T17:30:24+01:00,STATION,"Providence - Ovalie",1,7,8,0.125,43.588239,3.853421
2026-01-27,17:30:24,2026-01-27T17:30:24+01:00,STATION,"Pérols Etang de l Or",40,28,68,0.5882352941176471,43.558351,3.963412
2026-01-27,17:30:24,2026-01-27T17:30:24+01:00,STATION,"Albert 1er - Cathédrale",4,7,12,0.4166666666666667,43.614005,3.873218
2026-01-27,17:30:24,2026-01-27T17:30:24+01:00,STATION,"Saint-Guilhem - Courreau",5,3,8,0.625,43.608996,3.872752
2026-01-27,17:30:24,2026-01-27T17:30:24+01:00,STATION,"Sud De France",4,2,8,0.75,43.59562,3.9235
2026-01-27,17:30:24,2026-01-27T17:30:24+01:00,STATION,"Comedie Baudin",0,8,8,0.0,43.608717,3.880787
2026-01-27,17:30:24,2026-01-27T17:30:24+01:00,STATION,"Jean de Beins",7,9,16,0.4375,43.609857,3.883884
2026-01-27,18:27:36,2026-01-27T18:27:36+01:00,STATION,"Rue Jules Ferry - Gare Saint-Roch",8,4,12,0.6666666666666666,43.605366,3.881346
2026-01-27,18:27:36,2026-01-27T18:27:36+01:00,STATION,"Comédie",12,8,20,0.6,43.608148,3.878778
2026-01-27,18:27:36,2026-01-27T18:27:36+01:00,STATION,"Hôtel de Ville",3,12,16,0.25,43.599088,3.894866
2026-01-27,18:27:36,2026-01-27T18:27:36+01:00,STATION,"Corum",10,2,12,0.8333333333333334,43.613989,3.8816
2026-01-27,18:27:36,2026-01-27T18:27:36+01:00,STATION,"Place Albert 1er - St Charles",16,11,27,0.5925925925925926,43.616768,3.873375
2026-01-27,18:27:36,2026-01-27T18:27:36+01:00,STATION,"Foch",1,3,8,0.625,43.610989,3.873345
2026-01-27,18:27:36,2026-01-27T18:27:36+01:00,STATION,"Halles Castellane",0,12,12,0.0,43.609935,3.877208
2026-01-27,18:27:36,2026-01-27T18:27:36+01:00,STATION,"Observatoire",3,4,8,0.5,43.606301,3.87724
2026-01-27,18:27:36,2026-01-27T18:27:36+01:00,STATION,"Rondelet",6,10,16,0.375,43.603038,3.875796
2026-01-27,18:27:36,2026-01-27T18:27:36+01:00,STATION,"Plan Cabanes",4,8,12,0.3333333333333333,43.608491,3.868389
2026-01-27,18:27:36,2026-01-27T18:27:36+01:00,STATION,"Boutonnet",8,4,12,0.6666666666666666,43.622629,3.868375
2026-01-27,18:27:36,2026-01-27T18:27:36+01:00,STATION,"Emile Combes",3,5,8,0.375,43.616742,3.87998
2026-01-27,18:27:36,2026-01-27T18:27:36+01:00,STATION,"Beaux-Arts",10,6,16,0.625,43.616698,3.884981
2026-01-27,18:27:36,2026-01-27T18:27:36+01:00,STATION,"Les Aubes",4,4,8,0.5,43.618692,3.893844
2026-01-27,18:27:36,2026-01-27T18:27:36+01:00,STATION,"Antigone centre",5,7,12,0.4166666666666667,43.607942,3.890634
2026-01-27,18:27:36,2026-01-27T18:27:36+01:00,STATION,"Médiathèque Emile Zola",7,9,16,0.4375,43.608218,3.89314
2026-01-27,18:27:36,2026-01-27T18:27:36+01:00,STATION,"Nombre d Or",6,10,16,0.375,43.607859,3.886644
2026-01-27,18:27:36,2026-01-27T18:27:36+01:00,STATION,"Louis Blanc",9,7,16,0.5625,43.614642,3.877648
2026-01-27,18:27:36,2026-01-27T18:27:36+01:00,STATION,"Gambetta",4,4,8,0.5,43.607106,3.870693
2026-01-27,18:27:36,2026-01-27T18:27:36+01:00,STATION,"Port Marianne",14,2,16,0.875,43.60032,3.89851
2026-01-27,18:27:36,2026-01-27T18:27:36+01:00,STATION,"Les Arceaux",3,5,8,0.375,43.612659,3.867734
2026-01-27,18:27:36,2026-01-27T18:27:36+01:00,STATION,"Cité Mion",3,4,8,0.5,43.601143,3.884373
2026-01-27,18:27:36,2026-01-27T18:27:36+01:00,STATION,"Nouveau Saint-Roch",2,6,8,0.25,43.599817,3.875757
2026-01-27,18:27:36,2026-01-27T18:27:36+01:00,STATION,"Renouvier",1,6,8,0.25,43.603553,3.867884
2026-01-27,18:27:36,2026-01-27T18:27:36+01:00,STATION,"Odysseum",0,8,8,0.0,43.603727,3.918979
2026-01-27,18:27:36,2026-01-27T18:27:36+01:00,STATION,"Saint-Denis",0,8,8,0.0,43.605021,3.875065
2026-01-27,18:27:36,2026-01-27T18:27:36+01:00,STATION,"Richter",5,11,16,0.3125,43.603424,3.899263
2026-01-27,18:27:36,2026-01-27T18:27:36+01:00,STATION,"Charles Flahault",4,4,8,0.5,43.622038,3.86672
2026-01-27,18:27:36,2026-01-27T18:27:36+01:00,STATION,"Voltaire",5,3,8,0.625,43.603767,3.888659
2026-01-27,18:27:36,2026-01-27T18:27:36+01:00,STATION,"Prés d Arènes",4,4,8,0.5,43.59048,3.884611
2026-01-27,18:27:36,2026-01-27T18:27:36+01:00,STATION,"Garcia Lorca",6,2,8,0.75,43.590757,3.890616
2026-01-27,18:27:36,2026-01-27T18:27:36+01:00,STATION,"Vert Bois",7,9,16,0.4375,43.63543,3.871179
2026-01-27,18:27:36,2026-01-27T18:27:36+01:00,STATION,"Malbosc",2,6,8,0.25,43.633679,3.832861
2026-01-27,18:27:36,2026-01-27T18:27:36+01:00,STATION,"Occitanie",3,29,32,0.09375,43.635689,3.849597
2026-01-27,18:27:36,2026-01-27T18:27:36+01:00,STATION,"FacdesSciences",11,13,24,0.4583333333333333,43.631318,3.861299
2026-01-27,18:27:36,2026-01-27T18:27:36+01:00,STATION,"Fac de Lettres",2,10,12,0.16666666666666666,43.630437,3.869539
2026-01-27,18:27:36,2026-01-27T18:27:36+01:00,STATION,"Aiguelongue",4,3,8,0.625,43.626163,3.882492
2026-01-27,18:27:36,2026-01-27T18:27:36+01:00,STATION,"Jeu de Mail des Abbés",4,4,8,0.5,43.619701,3.883831
2026-01-27,18:27:36,2026-01-27T18:27:36+01:00,STATION,"Euromédecine",2,6,8,0.25,43.639119,3.828199
2026-01-27,18:27:36,2026-01-27T18:27:36+01:00,STATION,"Marie Caizergues",3,5,8,0.375,43.619871,3.873812
2026-01-27,18:27:36,2026-01-27T18:27:36+01:00,STATION,"Sabines",0,8,8,0.0,43.584211,3.860031
2026-01-27,18:27:36,2026-01-27T18:27:36+01:00,STATION,"Celleneuve",5,3,8,0.625,43.61467,3.832624
2026-01-27,18:27:36,2026-01-27T18:27:36+01:00,STATION,"Jardin de la Lironde",4,4,8,0.5,43.60585,3.911576
2026-01-27,18:27:36,2026-01-27T18:27:36+01:00,STATION,"Père Soulas",5,3,8,0.625,43.621983,3.855603
2026-01-27,18:27:36,2026-01-27T18:27:36+01:00,STATION,"Place Viala",2,5,8,0.375,43.616812,3.855075
2026-01-27,18:27:36,2026-01-27T18:27:36+01:00,STATION,"Hôtel du Département",1,7,8,0.125,43.621682,3.83477
2026-01-27,18:27:36,2026-01-27T18:27:36+01:00,STATION,"Tonnelles",1,7,8,0.125,43.615155,3.839466
2026-01-27,18:27:36,2026-01-27T18:27:36+01:00,STATION,"Parvis Jules Ferry - Gare Saint-Roch",6,2,8,0.75,43.603889,3.879362
2026-01-27,18:27:36,2026-01-27T18:27:36+01:00,STATION,"Pont de Lattes - Gare Saint-Roch",6,6,12,0.5,43.606036,3.882393
2026-01-27,18:27:36,2026-01-27T18:27:36+01:00,STATION,"Deux Ponts - Gare Saint-Roch",0,8,8,0.0,43.604319,3.880916
2026-01-27,18:27:36,2026-01-27T18:27:36+01:00,STATION,"Providence - Ovalie",1,7,8,0.125,43.588239,3.853421
2026-01-27,18:27:36,2026-01-27T18:27:36+01:00,STATION,"Pérols Etang de l Or",41,27,68,0.6029411764705882,43.558351,3.963412
2026-01-27,18:27:36,2026-01-27T18:27:36+01:00,STATION,"Albert 1er - Cathédrale",4,7,12,0.4166666666666667,43.614005,3.873218
2026-01-27,18:27:36,2026-01-27T18:27:36+01:00,STATION,"Saint-Guilhem - Courreau",5,3,8,0.625,43.608996,3.872752
2026-01-27,18:27:36,2026-01-27T18:27:36+01:00,STATION,"Sud De France",4,2,8,0.75,43.59562,3.9235
2026-01-27,18:27:36,2026-01-27T18:27:36+01:00,STATION,"Comedie Baudin",0,8,8,0.0,43.608717,3.880787
2026-01-27,18:27:36,2026-01-27T18:27:36+01:00,STATION,"Jean de Beins",7,9,16,0.4375,43.609857,3.883884
2026-01-27,18:54:12,2026-01-27T18:54:12+01:00,STATION,"Rue Jules Ferry - Gare Saint-Roch",7,5,12,0.5833333333333334,43.605366,3.881346
2026-01-27,18:54:12,2026-01-27T18:54:12+01:00,STATION,"Comédie",12,8,20,0.6,43.608148,3.878778
2026-01-27,18:54:12,2026-01-27T18:54:12+01:00,STATION,"Hôtel de Ville",3,12,16,0.25,43.599088,3.894866
2026-01-27,18:54:12,2026-01-27T18:54:12+01:00,STATION,"Corum",10,2,12,0.8333333333333334,43.613989,3.8816
2026-01-27,18:54:12,2026-01-27T18:54:12+01:00,STATION,"Place Albert 1er - St Charles",16,11,27,0.5925925925925926,43.616768,3.873375
2026-01-27,18:54:12,2026-01-27T18:54:12+01:00,STATION,"Foch",1,3,8,0.625,43.610989,3.873345
2026-01-27,18:54:12,2026-01-27T18:54:12+01:00,STATION,"Halles Castellane",0,12,12,0.0,43.609935,3.877208
2026-01-27,18:54:12,2026-01-27T18:54:12+01:00,STATION,"Observatoire",3,4,8,0.5,43.606301,3.87724
2026-01-27,18:54:12,2026-01-27T18:54:12+01:00,STATION,"Rondelet",6,10,16,0.375,43.603038,3.875796
2026-01-27,18:54:12,2026-01-27T18:54:12+01:00,STATION,"Plan Cabanes",4,8,12,0.3333333333333333,43.608491,3.868389
2026-01-27,18:54:12,2026-01-27T18:54:12+01:00,STATION,"Boutonnet",8,4,12,0.6666666666666666,43.622629,3.868375
2026-01-27,18:54:12,2026-01-27T18:54:12+01:00,STATION,"Emile Combes",3,5,8,0.375,43.616742,3.87998
2026-01-27,18:54:12,2026-01-27T18:54:12+01:00,STATION,"Beaux-Arts",10,6,16,0.625,43.616698,3.884981
2026-01-27,18:54:12,2026-01-27T18:54:12+01:00,STATION,"Les Aubes",4,4,8,0.5,43.618692,3.893844
2026-01-27,18:54:12,2026-01-27T18:54:12+01:00,STATION,"Antigone centre",5,7,12,0.4166666666666667,43.607942,3.890634
2026-01-27,18:54:12,2026-01-27T18:54:12+01:00,STATION,"Médiathèque Emile Zola",7,9,16,0.4375,43.608218,3.89314
2026-01-27,18:54:12,2026-01-27T18:54:12+01:00,STATION,"Nombre d Or",6,10,16,0.375,43.607859,3.886644
2026-01-27,18:54:12,2026-01-27T18:54:12+01:00,STATION,"Louis Blanc",9,7,16,0.5625,43.614642,3.877648
2026-01-27,18:54:12,2026-01-27T18:54:12+01:00,STATION,"Gambetta",4,4,8,0.5,43.607106,3.870693
2026-01-27,18:54:12,2026-01-27T18:54:12+01:00,STATION,"Port Marianne",14,2,16,0.875,43.60032,3.89851
2026-01-27,18:54:12,2026-01-27T18:54:12+01:00,STATION,"Les Arceaux",3,5,8,0.375,43.612659,3.867734
2026-01-27,18:54:12,2026-01-27T18:54:12+01:00,STATION,"Cité Mion",3,4,8,0.5,43.601143,3.884373
2026-01-27,18:54:12,2026-01-27T18:54:12+01:00,STATION,"Nouveau Saint-Roch",2,6,8,0.25,43.599817,3.875757
2026-01-27,18:54:12,2026-01-27T18:54:12+01:00,STATION,"Renouvier",1,6,8,0.25,43.603553,3.867884
2026-01-27,18:54:12,2026-01-27T18:54:12+01:00,STATION,"Odysseum",0,8,8,0.0,43.603727,3.918979
2026-01-27,18:54:12,2026-01-27T18:54:12+01:00,STATION,"Saint-Denis",0,8,8,0.0,43.605021,3.875065
2026-01-27,18:54:12,2026-01-27T18:54:12+01:00,STATION,"Richter",5,11,16,0.3125,43.603424,3.899263
2026-01-27,18:54:12,2026-01-27T18:54:12+01:00,STATION,"Charles Flahault",4,4,8,0.5,43.622038,3.86672
2026-01-27,18:54:12,2026-01-27T18:54:12+01:00,STATION,"Voltaire",5,3,8,0.625,43.603767,3.888659
2026-01-27,18:54:12,2026-01-27T18:54:12+01:00,STATION,"Prés d Arènes",4,4,8,0.5,43.59048,3.884611
2026-01-27,18:54:12,2026-01-27T18:54:12+01:00,STATION,"Garcia Lorca",6,2,8,0.75,43.590757,3.890616
2026-01-27,18:54:12,2026-01-27T18:54:12+01:00,STATION,"Vert Bois",5,11,16,0.3125,43.63543,3.871179
2026-01-27,18:54:12,2026-01-27T18:54:12+01:00,STATION,"Malbosc",2,6,8,0.25,43.633679,3.832861
2026-01-27,18:54:12,2026-01-27T18:54:12+01:00,STATION,"Occitanie",3,29,32,0.09375,43.635689,3.849597
2026-01-27,18:54:12,2026-01-27T18:54:12+01:00,STATION,"FacdesSciences",11,13,24,0.4583333333333333,43.631318,3.861299
2026-01-27,18:54:12,2026-01-27T18:54:12+01:00,STATION,"Fac de Lettres",2,10,12,0.16666666666666666,43.630437,3.869539
2026-01-27,18:54:12,2026-01-27T18:54:12+01:00,STATION,"Aiguelongue",4,3,8,0.625,43.626163,3.882492
2026-01-27,18:54:12,2026-01-27T18:54:12+01:00,STATION,"Jeu de Mail des Abbés",4,4,8,0.5,43.619701,3.883831
2026-01-27,18:54:12,2026-01-27T18:54:12+01:00,STATION,"Euromédecine",2,6,8,0.25,43.639119,3.828199
2026-01-27,18:54:12,2026-01-27T18:54:12+01:00,STATION,"Marie Caizergues",3,5,8,0.375,43.619871,3.873812
2026-01-27,18:54:12,2026-01-27T18:54:12+01:00,STATION,"Sabines",0,8,8,0.0,43.584211,3.860031
2026-01-27,18:54:12,2026-01-27T18:54:12+01:00,STATION,"Celleneuve",5,3,8,0.625,43.61467,3.832624
2026-01-27,18:54:12,2026-01-27T18:54:12+01:00,STATION,"Jardin de la Lironde",4,4,8,0.5,43.60585,3.911576
2026-01-27,18:54:12,2026-01-27T18:54:12+01:00,STATION,"Père Soulas",5,3,8,0.625,43.621983,3.855603
2026-01-27,18:54:12,2026-01-27T18:54:12+01:00,STATION,"Place Viala",2,5,8,0.375,43.616812,3.855075
2026-01-27,18:54:12,2026-01-27T18:54:12+01:00,STATION,"Hôtel du Département",1,7,8,0.125,43.621682,3.83477
2026-01-27,18:54:12,2026-01-27T18:54:12+01:00,STATION,"Tonnelles",1,7,8,0.125,43.615155,3.839466
2026-01-27,18:54:12,2026-01-27T18:54:12+01:00,STATION,"Parvis Jules Ferry - Gare Saint-Roch",6,2,8,0.75,43.603889,3.879362
2026-01-27,18:54:12,2026-01-27T18:54:12+01:00,STATION,"Pont de Lattes - Gare Saint-Roch",6,6,12,0.5,43.606036,3.882393
2026-01-27,18:54:12,2026-01-27T18:54:12+01:00,STATION,"Deux Ponts - Gare Saint-Roch",0,8,8,0.0,43.604319,3.880916
2026-01-27,18:54:12,2026-01-27T18:54:12+01:00,STATION,"Providence - Ovalie",1,7,8,0.125,43.588239,3.853421
2026-01-27,18:54:12,2026-01-27T18:54:12+01:00,STATION,"Pérols Etang de l Or",41,27,68,0.6029411764705882,43.558351,3.963412
2026-01-27,18:54:12,2026-01-27T18:54:12+01:00,STATION,"Albert 1er - Cathédrale",4,7,12,0.4166666666666667,43.614005,3.873218
2026-01-27,18:54:12,2026-01-27T18:54:12+01:00,STATION,"Saint-Guilhem - Courreau",3,5,8,0.375,43.608996,3.872752
2026-01-27,18:54:12,2026-01-27T18:54:12+01:00,STATION,"Sud De France",4,2,8,0.75,43.59562,3.9235
2026-01-27,18:54:12,2026-01-27T18:54:12+01:00,STATION,"Comedie Baudin",0,8,8,0.0,43.608717,3.880787
2026-01-27,18:54:12,2026-01-27T18:54:12+01:00,STATION,"Jean de Beins",7,9,16,0.4375,43.609857,3.883884
2026-01-27,19:38:26,2026-01-27T19:38:26+01:00,STATION,"Rue Jules Ferry - Gare Saint-Roch",7,5,12,0.5833333333333334,43.605366,3.881346
2026-01-27,19:38:26,2026-01-27T19:38:26+01:00,STATION,"Comédie",12,8,20,0.6,43.608148,3.878778
2026-01-27,19:38:26,2026-01-27T19:38:26+01:00,STATION,"Hôtel de Ville",3,12,16,0.25,43.599088,3.894866
2026-01-27,19:38:26,2026-01-27T19:38:26+01:00,STATION,"Corum",12,0,12,1.0,43.613989,3.8816
2026-01-27,19:38:26,2026-01-27T19:38:26+01:00,STATION,"Place Albert 1er - St Charles",16,11,27,0.5925925925925926,43.616768,3.873375
2026-01-27,19:38:26,2026-01-27T19:38:26+01:00,STATION,"Foch",1,3,8,0.625,43.610989,3.873345
2026-01-27,19:38:26,2026-01-27T19:38:26+01:00,STATION,"Halles Castellane",0,12,12,0.0,43.609935,3.877208
2026-01-27,19:38:26,2026-01-27T19:38:26+01:00,STATION,"Observatoire",3,4,8,0.5,43.606301,3.87724
2026-01-27,19:38:26,2026-01-27T19:38:26+01:00,STATION,"Rondelet",6,10,16,0.375,43.603038,3.875796
2026-01-27,19:38:26,2026-01-27T19:38:26+01:00,STATION,"Plan Cabanes",4,8,12,0.3333333333333333,43.608491,3.868389
2026-01-27,19:38:26,2026-01-27T19:38:26+01:00,STATION,"Boutonnet",8,4,12,0.6666666666666666,43.622629,3.868375
2026-01-27,19:38:26,2026-01-27T19:38:26+01:00,STATION,"Emile Combes",3,5,8,0.375,43.616742,3.87998
2026-01-27,19:38:26,2026-01-27T19:38:26+01:00,STATION,"Beaux-Arts",10,6,16,0.625,43.616698,3.884981
2026-01-27,19:38:26,2026-01-27T19:38:26+01:00,STATION,"Les Aubes",4,4,8,0.5,43.618692,3.893844
2026-01-27,19:38:26,2026-01-27T19:38:26+01:00,STATION,"Antigone centre",5,7,12,0.4166666666666667,43.607942,3.890634
2026-01-27,19:38:26,2026-01-27T19:38:26+01:00,STATION,"Médiathèque Emile Zola",7,9,16,0.4375,43.608218,3.89314
2026-01-27,19:38:26,2026-01-27T19:38:26+01:00,STATION,"Nombre d Or",6,10,16,0.375,43.607859,3.886644
2026-01-27,19:38:26,2026-01-27T19:38:26+01:00,STATION,"Louis Blanc",9,7,16,0.5625,43.614642,3.877648
2026-01-27,19:38:26,2026-01-27T19:38:26+01:00,STATION,"Gambetta",4,4,8,0.5,43.607106,3.870693
2026-01-27,19:38:26,2026-01-27T19:38:26+01:00,STATION,"Port Marianne",14,2,16,0.875,43.60032,3.89851
2026-01-27,19:38:26,2026-01-27T19:38:26+01:00,STATION,"Les Arceaux",3,5,8,0.375,43.612659,3.867734
2026-01-27,19:38:26,2026-01-27T19:38:26+01:00,STATION,"Cité Mion",3,4,8,0.5,43.601143,3.884373
2026-01-27,19:38:26,2026-01-27T19:38:26+01:00,STATION,"Nouveau Saint-Roch",2,6,8,0.25,43.599817,3.875757
2026-01-27,19:38:26,2026-01-27T19:38:26+01:00,STATION,"Renouvier",1,6,8,0.25,43.603553,3.867884
2026-01-27,19:38:26,2026-01-27T19:38:26+01:00,STATION,"Odysseum",0,8,8,0.0,43.603727,3.918979
2026-01-27,19:38:26,2026-01-27T19:38:26+01:00,STATION,"Saint-Denis",0,8,8,0.0,43.605021,3.875065
2026-01-27,19:38:26,2026-01-27T19:38:26+01:00,STATION,"Richter",5,11,16,0.3125,43.603424,3.899263
2026-01-27,19:38:26,2026-01-27T19:38:26+01:00,STATION,"Charles Flahault",5,3,8,0.625,43.622038,3.86672
2026-01-27,19:38:26,2026-01-27T19:38:26+01:00,STATION,"Voltaire",5,3,8,0.625,43.603767,3.888659
2026-01-27,19:38:26,2026-01-27T19:38:26+01:00,STATION,"Prés d Arènes",4,4,8,0.5,43.59048,3.884611
2026-01-27,19:38:26,2026-01-27T19:38:26+01:00,STATION,"Garcia Lorca",5,3,8,0.625,43.590757,3.890616
2026-01-27,19:38:26,2026-01-27T19:38:26+01:00,STATION,"Vert Bois",5,11,16,0.3125,43.63543,3.871179
2026-01-27,19:38:26,2026-01-27T19:38:26+01:00,STATION,"Malbosc",2,6,8,0.25,43.633679,3.832861
2026-01-27,19:38:26,2026-01-27T19:38:26+01:00,STATION,"Occitanie",2,30,32,0.0625,43.635689,3.849597
2026-01-27,19:38:26,2026-01-27T19:38:26+01:00,STATION,"FacdesSciences",11,13,24,0.4583333333333333,43.631318,3.861299
2026-01-27,19:38:26,2026-01-27T19:38:26+01:00,STATION,"Fac de Lettres",2,10,12,0.16666666666666666,43.630437,3.869539
2026-01-27,19:38:26,2026-01-27T19:38:26+01:00,STATION,"Aiguelongue",4,3,8,0.625,43.626163,3.882492
2026-01-27,19:38:26,2026-01-27T19:38:26+01:00,STATION,"Jeu de Mail des Abbés",4,4,8,0.5,43.619701,3.883831
2026-01-27,19:38:26,2026-01-27T19:38:26+01:00,STATION,"Euromédecine",2,6,8,0.25,43.639119,3.828199
2026-01-27,19:38:26,2026-01-27T19:38:26+01:00,STATION,"Marie Caizergues",3,5,8,0.375,43.619871,3.873812
2026-01-27,19:38:26,2026-01-27T19:38:26+01:00,STATION,"Sabines",0,8,8,0.0,43.584211,3.860031
2026-01-27,19:38:26,2026-01-27T19:38:26+01:00,STATION,"Celleneuve",5,3,8,0.625,43.61467,3.832624
2026-01-27,19:38:26,2026-01-27T19:38:26+01:00,STATION,"Jardin de la Lironde",4,4,8,0.5,43.60585,3.911576
2026-01-27,19:38:26,2026-01-27T19:38:26+01:00,STATION,"Père Soulas",5,3,8,0.625,43.621983,3.855603
2026-01-27,19:38:26,2026-01-27T19:38:26+01:00,STATION,"Place Viala",0,7,8,0.125,43.616812,3.855075
2026-01-27,19:38:26,2026-01-27T19:38:26+01:00,STATION,"Hôtel du Département",3,5,8,0.375,43.621682,3.83477
2026-01-27,19:38:26,2026-01-27T19:38:26+01:00,STATION,"Tonnelles",1,7,8,0.125,43.615155,3.839466
2026-01-27,19:38:26,2026-01-27T19:38:26+01:00,STATION,"Parvis Jules Ferry - Gare Saint-Roch",6,2,8,0.75,43.603889,3.879362
2026-01-27,19:38:26,2026-01-27T19:38:26+01:00,STATION,"Pont de Lattes - Gare Saint-Roch",6,6,12,0.5,43.606036,3.882393
2026-01-27,19:38:26,2026-01-27T19:38:26+01:00,STATION,"Deux Ponts - Gare Saint-Roch",0,8,8,0.0,43.604319,3.880916
2026-01-27,19:38:26,2026-01-27T19:38:26+01:00,STATION,"Providence - Ovalie",1,7,8,0.125,43.588239,3.853421
2026-01-27,19:38:26,2026-01-27T19:38:26+01:00,STATION,"Pérols Etang de l Or",41,27,68,0.6029411764705882,43.558351,3.963412
2026-01-27,19:38:26,2026-01-27T19:38:26+01:00,STATION,"Albert 1er - Cathédrale",4,7,12,0.4166666666666667,43.614005,3.873218
2026-01-27,19:38:26,2026-01-27T19:38:26+01:00,STATION,"Saint-Guilhem - Courreau",3,5,8,0.375,43.608996,3.872752
2026-01-27,19:38:26,2026-01-27T19:38:26+01:00,STATION,"Sud De France",4,2,8,0.75,43.59562,3.9235
2026-01-27,19:38:26,2026-01-27T19:38:26+01:00,STATION,"Comedie Baudin",0,8,8,0.0,43.608717,3.880787
2026-01-27,19:38:26,2026-01-27T19:38:26+01:00,STATION,"Jean de Beins",7,9,16,0.4375,43.609857,3.883884
2026-01-27,20:26:40,2026-01-27T20:26:40+01:00,STATION,"Rue Jules Ferry - Gare Saint-Roch",7,5,12,0.5833333333333334,43.605366,3.881346
2026-01-27,20:26:40,2026-01-27T20:26:40+01:00,STATION,"Comédie",12,8,20,0.6,43.608148,3.878778
2026-01-27,20:26:40,2026-01-27T20:26:40+01:00,STATION,"Hôtel de Ville",3,12,16,0.25,43.599088,3.894866
2026-01-27,20:26:40,2026-01-27T20:26:40+01:00,STATION,"Corum",12,0,12,1.0,43.613989,3.8816
2026-01-27,20:26:40,2026-01-27T20:26:40+01:00,STATION,"Place Albert 1er - St Charles",16,11,27,0.5925925925925926,43.616768,3.873375
2026-01-27,20:26:40,2026-01-27T20:26:40+01:00,STATION,"Foch",1,3,8,0.625,43.610989,3.873345
2026-01-27,20:26:40,2026-01-27T20:26:40+01:00,STATION,"Halles Castellane",0,12,12,0.0,43.609935,3.877208
2026-01-27,20:26:40,2026-01-27T20:26:40+01:00,STATION,"Observatoire",3,4,8,0.5,43.606301,3.87724
2026-01-27,20:26:40,2026-01-27T20:26:40+01:00,STATION,"Rondelet",8,8,16,0.5,43.603038,3.875796
2026-01-27,20:26:40,2026-01-27T20:26:40+01:00,STATION,"Plan Cabanes",4,8,12,0.3333333333333333,43.608491,3.868389
2026-01-27,20:26:40,2026-01-27T20:26:40+01:00,STATION,"Boutonnet",8,4,12,0.6666666666666666,43.622629,3.868375
2026-01-27,20:26:40,2026-01-27T20:26:40+01:00,STATION,"Emile Combes",3,5,8,0.375,43.616742,3.87998
2026-01-27,20:26:40,2026-01-27T20:26:40+01:00,STATION,"Beaux-Arts",10,6,16,0.625,43.616698,3.884981
2026-01-27,20:26:40,2026-01-27T20:26:40+01:00,STATION,"Les Aubes",4,4,8,0.5,43.618692,3.893844
2026-01-27,20:26:40,2026-01-27T20:26:40+01:00,STATION,"Antigone centre",4,8,12,0.3333333333333333,43.607942,3.890634
2026-01-27,20:26:40,2026-01-27T20:26:40+01:00,STATION,"Médiathèque Emile Zola",7,9,16,0.4375,43.608218,3.89314
2026-01-27,20:26:40,2026-01-27T20:26:40+01:00,STATION,"Nombre d Or",6,10,16,0.375,43.607859,3.886644
2026-01-27,20:26:40,2026-01-27T20:26:40+01:00,STATION,"Louis Blanc",9,7,16,0.5625,43.614642,3.877648
2026-01-27,20:26:40,2026-01-27T20:26:40+01:00,STATION,"Gambetta",4,4,8,0.5,43.607106,3.870693
2026-01-27,20:26:40,2026-01-27T20:26:40+01:00,STATION,"Port Marianne",14,2,16,0.875,43.60032,3.89851
2026-01-27,20:26:40,2026-01-27T20:26:40+01:00,STATION,"Les Arceaux",3,5,8,0.375,43.612659,3.867734
2026-01-27,20:26:40,2026-01-27T20:26:40+01:00,STATION,"Cité Mion",3,4,8,0.5,43.601143,3.884373
2026-01-27,20:26:40,2026-01-27T20:26:40+01:00,STATION,"Nouveau Saint-Roch",2,6,8,0.25,43.599817,3.875757
2026-01-27,20:26:40,2026-01-27T20:26:40+01:00,STATION,"Renouvier",1,6,8,0.25,43.603553,3.867884
2026-01-27,20:26:40,2026-01-27T20:26:40+01:00,STATION,"Odysseum",0,8,8,0.0,43.603727,3.918979
2026-01-27,20:26:40,2026-01-27T20:26:40+01:00,STATION,"Saint-Denis",0,8,8,0.0,43.605021,3.875065
2026-01-27,20:26:40,2026-01-27T20:26:40+01:00,STATION,"Richter",5,11,16,0.3125,43.603424,3.899263
2026-01-27,20:26:40,2026-01-27T20:26:40+01:00,STATION,"Charles Flahault",5,3,8,0.625,43.622038,3.86672
2026-01-27,20:26:40,2026-01-27T20:26:40+01:00,STATION,"Voltaire",5,3,8,0.625,43.603767,3.888659
2026-01-27,20:26:40,2026-01-27T20:26:40+01:00,STATION,"Prés d Arènes",3,5,8,0.375,43.59048,3.884611
2026-01-27,20:26:40,2026-01-27T20:26:40+01:00,STATION,"Garcia Lorca",6,2,8,0.75,43.590757,3.890616
2026-01-27,20:26:40,2026-01-27T20:26:40+01:00,STATION,"Vert Bois",5,11,16,0.3125,43.63543,3.871179
2026-01-27,20:26:40,2026-01-27T20:26:40+01:00,STATION,"Malbosc",2,6,8,0.25,43.633679,3.832861
2026-01-27,20:26:40,2026-01-27T20:26:40+01:00,STATION,"Occitanie",1,31,32,0.03125,43.635689,3.849597
2026-01-27,20:26:40,2026-01-27T20:26:40+01:00,STATION,"FacdesSciences",11,13,24,0.4583333333333333,43.631318,3.861299
2026-01-27,20:26:40,2026-01-27T20:26:40+01:00,STATION,"Fac de Lettres",2,10,12,0.16666666666666666,43.630437,3.869539
2026-01-27,20:26:40,2026-01-27T20:26:40+01:00,STATION,"Aiguelongue",4,3,8,0.625,43.626163,3.882492
2026-01-27,20:26:40,2026-01-27T20:26:40+01:00,STATION,"Jeu de Mail des Abbés",4,4,8,0.5,43.619701,3.883831
2026-01-27,20:26:40,2026-01-27T20:26:40+01:00,STATION,"Euromédecine",2,6,8,0.25,43.639119,3.828199
2026-01-27,20:26:40,2026-01-27T20:26:40+01:00,STATION,"Marie Caizergues",3,5,8,0.375,43.619871,3.873812
2026-01-27,20:26:40,2026-01-27T20:26:40+01:00,STATION,"Sabines",0,8,8,0.0,43.584211,3.860031
2026-01-27,20:26:40,2026-01-27T20:26:40+01:00,STATION,"Celleneuve",5,3,8,0.625,43.61467,3.832624
2026-01-27,20:26:40,2026-01-27T20:26:40+01:00,STATION,"Jardin de la Lironde",4,4,8,0.5,43.60585,3.911576
2026-01-27,20:26:40,2026-01-27T20:26:40+01:00,STATION,"Père Soulas",5,3,8,0.625,43.621983,3.855603
2026-01-27,20:26:40,2026-01-27T20:26:40+01:00,STATION,"Place Viala",1,6,8,0.25,43.616812,3.855075
2026-01-27,20:26:40,2026-01-27T20:26:40+01:00,STATION,"Hôtel du Département",3,5,8,0.375,43.621682,3.83477
2026-01-27,20:26:40,2026-01-27T20:26:40+01:00,STATION,"Tonnelles",1,7,8,0.125,43.615155,3.839466
2026-01-27,20:26:40,2026-01-27T20:26:40+01:00,STATION,"Parvis Jules Ferry - Gare Saint-Roch",6,2,8,0.75,43.603889,3.879362
2026-01-27,20:26:40,2026-01-27T20:26:40+01:00,STATION,"Pont de Lattes - Gare Saint-Roch",6,6,12,0.5,43.606036,3.882393
2026-01-27,20:26:40,2026-01-27T20:26:40+01:00,STATION,"Deux Ponts - Gare Saint-Roch",0,8,8,0.0,43.604319,3.880916
2026-01-27,20:26:40,2026-01-27T20:26:40+01:00,STATION,"Providence - Ovalie",1,7,8,0.125,43.588239,3.853421
2026-01-27,20:26:40,2026-01-27T20:26:40+01:00,STATION,"Pérols Etang de l Or",41,27,68,0.6029411764705882,43.558351,3.963412
2026-01-27,20:26:40,2026-01-27T20:26:40+01:00,STATION,"Albert 1er - Cathédrale",4,7,12,0.4166666666666667,43.614005,3.873218
2026-01-27,20:26:40,2026-01-27T20:26:40+01:00,STATION,"Saint-Guilhem - Courreau",3,5,8,0.375,43.608996,3.872752
2026-01-27,20:26:40,2026-01-27T20:26:40+01:00,STATION,"Sud De France",4,2,8,0.75,43.59562,3.9235
2026-01-27,20:26:40,2026-01-27T20:26:40+01:00,STATION,"Comedie Baudin",0,8,8,0.0,43.608717,3.880787
2026-01-27,20:26:40,2026-01-27T20:26:40+01:00,STATION,"Jean de Beins",7,9,16,0.4375,43.609857,3.883884
2026-01-27,20:48:56,2026-01-27T20:48:56+01:00,STATION,"Rue Jules Ferry - Gare Saint-Roch",7,5,12,0.5833333333333334,43.605366,3.881346
2026-01-27,20:48:56,2026-01-27T20:48:56+01:00,STATION,"Comédie",12,8,20,0.6,43.608148,3.878778
2026-01-27,20:48:56,2026-01-27T20:48:56+01:00,STATION,"Hôtel de Ville",3,12,16,0.25,43.599088,3.894866
2026-01-27,20:48:56,2026-01-27T20:48:56+01:00,STATION,"Corum",11,1,12,0.9166666666666666,43.613989,3.8816
2026-01-27,20:48:56,2026-01-27T20:48:56+01:00,STATION,"Place Albert 1er - St Charles",16,11,27,0.5925925925925926,43.616768,3.873375
2026-01-27,20:48:56,2026-01-27T20:48:56+01:00,STATION,"Foch",1,3,8,0.625,43.610989,3.873345
2026-01-27,20:48:56,2026-01-27T20:48:56+01:00,STATION,"Halles Castellane",0,12,12,0.0,43.609935,3.877208
2026-01-27,20:48:56,2026-01-27T20:48:56+01:00,STATION,"Observatoire",3,4,8,0.5,43.606301,3.87724
2026-01-27,20:48:56,2026-01-27T20:48:56+01:00,STATION,"Rondelet",8,8,16,0.5,43.603038,3.875796
2026-01-27,20:48:56,2026-01-27T20:48:56+01:00,STATION,"Plan Cabanes",4,8,12,0.3333333333333333,43.608491,3.868389
2026-01-27,20:48:56,2026-01-27T20:48:56+01:00,STATION,"Boutonnet",7,5,12,0.5833333333333334,43.622629,3.868375
2026-01-27,20:48:56,2026-01-27T20:48:56+01:00,STATION,"Emile Combes",3,5,8,0.375,43.616742,3.87998
2026-01-27,20:48:56,2026-01-27T20:48:56+01:00,STATION,"Beaux-Arts",10,6,16,0.625,43.616698,3.884981
2026-01-27,20:48:56,2026-01-27T20:48:56+01:00,STATION,"Les Aubes",4,4,8,0.5,43.618692,3.893844
2026-01-27,20:48:56,2026-01-27T20:48:56+01:00,STATION,"Antigone centre",5,7,12,0.4166666666666667,43.607942,3.890634
2026-01-27,20:48:56,2026-01-27T20:48:56+01:00,STATION,"Médiathèque Emile Zola",7,9,16,0.4375,43.608218,3.89314
2026-01-27,20:48:56,2026-01-27T20:48:56+01:00,STATION,"Nombre d Or",6,10,16,0.375,43.607859,3.886644
2026-01-27,20:48:56,2026-01-27T20:48:56+01:00,STATION,"Louis Blanc",9,7,16,0.5625,43.614642,3.877648
2026-01-27,20:48:56,2026-01-27T20:48:56+01:00,STATION,"Gambetta",4,4,8,0.5,43.607106,3.870693
2026-01-27,20:48:56,2026-01-27T20:48:56+01:00,STATION,"Port Marianne",14,2,16,0.875,43.60032,3.89851
2026-01-27,20:48:56,2026-01-27T20:48:56+01:00,STATION,"Les Arceaux",3,5,8,0.375,43.612659,3.867734
2026-01-27,20:48:56,2026-01-27T20:48:56+01:00,STATION,"Cité Mion",3,4,8,0.5,43.601143,3.884373
2026-01-27,20:48:56,2026-01-27T20:48:56+01:00,STATION,"Nouveau Saint-Roch",2,6,8,0.25,43.599817,3.875757
2026-01-27,20:48:56,2026-01-27T20:48:56+01:00,STATION,"Renouvier",1,6,8,0.25,43.603553,3.867884
2026-01-27,20:48:56,2026-01-27T20:48:56+01:00,STATION,"Odysseum",0,8,8,0.0,43.603727,3.918979
2026-01-27,20:48:56,2026-01-27T20:48:56+01:00,STATION,"Saint-Denis",0,8,8,0.0,43.605021,3.875065
2026-01-27,20:48:56,2026-01-27T20:48:56+01:00,STATION,"Richter",5,11,16,0.3125,43.603424,3.899263
2026-01-27,20:48:56,2026-01-27T20:48:56+01:00,STATION,"Charles Flahault",5,3,8,0.625,43.622038,3.86672
2026-01-27,20:48:56,2026-01-27T20:48:56+01:00,STATION,"Voltaire",5,3,8,0.625,43.603767,3.888659
2026-01-27,20:48:56,2026-01-27T20:48:56+01:00,STATION,"Prés d Arènes",3,5,8,0.375,43.59048,3.884611
2026-01-27,20:48:56,2026-01-27T20:48:56+01:00,STATION,"Garcia Lorca",6,2,8,0.75,43.590757,3.890616
2026-01-27,20:48:56,2026-01-27T20:48:56+01:00,STATION,"Vert Bois",5,11,16,0.3125,43.63543,3.871179
2026-01-27,20:48:56,2026-01-27T20:48:56+01:00,STATION,"Malbosc",2,6,8,0.25,43.633679,3.832861
2026-01-27,20:48:56,2026-01-27T20:48:56+01:00,STATION,"Occitanie",1,31,32,0.03125,43.635689,3.849597
2026-01-27,20:48:56,2026-01-27T20:48:56+01:00,STATION,"FacdesSciences",11,13,24,0.4583333333333333,43.631318,3.861299
2026-01-27,20:48:56,2026-01-27T20:48:56+01:00,STATION,"Fac de Lettres",2,10,12,0.16666666666666666,43.630437,3.869539
2026-01-27,20:48:56,2026-01-27T20:48:56+01:00,STATION,"Aiguelongue",4,3,8,0.625,43.626163,3.882492
2026-01-27,20:48:56,2026-01-27T20:48:56+01:00,STATION,"Jeu de Mail des Abbés",4,4,8,0.5,43.619701,3.883831
2026-01-27,20:48:56,2026-01-27T20:48:56+01:00,STATION,"Euromédecine",2,6,8,0.25,43.639119,3.828199
2026-01-27,20:48:56,2026-01-27T20:48:56+01:00,STATION,"Marie Caizergues",3,5,8,0.375,43.619871,3.873812
2026-01-27,20:48:56,2026-01-27T20:48:56+01:00,STATION,"Sabines",0,8,8,0.0,43.584211,3.860031
2026-01-27,20:48:56,2026-01-27T20:48:56+01:00,STATION,"Celleneuve",5,3,8,0.625,43.61467,3.832624
2026-01-27,20:48:56,2026-01-27T20:48:56+01:00,STATION,"Jardin de la Lironde",4,4,8,0.5,43.60585,3.911576
2026-01-27,20:48:56,2026-01-27T20:48:56+01:00,STATION,"Père Soulas",5,3,8,0.625,43.621983,3.855603
2026-01-27,20:48:56,2026-01-27T20:48:56+01:00,STATION,"Place Viala",1,6,8,0.25,43.616812,3.855075
2026-01-27,20:48:56,2026-01-27T20:48:56+01:00,STATION,"Hôtel du Département",3,5,8,0.375,43.621682,3.83477
2026-01-27,20:48:56,2026-01-27T20:48:56+01:00,STATION,"Tonnelles",1,7,8,0.125,43.615155,3.839466
2026-01-27,20:48:56,2026-01-27T20:48:56+01:00,STATION,"Parvis Jules Ferry - Gare Saint-Roch",6,2,8,0.75,43.603889,3.879362
2026-01-27,20:48:56,2026-01-27T20:48:56+01:00,STATION,"Pont de Lattes - Gare Saint-Roch",6,6,12,0.5,43.606036,3.882393
2026-01-27,20:48:56,2026-01-27T20:48:56+01:00,STATION,"Deux Ponts - Gare Saint-Roch",0,8,8,0.0,43.604319,3.880916
2026-01-27,20:48:56,2026-01-27T20:48:56+01:00,STATION,"Providence - Ovalie",1,7,8,0.125,43.588239,3.853421
2026-01-27,20:48:56,2026-01-27T20:48:56+01:00,STATION,"Pérols Etang de l Or",41,27,68,0.6029411764705882,43.558351,3.963412
2026-01-27,20:48:56,2026-01-27T20:48:56+01:00,STATION,"Albert 1er - Cathédrale",4,7,12,0.4166666666666667,43.614005,3.873218
2026-01-27,20:48:56,2026-01-27T20:48:56+01:00,STATION,"Saint-Guilhem - Courreau",3,5,8,0.375,43.608996,3.872752
2026-01-27,20:48:56,2026-01-27T20:48:56+01:00,STATION,"Sud De France",4,2,8,0.75,43.59562,3.9235
2026-01-27,20:48:56,2026-01-27T20:48:56+01:00,STATION,"Comedie Baudin",0,8,8,0.0,43.608717,3.880787
2026-01-27,20:48:56,2026-01-27T20:48:56+01:00,STATION,"Jean de Beins",7,9,16,0.4375,43.609857,3.883884
