date,heure,timestamp,type,nom,velos_dispo,bornes_libres,total,taux_occupation_places,lat,lon
2026-03-15,00:29:06,2026-03-15T00:29:06+01:00,STATION,"Rue Jules Ferry - Gare Saint-Roch",2,10,12,0.16666666666666666,43.605366,3.881346
2026-03-15,00:29:06,2026-03-15T00:29:06+01:00,STATION,"Comédie",17,3,20,0.85,43.608148,3.878778
2026-03-15,00:29:06,2026-03-15T00:29:06+01:00,STATION,"Hôtel de Ville",6,9,16,0.4375,43.599088,3.894866
2026-03-15,00:29:06,2026-03-15T00:29:06+01:00,STATION,"Corum",3,9,12,0.25,43.613989,3.8816
2026-03-15,00:29:06,2026-03-15T00:29:06+01:00,STATION,"Place Albert 1er - St Charles",16,11,27,0.5925925925925926,43.616768,3.873375
2026-03-15,00:29:06,2026-03-15T00:29:06+01:00,STATION,"Foch",8,0,8,1.0,43.610989,3.873345
2026-03-15,00:29:06,2026-03-15T00:29:06+01:00,STATION,"Halles Castellane",0,12,12,0.0,43.609935,3.877208
2026-03-15,00:29:06,2026-03-15T00:29:06+01:00,STATION,"Observatoire",3,4,8,0.5,43.606301,3.87724
2026-03-15,00:29:06,2026-03-15T00:29:06+01:00,STATION,"Rondelet",3,13,16,0.1875,43.603038,3.875796
2026-03-15,00:29:06,2026-03-15T00:29:06+01:00,STATION,"Plan Cabanes",0,12,12,0.0,43.608491,3.868389
2026-03-15,00:29:06,2026-03-15T00:29:06+01:00,STATION,"Boutonnet",3,9,12,0.25,43.622629,3.868375
2026-03-15,00:29:06,2026-03-15T00:29:06+01:00,STATION,"Emile Combes",4,4,8,0.5,43.616742,3.87998
2026-03-15,00:29:06,2026-03-15T00:29:06+01:00,STATION,"Beaux-Arts",13,3,16,0.8125,43.616698,3.884981
2026-03-15,00:29:06,2026-03-15T00:29:06+01:00,STATION,"Les Aubes",3,5,8,0.375,43.618692,3.893844
2026-03-15,00:29:06,2026-03-15T00:29:06+01:00,STATION,"Antigone centre",6,6,12,0.5,43.607942,3.890634
2026-03-15,00:29:06,2026-03-15T00:29:06+01:00,STATION,"Médiathèque Emile Zola",9,7,16,0.5625,43.608218,3.89314
2026-03-15,00:29:06,2026-03-15T00:29:06+01:00,STATION,"Nombre d Or",5,11,16,0.3125,43.607859,3.886644
2026-03-15,00:29:06,2026-03-15T00:29:06+01:00,STATION,"Louis Blanc",6,10,16,0.375,43.614642,3.877648
2026-03-15,00:29:06,2026-03-15T00:29:06+01:00,STATION,"Gambetta",7,1,8,0.875,43.607106,3.870693
2026-03-15,00:29:06,2026-03-15T00:29:06+01:00,STATION,"Port Marianne",14,2,16,0.875,43.60032,3.89851
2026-03-15,00:29:06,2026-03-15T00:29:06+01:00,STATION,"Les Arceaux",1,7,8,0.125,43.612659,3.867734
2026-03-15,00:29:06,2026-03-15T00:29:06+01:00,STATION,"Cité Mion",1,5,8,0.375,43.601143,3.884373
2026-03-15,00:29:06,2026-03-15T00:29:06+01:00,STATION,"Nouveau Saint-Roch",2,6,8,0.25,43.599817,3.875757
2026-03-15,00:29:06,2026-03-15T00:29:06+01:00,STATION,"Renouvier",0,7,8,0.125,43.603553,3.867884
2026-03-15,00:29:06,2026-03-15T00:29:06+01:00,STATION,"Odysseum",0,8,8,0.0,43.603727,3.918979
2026-03-15,00:29:06,2026-03-15T00:29:06+01:00,STATION,"Saint-Denis",0,8,8,0.0,43.605021,3.875065
2026-03-15,00:29:06,2026-03-15T00:29:06+01:00,STATION,"Richter",12,4,16,0.75,43.603424,3.899263
2026-03-15,00:29:06,2026-03-15T00:29:06+01:00,STATION,"Charles Flahault",0,8,8,0.0,43.622038,3.86672
2026-03-15,00:29:06,2026-03-15T00:29:06+01:00,STATION,"Voltaire",7,1,8,0.875,43.603767,3.888659
2026-03-15,00:29:06,2026-03-15T00:29:06+01:00,STATION,"Prés d Arènes",4,4,8,0.5,43.59048,3.884611
2026-03-15,00:29:06,2026-03-15T00:29:06+01:00,STATION,"Garcia Lorca",6,2,8,0.75,43.590757,3.890616
2026-03-15,00:29:06,2026-03-15T00:29:06+01:00,STATION,"Vert Bois",2,14,16,0.125,43.63543,3.871179
2026-03-15,00:29:06,2026-03-15T00:29:06+01:00,STATION,"Malbosc",2,6,8,0.25,43.633679,3.832861
2026-03-15,00:29:06,2026-03-15T00:29:06+01:00,STATION,"Occitanie",12,20,32,0.375,43.635689,3.849597
2026-03-15,00:29:06,2026-03-15T00:29:06+01:00,STATION,"Fac des Sciences",12,12,24,0.5,43.631318,3.861299
2026-03-15,00:29:06,2026-03-15T00:29:06+01:00,STATION,"Fac de Lettres",8,4,12,0.6666666666666666,43.630437,3.869539
2026-03-15,00:29:06,2026-03-15T00:29:06+01:00,STATION,"Aiguelongue",8,0,8,1.0,43.626163,3.882492
2026-03-15,00:29:06,2026-03-15T00:29:06+01:00,STATION,"Jeu de Mail des Abbés",8,0,8,1.0,43.619701,3.883831
2026-03-15,00:29:06,2026-03-15T00:29:06+01:00,STATION,"Euromédecine",2,6,8,0.25,43.639119,3.828199
2026-03-15,00:29:06,2026-03-15T00:29:06+01:00,STATION,"Marie Caizergues",3,5,8,0.375,43.619871,3.873812
2026-03-15,00:29:06,2026-03-15T00:29:06+01:00,STATION,"Sabines",6,2,8,0.75,43.584211,3.860031
2026-03-15,00:29:06,2026-03-15T00:29:06+01:00,STATION,"Celleneuve",2,6,8,0.25,43.61467,3.832624
2026-03-15,00:29:06,2026-03-15T00:29:06+01:00,STATION,"Jardin de la Lironde",5,3,8,0.625,43.60585,3.911576
2026-03-15,00:29:06,2026-03-15T00:29:06+01:00,STATION,"Père Soulas",3,5,8,0.375,43.621983,3.855603
2026-03-15,00:29:06,2026-03-15T00:29:06+01:00,STATION,"Place Viala",2,6,8,0.25,43.616812,3.855075
2026-03-15,00:29:06,2026-03-15T00:29:06+01:00,STATION,"Hôtel du Département",3,5,8,0.375,43.621682,3.83477
2026-03-15,00:29:06,2026-03-15T00:29:06+01:00,STATION,"Tonnelles",2,6,8,0.25,43.615155,3.839466
2026-03-15,00:29:06,2026-03-15T00:29:06+01:00,STATION,"Parvis Jules Ferry - Gare Saint-Roch",6,2,8,0.75,43.603889,3.879362
2026-03-15,00:29:06,2026-03-15T00:29:06+01:00,STATION,"Pont de Lattes - Gare Saint-Roch",5,7,12,0.4166666666666667,43.606036,3.882393
2026-03-15,00:29:06,2026-03-15T00:29:06+01:00,STATION,"Deux Ponts - Gare Saint-Roch",0,8,8,0.0,43.604319,3.880916
2026-03-15,00:29:06,2026-03-15T00:29:06+01:00,STATION,"Providence - Ovalie",2,6,8,0.25,43.588239,3.853421
2026-03-15,00:29:06,2026-03-15T00:29:06+01:00,STATION,"Pérols Etang de l Or",39,29,68,0.5735294117647058,43.558351,3.963412
2026-03-15,00:29:06,2026-03-15T00:29:06+01:00,STATION,"Albert 1er - Cathédrale",5,7,12,0.4166666666666667,43.614005,3.873218
2026-03-15,00:29:06,2026-03-15T00:29:06+01:00,STATION,"Saint-Guilhem - Courreau",4,4,8,0.5,43.608996,3.872752
2026-03-15,00:29:06,2026-03-15T00:29:06+01:00,STATION,"Sud De France",8,0,8,1.0,43.59562,3.9235
2026-03-15,00:29:06,2026-03-15T00:29:06+01:00,STATION,"Comedie Baudin",0,8,8,0.0,43.608717,3.880787
2026-03-15,00:29:06,2026-03-15T00:29:06+01:00,STATION,"Jean de Beins",4,12,16,0.25,43.609857,3.883884
2026-03-15,00:54:18,2026-03-15T00:54:18+01:00,STATION,"Rue Jules Ferry - Gare Saint-Roch",2,10,12,0.16666666666666666,43.605366,3.881346
2026-03-15,00:54:18,2026-03-15T00:54:18+01:00,STATION,"Comédie",17,3,20,0.85,43.608148,3.878778
2026-03-15,00:54:18,2026-03-15T00:54:18+01:00,STATION,"Hôtel de Ville",6,9,16,0.4375,43.599088,3.894866
2026-03-15,00:54:18,2026-03-15T00:54:18+01:00,STATION,"Corum",3,9,12,0.25,43.613989,3.8816
2026-03-15,00:54:18,2026-03-15T00:54:18+01:00,STATION,"Place Albert 1er - St Charles",17,10,27,0.6296296296296297,43.616768,3.873375
2026-03-15,00:54:18,2026-03-15T00:54:18+01:00,STATION,"Foch",8,0,8,1.0,43.610989,3.873345
2026-03-15,00:54:18,2026-03-15T00:54:18+01:00,STATION,"Halles Castellane",0,12,12,0.0,43.609935,3.877208
2026-03-15,00:54:18,2026-03-15T00:54:18+01:00,STATION,"Observatoire",3,4,8,0.5,43.606301,3.87724
2026-03-15,00:54:18,2026-03-15T00:54:18+01:00,STATION,"Rondelet",3,13,16,0.1875,43.603038,3.875796
2026-03-15,00:54:18,2026-03-15T00:54:18+01:00,STATION,"Plan Cabanes",0,12,12,0.0,43.608491,3.868389
2026-03-15,00:54:18,2026-03-15T00:54:18+01:00,STATION,"Boutonnet",3,9,12,0.25,43.622629,3.868375
2026-03-15,00:54:18,2026-03-15T00:54:18+01:00,STATION,"Emile Combes",4,4,8,0.5,43.616742,3.87998
2026-03-15,00:54:18,2026-03-15T00:54:18+01:00,STATION,"Beaux-Arts",13,3,16,0.8125,43.616698,3.884981
2026-03-15,00:54:18,2026-03-15T00:54:18+01:00,STATION,"Les Aubes",3,5,8,0.375,43.618692,3.893844
2026-03-15,00:54:18,2026-03-15T00:54:18+01:00,STATION,"Antigone centre",6,6,12,0.5,43.607942,3.890634
2026-03-15,00:54:18,2026-03-15T00:54:18+01:00,STATION,"Médiathèque Emile Zola",9,7,16,0.5625,43.608218,3.89314
2026-03-15,00:54:18,2026-03-15T00:54:18+01:00,STATION,"Nombre d Or",5,11,16,0.3125,43.607859,3.886644
2026-03-15,00:54:18,2026-03-15T00:54:18+01:00,STATION,"Louis Blanc",5,11,16,0.3125,43.614642,3.877648
2026-03-15,00:54:18,2026-03-15T00:54:18+01:00,STATION,"Gambetta",7,1,8,0.875,43.607106,3.870693
2026-03-15,00:54:18,2026-03-15T00:54:18+01:00,STATION,"Port Marianne",14,2,16,0.875,43.60032,3.89851
2026-03-15,00:54:18,2026-03-15T00:54:18+01:00,STATION,"Les Arceaux",1,7,8,0.125,43.612659,3.867734
2026-03-15,00:54:18,2026-03-15T00:54:18+01:00,STATION,"Cité Mion",1,5,8,0.375,43.601143,3.884373
2026-03-15,00:54:18,2026-03-15T00:54:18+01:00,STATION,"Nouveau Saint-Roch",2,6,8,0.25,43.599817,3.875757
2026-03-15,00:54:18,2026-03-15T00:54:18+01:00,STATION,"Renouvier",0,7,8,0.125,43.603553,3.867884
2026-03-15,00:54:18,2026-03-15T00:54:18+01:00,STATION,"Odysseum",0,8,8,0.0,43.603727,3.918979
2026-03-15,00:54:18,2026-03-15T00:54:18+01:00,STATION,"Saint-Denis",0,8,8,0.0,43.605021,3.875065
2026-03-15,00:54:18,2026-03-15T00:54:18+01:00,STATION,"Richter",12,4,16,0.75,43.603424,3.899263
2026-03-15,00:54:18,2026-03-15T00:54:18+01:00,STATION,"Charles Flahault",0,8,8,0.0,43.622038,3.86672
2026-03-15,00:54:18,2026-03-15T00:54:18+01:00,STATION,"Voltaire",7,1,8,0.875,43.603767,3.888659
2026-03-15,00:54:18,2026-03-15T00:54:18+01:00,STATION,"Prés d Arènes",4,4,8,0.5,43.59048,3.884611
2026-03-15,00:54:18,2026-03-15T00:54:18+01:00,STATION,"Garcia Lorca",6,2,8,0.75,43.590757,3.890616
2026-03-15,00:54:18,2026-03-15T00:54:18+01:00,STATION,"Vert Bois",2,14,16,0.125,43.63543,3.871179
2026-03-15,00:54:18,2026-03-15T00:54:18+01:00,STATION,"Malbosc",2,6,8,0.25,43.633679,3.832861
2026-03-15,00:54:18,2026-03-15T00:54:18+01:00,STATION,"Occitanie",12,20,32,0.375,43.635689,3.849597
2026-03-15,00:54:18,2026-03-15T00:54:18+01:00,STATION,"Fac des Sciences",12,12,24,0.5,43.631318,3.861299
2026-03-15,00:54:18,2026-03-15T00:54:18+01:00,STATION,"Fac de Lettres",7,5,12,0.5833333333333334,43.630437,3.869539
2026-03-15,00:54:18,2026-03-15T00:54:18+01:00,STATION,"Aiguelongue",8,0,8,1.0,43.626163,3.882492
2026-03-15,00:54:18,2026-03-15T00:54:18+01:00,STATION,"Jeu de Mail des Abbés",8,0,8,1.0,43.619701,3.883831
2026-03-15,00:54:18,2026-03-15T00:54:18+01:00,STATION,"Euromédecine",2,6,8,0.25,43.639119,3.828199
2026-03-15,00:54:18,2026-03-15T00:54:18+01:00,STATION,"Marie Caizergues",3,5,8,0.375,43.619871,3.873812
2026-03-15,00:54:18,2026-03-15T00:54:18+01:00,STATION,"Sabines",6,2,8,0.75,43.584211,3.860031
2026-03-15,00:54:18,2026-03-15T00:54:18+01:00,STATION,"Celleneuve",2,6,8,0.25,43.61467,3.832624
2026-03-15,00:54:18,2026-03-15T00:54:18+01:00,STATION,"Jardin de la Lironde",5,3,8,0.625,43.60585,3.911576
2026-03-15,00:54:18,2026-03-15T00:54:18+01:00,STATION,"Père Soulas",3,5,8,0.375,43.621983,3.855603
2026-03-15,00:54:18,2026-03-15T00:54:18+01:00,STATION,"Place Viala",2,6,8,0.25,43.616812,3.855075
2026-03-15,00:54:18,2026-03-15T00:54:18+01:00,STATION,"Hôtel du Département",3,5,8,0.375,43.621682,3.83477
2026-03-15,00:54:18,2026-03-15T00:54:18+01:00,STATION,"Tonnelles",2,6,8,0.25,43.615155,3.839466
2026-03-15,00:54:18,2026-03-15T00:54:18+01:00,STATION,"Parvis Jules Ferry - Gare Saint-Roch",6,2,8,0.75,43.603889,3.879362
2026-03-15,00:54:18,2026-03-15T00:54:18+01:00,STATION,"Pont de Lattes - Gare Saint-Roch",5,7,12,0.4166666666666667,43.606036,3.882393
2026-03-15,00:54:18,2026-03-15T00:54:18+01:00,STATION,"Deux Ponts - Gare Saint-Roch",0,8,8,0.0,43.604319,3.880916
2026-03-15,00:54:18,2026-03-15T00:54:18+01:00,STATION,"Providence - Ovalie",2,6,8,0.25,43.588239,3.853421
2026-03-15,00:54:18,2026-03-15T00:54:18+01:00,STATION,"Pérols Etang de l Or",39,29,68,0.5735294117647058,43.558351,3.963412
2026-03-15,00:54:18,2026-03-15T00:54:18+01:00,STATION,"Albert 1er - Cathédrale",5,7,12,0.4166666666666667,43.614005,3.873218
2026-03-15,00:54:18,2026-03-15T00:54:18+01:00,STATION,"Saint-Guilhem - Courreau",4,4,8,0.5,43.608996,3.872752
2026-03-15,00:54:18,2026-03-15T00:54:18+01:00,STATION,"Sud De France",8,0,8,1.0,43.59562,3.9235
2026-03-15,00:54:18,2026-03-15T00:54:18+01:00,STATION,"Comedie Baudin",0,8,8,0.0,43.608717,3.880787
2026-03-15,00:54:18,2026-03-15T00:54:18+01:00,STATION,"Jean de Beins",4,12,16,0.25,43.609857,3.883884
2026-03-15,03:27:15,2026-03-15T03:27:15+01:00,STATION,"Rue Jules Ferry - Gare Saint-Roch",1,11,12,0.08333333333333333,43.605366,3.881346
2026-03-15,03:27:15,2026-03-15T03:27:15+01:00,STATION,"Comédie",16,4,20,0.8,43.608148,3.878778
2026-03-15,03:27:15,2026-03-15T03:27:15+01:00,STATION,"Hôtel de Ville",6,9,16,0.4375,43.599088,3.894866
2026-03-15,03:27:15,2026-03-15T03:27:15+01:00,STATION,"Corum",3,9,12,0.25,43.613989,3.8816
2026-03-15,03:27:15,2026-03-15T03:27:15+01:00,STATION,"Place Albert 1er - St Charles",15,12,27,0.5555555555555556,43.616768,3.873375
2026-03-15,03:27:15,2026-03-15T03:27:15+01:00,STATION,"Foch",8,0,8,1.0,43.610989,3.873345
2026-03-15,03:27:15,2026-03-15T03:27:15+01:00,STATION,"Halles Castellane",0,12,12,0.0,43.609935,3.877208
2026-03-15,03:27:15,2026-03-15T03:27:15+01:00,STATION,"Observatoire",2,5,8,0.375,43.606301,3.87724
2026-03-15,03:27:15,2026-03-15T03:27:15+01:00,STATION,"Rondelet",1,15,16,0.0625,43.603038,3.875796
2026-03-15,03:27:15,2026-03-15T03:27:15+01:00,STATION,"Plan Cabanes",0,12,12,0.0,43.608491,3.868389
2026-03-15,03:27:15,2026-03-15T03:27:15+01:00,STATION,"Boutonnet",3,9,12,0.25,43.622629,3.868375
2026-03-15,03:27:15,2026-03-15T03:27:15+01:00,STATION,"Emile Combes",4,4,8,0.5,43.616742,3.87998
2026-03-15,03:27:15,2026-03-15T03:27:15+01:00,STATION,"Beaux-Arts",15,1,16,0.9375,43.616698,3.884981
2026-03-15,03:27:15,2026-03-15T03:27:15+01:00,STATION,"Les Aubes",3,5,8,0.375,43.618692,3.893844
2026-03-15,03:27:15,2026-03-15T03:27:15+01:00,STATION,"Antigone centre",6,6,12,0.5,43.607942,3.890634
2026-03-15,03:27:15,2026-03-15T03:27:15+01:00,STATION,"Médiathèque Emile Zola",9,7,16,0.5625,43.608218,3.89314
2026-03-15,03:27:15,2026-03-15T03:27:15+01:00,STATION,"Nombre d Or",5,11,16,0.3125,43.607859,3.886644
2026-03-15,03:27:15,2026-03-15T03:27:15+01:00,STATION,"Louis Blanc",6,10,16,0.375,43.614642,3.877648
2026-03-15,03:27:15,2026-03-15T03:27:15+01:00,STATION,"Gambetta",7,1,8,0.875,43.607106,3.870693
2026-03-15,03:27:15,2026-03-15T03:27:15+01:00,STATION,"Port Marianne",14,2,16,0.875,43.60032,3.89851
2026-03-15,03:27:15,2026-03-15T03:27:15+01:00,STATION,"Les Arceaux",1,7,8,0.125,43.612659,3.867734
2026-03-15,03:27:15,2026-03-15T03:27:15+01:00,STATION,"Cité Mion",1,5,8,0.375,43.601143,3.884373
2026-03-15,03:27:15,2026-03-15T03:27:15+01:00,STATION,"Nouveau Saint-Roch",2,6,8,0.25,43.599817,3.875757
2026-03-15,03:27:15,2026-03-15T03:27:15+01:00,STATION,"Renouvier",0,7,8,0.125,43.603553,3.867884
2026-03-15,03:27:15,2026-03-15T03:27:15+01:00,STATION,"Odysseum",0,8,8,0.0,43.603727,3.918979
2026-03-15,03:27:15,2026-03-15T03:27:15+01:00,STATION,"Saint-Denis",0,8,8,0.0,43.605021,3.875065
2026-03-15,03:27:15,2026-03-15T03:27:15+01:00,STATION,"Richter",14,2,16,0.875,43.603424,3.899263
2026-03-15,03:27:15,2026-03-15T03:27:15+01:00,STATION,"Charles Flahault",0,8,8,0.0,43.622038,3.86672
2026-03-15,03:27:15,2026-03-15T03:27:15+01:00,STATION,"Voltaire",7,1,8,0.875,43.603767,3.888659
2026-03-15,03:27:15,2026-03-15T03:27:15+01:00,STATION,"Prés d Arènes",4,4,8,0.5,43.59048,3.884611
2026-03-15,03:27:15,2026-03-15T03:27:15+01:00,STATION,"Garcia Lorca",6,2,8,0.75,43.590757,3.890616
2026-03-15,03:27:15,2026-03-15T03:27:15+01:00,STATION,"Vert Bois",2,14,16,0.125,43.63543,3.871179
2026-03-15,03:27:15,2026-03-15T03:27:15+01:00,STATION,"Malbosc",2,6,8,0.25,43.633679,3.832861
2026-03-15,03:27:15,2026-03-15T03:27:15+01:00,STATION,"Occitanie",12,20,32,0.375,43.635689,3.849597
2026-03-15,03:27:15,2026-03-15T03:27:15+01:00,STATION,"Fac des Sciences",12,12,24,0.5,43.631318,3.861299
2026-03-15,03:27:15,2026-03-15T03:27:15+01:00,STATION,"Fac de Lettres",6,6,12,0.5,43.630437,3.869539
2026-03-15,03:27:15,2026-03-15T03:27:15+01:00,STATION,"Aiguelongue",8,0,8,1.0,43.626163,3.882492
2026-03-15,03:27:15,2026-03-15T03:27:15+01:00,STATION,"Jeu de Mail des Abbés",8,0,8,1.0,43.619701,3.883831
2026-03-15,03:27:15,2026-03-15T03:27:15+01:00,STATION,"Euromédecine",2,6,8,0.25,43.639119,3.828199
2026-03-15,03:27:15,2026-03-15T03:27:15+01:00,STATION,"Marie Caizergues",5,3,8,0.625,43.619871,3.873812
2026-03-15,03:27:15,2026-03-15T03:27:15+01:00,STATION,"Sabines",6,2,8,0.75,43.584211,3.860031
2026-03-15,03:27:15,2026-03-15T03:27:15+01:00,STATION,"Celleneuve",2,6,8,0.25,43.61467,3.832624
2026-03-15,03:27:15,2026-03-15T03:27:15+01:00,STATION,"Jardin de la Lironde",5,3,8,0.625,43.60585,3.911576
2026-03-15,03:27:15,2026-03-15T03:27:15+01:00,STATION,"Père Soulas",3,5,8,0.375,43.621983,3.855603
2026-03-15,03:27:15,2026-03-15T03:27:15+01:00,STATION,"Place Viala",3,5,8,0.375,43.616812,3.855075
2026-03-15,03:27:15,2026-03-15T03:27:15+01:00,STATION,"Hôtel du Département",3,5,8,0.375,43.621682,3.83477
2026-03-15,03:27:15,2026-03-15T03:27:15+01:00,STATION,"Tonnelles",1,7,8,0.125,43.615155,3.839466
2026-03-15,03:27:15,2026-03-15T03:27:15+01:00,STATION,"Parvis Jules Ferry - Gare Saint-Roch",6,2,8,0.75,43.603889,3.879362
2026-03-15,03:27:15,2026-03-15T03:27:15+01:00,STATION,"Pont de Lattes - Gare Saint-Roch",4,8,12,0.3333333333333333,43.606036,3.882393
2026-03-15,03:27:15,2026-03-15T03:27:15+01:00,STATION,"Deux Ponts - Gare Saint-Roch",0,8,8,0.0,43.604319,3.880916
2026-03-15,03:27:15,2026-03-15T03:27:15+01:00,STATION,"Providence - Ovalie",2,6,8,0.25,43.588239,3.853421
2026-03-15,03:27:15,2026-03-15T03:27:15+01:00,STATION,"Pérols Etang de l Or",39,29,68,0.5735294117647058,43.558351,3.963412
2026-03-15,03:27:15,2026-03-15T03:27:15+01:00,STATION,"Albert 1er - Cathédrale",5,7,12,0.4166666666666667,43.614005,3.873218
2026-03-15,03:27:15,2026-03-15T03:27:15+01:00,STATION,"Saint-Guilhem - Courreau",3,5,8,0.375,43.608996,3.872752
2026-03-15,03:27:15,2026-03-15T03:27:15+01:00,STATION,"Sud De France",8,0,8,1.0,43.59562,3.9235
2026-03-15,03:27:15,2026-03-15T03:27:15+01:00,STATION,"Comedie Baudin",0,8,8,0.0,43.608717,3.880787
2026-03-15,03:27:15,2026-03-15T03:27:15+01:00,STATION,"Jean de Beins",4,12,16,0.25,43.609857,3.883884
2026-03-15,05:45:45,2026-03-15T05:45:45+01:00,STATION,"Rue Jules Ferry - Gare Saint-Roch",1,11,12,0.08333333333333333,43.605366,3.881346
2026-03-15,05:45:45,2026-03-15T05:45:45+01:00,STATION,"Comédie",7,13,20,0.35,43.608148,3.878778
2026-03-15,05:45:45,2026-03-15T05:45:45+01:00,STATION,"Hôtel de Ville",6,9,16,0.4375,43.599088,3.894866
2026-03-15,05:45:45,2026-03-15T05:45:45+01:00,STATION,"Corum",4,8,12,0.3333333333333333,43.613989,3.8816
2026-03-15,05:45:45,2026-03-15T05:45:45+01:00,STATION,"Place Albert 1er - St Charles",15,12,27,0.5555555555555556,43.616768,3.873375
2026-03-15,05:45:45,2026-03-15T05:45:45+01:00,STATION,"Foch",8,0,8,1.0,43.610989,3.873345
2026-03-15,05:45:45,2026-03-15T05:45:45+01:00,STATION,"Halles Castellane",0,12,12,0.0,43.609935,3.877208
2026-03-15,05:45:45,2026-03-15T05:45:45+01:00,STATION,"Observatoire",2,5,8,0.375,43.606301,3.87724
2026-03-15,05:45:45,2026-03-15T05:45:45+01:00,STATION,"Rondelet",1,15,16,0.0625,43.603038,3.875796
2026-03-15,05:45:45,2026-03-15T05:45:45+01:00,STATION,"Plan Cabanes",1,11,12,0.08333333333333333,43.608491,3.868389
2026-03-15,05:45:45,2026-03-15T05:45:45+01:00,STATION,"Boutonnet",1,11,12,0.08333333333333333,43.622629,3.868375
2026-03-15,05:45:45,2026-03-15T05:45:45+01:00,STATION,"Emile Combes",4,4,8,0.5,43.616742,3.87998
2026-03-15,05:45:45,2026-03-15T05:45:45+01:00,STATION,"Beaux-Arts",16,0,16,1.0,43.616698,3.884981
2026-03-15,05:45:45,2026-03-15T05:45:45+01:00,STATION,"Les Aubes",3,5,8,0.375,43.618692,3.893844
2026-03-15,05:45:45,2026-03-15T05:45:45+01:00,STATION,"Antigone centre",6,6,12,0.5,43.607942,3.890634
2026-03-15,05:45:45,2026-03-15T05:45:45+01:00,STATION,"Médiathèque Emile Zola",11,5,16,0.6875,43.608218,3.89314
2026-03-15,05:45:45,2026-03-15T05:45:45+01:00,STATION,"Nombre d Or",5,11,16,0.3125,43.607859,3.886644
2026-03-15,05:45:45,2026-03-15T05:45:45+01:00,STATION,"Louis Blanc",7,9,16,0.4375,43.614642,3.877648
2026-03-15,05:45:45,2026-03-15T05:45:45+01:00,STATION,"Gambetta",6,2,8,0.75,43.607106,3.870693
2026-03-15,05:45:45,2026-03-15T05:45:45+01:00,STATION,"Port Marianne",14,2,16,0.875,43.60032,3.89851
2026-03-15,05:45:45,2026-03-15T05:45:45+01:00,STATION,"Les Arceaux",1,7,8,0.125,43.612659,3.867734
2026-03-15,05:45:45,2026-03-15T05:45:45+01:00,STATION,"Cité Mion",1,5,8,0.375,43.601143,3.884373
2026-03-15,05:45:45,2026-03-15T05:45:45+01:00,STATION,"Nouveau Saint-Roch",2,6,8,0.25,43.599817,3.875757
2026-03-15,05:45:45,2026-03-15T05:45:45+01:00,STATION,"Renouvier",0,7,8,0.125,43.603553,3.867884
2026-03-15,05:45:45,2026-03-15T05:45:45+01:00,STATION,"Odysseum",0,8,8,0.0,43.603727,3.918979
2026-03-15,05:45:45,2026-03-15T05:45:45+01:00,STATION,"Saint-Denis",0,8,8,0.0,43.605021,3.875065
2026-03-15,05:45:45,2026-03-15T05:45:45+01:00,STATION,"Richter",14,2,16,0.875,43.603424,3.899263
2026-03-15,05:45:45,2026-03-15T05:45:45+01:00,STATION,"Charles Flahault",0,8,8,0.0,43.622038,3.86672
2026-03-15,05:45:45,2026-03-15T05:45:45+01:00,STATION,"Voltaire",8,0,8,1.0,43.603767,3.888659
2026-03-15,05:45:45,2026-03-15T05:45:45+01:00,STATION,"Prés d Arènes",4,4,8,0.5,43.59048,3.884611
2026-03-15,05:45:45,2026-03-15T05:45:45+01:00,STATION,"Garcia Lorca",6,2,8,0.75,43.590757,3.890616
2026-03-15,05:45:45,2026-03-15T05:45:45+01:00,STATION,"Vert Bois",2,14,16,0.125,43.63543,3.871179
2026-03-15,05:45:45,2026-03-15T05:45:45+01:00,STATION,"Malbosc",2,6,8,0.25,43.633679,3.832861
2026-03-15,05:45:45,2026-03-15T05:45:45+01:00,STATION,"Occitanie",14,18,32,0.4375,43.635689,3.849597
2026-03-15,05:45:45,2026-03-15T05:45:45+01:00,STATION,"Fac des Sciences",9,15,24,0.375,43.631318,3.861299
2026-03-15,05:45:45,2026-03-15T05:45:45+01:00,STATION,"Fac de Lettres",6,6,12,0.5,43.630437,3.869539
2026-03-15,05:45:45,2026-03-15T05:45:45+01:00,STATION,"Aiguelongue",8,0,8,1.0,43.626163,3.882492
2026-03-15,05:45:45,2026-03-15T05:45:45+01:00,STATION,"Jeu de Mail des Abbés",8,0,8,1.0,43.619701,3.883831
2026-03-15,05:45:45,2026-03-15T05:45:45+01:00,STATION,"Euromédecine",2,6,8,0.25,43.639119,3.828199
2026-03-15,05:45:45,2026-03-15T05:45:45+01:00,STATION,"Marie Caizergues",5,3,8,0.625,43.619871,3.873812
2026-03-15,05:45:45,2026-03-15T05:45:45+01:00,STATION,"Sabines",7,1,8,0.875,43.584211,3.860031
2026-03-15,05:45:45,2026-03-15T05:45:45+01:00,STATION,"Celleneuve",3,5,8,0.375,43.61467,3.832624
2026-03-15,05:45:45,2026-03-15T05:45:45+01:00,STATION,"Jardin de la Lironde",5,3,8,0.625,43.60585,3.911576
2026-03-15,05:45:45,2026-03-15T05:45:45+01:00,STATION,"Père Soulas",6,2,8,0.75,43.621983,3.855603
2026-03-15,05:45:45,2026-03-15T05:45:45+01:00,STATION,"Place Viala",3,5,8,0.375,43.616812,3.855075
2026-03-15,05:45:45,2026-03-15T05:45:45+01:00,STATION,"Hôtel du Département",3,5,8,0.375,43.621682,3.83477
2026-03-15,05:45:45,2026-03-15T05:45:45+01:00,STATION,"Tonnelles",1,7,8,0.125,43.615155,3.839466
2026-03-15,05:45:45,2026-03-15T05:45:45+01:00,STATION,"Parvis Jules Ferry - Gare Saint-Roch",5,3,8,0.625,43.603889,3.879362
2026-03-15,05:45:45,2026-03-15T05:45:45+01:00,STATION,"Pont de Lattes - Gare Saint-Roch",4,8,12,0.3333333333333333,43.606036,3.882393
2026-03-15,05:45:45,2026-03-15T05:45:45+01:00,STATION,"Deux Ponts - Gare Saint-Roch",0,8,8,0.0,43.604319,3.880916
2026-03-15,05:45:45,2026-03-15T05:45:45+01:00,STATION,"Providence - Ovalie",2,6,8,0.25,43.588239,3.853421
2026-03-15,05:45:45,2026-03-15T05:45:45+01:00,STATION,"Pérols Etang de l Or",40,28,68,0.5882352941176471,43.558351,3.963412
2026-03-15,05:45:45,2026-03-15T05:45:45+01:00,STATION,"Albert 1er - Cathédrale",7,5,12,0.5833333333333334,43.614005,3.873218
2026-03-15,05:45:45,2026-03-15T05:45:45+01:00,STATION,"Saint-Guilhem - Courreau",3,5,8,0.375,43.608996,3.872752
2026-03-15,05:45:45,2026-03-15T05:45:45+01:00,STATION,"Sud De France",8,0,8,1.0,43.59562,3.9235
2026-03-15,05:45:45,2026-03-15T05:45:45+01:00,STATION,"Comedie Baudin",0,8,8,0.0,43.608717,3.880787
2026-03-15,05:45:45,2026-03-15T05:45:45+01:00,STATION,"Jean de Beins",4,12,16,0.25,43.609857,3.883884
2026-03-15,07:07:30,2026-03-15T07:07:30+01:00,STATION,"Rue Jules Ferry - Gare Saint-Roch",1,11,12,0.08333333333333333,43.605366,3.881346
2026-03-15,07:07:30,2026-03-15T07:07:30+01:00,STATION,"Comédie",7,13,20,0.35,43.608148,3.878778
2026-03-15,07:07:30,2026-03-15T07:07:30+01:00,STATION,"Hôtel de Ville",6,9,16,0.4375,43.599088,3.894866
2026-03-15,07:07:30,2026-03-15T07:07:30+01:00,STATION,"Corum",4,8,12,0.3333333333333333,43.613989,3.8816
2026-03-15,07:07:30,2026-03-15T07:07:30+01:00,STATION,"Place Albert 1er - St Charles",15,12,27,0.5555555555555556,43.616768,3.873375
2026-03-15,07:07:30,2026-03-15T07:07:30+01:00,STATION,"Foch",8,0,8,1.0,43.610989,3.873345
2026-03-15,07:07:30,2026-03-15T07:07:30+01:00,STATION,"Halles Castellane",0,12,12,0.0,43.609935,3.877208
2026-03-15,07:07:30,2026-03-15T07:07:30+01:00,STATION,"Observatoire",2,5,8,0.375,43.606301,3.87724
2026-03-15,07:07:30,2026-03-15T07:07:30+01:00,STATION,"Rondelet",1,15,16,0.0625,43.603038,3.875796
2026-03-15,07:07:30,2026-03-15T07:07:30+01:00,STATION,"Plan Cabanes",1,11,12,0.08333333333333333,43.608491,3.868389
2026-03-15,07:07:30,2026-03-15T07:07:30+01:00,STATION,"Boutonnet",1,11,12,0.08333333333333333,43.622629,3.868375
2026-03-15,07:07:30,2026-03-15T07:07:30+01:00,STATION,"Emile Combes",4,4,8,0.5,43.616742,3.87998
2026-03-15,07:07:30,2026-03-15T07:07:30+01:00,STATION,"Beaux-Arts",16,0,16,1.0,43.616698,3.884981
2026-03-15,07:07:30,2026-03-15T07:07:30+01:00,STATION,"Les Aubes",3,5,8,0.375,43.618692,3.893844
2026-03-15,07:07:30,2026-03-15T07:07:30+01:00,STATION,"Antigone centre",6,6,12,0.5,43.607942,3.890634
2026-03-15,07:07:30,2026-03-15T07:07:30+01:00,STATION,"Médiathèque Emile Zola",11,5,16,0.6875,43.608218,3.89314
2026-03-15,07:07:30,2026-03-15T07:07:30+01:00,STATION,"Nombre d Or",5,11,16,0.3125,43.607859,3.886644
2026-03-15,07:07:30,2026-03-15T07:07:30+01:00,STATION,"Louis Blanc",7,9,16,0.4375,43.614642,3.877648
2026-03-15,07:07:30,2026-03-15T07:07:30+01:00,STATION,"Gambetta",6,2,8,0.75,43.607106,3.870693
2026-03-15,07:07:30,2026-03-15T07:07:30+01:00,STATION,"Port Marianne",14,2,16,0.875,43.60032,3.89851
2026-03-15,07:07:30,2026-03-15T07:07:30+01:00,STATION,"Les Arceaux",1,7,8,0.125,43.612659,3.867734
2026-03-15,07:07:30,2026-03-15T07:07:30+01:00,STATION,"Cité Mion",1,5,8,0.375,43.601143,3.884373
2026-03-15,07:07:30,2026-03-15T07:07:30+01:00,STATION,"Nouveau Saint-Roch",2,6,8,0.25,43.599817,3.875757
2026-03-15,07:07:30,2026-03-15T07:07:30+01:00,STATION,"Renouvier",0,7,8,0.125,43.603553,3.867884
2026-03-15,07:07:30,2026-03-15T07:07:30+01:00,STATION,"Odysseum",0,8,8,0.0,43.603727,3.918979
2026-03-15,07:07:30,2026-03-15T07:07:30+01:00,STATION,"Saint-Denis",0,8,8,0.0,43.605021,3.875065
2026-03-15,07:07:30,2026-03-15T07:07:30+01:00,STATION,"Richter",14,2,16,0.875,43.603424,3.899263
2026-03-15,07:07:30,2026-03-15T07:07:30+01:00,STATION,"Charles Flahault",0,8,8,0.0,43.622038,3.86672
2026-03-15,07:07:30,2026-03-15T07:07:30+01:00,STATION,"Voltaire",8,0,8,1.0,43.603767,3.888659
2026-03-15,07:07:30,2026-03-15T07:07:30+01:00,STATION,"Prés d Arènes",4,4,8,0.5,43.59048,3.884611
2026-03-15,07:07:30,2026-03-15T07:07:30+01:00,STATION,"Garcia Lorca",6,2,8,0.75,43.590757,3.890616
2026-03-15,07:07:30,2026-03-15T07:07:30+01:00,STATION,"Vert Bois",2,14,16,0.125,43.63543,3.871179
2026-03-15,07:07:30,2026-03-15T07:07:30+01:00,STATION,"Malbosc",2,6,8,0.25,43.633679,3.832861
2026-03-15,07:07:30,2026-03-15T07:07:30+01:00,STATION,"Occitanie",14,18,32,0.4375,43.635689,3.849597
2026-03-15,07:07:30,2026-03-15T07:07:30+01:00,STATION,"Fac des Sciences",9,15,24,0.375,43.631318,3.861299
2026-03-15,07:07:30,2026-03-15T07:07:30+01:00,STATION,"Fac de Lettres",6,6,12,0.5,43.630437,3.869539
2026-03-15,07:07:30,2026-03-15T07:07:30+01:00,STATION,"Aiguelongue",8,0,8,1.0,43.626163,3.882492
2026-03-15,07:07:30,2026-03-15T07:07:30+01:00,STATION,"Jeu de Mail des Abbés",8,0,8,1.0,43.619701,3.883831
2026-03-15,07:07:30,2026-03-15T07:07:30+01:00,STATION,"Euromédecine",2,6,8,0.25,43.639119,3.828199
2026-03-15,07:07:30,2026-03-15T07:07:30+01:00,STATION,"Marie Caizergues",5,3,8,0.625,43.619871,3.873812
2026-03-15,07:07:30,2026-03-15T07:07:30+01:00,STATION,"Sabines",7,1,8,0.875,43.584211,3.860031
2026-03-15,07:07:30,2026-03-15T07:07:30+01:00,STATION,"Celleneuve",3,5,8,0.375,43.61467,3.832624
2026-03-15,07:07:30,2026-03-15T07:07:30+01:00,STATION,"Jardin de la Lironde",5,3,8,0.625,43.60585,3.911576
2026-03-15,07:07:30,2026-03-15T07:07:30+01:00,STATION,"Père Soulas",6,2,8,0.75,43.621983,3.855603
2026-03-15,07:07:30,2026-03-15T07:07:30+01:00,STATION,"Place Viala",3,5,8,0.375,43.616812,3.855075
2026-03-15,07:07:30,2026-03-15T07:07:30+01:00,STATION,"Hôtel du Département",3,5,8,0.375,43.621682,3.83477
2026-03-15,07:07:30,2026-03-15T07:07:30+01:00,STATION,"Tonnelles",1,7,8,0.125,43.615155,3.839466
2026-03-15,07:07:30,2026-03-15T07:07:30+01:00,STATION,"Parvis Jules Ferry - Gare Saint-Roch",5,3,8,0.625,43.603889,3.879362
2026-03-15,07:07:30,2026-03-15T07:07:30+01:00,STATION,"Pont de Lattes - Gare Saint-Roch",4,8,12,0.3333333333333333,43.606036,3.882393
2026-03-15,07:07:30,2026-03-15T07:07:30+01:00,STATION,"Deux Ponts - Gare Saint-Roch",0,8,8,0.0,43.604319,3.880916
2026-03-15,07:07:30,2026-03-15T07:07:30+01:00,STATION,"Providence - Ovalie",2,6,8,0.25,43.588239,3.853421
2026-03-15,07:07:30,2026-03-15T07:07:30+01:00,STATION,"Pérols Etang de l Or",41,27,68,0.6029411764705882,43.558351,3.963412
2026-03-15,07:07:30,2026-03-15T07:07:30+01:00,STATION,"Albert 1er - Cathédrale",7,5,12,0.5833333333333334,43.614005,3.873218
2026-03-15,07:07:30,2026-03-15T07:07:30+01:00,STATION,"Saint-Guilhem - Courreau",3,5,8,0.375,43.608996,3.872752
2026-03-15,07:07:30,2026-03-15T07:07:30+01:00,STATION,"Sud De France",8,0,8,1.0,43.59562,3.9235
2026-03-15,07:07:30,2026-03-15T07:07:30+01:00,STATION,"Comedie Baudin",0,8,8,0.0,43.608717,3.880787
2026-03-15,07:07:30,2026-03-15T07:07:30+01:00,STATION,"Jean de Beins",4,12,16,0.25,43.609857,3.883884
2026-03-15,08:29:28,2026-03-15T08:29:28+01:00,STATION,"Rue Jules Ferry - Gare Saint-Roch",1,11,12,0.08333333333333333,43.605366,3.881346
2026-03-15,08:29:28,2026-03-15T08:29:28+01:00,STATION,"Comédie",7,13,20,0.35,43.608148,3.878778
2026-03-15,08:29:28,2026-03-15T08:29:28+01:00,STATION,"Hôtel de Ville",6,9,16,0.4375,43.599088,3.894866
2026-03-15,08:29:28,2026-03-15T08:29:28+01:00,STATION,"Corum",4,8,12,0.3333333333333333,43.613989,3.8816
2026-03-15,08:29:28,2026-03-15T08:29:28+01:00,STATION,"Place Albert 1er - St Charles",15,12,27,0.5555555555555556,43.616768,3.873375
2026-03-15,08:29:28,2026-03-15T08:29:28+01:00,STATION,"Foch",8,0,8,1.0,43.610989,3.873345
2026-03-15,08:29:28,2026-03-15T08:29:28+01:00,STATION,"Halles Castellane",0,12,12,0.0,43.609935,3.877208
2026-03-15,08:29:28,2026-03-15T08:29:28+01:00,STATION,"Observatoire",2,5,8,0.375,43.606301,3.87724
2026-03-15,08:29:28,2026-03-15T08:29:28+01:00,STATION,"Rondelet",1,15,16,0.0625,43.603038,3.875796
2026-03-15,08:29:28,2026-03-15T08:29:28+01:00,STATION,"Plan Cabanes",1,11,12,0.08333333333333333,43.608491,3.868389
2026-03-15,08:29:28,2026-03-15T08:29:28+01:00,STATION,"Boutonnet",1,11,12,0.08333333333333333,43.622629,3.868375
2026-03-15,08:29:28,2026-03-15T08:29:28+01:00,STATION,"Emile Combes",4,4,8,0.5,43.616742,3.87998
2026-03-15,08:29:28,2026-03-15T08:29:28+01:00,STATION,"Beaux-Arts",16,0,16,1.0,43.616698,3.884981
2026-03-15,08:29:28,2026-03-15T08:29:28+01:00,STATION,"Les Aubes",3,5,8,0.375,43.618692,3.893844
2026-03-15,08:29:28,2026-03-15T08:29:28+01:00,STATION,"Antigone centre",6,6,12,0.5,43.607942,3.890634
2026-03-15,08:29:28,2026-03-15T08:29:28+01:00,STATION,"Médiathèque Emile Zola",9,7,16,0.5625,43.608218,3.89314
2026-03-15,08:29:28,2026-03-15T08:29:28+01:00,STATION,"Nombre d Or",5,11,16,0.3125,43.607859,3.886644
2026-03-15,08:29:28,2026-03-15T08:29:28+01:00,STATION,"Louis Blanc",7,9,16,0.4375,43.614642,3.877648
2026-03-15,08:29:28,2026-03-15T08:29:28+01:00,STATION,"Gambetta",6,2,8,0.75,43.607106,3.870693
2026-03-15,08:29:28,2026-03-15T08:29:28+01:00,STATION,"Port Marianne",14,2,16,0.875,43.60032,3.89851
2026-03-15,08:29:28,2026-03-15T08:29:28+01:00,STATION,"Les Arceaux",1,7,8,0.125,43.612659,3.867734
2026-03-15,08:29:28,2026-03-15T08:29:28+01:00,STATION,"Cité Mion",1,5,8,0.375,43.601143,3.884373
2026-03-15,08:29:28,2026-03-15T08:29:28+01:00,STATION,"Nouveau Saint-Roch",2,6,8,0.25,43.599817,3.875757
2026-03-15,08:29:28,2026-03-15T08:29:28+01:00,STATION,"Renouvier",0,7,8,0.125,43.603553,3.867884
2026-03-15,08:29:28,2026-03-15T08:29:28+01:00,STATION,"Odysseum",0,8,8,0.0,43.603727,3.918979
2026-03-15,08:29:28,2026-03-15T08:29:28+01:00,STATION,"Saint-Denis",0,8,8,0.0,43.605021,3.875065
2026-03-15,08:29:28,2026-03-15T08:29:28+01:00,STATION,"Richter",14,2,16,0.875,43.603424,3.899263
2026-03-15,08:29:28,2026-03-15T08:29:28+01:00,STATION,"Charles Flahault",0,8,8,0.0,43.622038,3.86672
2026-03-15,08:29:28,2026-03-15T08:29:28+01:00,STATION,"Voltaire",8,0,8,1.0,43.603767,3.888659
2026-03-15,08:29:28,2026-03-15T08:29:28+01:00,STATION,"Prés d Arènes",4,4,8,0.5,43.59048,3.884611
2026-03-15,08:29:28,2026-03-15T08:29:28+01:00,STATION,"Garcia Lorca",6,2,8,0.75,43.590757,3.890616
2026-03-15,08:29:28,2026-03-15T08:29:28+01:00,STATION,"Vert Bois",2,14,16,0.125,43.63543,3.871179
2026-03-15,08:29:28,2026-03-15T08:29:28+01:00,STATION,"Malbosc",2,6,8,0.25,43.633679,3.832861
2026-03-15,08:29:28,2026-03-15T08:29:28+01:00,STATION,"Occitanie",14,18,32,0.4375,43.635689,3.849597
2026-03-15,08:29:28,2026-03-15T08:29:28+01:00,STATION,"Fac des Sciences",9,15,24,0.375,43.631318,3.861299
2026-03-15,08:29:28,2026-03-15T08:29:28+01:00,STATION,"Fac de Lettres",6,6,12,0.5,43.630437,3.869539
2026-03-15,08:29:28,2026-03-15T08:29:28+01:00,STATION,"Aiguelongue",7,0,8,1.0,43.626163,3.882492
2026-03-15,08:29:28,2026-03-15T08:29:28+01:00,STATION,"Jeu de Mail des Abbés",8,0,8,1.0,43.619701,3.883831
2026-03-15,08:29:28,2026-03-15T08:29:28+01:00,STATION,"Euromédecine",2,6,8,0.25,43.639119,3.828199
2026-03-15,08:29:28,2026-03-15T08:29:28+01:00,STATION,"Marie Caizergues",5,3,8,0.625,43.619871,3.873812
2026-03-15,08:29:28,2026-03-15T08:29:28+01:00,STATION,"Sabines",7,1,8,0.875,43.584211,3.860031
2026-03-15,08:29:28,2026-03-15T08:29:28+01:00,STATION,"Celleneuve",3,5,8,0.375,43.61467,3.832624
2026-03-15,08:29:28,2026-03-15T08:29:28+01:00,STATION,"Jardin de la Lironde",5,3,8,0.625,43.60585,3.911576
2026-03-15,08:29:28,2026-03-15T08:29:28+01:00,STATION,"Père Soulas",6,2,8,0.75,43.621983,3.855603
2026-03-15,08:29:28,2026-03-15T08:29:28+01:00,STATION,"Place Viala",3,5,8,0.375,43.616812,3.855075
2026-03-15,08:29:28,2026-03-15T08:29:28+01:00,STATION,"Hôtel du Département",3,5,8,0.375,43.621682,3.83477
2026-03-15,08:29:28,2026-03-15T08:29:28+01:00,STATION,"Tonnelles",1,7,8,0.125,43.615155,3.839466
2026-03-15,08:29:28,2026-03-15T08:29:28+01:00,STATION,"Parvis Jules Ferry - Gare Saint-Roch",5,3,8,0.625,43.603889,3.879362
2026-03-15,08:29:28,2026-03-15T08:29:28+01:00,STATION,"Pont de Lattes - Gare Saint-Roch",4,8,12,0.3333333333333333,43.606036,3.882393
2026-03-15,08:29:28,2026-03-15T08:29:28+01:00,STATION,"Deux Ponts - Gare Saint-Roch",0,8,8,0.0,43.604319,3.880916
2026-03-15,08:29:28,2026-03-15T08:29:28+01:00,STATION,"Providence - Ovalie",2,6,8,0.25,43.588239,3.853421
2026-03-15,08:29:28,2026-03-15T08:29:28+01:00,STATION,"Pérols Etang de l Or",41,27,68,0.6029411764705882,43.558351,3.963412
2026-03-15,08:29:28,2026-03-15T08:29:28+01:00,STATION,"Albert 1er - Cathédrale",7,5,12,0.5833333333333334,43.614005,3.873218
2026-03-15,08:29:28,2026-03-15T08:29:28+01:00,STATION,"Saint-Guilhem - Courreau",3,5,8,0.375,43.608996,3.872752
2026-03-15,08:29:28,2026-03-15T08:29:28+01:00,STATION,"Sud De France",8,0,8,1.0,43.59562,3.9235
2026-03-15,08:29:28,2026-03-15T08:29:28+01:00,STATION,"Comedie Baudin",0,8,8,0.0,43.608717,3.880787
2026-03-15,08:29:28,2026-03-15T08:29:28+01:00,STATION,"Jean de Beins",4,12,16,0.25,43.609857,3.883884
2026-03-15,09:02:00,2026-03-15T09:02:00+01:00,STATION,"Rue Jules Ferry - Gare Saint-Roch",3,9,12,0.25,43.605366,3.881346
2026-03-15,09:02:00,2026-03-15T09:02:00+01:00,STATION,"Comédie",7,13,20,0.35,43.608148,3.878778
2026-03-15,09:02:00,2026-03-15T09:02:00+01:00,STATION,"Hôtel de Ville",7,8,16,0.5,43.599088,3.894866
2026-03-15,09:02:00,2026-03-15T09:02:00+01:00,STATION,"Corum",3,9,12,0.25,43.613989,3.8816
2026-03-15,09:02:00,2026-03-15T09:02:00+01:00,STATION,"Place Albert 1er - St Charles",15,12,27,0.5555555555555556,43.616768,3.873375
2026-03-15,09:02:00,2026-03-15T09:02:00+01:00,STATION,"Foch",8,0,8,1.0,43.610989,3.873345
2026-03-15,09:02:00,2026-03-15T09:02:00+01:00,STATION,"Halles Castellane",0,12,12,0.0,43.609935,3.877208
2026-03-15,09:02:00,2026-03-15T09:02:00+01:00,STATION,"Observatoire",2,5,8,0.375,43.606301,3.87724
2026-03-15,09:02:00,2026-03-15T09:02:00+01:00,STATION,"Rondelet",1,15,16,0.0625,43.603038,3.875796
2026-03-15,09:02:00,2026-03-15T09:02:00+01:00,STATION,"Plan Cabanes",1,11,12,0.08333333333333333,43.608491,3.868389
2026-03-15,09:02:00,2026-03-15T09:02:00+01:00,STATION,"Boutonnet",1,11,12,0.08333333333333333,43.622629,3.868375
2026-03-15,09:02:00,2026-03-15T09:02:00+01:00,STATION,"Emile Combes",4,4,8,0.5,43.616742,3.87998
2026-03-15,09:02:00,2026-03-15T09:02:00+01:00,STATION,"Beaux-Arts",16,0,16,1.0,43.616698,3.884981
2026-03-15,09:02:00,2026-03-15T09:02:00+01:00,STATION,"Les Aubes",3,5,8,0.375,43.618692,3.893844
2026-03-15,09:02:00,2026-03-15T09:02:00+01:00,STATION,"Antigone centre",6,6,12,0.5,43.607942,3.890634
2026-03-15,09:02:00,2026-03-15T09:02:00+01:00,STATION,"Médiathèque Emile Zola",10,6,16,0.625,43.608218,3.89314
2026-03-15,09:02:00,2026-03-15T09:02:00+01:00,STATION,"Nombre d Or",5,11,16,0.3125,43.607859,3.886644
2026-03-15,09:02:00,2026-03-15T09:02:00+01:00,STATION,"Louis Blanc",7,9,16,0.4375,43.614642,3.877648
2026-03-15,09:02:00,2026-03-15T09:02:00+01:00,STATION,"Gambetta",6,2,8,0.75,43.607106,3.870693
2026-03-15,09:02:00,2026-03-15T09:02:00+01:00,STATION,"Port Marianne",14,2,16,0.875,43.60032,3.89851
2026-03-15,09:02:00,2026-03-15T09:02:00+01:00,STATION,"Les Arceaux",1,7,8,0.125,43.612659,3.867734
2026-03-15,09:02:00,2026-03-15T09:02:00+01:00,STATION,"Cité Mion",1,5,8,0.375,43.601143,3.884373
2026-03-15,09:02:00,2026-03-15T09:02:00+01:00,STATION,"Nouveau Saint-Roch",2,6,8,0.25,43.599817,3.875757
2026-03-15,09:02:00,2026-03-15T09:02:00+01:00,STATION,"Renouvier",0,7,8,0.125,43.603553,3.867884
2026-03-15,09:02:00,2026-03-15T09:02:00+01:00,STATION,"Odysseum",0,8,8,0.0,43.603727,3.918979
2026-03-15,09:02:00,2026-03-15T09:02:00+01:00,STATION,"Saint-Denis",0,8,8,0.0,43.605021,3.875065
2026-03-15,09:02:00,2026-03-15T09:02:00+01:00,STATION,"Richter",14,2,16,0.875,43.603424,3.899263
2026-03-15,09:02:00,2026-03-15T09:02:00+01:00,STATION,"Charles Flahault",0,8,8,0.0,43.622038,3.86672
2026-03-15,09:02:00,2026-03-15T09:02:00+01:00,STATION,"Voltaire",8,0,8,1.0,43.603767,3.888659
2026-03-15,09:02:00,2026-03-15T09:02:00+01:00,STATION,"Prés d Arènes",4,4,8,0.5,43.59048,3.884611
2026-03-15,09:02:00,2026-03-15T09:02:00+01:00,STATION,"Garcia Lorca",6,2,8,0.75,43.590757,3.890616
2026-03-15,09:02:00,2026-03-15T09:02:00+01:00,STATION,"Vert Bois",2,14,16,0.125,43.63543,3.871179
2026-03-15,09:02:00,2026-03-15T09:02:00+01:00,STATION,"Malbosc",2,6,8,0.25,43.633679,3.832861
2026-03-15,09:02:00,2026-03-15T09:02:00+01:00,STATION,"Occitanie",14,18,32,0.4375,43.635689,3.849597
2026-03-15,09:02:00,2026-03-15T09:02:00+01:00,STATION,"Fac des Sciences",9,15,24,0.375,43.631318,3.861299
2026-03-15,09:02:00,2026-03-15T09:02:00+01:00,STATION,"Fac de Lettres",6,6,12,0.5,43.630437,3.869539
2026-03-15,09:02:00,2026-03-15T09:02:00+01:00,STATION,"Aiguelongue",7,0,8,1.0,43.626163,3.882492
2026-03-15,09:02:00,2026-03-15T09:02:00+01:00,STATION,"Jeu de Mail des Abbés",8,0,8,1.0,43.619701,3.883831
2026-03-15,09:02:00,2026-03-15T09:02:00+01:00,STATION,"Euromédecine",2,6,8,0.25,43.639119,3.828199
2026-03-15,09:02:00,2026-03-15T09:02:00+01:00,STATION,"Marie Caizergues",5,3,8,0.625,43.619871,3.873812
2026-03-15,09:02:00,2026-03-15T09:02:00+01:00,STATION,"Sabines",7,1,8,0.875,43.584211,3.860031
2026-03-15,09:02:00,2026-03-15T09:02:00+01:00,STATION,"Celleneuve",3,5,8,0.375,43.61467,3.832624
2026-03-15,09:02:00,2026-03-15T09:02:00+01:00,STATION,"Jardin de la Lironde",5,3,8,0.625,43.60585,3.911576
2026-03-15,09:02:00,2026-03-15T09:02:00+01:00,STATION,"Père Soulas",6,2,8,0.75,43.621983,3.855603
2026-03-15,09:02:00,2026-03-15T09:02:00+01:00,STATION,"Place Viala",3,5,8,0.375,43.616812,3.855075
2026-03-15,09:02:00,2026-03-15T09:02:00+01:00,STATION,"Hôtel du Département",3,5,8,0.375,43.621682,3.83477
2026-03-15,09:02:00,2026-03-15T09:02:00+01:00,STATION,"Tonnelles",1,7,8,0.125,43.615155,3.839466
2026-03-15,09:02:00,2026-03-15T09:02:00+01:00,STATION,"Parvis Jules Ferry - Gare Saint-Roch",5,3,8,0.625,43.603889,3.879362
2026-03-15,09:02:00,2026-03-15T09:02:00+01:00,STATION,"Pont de Lattes - Gare Saint-Roch",4,8,12,0.3333333333333333,43.606036,3.882393
2026-03-15,09:02:00,2026-03-15T09:02:00+01:00,STATION,"Deux Ponts - Gare Saint-Roch",0,8,8,0.0,43.604319,3.880916
2026-03-15,09:02:00,2026-03-15T09:02:00+01:00,STATION,"Providence - Ovalie",2,6,8,0.25,43.588239,3.853421
2026-03-15,09:02:00,2026-03-15T09:02:00+01:00,STATION,"Pérols Etang de l Or",41,27,68,0.6029411764705882,43.558351,3.963412
2026-03-15,09:02:00,2026-03-15T09:02:00+01:00,STATION,"Albert 1er - Cathédrale",7,5,12,0.5833333333333334,43.614005,3.873218
2026-03-15,09:02:00,2026-03-15T09:02:00+01:00,STATION,"Saint-Guilhem - Courreau",3,5,8,0.375,43.608996,3.872752
2026-03-15,09:02:00,2026-03-15T09:02:00+01:00,STATION,"Sud De France",8,0,8,1.0,43.59562,3.9235
2026-03-15,09:02:00,2026-03-15T09:02:00+01:00,STATION,"Comedie Baudin",0,8,8,0.0,43.608717,3.880787
2026-03-15,09:02:00,2026-03-15T09:02:00+01:00,STATION,"Jean de Beins",4,12,16,0.25,43.609857,3.883884
2026-03-15,09:52:05,2026-03-15T09:52:05+01:00,STATION,"Rue Jules Ferry - Gare Saint-Roch",3,9,12,0.25,43.605366,3.881346
2026-03-15,09:52:05,2026-03-15T09:52:05+01:00,STATION,"Comédie",6,14,20,0.3,43.608148,3.878778
2026-03-15,09:52:05,2026-03-15T09:52:05+01:00,STATION,"Hôtel de Ville",7,8,16,0.5,43.599088,3.894866
2026-03-15,09:52:05,2026-03-15T09:52:05+01:00,STATION,"Corum",3,9,12,0.25,43.613989,3.8816
2026-03-15,09:52:05,2026-03-15T09:52:05+01:00,STATION,"Place Albert 1er - St Charles",15,12,27,0.5555555555555556,43.616768,3.873375
2026-03-15,09:52:05,2026-03-15T09:52:05+01:00,STATION,"Foch",8,0,8,1.0,43.610989,3.873345
2026-03-15,09:52:05,2026-03-15T09:52:05+01:00,STATION,"Halles Castellane",0,12,12,0.0,43.609935,3.877208
2026-03-15,09:52:05,2026-03-15T09:52:05+01:00,STATION,"Observatoire",2,5,8,0.375,43.606301,3.87724
2026-03-15,09:52:05,2026-03-15T09:52:05+01:00,STATION,"Rondelet",1,15,16,0.0625,43.603038,3.875796
2026-03-15,09:52:05,2026-03-15T09:52:05+01:00,STATION,"Plan Cabanes",1,11,12,0.08333333333333333,43.608491,3.868389
2026-03-15,09:52:05,2026-03-15T09:52:05+01:00,STATION,"Boutonnet",1,11,12,0.08333333333333333,43.622629,3.868375
2026-03-15,09:52:05,2026-03-15T09:52:05+01:00,STATION,"Emile Combes",4,4,8,0.5,43.616742,3.87998
2026-03-15,09:52:05,2026-03-15T09:52:05+01:00,STATION,"Beaux-Arts",16,0,16,1.0,43.616698,3.884981
2026-03-15,09:52:05,2026-03-15T09:52:05+01:00,STATION,"Les Aubes",3,5,8,0.375,43.618692,3.893844
2026-03-15,09:52:05,2026-03-15T09:52:05+01:00,STATION,"Antigone centre",6,6,12,0.5,43.607942,3.890634
2026-03-15,09:52:05,2026-03-15T09:52:05+01:00,STATION,"Médiathèque Emile Zola",10,6,16,0.625,43.608218,3.89314
2026-03-15,09:52:05,2026-03-15T09:52:05+01:00,STATION,"Nombre d Or",5,11,16,0.3125,43.607859,3.886644
2026-03-15,09:52:05,2026-03-15T09:52:05+01:00,STATION,"Louis Blanc",7,9,16,0.4375,43.614642,3.877648
2026-03-15,09:52:05,2026-03-15T09:52:05+01:00,STATION,"Gambetta",6,2,8,0.75,43.607106,3.870693
2026-03-15,09:52:05,2026-03-15T09:52:05+01:00,STATION,"Port Marianne",14,2,16,0.875,43.60032,3.89851
2026-03-15,09:52:05,2026-03-15T09:52:05+01:00,STATION,"Les Arceaux",1,7,8,0.125,43.612659,3.867734
2026-03-15,09:52:05,2026-03-15T09:52:05+01:00,STATION,"Cité Mion",1,5,8,0.375,43.601143,3.884373
2026-03-15,09:52:05,2026-03-15T09:52:05+01:00,STATION,"Nouveau Saint-Roch",2,6,8,0.25,43.599817,3.875757
2026-03-15,09:52:05,2026-03-15T09:52:05+01:00,STATION,"Renouvier",0,7,8,0.125,43.603553,3.867884
2026-03-15,09:52:05,2026-03-15T09:52:05+01:00,STATION,"Odysseum",0,8,8,0.0,43.603727,3.918979
2026-03-15,09:52:05,2026-03-15T09:52:05+01:00,STATION,"Saint-Denis",0,8,8,0.0,43.605021,3.875065
2026-03-15,09:52:05,2026-03-15T09:52:05+01:00,STATION,"Richter",14,2,16,0.875,43.603424,3.899263
2026-03-15,09:52:05,2026-03-15T09:52:05+01:00,STATION,"Charles Flahault",0,8,8,0.0,43.622038,3.86672
2026-03-15,09:52:05,2026-03-15T09:52:05+01:00,STATION,"Voltaire",8,0,8,1.0,43.603767,3.888659
2026-03-15,09:52:05,2026-03-15T09:52:05+01:00,STATION,"Prés d Arènes",4,4,8,0.5,43.59048,3.884611
2026-03-15,09:52:05,2026-03-15T09:52:05+01:00,STATION,"Garcia Lorca",6,2,8,0.75,43.590757,3.890616
2026-03-15,09:52:05,2026-03-15T09:52:05+01:00,STATION,"Vert Bois",2,14,16,0.125,43.63543,3.871179
2026-03-15,09:52:05,2026-03-15T09:52:05+01:00,STATION,"Malbosc",2,6,8,0.25,43.633679,3.832861
2026-03-15,09:52:05,2026-03-15T09:52:05+01:00,STATION,"Occitanie",10,22,32,0.3125,43.635689,3.849597
2026-03-15,09:52:05,2026-03-15T09:52:05+01:00,STATION,"Fac des Sciences",9,15,24,0.375,43.631318,3.861299
2026-03-15,09:52:05,2026-03-15T09:52:05+01:00,STATION,"Fac de Lettres",6,6,12,0.5,43.630437,3.869539
2026-03-15,09:52:05,2026-03-15T09:52:05+01:00,STATION,"Aiguelongue",7,0,8,1.0,43.626163,3.882492
2026-03-15,09:52:05,2026-03-15T09:52:05+01:00,STATION,"Jeu de Mail des Abbés",8,0,8,1.0,43.619701,3.883831
2026-03-15,09:52:05,2026-03-15T09:52:05+01:00,STATION,"Euromédecine",2,6,8,0.25,43.639119,3.828199
2026-03-15,09:52:05,2026-03-15T09:52:05+01:00,STATION,"Marie Caizergues",5,3,8,0.625,43.619871,3.873812
2026-03-15,09:52:05,2026-03-15T09:52:05+01:00,STATION,"Sabines",7,1,8,0.875,43.584211,3.860031
2026-03-15,09:52:05,2026-03-15T09:52:05+01:00,STATION,"Celleneuve",3,5,8,0.375,43.61467,3.832624
2026-03-15,09:52:05,2026-03-15T09:52:05+01:00,STATION,"Jardin de la Lironde",5,3,8,0.625,43.60585,3.911576
2026-03-15,09:52:05,2026-03-15T09:52:05+01:00,STATION,"Père Soulas",6,2,8,0.75,43.621983,3.855603
2026-03-15,09:52:05,2026-03-15T09:52:05+01:00,STATION,"Place Viala",3,5,8,0.375,43.616812,3.855075
2026-03-15,09:52:05,2026-03-15T09:52:05+01:00,STATION,"Hôtel du Département",3,5,8,0.375,43.621682,3.83477
2026-03-15,09:52:05,2026-03-15T09:52:05+01:00,STATION,"Tonnelles",1,7,8,0.125,43.615155,3.839466
2026-03-15,09:52:05,2026-03-15T09:52:05+01:00,STATION,"Parvis Jules Ferry - Gare Saint-Roch",5,3,8,0.625,43.603889,3.879362
2026-03-15,09:52:05,2026-03-15T09:52:05+01:00,STATION,"Pont de Lattes - Gare Saint-Roch",4,8,12,0.3333333333333333,43.606036,3.882393
2026-03-15,09:52:05,2026-03-15T09:52:05+01:00,STATION,"Deux Ponts - Gare Saint-Roch",0,8,8,0.0,43.604319,3.880916
2026-03-15,09:52:05,2026-03-15T09:52:05+01:00,STATION,"Providence - Ovalie",2,6,8,0.25,43.588239,3.853421
2026-03-15,09:52:05,2026-03-15T09:52:05+01:00,STATION,"Pérols Etang de l Or",41,27,68,0.6029411764705882,43.558351,3.963412
2026-03-15,09:52:05,2026-03-15T09:52:05+01:00,STATION,"Albert 1er - Cathédrale",7,5,12,0.5833333333333334,43.614005,3.873218
2026-03-15,09:52:05,2026-03-15T09:52:05+01:00,STATION,"Saint-Guilhem - Courreau",3,5,8,0.375,43.608996,3.872752
2026-03-15,09:52:05,2026-03-15T09:52:05+01:00,STATION,"Sud De France",8,0,8,1.0,43.59562,3.9235
2026-03-15,09:52:05,2026-03-15T09:52:05+01:00,STATION,"Comedie Baudin",0,8,8,0.0,43.608717,3.880787
2026-03-15,09:52:05,2026-03-15T09:52:05+01:00,STATION,"Jean de Beins",4,12,16,0.25,43.609857,3.883884
2026-03-15,10:36:01,2026-03-15T10:36:01+01:00,STATION,"Rue Jules Ferry - Gare Saint-Roch",2,10,12,0.16666666666666666,43.605366,3.881346
2026-03-15,10:36:01,2026-03-15T10:36:01+01:00,STATION,"Comédie",6,14,20,0.3,43.608148,3.878778
2026-03-15,10:36:01,2026-03-15T10:36:01+01:00,STATION,"Hôtel de Ville",7,8,16,0.5,43.599088,3.894866
2026-03-15,10:36:01,2026-03-15T10:36:01+01:00,STATION,"Corum",3,9,12,0.25,43.613989,3.8816
2026-03-15,10:36:01,2026-03-15T10:36:01+01:00,STATION,"Place Albert 1er - St Charles",15,12,27,0.5555555555555556,43.616768,3.873375
2026-03-15,10:36:01,2026-03-15T10:36:01+01:00,STATION,"Foch",9,0,8,1.0,43.610989,3.873345
2026-03-15,10:36:01,2026-03-15T10:36:01+01:00,STATION,"Halles Castellane",0,12,12,0.0,43.609935,3.877208
2026-03-15,10:36:01,2026-03-15T10:36:01+01:00,STATION,"Observatoire",2,5,8,0.375,43.606301,3.87724
2026-03-15,10:36:01,2026-03-15T10:36:01+01:00,STATION,"Rondelet",1,15,16,0.0625,43.603038,3.875796
2026-03-15,10:36:01,2026-03-15T10:36:01+01:00,STATION,"Plan Cabanes",1,11,12,0.08333333333333333,43.608491,3.868389
2026-03-15,10:36:01,2026-03-15T10:36:01+01:00,STATION,"Boutonnet",1,11,12,0.08333333333333333,43.622629,3.868375
2026-03-15,10:36:01,2026-03-15T10:36:01+01:00,STATION,"Emile Combes",4,4,8,0.5,43.616742,3.87998
2026-03-15,10:36:01,2026-03-15T10:36:01+01:00,STATION,"Beaux-Arts",16,0,16,1.0,43.616698,3.884981
2026-03-15,10:36:01,2026-03-15T10:36:01+01:00,STATION,"Les Aubes",2,6,8,0.25,43.618692,3.893844
2026-03-15,10:36:01,2026-03-15T10:36:01+01:00,STATION,"Antigone centre",6,6,12,0.5,43.607942,3.890634
2026-03-15,10:36:01,2026-03-15T10:36:01+01:00,STATION,"Médiathèque Emile Zola",10,6,16,0.625,43.608218,3.89314
2026-03-15,10:36:01,2026-03-15T10:36:01+01:00,STATION,"Nombre d Or",5,11,16,0.3125,43.607859,3.886644
2026-03-15,10:36:01,2026-03-15T10:36:01+01:00,STATION,"Louis Blanc",7,9,16,0.4375,43.614642,3.877648
2026-03-15,10:36:01,2026-03-15T10:36:01+01:00,STATION,"Gambetta",6,2,8,0.75,43.607106,3.870693
2026-03-15,10:36:01,2026-03-15T10:36:01+01:00,STATION,"Port Marianne",14,2,16,0.875,43.60032,3.89851
2026-03-15,10:36:01,2026-03-15T10:36:01+01:00,STATION,"Les Arceaux",1,7,8,0.125,43.612659,3.867734
2026-03-15,10:36:01,2026-03-15T10:36:01+01:00,STATION,"Cité Mion",1,5,8,0.375,43.601143,3.884373
2026-03-15,10:36:01,2026-03-15T10:36:01+01:00,STATION,"Nouveau Saint-Roch",2,6,8,0.25,43.599817,3.875757
2026-03-15,10:36:01,2026-03-15T10:36:01+01:00,STATION,"Renouvier",0,7,8,0.125,43.603553,3.867884
2026-03-15,10:36:01,2026-03-15T10:36:01+01:00,STATION,"Odysseum",0,8,8,0.0,43.603727,3.918979
2026-03-15,10:36:01,2026-03-15T10:36:01+01:00,STATION,"Saint-Denis",0,8,8,0.0,43.605021,3.875065
2026-03-15,10:36:01,2026-03-15T10:36:01+01:00,STATION,"Richter",14,2,16,0.875,43.603424,3.899263
2026-03-15,10:36:01,2026-03-15T10:36:01+01:00,STATION,"Charles Flahault",0,8,8,0.0,43.622038,3.86672
2026-03-15,10:36:01,2026-03-15T10:36:01+01:00,STATION,"Voltaire",7,1,8,0.875,43.603767,3.888659
2026-03-15,10:36:01,2026-03-15T10:36:01+01:00,STATION,"Prés d Arènes",4,4,8,0.5,43.59048,3.884611
2026-03-15,10:36:01,2026-03-15T10:36:01+01:00,STATION,"Garcia Lorca",6,2,8,0.75,43.590757,3.890616
2026-03-15,10:36:01,2026-03-15T10:36:01+01:00,STATION,"Vert Bois",2,14,16,0.125,43.63543,3.871179
2026-03-15,10:36:01,2026-03-15T10:36:01+01:00,STATION,"Malbosc",2,6,8,0.25,43.633679,3.832861
2026-03-15,10:36:01,2026-03-15T10:36:01+01:00,STATION,"Occitanie",10,22,32,0.3125,43.635689,3.849597
2026-03-15,10:36:01,2026-03-15T10:36:01+01:00,STATION,"Fac des Sciences",9,15,24,0.375,43.631318,3.861299
2026-03-15,10:36:01,2026-03-15T10:36:01+01:00,STATION,"Fac de Lettres",6,6,12,0.5,43.630437,3.869539
2026-03-15,10:36:01,2026-03-15T10:36:01+01:00,STATION,"Aiguelongue",7,0,8,1.0,43.626163,3.882492
2026-03-15,10:36:01,2026-03-15T10:36:01+01:00,STATION,"Jeu de Mail des Abbés",8,0,8,1.0,43.619701,3.883831
2026-03-15,10:36:01,2026-03-15T10:36:01+01:00,STATION,"Euromédecine",2,6,8,0.25,43.639119,3.828199
2026-03-15,10:36:01,2026-03-15T10:36:01+01:00,STATION,"Marie Caizergues",8,0,8,1.0,43.619871,3.873812
2026-03-15,10:36:01,2026-03-15T10:36:01+01:00,STATION,"Sabines",7,1,8,0.875,43.584211,3.860031
2026-03-15,10:36:01,2026-03-15T10:36:01+01:00,STATION,"Celleneuve",3,5,8,0.375,43.61467,3.832624
2026-03-15,10:36:01,2026-03-15T10:36:01+01:00,STATION,"Jardin de la Lironde",5,3,8,0.625,43.60585,3.911576
2026-03-15,10:36:01,2026-03-15T10:36:01+01:00,STATION,"Père Soulas",6,2,8,0.75,43.621983,3.855603
2026-03-15,10:36:01,2026-03-15T10:36:01+01:00,STATION,"Place Viala",3,5,8,0.375,43.616812,3.855075
2026-03-15,10:36:01,2026-03-15T10:36:01+01:00,STATION,"Hôtel du Département",3,5,8,0.375,43.621682,3.83477
2026-03-15,10:36:01,2026-03-15T10:36:01+01:00,STATION,"Tonnelles",1,7,8,0.125,43.615155,3.839466
2026-03-15,10:36:01,2026-03-15T10:36:01+01:00,STATION,"Parvis Jules Ferry - Gare Saint-Roch",5,3,8,0.625,43.603889,3.879362
2026-03-15,10:36:01,2026-03-15T10:36:01+01:00,STATION,"Pont de Lattes - Gare Saint-Roch",4,8,12,0.3333333333333333,43.606036,3.882393
2026-03-15,10:36:01,2026-03-15T10:36:01+01:00,STATION,"Deux Ponts - Gare Saint-Roch",0,8,8,0.0,43.604319,3.880916
2026-03-15,10:36:01,2026-03-15T10:36:01+01:00,STATION,"Providence - Ovalie",1,7,8,0.125,43.588239,3.853421
2026-03-15,10:36:01,2026-03-15T10:36:01+01:00,STATION,"Pérols Etang de l Or",41,27,68,0.6029411764705882,43.558351,3.963412
2026-03-15,10:36:01,2026-03-15T10:36:01+01:00,STATION,"Albert 1er - Cathédrale",7,5,12,0.5833333333333334,43.614005,3.873218
2026-03-15,10:36:01,2026-03-15T10:36:01+01:00,STATION,"Saint-Guilhem - Courreau",3,5,8,0.375,43.608996,3.872752
2026-03-15,10:36:01,2026-03-15T10:36:01+01:00,STATION,"Sud De France",8,0,8,1.0,43.59562,3.9235
2026-03-15,10:36:01,2026-03-15T10:36:01+01:00,STATION,"Comedie Baudin",0,8,8,0.0,43.608717,3.880787
2026-03-15,10:36:01,2026-03-15T10:36:01+01:00,STATION,"Jean de Beins",4,12,16,0.25,43.609857,3.883884
2026-03-15,11:31:14,2026-03-15T11:31:14+01:00,STATION,"Rue Jules Ferry - Gare Saint-Roch",2,10,12,0.16666666666666666,43.605366,3.881346
2026-03-15,11:31:14,2026-03-15T11:31:14+01:00,STATION,"Comédie",6,14,20,0.3,43.608148,3.878778
2026-03-15,11:31:14,2026-03-15T11:31:14+01:00,STATION,"Hôtel de Ville",7,8,16,0.5,43.599088,3.894866
2026-03-15,11:31:14,2026-03-15T11:31:14+01:00,STATION,"Corum",3,9,12,0.25,43.613989,3.8816
2026-03-15,11:31:14,2026-03-15T11:31:14+01:00,STATION,"Place Albert 1er - St Charles",16,11,27,0.5925925925925926,43.616768,3.873375
2026-03-15,11:31:14,2026-03-15T11:31:14+01:00,STATION,"Foch",8,0,8,1.0,43.610989,3.873345
2026-03-15,11:31:14,2026-03-15T11:31:14+01:00,STATION,"Halles Castellane",0,12,12,0.0,43.609935,3.877208
2026-03-15,11:31:14,2026-03-15T11:31:14+01:00,STATION,"Observatoire",3,4,8,0.5,43.606301,3.87724
2026-03-15,11:31:14,2026-03-15T11:31:14+01:00,STATION,"Rondelet",1,15,16,0.0625,43.603038,3.875796
2026-03-15,11:31:14,2026-03-15T11:31:14+01:00,STATION,"Plan Cabanes",1,11,12,0.08333333333333333,43.608491,3.868389
2026-03-15,11:31:14,2026-03-15T11:31:14+01:00,STATION,"Boutonnet",1,11,12,0.08333333333333333,43.622629,3.868375
2026-03-15,11:31:14,2026-03-15T11:31:14+01:00,STATION,"Emile Combes",4,4,8,0.5,43.616742,3.87998
2026-03-15,11:31:14,2026-03-15T11:31:14+01:00,STATION,"Beaux-Arts",16,0,16,1.0,43.616698,3.884981
2026-03-15,11:31:14,2026-03-15T11:31:14+01:00,STATION,"Les Aubes",2,6,8,0.25,43.618692,3.893844
2026-03-15,11:31:14,2026-03-15T11:31:14+01:00,STATION,"Antigone centre",6,6,12,0.5,43.607942,3.890634
2026-03-15,11:31:14,2026-03-15T11:31:14+01:00,STATION,"Médiathèque Emile Zola",10,6,16,0.625,43.608218,3.89314
2026-03-15,11:31:14,2026-03-15T11:31:14+01:00,STATION,"Nombre d Or",5,11,16,0.3125,43.607859,3.886644
2026-03-15,11:31:14,2026-03-15T11:31:14+01:00,STATION,"Louis Blanc",7,9,16,0.4375,43.614642,3.877648
2026-03-15,11:31:14,2026-03-15T11:31:14+01:00,STATION,"Gambetta",5,3,8,0.625,43.607106,3.870693
2026-03-15,11:31:14,2026-03-15T11:31:14+01:00,STATION,"Port Marianne",13,3,16,0.8125,43.60032,3.89851
2026-03-15,11:31:14,2026-03-15T11:31:14+01:00,STATION,"Les Arceaux",1,7,8,0.125,43.612659,3.867734
2026-03-15,11:31:14,2026-03-15T11:31:14+01:00,STATION,"Cité Mion",1,5,8,0.375,43.601143,3.884373
2026-03-15,11:31:14,2026-03-15T11:31:14+01:00,STATION,"Nouveau Saint-Roch",2,6,8,0.25,43.599817,3.875757
2026-03-15,11:31:14,2026-03-15T11:31:14+01:00,STATION,"Renouvier",0,7,8,0.125,43.603553,3.867884
2026-03-15,11:31:14,2026-03-15T11:31:14+01:00,STATION,"Odysseum",0,8,8,0.0,43.603727,3.918979
2026-03-15,11:31:14,2026-03-15T11:31:14+01:00,STATION,"Saint-Denis",0,8,8,0.0,43.605021,3.875065
2026-03-15,11:31:14,2026-03-15T11:31:14+01:00,STATION,"Richter",14,2,16,0.875,43.603424,3.899263
2026-03-15,11:31:14,2026-03-15T11:31:14+01:00,STATION,"Charles Flahault",0,8,8,0.0,43.622038,3.86672
2026-03-15,11:31:14,2026-03-15T11:31:14+01:00,STATION,"Voltaire",7,1,8,0.875,43.603767,3.888659
2026-03-15,11:31:14,2026-03-15T11:31:14+01:00,STATION,"Prés d Arènes",4,4,8,0.5,43.59048,3.884611
2026-03-15,11:31:14,2026-03-15T11:31:14+01:00,STATION,"Garcia Lorca",4,4,8,0.5,43.590757,3.890616
2026-03-15,11:31:14,2026-03-15T11:31:14+01:00,STATION,"Vert Bois",2,14,16,0.125,43.63543,3.871179
2026-03-15,11:31:14,2026-03-15T11:31:14+01:00,STATION,"Malbosc",2,6,8,0.25,43.633679,3.832861
2026-03-15,11:31:14,2026-03-15T11:31:14+01:00,STATION,"Occitanie",8,24,32,0.25,43.635689,3.849597
2026-03-15,11:31:14,2026-03-15T11:31:14+01:00,STATION,"Fac des Sciences",10,14,24,0.4166666666666667,43.631318,3.861299
2026-03-15,11:31:14,2026-03-15T11:31:14+01:00,STATION,"Fac de Lettres",5,7,12,0.4166666666666667,43.630437,3.869539
2026-03-15,11:31:14,2026-03-15T11:31:14+01:00,STATION,"Aiguelongue",7,0,8,1.0,43.626163,3.882492
2026-03-15,11:31:14,2026-03-15T11:31:14+01:00,STATION,"Jeu de Mail des Abbés",8,0,8,1.0,43.619701,3.883831
2026-03-15,11:31:14,2026-03-15T11:31:14+01:00,STATION,"Euromédecine",2,6,8,0.25,43.639119,3.828199
2026-03-15,11:31:14,2026-03-15T11:31:14+01:00,STATION,"Marie Caizergues",8,0,8,1.0,43.619871,3.873812
2026-03-15,11:31:14,2026-03-15T11:31:14+01:00,STATION,"Sabines",7,1,8,0.875,43.584211,3.860031
2026-03-15,11:31:14,2026-03-15T11:31:14+01:00,STATION,"Celleneuve",3,5,8,0.375,43.61467,3.832624
2026-03-15,11:31:14,2026-03-15T11:31:14+01:00,STATION,"Jardin de la Lironde",5,3,8,0.625,43.60585,3.911576
2026-03-15,11:31:14,2026-03-15T11:31:14+01:00,STATION,"Père Soulas",6,2,8,0.75,43.621983,3.855603
2026-03-15,11:31:14,2026-03-15T11:31:14+01:00,STATION,"Place Viala",2,6,8,0.25,43.616812,3.855075
2026-03-15,11:31:14,2026-03-15T11:31:14+01:00,STATION,"Hôtel du Département",3,5,8,0.375,43.621682,3.83477
2026-03-15,11:31:14,2026-03-15T11:31:14+01:00,STATION,"Tonnelles",1,7,8,0.125,43.615155,3.839466
2026-03-15,11:31:14,2026-03-15T11:31:14+01:00,STATION,"Parvis Jules Ferry - Gare Saint-Roch",4,4,8,0.5,43.603889,3.879362
2026-03-15,11:31:14,2026-03-15T11:31:14+01:00,STATION,"Pont de Lattes - Gare Saint-Roch",4,8,12,0.3333333333333333,43.606036,3.882393
2026-03-15,11:31:14,2026-03-15T11:31:14+01:00,STATION,"Deux Ponts - Gare Saint-Roch",0,8,8,0.0,43.604319,3.880916
2026-03-15,11:31:14,2026-03-15T11:31:14+01:00,STATION,"Providence - Ovalie",1,7,8,0.125,43.588239,3.853421
2026-03-15,11:31:14,2026-03-15T11:31:14+01:00,STATION,"Pérols Etang de l Or",39,29,68,0.5735294117647058,43.558351,3.963412
2026-03-15,11:31:14,2026-03-15T11:31:14+01:00,STATION,"Albert 1er - Cathédrale",7,5,12,0.5833333333333334,43.614005,3.873218
2026-03-15,11:31:14,2026-03-15T11:31:14+01:00,STATION,"Saint-Guilhem - Courreau",2,6,8,0.25,43.608996,3.872752
2026-03-15,11:31:14,2026-03-15T11:31:14+01:00,STATION,"Sud De France",8,0,8,1.0,43.59562,3.9235
2026-03-15,11:31:14,2026-03-15T11:31:14+01:00,STATION,"Comedie Baudin",0,8,8,0.0,43.608717,3.880787
2026-03-15,11:31:14,2026-03-15T11:31:14+01:00,STATION,"Jean de Beins",4,12,16,0.25,43.609857,3.883884
2026-03-15,12:00:54,2026-03-15T12:00:54+01:00,STATION,"Rue Jules Ferry - Gare Saint-Roch",2,10,12,0.16666666666666666,43.605366,3.881346
2026-03-15,12:00:54,2026-03-15T12:00:54+01:00,STATION,"Comédie",6,14,20,0.3,43.608148,3.878778
2026-03-15,12:00:54,2026-03-15T12:00:54+01:00,STATION,"Hôtel de Ville",7,8,16,0.5,43.599088,3.894866
2026-03-15,12:00:54,2026-03-15T12:00:54+01:00,STATION,"Corum",3,9,12,0.25,43.613989,3.8816
2026-03-15,12:00:54,2026-03-15T12:00:54+01:00,STATION,"Place Albert 1er - St Charles",15,12,27,0.5555555555555556,43.616768,3.873375
2026-03-15,12:00:54,2026-03-15T12:00:54+01:00,STATION,"Foch",8,0,8,1.0,43.610989,3.873345
2026-03-15,12:00:54,2026-03-15T12:00:54+01:00,STATION,"Halles Castellane",0,12,12,0.0,43.609935,3.877208
2026-03-15,12:00:54,2026-03-15T12:00:54+01:00,STATION,"Observatoire",3,4,8,0.5,43.606301,3.87724
2026-03-15,12:00:54,2026-03-15T12:00:54+01:00,STATION,"Rondelet",1,15,16,0.0625,43.603038,3.875796
2026-03-15,12:00:54,2026-03-15T12:00:54+01:00,STATION,"Plan Cabanes",1,11,12,0.08333333333333333,43.608491,3.868389
2026-03-15,12:00:54,2026-03-15T12:00:54+01:00,STATION,"Boutonnet",3,9,12,0.25,43.622629,3.868375
2026-03-15,12:00:54,2026-03-15T12:00:54+01:00,STATION,"Emile Combes",4,4,8,0.5,43.616742,3.87998
2026-03-15,12:00:54,2026-03-15T12:00:54+01:00,STATION,"Beaux-Arts",16,0,16,1.0,43.616698,3.884981
2026-03-15,12:00:54,2026-03-15T12:00:54+01:00,STATION,"Les Aubes",2,6,8,0.25,43.618692,3.893844
2026-03-15,12:00:54,2026-03-15T12:00:54+01:00,STATION,"Antigone centre",6,6,12,0.5,43.607942,3.890634
2026-03-15,12:00:54,2026-03-15T12:00:54+01:00,STATION,"Médiathèque Emile Zola",10,6,16,0.625,43.608218,3.89314
2026-03-15,12:00:54,2026-03-15T12:00:54+01:00,STATION,"Nombre d Or",3,13,16,0.1875,43.607859,3.886644
2026-03-15,12:00:54,2026-03-15T12:00:54+01:00,STATION,"Louis Blanc",6,10,16,0.375,43.614642,3.877648
2026-03-15,12:00:54,2026-03-15T12:00:54+01:00,STATION,"Gambetta",5,3,8,0.625,43.607106,3.870693
2026-03-15,12:00:54,2026-03-15T12:00:54+01:00,STATION,"Port Marianne",13,3,16,0.8125,43.60032,3.89851
2026-03-15,12:00:54,2026-03-15T12:00:54+01:00,STATION,"Les Arceaux",1,7,8,0.125,43.612659,3.867734
2026-03-15,12:00:54,2026-03-15T12:00:54+01:00,STATION,"Cité Mion",1,5,8,0.375,43.601143,3.884373
2026-03-15,12:00:54,2026-03-15T12:00:54+01:00,STATION,"Nouveau Saint-Roch",2,6,8,0.25,43.599817,3.875757
2026-03-15,12:00:54,2026-03-15T12:00:54+01:00,STATION,"Renouvier",0,7,8,0.125,43.603553,3.867884
2026-03-15,12:00:54,2026-03-15T12:00:54+01:00,STATION,"Odysseum",0,8,8,0.0,43.603727,3.918979
2026-03-15,12:00:54,2026-03-15T12:00:54+01:00,STATION,"Saint-Denis",0,8,8,0.0,43.605021,3.875065
2026-03-15,12:00:54,2026-03-15T12:00:54+01:00,STATION,"Richter",14,2,16,0.875,43.603424,3.899263
2026-03-15,12:00:54,2026-03-15T12:00:54+01:00,STATION,"Charles Flahault",0,8,8,0.0,43.622038,3.86672
2026-03-15,12:00:54,2026-03-15T12:00:54+01:00,STATION,"Voltaire",6,2,8,0.75,43.603767,3.888659
2026-03-15,12:00:54,2026-03-15T12:00:54+01:00,STATION,"Prés d Arènes",4,4,8,0.5,43.59048,3.884611
2026-03-15,12:00:54,2026-03-15T12:00:54+01:00,STATION,"Garcia Lorca",4,4,8,0.5,43.590757,3.890616
2026-03-15,12:00:54,2026-03-15T12:00:54+01:00,STATION,"Vert Bois",2,14,16,0.125,43.63543,3.871179
2026-03-15,12:00:54,2026-03-15T12:00:54+01:00,STATION,"Malbosc",2,6,8,0.25,43.633679,3.832861
2026-03-15,12:00:54,2026-03-15T12:00:54+01:00,STATION,"Occitanie",6,26,32,0.1875,43.635689,3.849597
2026-03-15,12:00:54,2026-03-15T12:00:54+01:00,STATION,"Fac des Sciences",10,14,24,0.4166666666666667,43.631318,3.861299
2026-03-15,12:00:54,2026-03-15T12:00:54+01:00,STATION,"Fac de Lettres",5,7,12,0.4166666666666667,43.630437,3.869539
2026-03-15,12:00:54,2026-03-15T12:00:54+01:00,STATION,"Aiguelongue",7,0,8,1.0,43.626163,3.882492
2026-03-15,12:00:54,2026-03-15T12:00:54+01:00,STATION,"Jeu de Mail des Abbés",8,0,8,1.0,43.619701,3.883831
2026-03-15,12:00:54,2026-03-15T12:00:54+01:00,STATION,"Euromédecine",2,6,8,0.25,43.639119,3.828199
2026-03-15,12:00:54,2026-03-15T12:00:54+01:00,STATION,"Marie Caizergues",8,0,8,1.0,43.619871,3.873812
2026-03-15,12:00:54,2026-03-15T12:00:54+01:00,STATION,"Sabines",7,1,8,0.875,43.584211,3.860031
2026-03-15,12:00:54,2026-03-15T12:00:54+01:00,STATION,"Celleneuve",3,5,8,0.375,43.61467,3.832624
2026-03-15,12:00:54,2026-03-15T12:00:54+01:00,STATION,"Jardin de la Lironde",5,3,8,0.625,43.60585,3.911576
2026-03-15,12:00:54,2026-03-15T12:00:54+01:00,STATION,"Père Soulas",6,2,8,0.75,43.621983,3.855603
2026-03-15,12:00:54,2026-03-15T12:00:54+01:00,STATION,"Place Viala",2,6,8,0.25,43.616812,3.855075
2026-03-15,12:00:54,2026-03-15T12:00:54+01:00,STATION,"Hôtel du Département",3,5,8,0.375,43.621682,3.83477
2026-03-15,12:00:54,2026-03-15T12:00:54+01:00,STATION,"Tonnelles",1,7,8,0.125,43.615155,3.839466
2026-03-15,12:00:54,2026-03-15T12:00:54+01:00,STATION,"Parvis Jules Ferry - Gare Saint-Roch",4,4,8,0.5,43.603889,3.879362
2026-03-15,12:00:54,2026-03-15T12:00:54+01:00,STATION,"Pont de Lattes - Gare Saint-Roch",4,8,12,0.3333333333333333,43.606036,3.882393
2026-03-15,12:00:54,2026-03-15T12:00:54+01:00,STATION,"Deux Ponts - Gare Saint-Roch",0,8,8,0.0,43.604319,3.880916
2026-03-15,12:00:54,2026-03-15T12:00:54+01:00,STATION,"Providence - Ovalie",2,6,8,0.25,43.588239,3.853421
2026-03-15,12:00:54,2026-03-15T12:00:54+01:00,STATION,"Pérols Etang de l Or",37,31,68,0.5441176470588235,43.558351,3.963412
2026-03-15,12:00:54,2026-03-15T12:00:54+01:00,STATION,"Albert 1er - Cathédrale",7,5,12,0.5833333333333334,43.614005,3.873218
2026-03-15,12:00:54,2026-03-15T12:00:54+01:00,STATION,"Saint-Guilhem - Courreau",2,6,8,0.25,43.608996,3.872752
2026-03-15,12:00:54,2026-03-15T12:00:54+01:00,STATION,"Sud De France",8,0,8,1.0,43.59562,3.9235
2026-03-15,12:00:54,2026-03-15T12:00:54+01:00,STATION,"Comedie Baudin",0,8,8,0.0,43.608717,3.880787
2026-03-15,12:00:54,2026-03-15T12:00:54+01:00,STATION,"Jean de Beins",4,12,16,0.25,43.609857,3.883884
2026-03-15,12:36:39,2026-03-15T12:36:39+01:00,STATION,"Rue Jules Ferry - Gare Saint-Roch",2,10,12,0.16666666666666666,43.605366,3.881346
2026-03-15,12:36:39,2026-03-15T12:36:39+01:00,STATION,"Comédie",6,14,20,0.3,43.608148,3.878778
2026-03-15,12:36:39,2026-03-15T12:36:39+01:00,STATION,"Hôtel de Ville",8,7,16,0.5625,43.599088,3.894866
2026-03-15,12:36:39,2026-03-15T12:36:39+01:00,STATION,"Corum",3,9,12,0.25,43.613989,3.8816
2026-03-15,12:36:39,2026-03-15T12:36:39+01:00,STATION,"Place Albert 1er - St Charles",14,13,27,0.5185185185185185,43.616768,3.873375
2026-03-15,12:36:39,2026-03-15T12:36:39+01:00,STATION,"Foch",8,0,8,1.0,43.610989,3.873345
2026-03-15,12:36:39,2026-03-15T12:36:39+01:00,STATION,"Halles Castellane",0,12,12,0.0,43.609935,3.877208
2026-03-15,12:36:39,2026-03-15T12:36:39+01:00,STATION,"Observatoire",3,4,8,0.5,43.606301,3.87724
2026-03-15,12:36:39,2026-03-15T12:36:39+01:00,STATION,"Rondelet",1,15,16,0.0625,43.603038,3.875796
2026-03-15,12:36:39,2026-03-15T12:36:39+01:00,STATION,"Plan Cabanes",1,11,12,0.08333333333333333,43.608491,3.868389
2026-03-15,12:36:39,2026-03-15T12:36:39+01:00,STATION,"Boutonnet",3,9,12,0.25,43.622629,3.868375
2026-03-15,12:36:39,2026-03-15T12:36:39+01:00,STATION,"Emile Combes",4,4,8,0.5,43.616742,3.87998
2026-03-15,12:36:39,2026-03-15T12:36:39+01:00,STATION,"Beaux-Arts",16,0,16,1.0,43.616698,3.884981
2026-03-15,12:36:39,2026-03-15T12:36:39+01:00,STATION,"Les Aubes",2,6,8,0.25,43.618692,3.893844
2026-03-15,12:36:39,2026-03-15T12:36:39+01:00,STATION,"Antigone centre",6,6,12,0.5,43.607942,3.890634
2026-03-15,12:36:39,2026-03-15T12:36:39+01:00,STATION,"Médiathèque Emile Zola",10,6,16,0.625,43.608218,3.89314
2026-03-15,12:36:39,2026-03-15T12:36:39+01:00,STATION,"Nombre d Or",2,14,16,0.125,43.607859,3.886644
2026-03-15,12:36:39,2026-03-15T12:36:39+01:00,STATION,"Louis Blanc",6,10,16,0.375,43.614642,3.877648
2026-03-15,12:36:39,2026-03-15T12:36:39+01:00,STATION,"Gambetta",5,3,8,0.625,43.607106,3.870693
2026-03-15,12:36:39,2026-03-15T12:36:39+01:00,STATION,"Port Marianne",13,3,16,0.8125,43.60032,3.89851
2026-03-15,12:36:39,2026-03-15T12:36:39+01:00,STATION,"Les Arceaux",1,7,8,0.125,43.612659,3.867734
2026-03-15,12:36:39,2026-03-15T12:36:39+01:00,STATION,"Cité Mion",1,5,8,0.375,43.601143,3.884373
2026-03-15,12:36:39,2026-03-15T12:36:39+01:00,STATION,"Nouveau Saint-Roch",2,6,8,0.25,43.599817,3.875757
2026-03-15,12:36:39,2026-03-15T12:36:39+01:00,STATION,"Renouvier",1,6,8,0.25,43.603553,3.867884
2026-03-15,12:36:39,2026-03-15T12:36:39+01:00,STATION,"Odysseum",0,8,8,0.0,43.603727,3.918979
2026-03-15,12:36:39,2026-03-15T12:36:39+01:00,STATION,"Saint-Denis",0,8,8,0.0,43.605021,3.875065
2026-03-15,12:36:39,2026-03-15T12:36:39+01:00,STATION,"Richter",14,2,16,0.875,43.603424,3.899263
2026-03-15,12:36:39,2026-03-15T12:36:39+01:00,STATION,"Charles Flahault",0,8,8,0.0,43.622038,3.86672
2026-03-15,12:36:39,2026-03-15T12:36:39+01:00,STATION,"Voltaire",6,2,8,0.75,43.603767,3.888659
2026-03-15,12:36:39,2026-03-15T12:36:39+01:00,STATION,"Prés d Arènes",4,4,8,0.5,43.59048,3.884611
2026-03-15,12:36:39,2026-03-15T12:36:39+01:00,STATION,"Garcia Lorca",4,4,8,0.5,43.590757,3.890616
2026-03-15,12:36:39,2026-03-15T12:36:39+01:00,STATION,"Vert Bois",2,14,16,0.125,43.63543,3.871179
2026-03-15,12:36:39,2026-03-15T12:36:39+01:00,STATION,"Malbosc",2,6,8,0.25,43.633679,3.832861
2026-03-15,12:36:39,2026-03-15T12:36:39+01:00,STATION,"Occitanie",6,26,32,0.1875,43.635689,3.849597
2026-03-15,12:36:39,2026-03-15T12:36:39+01:00,STATION,"Fac des Sciences",10,14,24,0.4166666666666667,43.631318,3.861299
2026-03-15,12:36:39,2026-03-15T12:36:39+01:00,STATION,"Fac de Lettres",7,5,12,0.5833333333333334,43.630437,3.869539
2026-03-15,12:36:39,2026-03-15T12:36:39+01:00,STATION,"Aiguelongue",7,0,8,1.0,43.626163,3.882492
2026-03-15,12:36:39,2026-03-15T12:36:39+01:00,STATION,"Jeu de Mail des Abbés",8,0,8,1.0,43.619701,3.883831
2026-03-15,12:36:39,2026-03-15T12:36:39+01:00,STATION,"Euromédecine",2,6,8,0.25,43.639119,3.828199
2026-03-15,12:36:39,2026-03-15T12:36:39+01:00,STATION,"Marie Caizergues",8,0,8,1.0,43.619871,3.873812
2026-03-15,12:36:39,2026-03-15T12:36:39+01:00,STATION,"Sabines",7,1,8,0.875,43.584211,3.860031
2026-03-15,12:36:39,2026-03-15T12:36:39+01:00,STATION,"Celleneuve",3,5,8,0.375,43.61467,3.832624
2026-03-15,12:36:39,2026-03-15T12:36:39+01:00,STATION,"Jardin de la Lironde",5,3,8,0.625,43.60585,3.911576
2026-03-15,12:36:39,2026-03-15T12:36:39+01:00,STATION,"Père Soulas",6,2,8,0.75,43.621983,3.855603
2026-03-15,12:36:39,2026-03-15T12:36:39+01:00,STATION,"Place Viala",3,5,8,0.375,43.616812,3.855075
2026-03-15,12:36:39,2026-03-15T12:36:39+01:00,STATION,"Hôtel du Département",3,5,8,0.375,43.621682,3.83477
2026-03-15,12:36:39,2026-03-15T12:36:39+01:00,STATION,"Tonnelles",1,7,8,0.125,43.615155,3.839466
2026-03-15,12:36:39,2026-03-15T12:36:39+01:00,STATION,"Parvis Jules Ferry - Gare Saint-Roch",4,4,8,0.5,43.603889,3.879362
2026-03-15,12:36:39,2026-03-15T12:36:39+01:00,STATION,"Pont de Lattes - Gare Saint-Roch",5,7,12,0.4166666666666667,43.606036,3.882393
2026-03-15,12:36:39,2026-03-15T12:36:39+01:00,STATION,"Deux Ponts - Gare Saint-Roch",0,8,8,0.0,43.604319,3.880916
2026-03-15,12:36:39,2026-03-15T12:36:39+01:00,STATION,"Providence - Ovalie",2,6,8,0.25,43.588239,3.853421
2026-03-15,12:36:39,2026-03-15T12:36:39+01:00,STATION,"Pérols Etang de l Or",37,31,68,0.5441176470588235,43.558351,3.963412
2026-03-15,12:36:39,2026-03-15T12:36:39+01:00,STATION,"Albert 1er - Cathédrale",7,5,12,0.5833333333333334,43.614005,3.873218
2026-03-15,12:36:39,2026-03-15T12:36:39+01:00,STATION,"Saint-Guilhem - Courreau",1,7,8,0.125,43.608996,3.872752
2026-03-15,12:36:39,2026-03-15T12:36:39+01:00,STATION,"Sud De France",8,0,8,1.0,43.59562,3.9235
2026-03-15,12:36:39,2026-03-15T12:36:39+01:00,STATION,"Comedie Baudin",0,8,8,0.0,43.608717,3.880787
2026-03-15,12:36:39,2026-03-15T12:36:39+01:00,STATION,"Jean de Beins",4,12,16,0.25,43.609857,3.883884
2026-03-15,13:54:49,2026-03-15T13:54:49+01:00,STATION,"Rue Jules Ferry - Gare Saint-Roch",1,11,12,0.08333333333333333,43.605366,3.881346
2026-03-15,13:54:49,2026-03-15T13:54:49+01:00,STATION,"Comédie",6,14,20,0.3,43.608148,3.878778
2026-03-15,13:54:49,2026-03-15T13:54:49+01:00,STATION,"Hôtel de Ville",10,5,16,0.6875,43.599088,3.894866
2026-03-15,13:54:49,2026-03-15T13:54:49+01:00,STATION,"Corum",3,9,12,0.25,43.613989,3.8816
2026-03-15,13:54:49,2026-03-15T13:54:49+01:00,STATION,"Place Albert 1er - St Charles",12,15,27,0.4444444444444444,43.616768,3.873375
2026-03-15,13:54:49,2026-03-15T13:54:49+01:00,STATION,"Foch",6,2,8,0.75,43.610989,3.873345
2026-03-15,13:54:49,2026-03-15T13:54:49+01:00,STATION,"Halles Castellane",0,12,12,0.0,43.609935,3.877208
2026-03-15,13:54:49,2026-03-15T13:54:49+01:00,STATION,"Observatoire",3,4,8,0.5,43.606301,3.87724
2026-03-15,13:54:49,2026-03-15T13:54:49+01:00,STATION,"Rondelet",2,14,16,0.125,43.603038,3.875796
2026-03-15,13:54:49,2026-03-15T13:54:49+01:00,STATION,"Plan Cabanes",1,11,12,0.08333333333333333,43.608491,3.868389
2026-03-15,13:54:49,2026-03-15T13:54:49+01:00,STATION,"Boutonnet",1,11,12,0.08333333333333333,43.622629,3.868375
2026-03-15,13:54:49,2026-03-15T13:54:49+01:00,STATION,"Emile Combes",4,4,8,0.5,43.616742,3.87998
2026-03-15,13:54:49,2026-03-15T13:54:49+01:00,STATION,"Beaux-Arts",16,0,16,1.0,43.616698,3.884981
2026-03-15,13:54:49,2026-03-15T13:54:49+01:00,STATION,"Les Aubes",2,6,8,0.25,43.618692,3.893844
2026-03-15,13:54:49,2026-03-15T13:54:49+01:00,STATION,"Antigone centre",6,6,12,0.5,43.607942,3.890634
2026-03-15,13:54:49,2026-03-15T13:54:49+01:00,STATION,"Médiathèque Emile Zola",10,6,16,0.625,43.608218,3.89314
2026-03-15,13:54:49,2026-03-15T13:54:49+01:00,STATION,"Nombre d Or",2,14,16,0.125,43.607859,3.886644
2026-03-15,13:54:49,2026-03-15T13:54:49+01:00,STATION,"Louis Blanc",4,12,16,0.25,43.614642,3.877648
2026-03-15,13:54:49,2026-03-15T13:54:49+01:00,STATION,"Gambetta",5,3,8,0.625,43.607106,3.870693
2026-03-15,13:54:49,2026-03-15T13:54:49+01:00,STATION,"Port Marianne",13,3,16,0.8125,43.60032,3.89851
2026-03-15,13:54:49,2026-03-15T13:54:49+01:00,STATION,"Les Arceaux",1,7,8,0.125,43.612659,3.867734
2026-03-15,13:54:49,2026-03-15T13:54:49+01:00,STATION,"Cité Mion",1,5,8,0.375,43.601143,3.884373
2026-03-15,13:54:49,2026-03-15T13:54:49+01:00,STATION,"Nouveau Saint-Roch",2,6,8,0.25,43.599817,3.875757
2026-03-15,13:54:49,2026-03-15T13:54:49+01:00,STATION,"Renouvier",1,6,8,0.25,43.603553,3.867884
2026-03-15,13:54:49,2026-03-15T13:54:49+01:00,STATION,"Odysseum",0,8,8,0.0,43.603727,3.918979
2026-03-15,13:54:49,2026-03-15T13:54:49+01:00,STATION,"Saint-Denis",0,8,8,0.0,43.605021,3.875065
2026-03-15,13:54:49,2026-03-15T13:54:49+01:00,STATION,"Richter",14,2,16,0.875,43.603424,3.899263
2026-03-15,13:54:49,2026-03-15T13:54:49+01:00,STATION,"Charles Flahault",1,7,8,0.125,43.622038,3.86672
2026-03-15,13:54:49,2026-03-15T13:54:49+01:00,STATION,"Voltaire",6,2,8,0.75,43.603767,3.888659
2026-03-15,13:54:49,2026-03-15T13:54:49+01:00,STATION,"Prés d Arènes",4,4,8,0.5,43.59048,3.884611
2026-03-15,13:54:49,2026-03-15T13:54:49+01:00,STATION,"Garcia Lorca",7,1,8,0.875,43.590757,3.890616
2026-03-15,13:54:49,2026-03-15T13:54:49+01:00,STATION,"Vert Bois",2,14,16,0.125,43.63543,3.871179
2026-03-15,13:54:49,2026-03-15T13:54:49+01:00,STATION,"Malbosc",2,6,8,0.25,43.633679,3.832861
2026-03-15,13:54:49,2026-03-15T13:54:49+01:00,STATION,"Occitanie",6,26,32,0.1875,43.635689,3.849597
2026-03-15,13:54:49,2026-03-15T13:54:49+01:00,STATION,"Fac des Sciences",10,14,24,0.4166666666666667,43.631318,3.861299
2026-03-15,13:54:49,2026-03-15T13:54:49+01:00,STATION,"Fac de Lettres",7,5,12,0.5833333333333334,43.630437,3.869539
2026-03-15,13:54:49,2026-03-15T13:54:49+01:00,STATION,"Aiguelongue",7,0,8,1.0,43.626163,3.882492
2026-03-15,13:54:49,2026-03-15T13:54:49+01:00,STATION,"Jeu de Mail des Abbés",8,0,8,1.0,43.619701,3.883831
2026-03-15,13:54:49,2026-03-15T13:54:49+01:00,STATION,"Euromédecine",2,6,8,0.25,43.639119,3.828199
2026-03-15,13:54:49,2026-03-15T13:54:49+01:00,STATION,"Marie Caizergues",8,0,8,1.0,43.619871,3.873812
2026-03-15,13:54:49,2026-03-15T13:54:49+01:00,STATION,"Sabines",7,1,8,0.875,43.584211,3.860031
2026-03-15,13:54:49,2026-03-15T13:54:49+01:00,STATION,"Celleneuve",3,5,8,0.375,43.61467,3.832624
2026-03-15,13:54:49,2026-03-15T13:54:49+01:00,STATION,"Jardin de la Lironde",5,3,8,0.625,43.60585,3.911576
2026-03-15,13:54:49,2026-03-15T13:54:49+01:00,STATION,"Père Soulas",6,2,8,0.75,43.621983,3.855603
2026-03-15,13:54:49,2026-03-15T13:54:49+01:00,STATION,"Place Viala",2,6,8,0.25,43.616812,3.855075
2026-03-15,13:54:49,2026-03-15T13:54:49+01:00,STATION,"Hôtel du Département",3,5,8,0.375,43.621682,3.83477
2026-03-15,13:54:49,2026-03-15T13:54:49+01:00,STATION,"Tonnelles",3,5,8,0.375,43.615155,3.839466
2026-03-15,13:54:49,2026-03-15T13:54:49+01:00,STATION,"Parvis Jules Ferry - Gare Saint-Roch",4,4,8,0.5,43.603889,3.879362
2026-03-15,13:54:49,2026-03-15T13:54:49+01:00,STATION,"Pont de Lattes - Gare Saint-Roch",4,8,12,0.3333333333333333,43.606036,3.882393
2026-03-15,13:54:49,2026-03-15T13:54:49+01:00,STATION,"Deux Ponts - Gare Saint-Roch",0,8,8,0.0,43.604319,3.880916
2026-03-15,13:54:49,2026-03-15T13:54:49+01:00,STATION,"Providence - Ovalie",2,6,8,0.25,43.588239,3.853421
2026-03-15,13:54:49,2026-03-15T13:54:49+01:00,STATION,"Pérols Etang de l Or",34,34,68,0.5,43.558351,3.963412
2026-03-15,13:54:49,2026-03-15T13:54:49+01:00,STATION,"Albert 1er - Cathédrale",7,5,12,0.5833333333333334,43.614005,3.873218
2026-03-15,13:54:49,2026-03-15T13:54:49+01:00,STATION,"Saint-Guilhem - Courreau",2,6,8,0.25,43.608996,3.872752
2026-03-15,13:54:49,2026-03-15T13:54:49+01:00,STATION,"Sud De France",8,0,8,1.0,43.59562,3.9235
2026-03-15,13:54:49,2026-03-15T13:54:49+01:00,STATION,"Comedie Baudin",0,8,8,0.0,43.608717,3.880787
2026-03-15,13:54:49,2026-03-15T13:54:49+01:00,STATION,"Jean de Beins",4,12,16,0.25,43.609857,3.883884
2026-03-15,14:49:35,2026-03-15T14:49:35+01:00,STATION,"Rue Jules Ferry - Gare Saint-Roch",1,11,12,0.08333333333333333,43.605366,3.881346
2026-03-15,14:49:35,2026-03-15T14:49:35+01:00,STATION,"Comédie",6,14,20,0.3,43.608148,3.878778
2026-03-15,14:49:35,2026-03-15T14:49:35+01:00,STATION,"Hôtel de Ville",10,5,16,0.6875,43.599088,3.894866
2026-03-15,14:49:35,2026-03-15T14:49:35+01:00,STATION,"Corum",3,9,12,0.25,43.613989,3.8816
2026-03-15,14:49:35,2026-03-15T14:49:35+01:00,STATION,"Place Albert 1er - St Charles",11,16,27,0.4074074074074074,43.616768,3.873375
2026-03-15,14:49:35,2026-03-15T14:49:35+01:00,STATION,"Foch",5,3,8,0.625,43.610989,3.873345
2026-03-15,14:49:35,2026-03-15T14:49:35+01:00,STATION,"Halles Castellane",0,12,12,0.0,43.609935,3.877208
2026-03-15,14:49:35,2026-03-15T14:49:35+01:00,STATION,"Observatoire",5,2,8,0.75,43.606301,3.87724
2026-03-15,14:49:35,2026-03-15T14:49:35+01:00,STATION,"Rondelet",2,14,16,0.125,43.603038,3.875796
2026-03-15,14:49:35,2026-03-15T14:49:35+01:00,STATION,"Plan Cabanes",0,12,12,0.0,43.608491,3.868389
2026-03-15,14:49:35,2026-03-15T14:49:35+01:00,STATION,"Boutonnet",1,11,12,0.08333333333333333,43.622629,3.868375
2026-03-15,14:49:35,2026-03-15T14:49:35+01:00,STATION,"Emile Combes",4,4,8,0.5,43.616742,3.87998
2026-03-15,14:49:35,2026-03-15T14:49:35+01:00,STATION,"Beaux-Arts",14,2,16,0.875,43.616698,3.884981
2026-03-15,14:49:35,2026-03-15T14:49:35+01:00,STATION,"Les Aubes",2,6,8,0.25,43.618692,3.893844
2026-03-15,14:49:35,2026-03-15T14:49:35+01:00,STATION,"Antigone centre",6,6,12,0.5,43.607942,3.890634
2026-03-15,14:49:35,2026-03-15T14:49:35+01:00,STATION,"Médiathèque Emile Zola",10,6,16,0.625,43.608218,3.89314
2026-03-15,14:49:35,2026-03-15T14:49:35+01:00,STATION,"Nombre d Or",2,14,16,0.125,43.607859,3.886644
2026-03-15,14:49:35,2026-03-15T14:49:35+01:00,STATION,"Louis Blanc",4,12,16,0.25,43.614642,3.877648
2026-03-15,14:49:35,2026-03-15T14:49:35+01:00,STATION,"Gambetta",6,2,8,0.75,43.607106,3.870693
2026-03-15,14:49:35,2026-03-15T14:49:35+01:00,STATION,"Port Marianne",11,5,16,0.6875,43.60032,3.89851
2026-03-15,14:49:35,2026-03-15T14:49:35+01:00,STATION,"Les Arceaux",1,7,8,0.125,43.612659,3.867734
2026-03-15,14:49:35,2026-03-15T14:49:35+01:00,STATION,"Cité Mion",1,5,8,0.375,43.601143,3.884373
2026-03-15,14:49:35,2026-03-15T14:49:35+01:00,STATION,"Nouveau Saint-Roch",2,6,8,0.25,43.599817,3.875757
2026-03-15,14:49:35,2026-03-15T14:49:35+01:00,STATION,"Renouvier",1,6,8,0.25,43.603553,3.867884
2026-03-15,14:49:35,2026-03-15T14:49:35+01:00,STATION,"Odysseum",0,8,8,0.0,43.603727,3.918979
2026-03-15,14:49:35,2026-03-15T14:49:35+01:00,STATION,"Saint-Denis",0,8,8,0.0,43.605021,3.875065
2026-03-15,14:49:35,2026-03-15T14:49:35+01:00,STATION,"Richter",14,2,16,0.875,43.603424,3.899263
2026-03-15,14:49:35,2026-03-15T14:49:35+01:00,STATION,"Charles Flahault",1,7,8,0.125,43.622038,3.86672
2026-03-15,14:49:35,2026-03-15T14:49:35+01:00,STATION,"Voltaire",6,2,8,0.75,43.603767,3.888659
2026-03-15,14:49:35,2026-03-15T14:49:35+01:00,STATION,"Prés d Arènes",3,5,8,0.375,43.59048,3.884611
2026-03-15,14:49:35,2026-03-15T14:49:35+01:00,STATION,"Garcia Lorca",7,1,8,0.875,43.590757,3.890616
2026-03-15,14:49:35,2026-03-15T14:49:35+01:00,STATION,"Vert Bois",2,14,16,0.125,43.63543,3.871179
2026-03-15,14:49:35,2026-03-15T14:49:35+01:00,STATION,"Malbosc",2,6,8,0.25,43.633679,3.832861
2026-03-15,14:49:35,2026-03-15T14:49:35+01:00,STATION,"Occitanie",6,26,32,0.1875,43.635689,3.849597
2026-03-15,14:49:35,2026-03-15T14:49:35+01:00,STATION,"Fac des Sciences",9,15,24,0.375,43.631318,3.861299
2026-03-15,14:49:35,2026-03-15T14:49:35+01:00,STATION,"Fac de Lettres",7,5,12,0.5833333333333334,43.630437,3.869539
2026-03-15,14:49:35,2026-03-15T14:49:35+01:00,STATION,"Aiguelongue",7,0,8,1.0,43.626163,3.882492
2026-03-15,14:49:35,2026-03-15T14:49:35+01:00,STATION,"Jeu de Mail des Abbés",8,0,8,1.0,43.619701,3.883831
2026-03-15,14:49:35,2026-03-15T14:49:35+01:00,STATION,"Euromédecine",2,6,8,0.25,43.639119,3.828199
2026-03-15,14:49:35,2026-03-15T14:49:35+01:00,STATION,"Marie Caizergues",8,0,8,1.0,43.619871,3.873812
2026-03-15,14:49:35,2026-03-15T14:49:35+01:00,STATION,"Sabines",6,2,8,0.75,43.584211,3.860031
2026-03-15,14:49:35,2026-03-15T14:49:35+01:00,STATION,"Celleneuve",3,5,8,0.375,43.61467,3.832624
2026-03-15,14:49:35,2026-03-15T14:49:35+01:00,STATION,"Jardin de la Lironde",5,3,8,0.625,43.60585,3.911576
2026-03-15,14:49:35,2026-03-15T14:49:35+01:00,STATION,"Père Soulas",4,4,8,0.5,43.621983,3.855603
2026-03-15,14:49:35,2026-03-15T14:49:35+01:00,STATION,"Place Viala",3,5,8,0.375,43.616812,3.855075
2026-03-15,14:49:35,2026-03-15T14:49:35+01:00,STATION,"Hôtel du Département",3,5,8,0.375,43.621682,3.83477
2026-03-15,14:49:35,2026-03-15T14:49:35+01:00,STATION,"Tonnelles",3,5,8,0.375,43.615155,3.839466
2026-03-15,14:49:35,2026-03-15T14:49:35+01:00,STATION,"Parvis Jules Ferry - Gare Saint-Roch",4,4,8,0.5,43.603889,3.879362
2026-03-15,14:49:35,2026-03-15T14:49:35+01:00,STATION,"Pont de Lattes - Gare Saint-Roch",5,7,12,0.4166666666666667,43.606036,3.882393
2026-03-15,14:49:35,2026-03-15T14:49:35+01:00,STATION,"Deux Ponts - Gare Saint-Roch",0,8,8,0.0,43.604319,3.880916
2026-03-15,14:49:35,2026-03-15T14:49:35+01:00,STATION,"Providence - Ovalie",2,6,8,0.25,43.588239,3.853421
2026-03-15,14:49:35,2026-03-15T14:49:35+01:00,STATION,"Pérols Etang de l Or",36,32,68,0.5294117647058824,43.558351,3.963412
2026-03-15,14:49:35,2026-03-15T14:49:35+01:00,STATION,"Albert 1er - Cathédrale",5,7,12,0.4166666666666667,43.614005,3.873218
2026-03-15,14:49:35,2026-03-15T14:49:35+01:00,STATION,"Saint-Guilhem - Courreau",2,6,8,0.25,43.608996,3.872752
2026-03-15,14:49:35,2026-03-15T14:49:35+01:00,STATION,"Sud De France",8,0,8,1.0,43.59562,3.9235
2026-03-15,14:49:35,2026-03-15T14:49:35+01:00,STATION,"Comedie Baudin",0,8,8,0.0,43.608717,3.880787
2026-03-15,14:49:35,2026-03-15T14:49:35+01:00,STATION,"Jean de Beins",4,12,16,0.25,43.609857,3.883884
2026-03-15,15:31:45,2026-03-15T15:31:45+01:00,STATION,"Rue Jules Ferry - Gare Saint-Roch",1,11,12,0.08333333333333333,43.605366,3.881346
2026-03-15,15:31:45,2026-03-15T15:31:45+01:00,STATION,"Comédie",5,15,20,0.25,43.608148,3.878778
2026-03-15,15:31:45,2026-03-15T15:31:45+01:00,STATION,"Hôtel de Ville",10,5,16,0.6875,43.599088,3.894866
2026-03-15,15:31:45,2026-03-15T15:31:45+01:00,STATION,"Corum",3,9,12,0.25,43.613989,3.8816
2026-03-15,15:31:45,2026-03-15T15:31:45+01:00,STATION,"Place Albert 1er - St Charles",12,15,27,0.4444444444444444,43.616768,3.873375
2026-03-15,15:31:45,2026-03-15T15:31:45+01:00,STATION,"Foch",5,3,8,0.625,43.610989,3.873345
2026-03-15,15:31:45,2026-03-15T15:31:45+01:00,STATION,"Halles Castellane",0,12,12,0.0,43.609935,3.877208
2026-03-15,15:31:45,2026-03-15T15:31:45+01:00,STATION,"Observatoire",5,2,8,0.75,43.606301,3.87724
2026-03-15,15:31:45,2026-03-15T15:31:45+01:00,STATION,"Rondelet",2,14,16,0.125,43.603038,3.875796
2026-03-15,15:31:45,2026-03-15T15:31:45+01:00,STATION,"Plan Cabanes",3,9,12,0.25,43.608491,3.868389
2026-03-15,15:31:45,2026-03-15T15:31:45+01:00,STATION,"Boutonnet",1,11,12,0.08333333333333333,43.622629,3.868375
2026-03-15,15:31:45,2026-03-15T15:31:45+01:00,STATION,"Emile Combes",4,4,8,0.5,43.616742,3.87998
2026-03-15,15:31:45,2026-03-15T15:31:45+01:00,STATION,"Beaux-Arts",16,0,16,1.0,43.616698,3.884981
2026-03-15,15:31:45,2026-03-15T15:31:45+01:00,STATION,"Les Aubes",0,8,8,0.0,43.618692,3.893844
2026-03-15,15:31:45,2026-03-15T15:31:45+01:00,STATION,"Antigone centre",6,6,12,0.5,43.607942,3.890634
2026-03-15,15:31:45,2026-03-15T15:31:45+01:00,STATION,"Médiathèque Emile Zola",9,7,16,0.5625,43.608218,3.89314
2026-03-15,15:31:45,2026-03-15T15:31:45+01:00,STATION,"Nombre d Or",2,14,16,0.125,43.607859,3.886644
2026-03-15,15:31:45,2026-03-15T15:31:45+01:00,STATION,"Louis Blanc",4,12,16,0.25,43.614642,3.877648
2026-03-15,15:31:45,2026-03-15T15:31:45+01:00,STATION,"Gambetta",6,2,8,0.75,43.607106,3.870693
2026-03-15,15:31:45,2026-03-15T15:31:45+01:00,STATION,"Port Marianne",11,5,16,0.6875,43.60032,3.89851
2026-03-15,15:31:45,2026-03-15T15:31:45+01:00,STATION,"Les Arceaux",1,7,8,0.125,43.612659,3.867734
2026-03-15,15:31:45,2026-03-15T15:31:45+01:00,STATION,"Cité Mion",1,5,8,0.375,43.601143,3.884373
2026-03-15,15:31:45,2026-03-15T15:31:45+01:00,STATION,"Nouveau Saint-Roch",2,6,8,0.25,43.599817,3.875757
2026-03-15,15:31:45,2026-03-15T15:31:45+01:00,STATION,"Renouvier",1,6,8,0.25,43.603553,3.867884
2026-03-15,15:31:45,2026-03-15T15:31:45+01:00,STATION,"Odysseum",0,8,8,0.0,43.603727,3.918979
2026-03-15,15:31:45,2026-03-15T15:31:45+01:00,STATION,"Saint-Denis",0,8,8,0.0,43.605021,3.875065
2026-03-15,15:31:45,2026-03-15T15:31:45+01:00,STATION,"Richter",14,2,16,0.875,43.603424,3.899263
2026-03-15,15:31:45,2026-03-15T15:31:45+01:00,STATION,"Charles Flahault",1,7,8,0.125,43.622038,3.86672
2026-03-15,15:31:45,2026-03-15T15:31:45+01:00,STATION,"Voltaire",6,2,8,0.75,43.603767,3.888659
2026-03-15,15:31:45,2026-03-15T15:31:45+01:00,STATION,"Prés d Arènes",3,5,8,0.375,43.59048,3.884611
2026-03-15,15:31:45,2026-03-15T15:31:45+01:00,STATION,"Garcia Lorca",7,1,8,0.875,43.590757,3.890616
2026-03-15,15:31:45,2026-03-15T15:31:45+01:00,STATION,"Vert Bois",2,14,16,0.125,43.63543,3.871179
2026-03-15,15:31:45,2026-03-15T15:31:45+01:00,STATION,"Malbosc",4,4,8,0.5,43.633679,3.832861
2026-03-15,15:31:45,2026-03-15T15:31:45+01:00,STATION,"Occitanie",6,26,32,0.1875,43.635689,3.849597
2026-03-15,15:31:45,2026-03-15T15:31:45+01:00,STATION,"Fac des Sciences",8,16,24,0.3333333333333333,43.631318,3.861299
2026-03-15,15:31:45,2026-03-15T15:31:45+01:00,STATION,"Fac de Lettres",7,5,12,0.5833333333333334,43.630437,3.869539
2026-03-15,15:31:45,2026-03-15T15:31:45+01:00,STATION,"Aiguelongue",7,0,8,1.0,43.626163,3.882492
2026-03-15,15:31:45,2026-03-15T15:31:45+01:00,STATION,"Jeu de Mail des Abbés",8,0,8,1.0,43.619701,3.883831
2026-03-15,15:31:45,2026-03-15T15:31:45+01:00,STATION,"Euromédecine",2,6,8,0.25,43.639119,3.828199
2026-03-15,15:31:45,2026-03-15T15:31:45+01:00,STATION,"Marie Caizergues",7,1,8,0.875,43.619871,3.873812
2026-03-15,15:31:45,2026-03-15T15:31:45+01:00,STATION,"Sabines",5,3,8,0.625,43.584211,3.860031
2026-03-15,15:31:45,2026-03-15T15:31:45+01:00,STATION,"Celleneuve",1,7,8,0.125,43.61467,3.832624
2026-03-15,15:31:45,2026-03-15T15:31:45+01:00,STATION,"Jardin de la Lironde",5,3,8,0.625,43.60585,3.911576
2026-03-15,15:31:45,2026-03-15T15:31:45+01:00,STATION,"Père Soulas",3,5,8,0.375,43.621983,3.855603
2026-03-15,15:31:45,2026-03-15T15:31:45+01:00,STATION,"Place Viala",3,5,8,0.375,43.616812,3.855075
2026-03-15,15:31:45,2026-03-15T15:31:45+01:00,STATION,"Hôtel du Département",3,5,8,0.375,43.621682,3.83477
2026-03-15,15:31:45,2026-03-15T15:31:45+01:00,STATION,"Tonnelles",3,5,8,0.375,43.615155,3.839466
2026-03-15,15:31:45,2026-03-15T15:31:45+01:00,STATION,"Parvis Jules Ferry - Gare Saint-Roch",4,4,8,0.5,43.603889,3.879362
2026-03-15,15:31:45,2026-03-15T15:31:45+01:00,STATION,"Pont de Lattes - Gare Saint-Roch",3,9,12,0.25,43.606036,3.882393
2026-03-15,15:31:45,2026-03-15T15:31:45+01:00,STATION,"Deux Ponts - Gare Saint-Roch",0,8,8,0.0,43.604319,3.880916
2026-03-15,15:31:45,2026-03-15T15:31:45+01:00,STATION,"Providence - Ovalie",2,6,8,0.25,43.588239,3.853421
2026-03-15,15:31:45,2026-03-15T15:31:45+01:00,STATION,"Pérols Etang de l Or",35,33,68,0.5147058823529411,43.558351,3.963412
2026-03-15,15:31:45,2026-03-15T15:31:45+01:00,STATION,"Albert 1er - Cathédrale",5,7,12,0.4166666666666667,43.614005,3.873218
2026-03-15,15:31:45,2026-03-15T15:31:45+01:00,STATION,"Saint-Guilhem - Courreau",2,6,8,0.25,43.608996,3.872752
2026-03-15,15:31:45,2026-03-15T15:31:45+01:00,STATION,"Sud De France",8,0,8,1.0,43.59562,3.9235
2026-03-15,15:31:45,2026-03-15T15:31:45+01:00,STATION,"Comedie Baudin",0,8,8,0.0,43.608717,3.880787
2026-03-15,15:31:45,2026-03-15T15:31:45+01:00,STATION,"Jean de Beins",4,12,16,0.25,43.609857,3.883884
2026-03-15,15:59:54,2026-03-15T15:59:54+01:00,STATION,"Rue Jules Ferry - Gare Saint-Roch",1,11,12,0.08333333333333333,43.605366,3.881346
2026-03-15,15:59:54,2026-03-15T15:59:54+01:00,STATION,"Comédie",5,15,20,0.25,43.608148,3.878778
2026-03-15,15:59:54,2026-03-15T15:59:54+01:00,STATION,"Hôtel de Ville",8,7,16,0.5625,43.599088,3.894866
2026-03-15,15:59:54,2026-03-15T15:59:54+01:00,STATION,"Corum",3,9,12,0.25,43.613989,3.8816
2026-03-15,15:59:54,2026-03-15T15:59:54+01:00,STATION,"Place Albert 1er - St Charles",11,16,27,0.4074074074074074,43.616768,3.873375
2026-03-15,15:59:54,2026-03-15T15:59:54+01:00,STATION,"Foch",5,3,8,0.625,43.610989,3.873345
2026-03-15,15:59:54,2026-03-15T15:59:54+01:00,STATION,"Halles Castellane",0,12,12,0.0,43.609935,3.877208
2026-03-15,15:59:54,2026-03-15T15:59:54+01:00,STATION,"Observatoire",4,3,8,0.625,43.606301,3.87724
2026-03-15,15:59:54,2026-03-15T15:59:54+01:00,STATION,"Rondelet",2,14,16,0.125,43.603038,3.875796
2026-03-15,15:59:54,2026-03-15T15:59:54+01:00,STATION,"Plan Cabanes",3,9,12,0.25,43.608491,3.868389
2026-03-15,15:59:54,2026-03-15T15:59:54+01:00,STATION,"Boutonnet",1,11,12,0.08333333333333333,43.622629,3.868375
2026-03-15,15:59:54,2026-03-15T15:59:54+01:00,STATION,"Emile Combes",4,4,8,0.5,43.616742,3.87998
2026-03-15,15:59:54,2026-03-15T15:59:54+01:00,STATION,"Beaux-Arts",16,0,16,1.0,43.616698,3.884981
2026-03-15,15:59:54,2026-03-15T15:59:54+01:00,STATION,"Les Aubes",0,8,8,0.0,43.618692,3.893844
2026-03-15,15:59:54,2026-03-15T15:59:54+01:00,STATION,"Antigone centre",6,6,12,0.5,43.607942,3.890634
2026-03-15,15:59:54,2026-03-15T15:59:54+01:00,STATION,"Médiathèque Emile Zola",10,6,16,0.625,43.608218,3.89314
2026-03-15,15:59:54,2026-03-15T15:59:54+01:00,STATION,"Nombre d Or",2,14,16,0.125,43.607859,3.886644
2026-03-15,15:59:54,2026-03-15T15:59:54+01:00,STATION,"Louis Blanc",4,12,16,0.25,43.614642,3.877648
2026-03-15,15:59:54,2026-03-15T15:59:54+01:00,STATION,"Gambetta",6,2,8,0.75,43.607106,3.870693
2026-03-15,15:59:54,2026-03-15T15:59:54+01:00,STATION,"Port Marianne",9,7,16,0.5625,43.60032,3.89851
2026-03-15,15:59:54,2026-03-15T15:59:54+01:00,STATION,"Les Arceaux",1,7,8,0.125,43.612659,3.867734
2026-03-15,15:59:54,2026-03-15T15:59:54+01:00,STATION,"Cité Mion",1,5,8,0.375,43.601143,3.884373
2026-03-15,15:59:54,2026-03-15T15:59:54+01:00,STATION,"Nouveau Saint-Roch",2,6,8,0.25,43.599817,3.875757
2026-03-15,15:59:54,2026-03-15T15:59:54+01:00,STATION,"Renouvier",1,6,8,0.25,43.603553,3.867884
2026-03-15,15:59:54,2026-03-15T15:59:54+01:00,STATION,"Odysseum",0,8,8,0.0,43.603727,3.918979
2026-03-15,15:59:54,2026-03-15T15:59:54+01:00,STATION,"Saint-Denis",0,8,8,0.0,43.605021,3.875065
2026-03-15,15:59:54,2026-03-15T15:59:54+01:00,STATION,"Richter",14,2,16,0.875,43.603424,3.899263
2026-03-15,15:59:54,2026-03-15T15:59:54+01:00,STATION,"Charles Flahault",1,7,8,0.125,43.622038,3.86672
2026-03-15,15:59:54,2026-03-15T15:59:54+01:00,STATION,"Voltaire",5,3,8,0.625,43.603767,3.888659
2026-03-15,15:59:54,2026-03-15T15:59:54+01:00,STATION,"Prés d Arènes",2,6,8,0.25,43.59048,3.884611
2026-03-15,15:59:54,2026-03-15T15:59:54+01:00,STATION,"Garcia Lorca",7,1,8,0.875,43.590757,3.890616
2026-03-15,15:59:54,2026-03-15T15:59:54+01:00,STATION,"Vert Bois",2,14,16,0.125,43.63543,3.871179
2026-03-15,15:59:54,2026-03-15T15:59:54+01:00,STATION,"Malbosc",4,4,8,0.5,43.633679,3.832861
2026-03-15,15:59:54,2026-03-15T15:59:54+01:00,STATION,"Occitanie",3,29,32,0.09375,43.635689,3.849597
2026-03-15,15:59:54,2026-03-15T15:59:54+01:00,STATION,"Fac des Sciences",8,16,24,0.3333333333333333,43.631318,3.861299
2026-03-15,15:59:54,2026-03-15T15:59:54+01:00,STATION,"Fac de Lettres",7,5,12,0.5833333333333334,43.630437,3.869539
2026-03-15,15:59:54,2026-03-15T15:59:54+01:00,STATION,"Aiguelongue",7,0,8,1.0,43.626163,3.882492
2026-03-15,15:59:54,2026-03-15T15:59:54+01:00,STATION,"Jeu de Mail des Abbés",8,0,8,1.0,43.619701,3.883831
2026-03-15,15:59:54,2026-03-15T15:59:54+01:00,STATION,"Euromédecine",1,7,8,0.125,43.639119,3.828199
2026-03-15,15:59:54,2026-03-15T15:59:54+01:00,STATION,"Marie Caizergues",8,0,8,1.0,43.619871,3.873812
2026-03-15,15:59:54,2026-03-15T15:59:54+01:00,STATION,"Sabines",5,3,8,0.625,43.584211,3.860031
2026-03-15,15:59:54,2026-03-15T15:59:54+01:00,STATION,"Celleneuve",1,7,8,0.125,43.61467,3.832624
2026-03-15,15:59:54,2026-03-15T15:59:54+01:00,STATION,"Jardin de la Lironde",4,4,8,0.5,43.60585,3.911576
2026-03-15,15:59:54,2026-03-15T15:59:54+01:00,STATION,"Père Soulas",4,4,8,0.5,43.621983,3.855603
2026-03-15,15:59:54,2026-03-15T15:59:54+01:00,STATION,"Place Viala",3,5,8,0.375,43.616812,3.855075
2026-03-15,15:59:54,2026-03-15T15:59:54+01:00,STATION,"Hôtel du Département",2,6,8,0.25,43.621682,3.83477
2026-03-15,15:59:54,2026-03-15T15:59:54+01:00,STATION,"Tonnelles",3,5,8,0.375,43.615155,3.839466
2026-03-15,15:59:54,2026-03-15T15:59:54+01:00,STATION,"Parvis Jules Ferry - Gare Saint-Roch",4,4,8,0.5,43.603889,3.879362
2026-03-15,15:59:54,2026-03-15T15:59:54+01:00,STATION,"Pont de Lattes - Gare Saint-Roch",3,9,12,0.25,43.606036,3.882393
2026-03-15,15:59:54,2026-03-15T15:59:54+01:00,STATION,"Deux Ponts - Gare Saint-Roch",0,8,8,0.0,43.604319,3.880916
2026-03-15,15:59:54,2026-03-15T15:59:54+01:00,STATION,"Providence - Ovalie",2,6,8,0.25,43.588239,3.853421
2026-03-15,15:59:54,2026-03-15T15:59:54+01:00,STATION,"Pérols Etang de l Or",36,32,68,0.5294117647058824,43.558351,3.963412
2026-03-15,15:59:54,2026-03-15T15:59:54+01:00,STATION,"Albert 1er - Cathédrale",5,7,12,0.4166666666666667,43.614005,3.873218
2026-03-15,15:59:54,2026-03-15T15:59:54+01:00,STATION,"Saint-Guilhem - Courreau",2,6,8,0.25,43.608996,3.872752
2026-03-15,15:59:54,2026-03-15T15:59:54+01:00,STATION,"Sud De France",8,0,8,1.0,43.59562,3.9235
2026-03-15,15:59:54,2026-03-15T15:59:54+01:00,STATION,"Comedie Baudin",0,8,8,0.0,43.608717,3.880787
2026-03-15,15:59:54,2026-03-15T15:59:54+01:00,STATION,"Jean de Beins",4,12,16,0.25,43.609857,3.883884
2026-03-15,16:38:15,2026-03-15T16:38:15+01:00,STATION,"Rue Jules Ferry - Gare Saint-Roch",2,10,12,0.16666666666666666,43.605366,3.881346
2026-03-15,16:38:15,2026-03-15T16:38:15+01:00,STATION,"Comédie",5,15,20,0.25,43.608148,3.878778
2026-03-15,16:38:15,2026-03-15T16:38:15+01:00,STATION,"Hôtel de Ville",10,5,16,0.6875,43.599088,3.894866
2026-03-15,16:38:15,2026-03-15T16:38:15+01:00,STATION,"Corum",3,9,12,0.25,43.613989,3.8816
2026-03-15,16:38:15,2026-03-15T16:38:15+01:00,STATION,"Place Albert 1er - St Charles",11,16,27,0.4074074074074074,43.616768,3.873375
2026-03-15,16:38:15,2026-03-15T16:38:15+01:00,STATION,"Foch",5,3,8,0.625,43.610989,3.873345
2026-03-15,16:38:15,2026-03-15T16:38:15+01:00,STATION,"Halles Castellane",0,12,12,0.0,43.609935,3.877208
2026-03-15,16:38:15,2026-03-15T16:38:15+01:00,STATION,"Observatoire",3,4,8,0.5,43.606301,3.87724
2026-03-15,16:38:15,2026-03-15T16:38:15+01:00,STATION,"Rondelet",1,15,16,0.0625,43.603038,3.875796
2026-03-15,16:38:15,2026-03-15T16:38:15+01:00,STATION,"Plan Cabanes",4,8,12,0.3333333333333333,43.608491,3.868389
2026-03-15,16:38:15,2026-03-15T16:38:15+01:00,STATION,"Boutonnet",2,10,12,0.16666666666666666,43.622629,3.868375
2026-03-15,16:38:15,2026-03-15T16:38:15+01:00,STATION,"Emile Combes",4,4,8,0.5,43.616742,3.87998
2026-03-15,16:38:15,2026-03-15T16:38:15+01:00,STATION,"Beaux-Arts",16,0,16,1.0,43.616698,3.884981
2026-03-15,16:38:15,2026-03-15T16:38:15+01:00,STATION,"Les Aubes",0,8,8,0.0,43.618692,3.893844
2026-03-15,16:38:15,2026-03-15T16:38:15+01:00,STATION,"Antigone centre",6,6,12,0.5,43.607942,3.890634
2026-03-15,16:38:15,2026-03-15T16:38:15+01:00,STATION,"Médiathèque Emile Zola",8,8,16,0.5,43.608218,3.89314
2026-03-15,16:38:15,2026-03-15T16:38:15+01:00,STATION,"Nombre d Or",2,14,16,0.125,43.607859,3.886644
2026-03-15,16:38:15,2026-03-15T16:38:15+01:00,STATION,"Louis Blanc",6,10,16,0.375,43.614642,3.877648
2026-03-15,16:38:15,2026-03-15T16:38:15+01:00,STATION,"Gambetta",6,2,8,0.75,43.607106,3.870693
2026-03-15,16:38:15,2026-03-15T16:38:15+01:00,STATION,"Port Marianne",11,5,16,0.6875,43.60032,3.89851
2026-03-15,16:38:15,2026-03-15T16:38:15+01:00,STATION,"Les Arceaux",2,6,8,0.25,43.612659,3.867734
2026-03-15,16:38:15,2026-03-15T16:38:15+01:00,STATION,"Cité Mion",1,5,8,0.375,43.601143,3.884373
2026-03-15,16:38:15,2026-03-15T16:38:15+01:00,STATION,"Nouveau Saint-Roch",2,6,8,0.25,43.599817,3.875757
2026-03-15,16:38:15,2026-03-15T16:38:15+01:00,STATION,"Renouvier",1,6,8,0.25,43.603553,3.867884
2026-03-15,16:38:15,2026-03-15T16:38:15+01:00,STATION,"Odysseum",0,8,8,0.0,43.603727,3.918979
2026-03-15,16:38:15,2026-03-15T16:38:15+01:00,STATION,"Saint-Denis",0,8,8,0.0,43.605021,3.875065
2026-03-15,16:38:15,2026-03-15T16:38:15+01:00,STATION,"Richter",13,3,16,0.8125,43.603424,3.899263
2026-03-15,16:38:15,2026-03-15T16:38:15+01:00,STATION,"Charles Flahault",0,8,8,0.0,43.622038,3.86672
2026-03-15,16:38:15,2026-03-15T16:38:15+01:00,STATION,"Voltaire",6,2,8,0.75,43.603767,3.888659
2026-03-15,16:38:15,2026-03-15T16:38:15+01:00,STATION,"Prés d Arènes",3,5,8,0.375,43.59048,3.884611
2026-03-15,16:38:15,2026-03-15T16:38:15+01:00,STATION,"Garcia Lorca",6,2,8,0.75,43.590757,3.890616
2026-03-15,16:38:15,2026-03-15T16:38:15+01:00,STATION,"Vert Bois",2,14,16,0.125,43.63543,3.871179
2026-03-15,16:38:15,2026-03-15T16:38:15+01:00,STATION,"Malbosc",4,4,8,0.5,43.633679,3.832861
2026-03-15,16:38:15,2026-03-15T16:38:15+01:00,STATION,"Occitanie",3,29,32,0.09375,43.635689,3.849597
2026-03-15,16:38:15,2026-03-15T16:38:15+01:00,STATION,"Fac des Sciences",8,16,24,0.3333333333333333,43.631318,3.861299
2026-03-15,16:38:15,2026-03-15T16:38:15+01:00,STATION,"Fac de Lettres",7,5,12,0.5833333333333334,43.630437,3.869539
2026-03-15,16:38:15,2026-03-15T16:38:15+01:00,STATION,"Aiguelongue",7,0,8,1.0,43.626163,3.882492
2026-03-15,16:38:15,2026-03-15T16:38:15+01:00,STATION,"Jeu de Mail des Abbés",8,0,8,1.0,43.619701,3.883831
2026-03-15,16:38:15,2026-03-15T16:38:15+01:00,STATION,"Euromédecine",1,7,8,0.125,43.639119,3.828199
2026-03-15,16:38:15,2026-03-15T16:38:15+01:00,STATION,"Marie Caizergues",8,0,8,1.0,43.619871,3.873812
2026-03-15,16:38:15,2026-03-15T16:38:15+01:00,STATION,"Sabines",5,3,8,0.625,43.584211,3.860031
2026-03-15,16:38:15,2026-03-15T16:38:15+01:00,STATION,"Celleneuve",0,8,8,0.0,43.61467,3.832624
2026-03-15,16:38:15,2026-03-15T16:38:15+01:00,STATION,"Jardin de la Lironde",5,3,8,0.625,43.60585,3.911576
2026-03-15,16:38:15,2026-03-15T16:38:15+01:00,STATION,"Père Soulas",4,4,8,0.5,43.621983,3.855603
2026-03-15,16:38:15,2026-03-15T16:38:15+01:00,STATION,"Place Viala",3,5,8,0.375,43.616812,3.855075
2026-03-15,16:38:15,2026-03-15T16:38:15+01:00,STATION,"Hôtel du Département",0,8,8,0.0,43.621682,3.83477
2026-03-15,16:38:15,2026-03-15T16:38:15+01:00,STATION,"Tonnelles",4,4,8,0.5,43.615155,3.839466
2026-03-15,16:38:15,2026-03-15T16:38:15+01:00,STATION,"Parvis Jules Ferry - Gare Saint-Roch",3,5,8,0.375,43.603889,3.879362
2026-03-15,16:38:15,2026-03-15T16:38:15+01:00,STATION,"Pont de Lattes - Gare Saint-Roch",3,9,12,0.25,43.606036,3.882393
2026-03-15,16:38:15,2026-03-15T16:38:15+01:00,STATION,"Deux Ponts - Gare Saint-Roch",0,8,8,0.0,43.604319,3.880916
2026-03-15,16:38:15,2026-03-15T16:38:15+01:00,STATION,"Providence - Ovalie",2,6,8,0.25,43.588239,3.853421
2026-03-15,16:38:15,2026-03-15T16:38:15+01:00,STATION,"Pérols Etang de l Or",37,31,68,0.5441176470588235,43.558351,3.963412
2026-03-15,16:38:15,2026-03-15T16:38:15+01:00,STATION,"Albert 1er - Cathédrale",5,7,12,0.4166666666666667,43.614005,3.873218
2026-03-15,16:38:15,2026-03-15T16:38:15+01:00,STATION,"Saint-Guilhem - Courreau",5,3,8,0.625,43.608996,3.872752
2026-03-15,16:38:15,2026-03-15T16:38:15+01:00,STATION,"Sud De France",8,0,8,1.0,43.59562,3.9235
2026-03-15,16:38:15,2026-03-15T16:38:15+01:00,STATION,"Comedie Baudin",0,8,8,0.0,43.608717,3.880787
2026-03-15,16:38:15,2026-03-15T16:38:15+01:00,STATION,"Jean de Beins",4,12,16,0.25,43.609857,3.883884
2026-03-15,17:33:47,2026-03-15T17:33:47+01:00,STATION,"Rue Jules Ferry - Gare Saint-Roch",2,10,12,0.16666666666666666,43.605366,3.881346
2026-03-15,17:33:47,2026-03-15T17:33:47+01:00,STATION,"Comédie",6,14,20,0.3,43.608148,3.878778
2026-03-15,17:33:47,2026-03-15T17:33:47+01:00,STATION,"Hôtel de Ville",10,5,16,0.6875,43.599088,3.894866
2026-03-15,17:33:47,2026-03-15T17:33:47+01:00,STATION,"Corum",3,9,12,0.25,43.613989,3.8816
2026-03-15,17:33:47,2026-03-15T17:33:47+01:00,STATION,"Place Albert 1er - St Charles",11,16,27,0.4074074074074074,43.616768,3.873375
2026-03-15,17:33:47,2026-03-15T17:33:47+01:00,STATION,"Foch",5,3,8,0.625,43.610989,3.873345
2026-03-15,17:33:47,2026-03-15T17:33:47+01:00,STATION,"Halles Castellane",0,12,12,0.0,43.609935,3.877208
2026-03-15,17:33:47,2026-03-15T17:33:47+01:00,STATION,"Observatoire",3,4,8,0.5,43.606301,3.87724
2026-03-15,17:33:47,2026-03-15T17:33:47+01:00,STATION,"Rondelet",1,15,16,0.0625,43.603038,3.875796
2026-03-15,17:33:47,2026-03-15T17:33:47+01:00,STATION,"Plan Cabanes",6,6,12,0.5,43.608491,3.868389
2026-03-15,17:33:47,2026-03-15T17:33:47+01:00,STATION,"Boutonnet",3,9,12,0.25,43.622629,3.868375
2026-03-15,17:33:47,2026-03-15T17:33:47+01:00,STATION,"Emile Combes",4,4,8,0.5,43.616742,3.87998
2026-03-15,17:33:47,2026-03-15T17:33:47+01:00,STATION,"Beaux-Arts",16,0,16,1.0,43.616698,3.884981
2026-03-15,17:33:47,2026-03-15T17:33:47+01:00,STATION,"Les Aubes",2,6,8,0.25,43.618692,3.893844
2026-03-15,17:33:47,2026-03-15T17:33:47+01:00,STATION,"Antigone centre",5,7,12,0.4166666666666667,43.607942,3.890634
2026-03-15,17:33:47,2026-03-15T17:33:47+01:00,STATION,"Médiathèque Emile Zola",8,8,16,0.5,43.608218,3.89314
2026-03-15,17:33:47,2026-03-15T17:33:47+01:00,STATION,"Nombre d Or",2,14,16,0.125,43.607859,3.886644
2026-03-15,17:33:47,2026-03-15T17:33:47+01:00,STATION,"Louis Blanc",5,11,16,0.3125,43.614642,3.877648
2026-03-15,17:33:47,2026-03-15T17:33:47+01:00,STATION,"Gambetta",6,2,8,0.75,43.607106,3.870693
2026-03-15,17:33:47,2026-03-15T17:33:47+01:00,STATION,"Port Marianne",11,5,16,0.6875,43.60032,3.89851
2026-03-15,17:33:47,2026-03-15T17:33:47+01:00,STATION,"Les Arceaux",1,7,8,0.125,43.612659,3.867734
2026-03-15,17:33:47,2026-03-15T17:33:47+01:00,STATION,"Cité Mion",1,5,8,0.375,43.601143,3.884373
2026-03-15,17:33:47,2026-03-15T17:33:47+01:00,STATION,"Nouveau Saint-Roch",2,6,8,0.25,43.599817,3.875757
2026-03-15,17:33:47,2026-03-15T17:33:47+01:00,STATION,"Renouvier",2,5,8,0.375,43.603553,3.867884
2026-03-15,17:33:47,2026-03-15T17:33:47+01:00,STATION,"Odysseum",0,8,8,0.0,43.603727,3.918979
2026-03-15,17:33:47,2026-03-15T17:33:47+01:00,STATION,"Saint-Denis",0,8,8,0.0,43.605021,3.875065
2026-03-15,17:33:47,2026-03-15T17:33:47+01:00,STATION,"Richter",13,3,16,0.8125,43.603424,3.899263
2026-03-15,17:33:47,2026-03-15T17:33:47+01:00,STATION,"Charles Flahault",0,8,8,0.0,43.622038,3.86672
2026-03-15,17:33:47,2026-03-15T17:33:47+01:00,STATION,"Voltaire",4,4,8,0.5,43.603767,3.888659
2026-03-15,17:33:47,2026-03-15T17:33:47+01:00,STATION,"Prés d Arènes",3,5,8,0.375,43.59048,3.884611
2026-03-15,17:33:47,2026-03-15T17:33:47+01:00,STATION,"Garcia Lorca",7,1,8,0.875,43.590757,3.890616
2026-03-15,17:33:47,2026-03-15T17:33:47+01:00,STATION,"Vert Bois",2,14,16,0.125,43.63543,3.871179
2026-03-15,17:33:47,2026-03-15T17:33:47+01:00,STATION,"Malbosc",3,5,8,0.375,43.633679,3.832861
2026-03-15,17:33:47,2026-03-15T17:33:47+01:00,STATION,"Occitanie",3,29,32,0.09375,43.635689,3.849597
2026-03-15,17:33:47,2026-03-15T17:33:47+01:00,STATION,"Fac des Sciences",8,16,24,0.3333333333333333,43.631318,3.861299
2026-03-15,17:33:47,2026-03-15T17:33:47+01:00,STATION,"Fac de Lettres",7,5,12,0.5833333333333334,43.630437,3.869539
2026-03-15,17:33:47,2026-03-15T17:33:47+01:00,STATION,"Aiguelongue",7,0,8,1.0,43.626163,3.882492
2026-03-15,17:33:47,2026-03-15T17:33:47+01:00,STATION,"Jeu de Mail des Abbés",8,0,8,1.0,43.619701,3.883831
2026-03-15,17:33:47,2026-03-15T17:33:47+01:00,STATION,"Euromédecine",1,7,8,0.125,43.639119,3.828199
2026-03-15,17:33:47,2026-03-15T17:33:47+01:00,STATION,"Marie Caizergues",8,0,8,1.0,43.619871,3.873812
2026-03-15,17:33:47,2026-03-15T17:33:47+01:00,STATION,"Sabines",5,3,8,0.625,43.584211,3.860031
2026-03-15,17:33:47,2026-03-15T17:33:47+01:00,STATION,"Celleneuve",0,8,8,0.0,43.61467,3.832624
2026-03-15,17:33:47,2026-03-15T17:33:47+01:00,STATION,"Jardin de la Lironde",8,0,8,1.0,43.60585,3.911576
2026-03-15,17:33:47,2026-03-15T17:33:47+01:00,STATION,"Père Soulas",3,5,8,0.375,43.621983,3.855603
2026-03-15,17:33:47,2026-03-15T17:33:47+01:00,STATION,"Place Viala",3,5,8,0.375,43.616812,3.855075
2026-03-15,17:33:47,2026-03-15T17:33:47+01:00,STATION,"Hôtel du Département",2,6,8,0.25,43.621682,3.83477
2026-03-15,17:33:47,2026-03-15T17:33:47+01:00,STATION,"Tonnelles",4,4,8,0.5,43.615155,3.839466
2026-03-15,17:33:47,2026-03-15T17:33:47+01:00,STATION,"Parvis Jules Ferry - Gare Saint-Roch",3,5,8,0.375,43.603889,3.879362
2026-03-15,17:33:47,2026-03-15T17:33:47+01:00,STATION,"Pont de Lattes - Gare Saint-Roch",3,9,12,0.25,43.606036,3.882393
2026-03-15,17:33:47,2026-03-15T17:33:47+01:00,STATION,"Deux Ponts - Gare Saint-Roch",0,8,8,0.0,43.604319,3.880916
2026-03-15,17:33:47,2026-03-15T17:33:47+01:00,STATION,"Providence - Ovalie",2,6,8,0.25,43.588239,3.853421
2026-03-15,17:33:47,2026-03-15T17:33:47+01:00,STATION,"Pérols Etang de l Or",41,27,68,0.6029411764705882,43.558351,3.963412
2026-03-15,17:33:47,2026-03-15T17:33:47+01:00,STATION,"Albert 1er - Cathédrale",5,7,12,0.4166666666666667,43.614005,3.873218
2026-03-15,17:33:47,2026-03-15T17:33:47+01:00,STATION,"Saint-Guilhem - Courreau",6,2,8,0.75,43.608996,3.872752
2026-03-15,17:33:47,2026-03-15T17:33:47+01:00,STATION,"Sud De France",8,0,8,1.0,43.59562,3.9235
2026-03-15,17:33:47,2026-03-15T17:33:47+01:00,STATION,"Comedie Baudin",0,8,8,0.0,43.608717,3.880787
2026-03-15,17:33:47,2026-03-15T17:33:47+01:00,STATION,"Jean de Beins",4,12,16,0.25,43.609857,3.883884
2026-03-15,18:29:02,2026-03-15T18:29:02+01:00,STATION,"Rue Jules Ferry - Gare Saint-Roch",4,8,12,0.3333333333333333,43.605366,3.881346
2026-03-15,18:29:02,2026-03-15T18:29:02+01:00,STATION,"Comédie",6,14,20,0.3,43.608148,3.878778
2026-03-15,18:29:02,2026-03-15T18:29:02+01:00,STATION,"Hôtel de Ville",10,5,16,0.6875,43.599088,3.894866
2026-03-15,18:29:02,2026-03-15T18:29:02+01:00,STATION,"Corum",4,8,12,0.3333333333333333,43.613989,3.8816
2026-03-15,18:29:02,2026-03-15T18:29:02+01:00,STATION,"Place Albert 1er - St Charles",10,17,27,0.37037037037037035,43.616768,3.873375
2026-03-15,18:29:02,2026-03-15T18:29:02+01:00,STATION,"Foch",4,4,8,0.5,43.610989,3.873345
2026-03-15,18:29:02,2026-03-15T18:29:02+01:00,STATION,"Halles Castellane",0,12,12,0.0,43.609935,3.877208
2026-03-15,18:29:02,2026-03-15T18:29:02+01:00,STATION,"Observatoire",2,5,8,0.375,43.606301,3.87724
2026-03-15,18:29:02,2026-03-15T18:29:02+01:00,STATION,"Rondelet",2,14,16,0.125,43.603038,3.875796
2026-03-15,18:29:02,2026-03-15T18:29:02+01:00,STATION,"Plan Cabanes",6,6,12,0.5,43.608491,3.868389
2026-03-15,18:29:02,2026-03-15T18:29:02+01:00,STATION,"Boutonnet",2,10,12,0.16666666666666666,43.622629,3.868375
2026-03-15,18:29:02,2026-03-15T18:29:02+01:00,STATION,"Emile Combes",4,4,8,0.5,43.616742,3.87998
2026-03-15,18:29:02,2026-03-15T18:29:02+01:00,STATION,"Beaux-Arts",16,0,16,1.0,43.616698,3.884981
2026-03-15,18:29:02,2026-03-15T18:29:02+01:00,STATION,"Les Aubes",2,6,8,0.25,43.618692,3.893844
2026-03-15,18:29:02,2026-03-15T18:29:02+01:00,STATION,"Antigone centre",7,5,12,0.5833333333333334,43.607942,3.890634
2026-03-15,18:29:02,2026-03-15T18:29:02+01:00,STATION,"Médiathèque Emile Zola",8,8,16,0.5,43.608218,3.89314
2026-03-15,18:29:02,2026-03-15T18:29:02+01:00,STATION,"Nombre d Or",2,14,16,0.125,43.607859,3.886644
2026-03-15,18:29:02,2026-03-15T18:29:02+01:00,STATION,"Louis Blanc",5,11,16,0.3125,43.614642,3.877648
2026-03-15,18:29:02,2026-03-15T18:29:02+01:00,STATION,"Gambetta",6,2,8,0.75,43.607106,3.870693
2026-03-15,18:29:02,2026-03-15T18:29:02+01:00,STATION,"Port Marianne",11,5,16,0.6875,43.60032,3.89851
2026-03-15,18:29:02,2026-03-15T18:29:02+01:00,STATION,"Les Arceaux",1,7,8,0.125,43.612659,3.867734
2026-03-15,18:29:02,2026-03-15T18:29:02+01:00,STATION,"Cité Mion",1,5,8,0.375,43.601143,3.884373
2026-03-15,18:29:02,2026-03-15T18:29:02+01:00,STATION,"Nouveau Saint-Roch",2,6,8,0.25,43.599817,3.875757
2026-03-15,18:29:02,2026-03-15T18:29:02+01:00,STATION,"Renouvier",2,5,8,0.375,43.603553,3.867884
2026-03-15,18:29:02,2026-03-15T18:29:02+01:00,STATION,"Odysseum",0,8,8,0.0,43.603727,3.918979
2026-03-15,18:29:02,2026-03-15T18:29:02+01:00,STATION,"Saint-Denis",0,8,8,0.0,43.605021,3.875065
2026-03-15,18:29:02,2026-03-15T18:29:02+01:00,STATION,"Richter",14,2,16,0.875,43.603424,3.899263
2026-03-15,18:29:02,2026-03-15T18:29:02+01:00,STATION,"Charles Flahault",0,8,8,0.0,43.622038,3.86672
2026-03-15,18:29:02,2026-03-15T18:29:02+01:00,STATION,"Voltaire",4,4,8,0.5,43.603767,3.888659
2026-03-15,18:29:02,2026-03-15T18:29:02+01:00,STATION,"Prés d Arènes",3,5,8,0.375,43.59048,3.884611
2026-03-15,18:29:02,2026-03-15T18:29:02+01:00,STATION,"Garcia Lorca",8,0,8,1.0,43.590757,3.890616
2026-03-15,18:29:02,2026-03-15T18:29:02+01:00,STATION,"Vert Bois",2,14,16,0.125,43.63543,3.871179
2026-03-15,18:29:02,2026-03-15T18:29:02+01:00,STATION,"Malbosc",3,5,8,0.375,43.633679,3.832861
2026-03-15,18:29:02,2026-03-15T18:29:02+01:00,STATION,"Occitanie",3,29,32,0.09375,43.635689,3.849597
2026-03-15,18:29:02,2026-03-15T18:29:02+01:00,STATION,"Fac des Sciences",9,15,24,0.375,43.631318,3.861299
2026-03-15,18:29:02,2026-03-15T18:29:02+01:00,STATION,"Fac de Lettres",8,4,12,0.6666666666666666,43.630437,3.869539
2026-03-15,18:29:02,2026-03-15T18:29:02+01:00,STATION,"Aiguelongue",6,1,8,0.875,43.626163,3.882492
2026-03-15,18:29:02,2026-03-15T18:29:02+01:00,STATION,"Jeu de Mail des Abbés",8,0,8,1.0,43.619701,3.883831
2026-03-15,18:29:02,2026-03-15T18:29:02+01:00,STATION,"Euromédecine",1,7,8,0.125,43.639119,3.828199
2026-03-15,18:29:02,2026-03-15T18:29:02+01:00,STATION,"Marie Caizergues",8,0,8,1.0,43.619871,3.873812
2026-03-15,18:29:02,2026-03-15T18:29:02+01:00,STATION,"Sabines",5,3,8,0.625,43.584211,3.860031
2026-03-15,18:29:02,2026-03-15T18:29:02+01:00,STATION,"Celleneuve",0,8,8,0.0,43.61467,3.832624
2026-03-15,18:29:02,2026-03-15T18:29:02+01:00,STATION,"Jardin de la Lironde",6,2,8,0.75,43.60585,3.911576
2026-03-15,18:29:02,2026-03-15T18:29:02+01:00,STATION,"Père Soulas",1,7,8,0.125,43.621983,3.855603
2026-03-15,18:29:02,2026-03-15T18:29:02+01:00,STATION,"Place Viala",4,4,8,0.5,43.616812,3.855075
2026-03-15,18:29:02,2026-03-15T18:29:02+01:00,STATION,"Hôtel du Département",2,6,8,0.25,43.621682,3.83477
2026-03-15,18:29:02,2026-03-15T18:29:02+01:00,STATION,"Tonnelles",4,4,8,0.5,43.615155,3.839466
2026-03-15,18:29:02,2026-03-15T18:29:02+01:00,STATION,"Parvis Jules Ferry - Gare Saint-Roch",4,4,8,0.5,43.603889,3.879362
2026-03-15,18:29:02,2026-03-15T18:29:02+01:00,STATION,"Pont de Lattes - Gare Saint-Roch",3,9,12,0.25,43.606036,3.882393
2026-03-15,18:29:02,2026-03-15T18:29:02+01:00,STATION,"Deux Ponts - Gare Saint-Roch",0,8,8,0.0,43.604319,3.880916
2026-03-15,18:29:02,2026-03-15T18:29:02+01:00,STATION,"Providence - Ovalie",2,6,8,0.25,43.588239,3.853421
2026-03-15,18:29:02,2026-03-15T18:29:02+01:00,STATION,"Pérols Etang de l Or",46,22,68,0.6764705882352942,43.558351,3.963412
2026-03-15,18:29:02,2026-03-15T18:29:02+01:00,STATION,"Albert 1er - Cathédrale",5,7,12,0.4166666666666667,43.614005,3.873218
2026-03-15,18:29:02,2026-03-15T18:29:02+01:00,STATION,"Saint-Guilhem - Courreau",6,2,8,0.75,43.608996,3.872752
2026-03-15,18:29:02,2026-03-15T18:29:02+01:00,STATION,"Sud De France",8,0,8,1.0,43.59562,3.9235
2026-03-15,18:29:02,2026-03-15T18:29:02+01:00,STATION,"Comedie Baudin",0,8,8,0.0,43.608717,3.880787
2026-03-15,18:29:02,2026-03-15T18:29:02+01:00,STATION,"Jean de Beins",4,12,16,0.25,43.609857,3.883884
2026-03-15,18:56:24,2026-03-15T18:56:24+01:00,STATION,"Rue Jules Ferry - Gare Saint-Roch",2,10,12,0.16666666666666666,43.605366,3.881346
2026-03-15,18:56:24,2026-03-15T18:56:24+01:00,STATION,"Comédie",7,13,20,0.35,43.608148,3.878778
2026-03-15,18:56:24,2026-03-15T18:56:24+01:00,STATION,"Hôtel de Ville",10,5,16,0.6875,43.599088,3.894866
2026-03-15,18:56:24,2026-03-15T18:56:24+01:00,STATION,"Corum",5,7,12,0.4166666666666667,43.613989,3.8816
2026-03-15,18:56:24,2026-03-15T18:56:24+01:00,STATION,"Place Albert 1er - St Charles",10,17,27,0.37037037037037035,43.616768,3.873375
2026-03-15,18:56:24,2026-03-15T18:56:24+01:00,STATION,"Foch",4,4,8,0.5,43.610989,3.873345
2026-03-15,18:56:24,2026-03-15T18:56:24+01:00,STATION,"Halles Castellane",0,12,12,0.0,43.609935,3.877208
2026-03-15,18:56:24,2026-03-15T18:56:24+01:00,STATION,"Observatoire",3,4,8,0.5,43.606301,3.87724
2026-03-15,18:56:24,2026-03-15T18:56:24+01:00,STATION,"Rondelet",3,13,16,0.1875,43.603038,3.875796
2026-03-15,18:56:24,2026-03-15T18:56:24+01:00,STATION,"Plan Cabanes",6,6,12,0.5,43.608491,3.868389
2026-03-15,18:56:24,2026-03-15T18:56:24+01:00,STATION,"Boutonnet",2,10,12,0.16666666666666666,43.622629,3.868375
2026-03-15,18:56:24,2026-03-15T18:56:24+01:00,STATION,"Emile Combes",4,4,8,0.5,43.616742,3.87998
2026-03-15,18:56:24,2026-03-15T18:56:24+01:00,STATION,"Beaux-Arts",16,0,16,1.0,43.616698,3.884981
2026-03-15,18:56:24,2026-03-15T18:56:24+01:00,STATION,"Les Aubes",2,6,8,0.25,43.618692,3.893844
2026-03-15,18:56:24,2026-03-15T18:56:24+01:00,STATION,"Antigone centre",7,5,12,0.5833333333333334,43.607942,3.890634
2026-03-15,18:56:24,2026-03-15T18:56:24+01:00,STATION,"Médiathèque Emile Zola",10,6,16,0.625,43.608218,3.89314
2026-03-15,18:56:24,2026-03-15T18:56:24+01:00,STATION,"Nombre d Or",2,14,16,0.125,43.607859,3.886644
2026-03-15,18:56:24,2026-03-15T18:56:24+01:00,STATION,"Louis Blanc",5,11,16,0.3125,43.614642,3.877648
2026-03-15,18:56:24,2026-03-15T18:56:24+01:00,STATION,"Gambetta",6,2,8,0.75,43.607106,3.870693
2026-03-15,18:56:24,2026-03-15T18:56:24+01:00,STATION,"Port Marianne",13,3,16,0.8125,43.60032,3.89851
2026-03-15,18:56:24,2026-03-15T18:56:24+01:00,STATION,"Les Arceaux",1,7,8,0.125,43.612659,3.867734
2026-03-15,18:56:24,2026-03-15T18:56:24+01:00,STATION,"Cité Mion",1,5,8,0.375,43.601143,3.884373
2026-03-15,18:56:24,2026-03-15T18:56:24+01:00,STATION,"Nouveau Saint-Roch",2,6,8,0.25,43.599817,3.875757
2026-03-15,18:56:24,2026-03-15T18:56:24+01:00,STATION,"Renouvier",1,6,8,0.25,43.603553,3.867884
2026-03-15,18:56:24,2026-03-15T18:56:24+01:00,STATION,"Odysseum",0,8,8,0.0,43.603727,3.918979
2026-03-15,18:56:24,2026-03-15T18:56:24+01:00,STATION,"Saint-Denis",0,8,8,0.0,43.605021,3.875065
2026-03-15,18:56:24,2026-03-15T18:56:24+01:00,STATION,"Richter",14,2,16,0.875,43.603424,3.899263
2026-03-15,18:56:24,2026-03-15T18:56:24+01:00,STATION,"Charles Flahault",1,7,8,0.125,43.622038,3.86672
2026-03-15,18:56:24,2026-03-15T18:56:24+01:00,STATION,"Voltaire",4,4,8,0.5,43.603767,3.888659
2026-03-15,18:56:24,2026-03-15T18:56:24+01:00,STATION,"Prés d Arènes",3,5,8,0.375,43.59048,3.884611
2026-03-15,18:56:24,2026-03-15T18:56:24+01:00,STATION,"Garcia Lorca",8,0,8,1.0,43.590757,3.890616
2026-03-15,18:56:24,2026-03-15T18:56:24+01:00,STATION,"Vert Bois",2,14,16,0.125,43.63543,3.871179
2026-03-15,18:56:24,2026-03-15T18:56:24+01:00,STATION,"Malbosc",3,5,8,0.375,43.633679,3.832861
2026-03-15,18:56:24,2026-03-15T18:56:24+01:00,STATION,"Occitanie",3,29,32,0.09375,43.635689,3.849597
2026-03-15,18:56:24,2026-03-15T18:56:24+01:00,STATION,"Fac des Sciences",8,16,24,0.3333333333333333,43.631318,3.861299
2026-03-15,18:56:24,2026-03-15T18:56:24+01:00,STATION,"Fac de Lettres",7,5,12,0.5833333333333334,43.630437,3.869539
2026-03-15,18:56:24,2026-03-15T18:56:24+01:00,STATION,"Aiguelongue",6,1,8,0.875,43.626163,3.882492
2026-03-15,18:56:24,2026-03-15T18:56:24+01:00,STATION,"Jeu de Mail des Abbés",8,0,8,1.0,43.619701,3.883831
2026-03-15,18:56:24,2026-03-15T18:56:24+01:00,STATION,"Euromédecine",1,7,8,0.125,43.639119,3.828199
2026-03-15,18:56:24,2026-03-15T18:56:24+01:00,STATION,"Marie Caizergues",8,0,8,1.0,43.619871,3.873812
2026-03-15,18:56:24,2026-03-15T18:56:24+01:00,STATION,"Sabines",5,3,8,0.625,43.584211,3.860031
2026-03-15,18:56:24,2026-03-15T18:56:24+01:00,STATION,"Celleneuve",0,8,8,0.0,43.61467,3.832624
2026-03-15,18:56:24,2026-03-15T18:56:24+01:00,STATION,"Jardin de la Lironde",6,2,8,0.75,43.60585,3.911576
2026-03-15,18:56:24,2026-03-15T18:56:24+01:00,STATION,"Père Soulas",1,7,8,0.125,43.621983,3.855603
2026-03-15,18:56:24,2026-03-15T18:56:24+01:00,STATION,"Place Viala",3,5,8,0.375,43.616812,3.855075
2026-03-15,18:56:24,2026-03-15T18:56:24+01:00,STATION,"Hôtel du Département",2,6,8,0.25,43.621682,3.83477
2026-03-15,18:56:24,2026-03-15T18:56:24+01:00,STATION,"Tonnelles",4,4,8,0.5,43.615155,3.839466
2026-03-15,18:56:24,2026-03-15T18:56:24+01:00,STATION,"Parvis Jules Ferry - Gare Saint-Roch",4,4,8,0.5,43.603889,3.879362
2026-03-15,18:56:24,2026-03-15T18:56:24+01:00,STATION,"Pont de Lattes - Gare Saint-Roch",3,9,12,0.25,43.606036,3.882393
2026-03-15,18:56:24,2026-03-15T18:56:24+01:00,STATION,"Deux Ponts - Gare Saint-Roch",0,8,8,0.0,43.604319,3.880916
2026-03-15,18:56:24,2026-03-15T18:56:24+01:00,STATION,"Providence - Ovalie",2,6,8,0.25,43.588239,3.853421
2026-03-15,18:56:24,2026-03-15T18:56:24+01:00,STATION,"Pérols Etang de l Or",46,22,68,0.6764705882352942,43.558351,3.963412
2026-03-15,18:56:24,2026-03-15T18:56:24+01:00,STATION,"Albert 1er - Cathédrale",5,7,12,0.4166666666666667,43.614005,3.873218
2026-03-15,18:56:24,2026-03-15T18:56:24+01:00,STATION,"Saint-Guilhem - Courreau",6,2,8,0.75,43.608996,3.872752
2026-03-15,18:56:24,2026-03-15T18:56:24+01:00,STATION,"Sud De France",8,0,8,1.0,43.59562,3.9235
2026-03-15,18:56:24,2026-03-15T18:56:24+01:00,STATION,"Comedie Baudin",0,8,8,0.0,43.608717,3.880787
2026-03-15,18:56:24,2026-03-15T18:56:24+01:00,STATION,"Jean de Beins",4,12,16,0.25,43.609857,3.883884
2026-03-15,19:40:42,2026-03-15T19:40:42+01:00,STATION,"Rue Jules Ferry - Gare Saint-Roch",2,10,12,0.16666666666666666,43.605366,3.881346
2026-03-15,19:40:42,2026-03-15T19:40:42+01:00,STATION,"Comédie",7,13,20,0.35,43.608148,3.878778
2026-03-15,19:40:42,2026-03-15T19:40:42+01:00,STATION,"Hôtel de Ville",9,6,16,0.625,43.599088,3.894866
2026-03-15,19:40:42,2026-03-15T19:40:42+01:00,STATION,"Corum",6,6,12,0.5,43.613989,3.8816
2026-03-15,19:40:42,2026-03-15T19:40:42+01:00,STATION,"Place Albert 1er - St Charles",11,16,27,0.4074074074074074,43.616768,3.873375
2026-03-15,19:40:42,2026-03-15T19:40:42+01:00,STATION,"Foch",4,4,8,0.5,43.610989,3.873345
2026-03-15,19:40:42,2026-03-15T19:40:42+01:00,STATION,"Halles Castellane",0,12,12,0.0,43.609935,3.877208
2026-03-15,19:40:42,2026-03-15T19:40:42+01:00,STATION,"Observatoire",3,4,8,0.5,43.606301,3.87724
2026-03-15,19:40:42,2026-03-15T19:40:42+01:00,STATION,"Rondelet",3,13,16,0.1875,43.603038,3.875796
2026-03-15,19:40:42,2026-03-15T19:40:42+01:00,STATION,"Plan Cabanes",6,6,12,0.5,43.608491,3.868389
2026-03-15,19:40:42,2026-03-15T19:40:42+01:00,STATION,"Boutonnet",3,9,12,0.25,43.622629,3.868375
2026-03-15,19:40:42,2026-03-15T19:40:42+01:00,STATION,"Emile Combes",4,4,8,0.5,43.616742,3.87998
2026-03-15,19:40:42,2026-03-15T19:40:42+01:00,STATION,"Beaux-Arts",16,0,16,1.0,43.616698,3.884981
2026-03-15,19:40:42,2026-03-15T19:40:42+01:00,STATION,"Les Aubes",2,6,8,0.25,43.618692,3.893844
2026-03-15,19:40:42,2026-03-15T19:40:42+01:00,STATION,"Antigone centre",7,5,12,0.5833333333333334,43.607942,3.890634
2026-03-15,19:40:42,2026-03-15T19:40:42+01:00,STATION,"Médiathèque Emile Zola",10,6,16,0.625,43.608218,3.89314
2026-03-15,19:40:42,2026-03-15T19:40:42+01:00,STATION,"Nombre d Or",4,12,16,0.25,43.607859,3.886644
2026-03-15,19:40:42,2026-03-15T19:40:42+01:00,STATION,"Louis Blanc",4,11,16,0.3125,43.614642,3.877648
2026-03-15,19:40:42,2026-03-15T19:40:42+01:00,STATION,"Gambetta",6,2,8,0.75,43.607106,3.870693
2026-03-15,19:40:42,2026-03-15T19:40:42+01:00,STATION,"Port Marianne",14,2,16,0.875,43.60032,3.89851
2026-03-15,19:40:42,2026-03-15T19:40:42+01:00,STATION,"Les Arceaux",1,7,8,0.125,43.612659,3.867734
2026-03-15,19:40:42,2026-03-15T19:40:42+01:00,STATION,"Cité Mion",1,5,8,0.375,43.601143,3.884373
2026-03-15,19:40:42,2026-03-15T19:40:42+01:00,STATION,"Nouveau Saint-Roch",2,6,8,0.25,43.599817,3.875757
2026-03-15,19:40:42,2026-03-15T19:40:42+01:00,STATION,"Renouvier",2,5,8,0.375,43.603553,3.867884
2026-03-15,19:40:42,2026-03-15T19:40:42+01:00,STATION,"Odysseum",0,8,8,0.0,43.603727,3.918979
2026-03-15,19:40:42,2026-03-15T19:40:42+01:00,STATION,"Saint-Denis",0,8,8,0.0,43.605021,3.875065
2026-03-15,19:40:42,2026-03-15T19:40:42+01:00,STATION,"Richter",14,2,16,0.875,43.603424,3.899263
2026-03-15,19:40:42,2026-03-15T19:40:42+01:00,STATION,"Charles Flahault",1,7,8,0.125,43.622038,3.86672
2026-03-15,19:40:42,2026-03-15T19:40:42+01:00,STATION,"Voltaire",4,4,8,0.5,43.603767,3.888659
2026-03-15,19:40:42,2026-03-15T19:40:42+01:00,STATION,"Prés d Arènes",3,5,8,0.375,43.59048,3.884611
2026-03-15,19:40:42,2026-03-15T19:40:42+01:00,STATION,"Garcia Lorca",8,0,8,1.0,43.590757,3.890616
2026-03-15,19:40:42,2026-03-15T19:40:42+01:00,STATION,"Vert Bois",2,14,16,0.125,43.63543,3.871179
2026-03-15,19:40:42,2026-03-15T19:40:42+01:00,STATION,"Malbosc",3,5,8,0.375,43.633679,3.832861
2026-03-15,19:40:42,2026-03-15T19:40:42+01:00,STATION,"Occitanie",3,29,32,0.09375,43.635689,3.849597
2026-03-15,19:40:42,2026-03-15T19:40:42+01:00,STATION,"Fac des Sciences",9,15,24,0.375,43.631318,3.861299
2026-03-15,19:40:42,2026-03-15T19:40:42+01:00,STATION,"Fac de Lettres",7,5,12,0.5833333333333334,43.630437,3.869539
2026-03-15,19:40:42,2026-03-15T19:40:42+01:00,STATION,"Aiguelongue",6,1,8,0.875,43.626163,3.882492
2026-03-15,19:40:42,2026-03-15T19:40:42+01:00,STATION,"Jeu de Mail des Abbés",8,0,8,1.0,43.619701,3.883831
2026-03-15,19:40:42,2026-03-15T19:40:42+01:00,STATION,"Euromédecine",1,7,8,0.125,43.639119,3.828199
2026-03-15,19:40:42,2026-03-15T19:40:42+01:00,STATION,"Marie Caizergues",8,0,8,1.0,43.619871,3.873812
2026-03-15,19:40:42,2026-03-15T19:40:42+01:00,STATION,"Sabines",5,3,8,0.625,43.584211,3.860031
2026-03-15,19:40:42,2026-03-15T19:40:42+01:00,STATION,"Celleneuve",0,8,8,0.0,43.61467,3.832624
2026-03-15,19:40:42,2026-03-15T19:40:42+01:00,STATION,"Jardin de la Lironde",6,2,8,0.75,43.60585,3.911576
2026-03-15,19:40:42,2026-03-15T19:40:42+01:00,STATION,"Père Soulas",1,7,8,0.125,43.621983,3.855603
2026-03-15,19:40:42,2026-03-15T19:40:42+01:00,STATION,"Place Viala",4,4,8,0.5,43.616812,3.855075
2026-03-15,19:40:42,2026-03-15T19:40:42+01:00,STATION,"Hôtel du Département",2,6,8,0.25,43.621682,3.83477
2026-03-15,19:40:42,2026-03-15T19:40:42+01:00,STATION,"Tonnelles",4,4,8,0.5,43.615155,3.839466
2026-03-15,19:40:42,2026-03-15T19:40:42+01:00,STATION,"Parvis Jules Ferry - Gare Saint-Roch",4,4,8,0.5,43.603889,3.879362
2026-03-15,19:40:42,2026-03-15T19:40:42+01:00,STATION,"Pont de Lattes - Gare Saint-Roch",3,9,12,0.25,43.606036,3.882393
2026-03-15,19:40:42,2026-03-15T19:40:42+01:00,STATION,"Deux Ponts - Gare Saint-Roch",0,8,8,0.0,43.604319,3.880916
2026-03-15,19:40:42,2026-03-15T19:40:42+01:00,STATION,"Providence - Ovalie",1,7,8,0.125,43.588239,3.853421
2026-03-15,19:40:42,2026-03-15T19:40:42+01:00,STATION,"Pérols Etang de l Or",49,19,68,0.7205882352941176,43.558351,3.963412
2026-03-15,19:40:42,2026-03-15T19:40:42+01:00,STATION,"Albert 1er - Cathédrale",5,7,12,0.4166666666666667,43.614005,3.873218
2026-03-15,19:40:42,2026-03-15T19:40:42+01:00,STATION,"Saint-Guilhem - Courreau",6,2,8,0.75,43.608996,3.872752
2026-03-15,19:40:42,2026-03-15T19:40:42+01:00,STATION,"Sud De France",8,0,8,1.0,43.59562,3.9235
2026-03-15,19:40:42,2026-03-15T19:40:42+01:00,STATION,"Comedie Baudin",0,8,8,0.0,43.608717,3.880787
2026-03-15,19:40:42,2026-03-15T19:40:42+01:00,STATION,"Jean de Beins",4,12,16,0.25,43.609857,3.883884
2026-03-15,20:29:37,2026-03-15T20:29:37+01:00,STATION,"Rue Jules Ferry - Gare Saint-Roch",2,10,12,0.16666666666666666,43.605366,3.881346
2026-03-15,20:29:37,2026-03-15T20:29:37+01:00,STATION,"Comédie",7,13,20,0.35,43.608148,3.878778
2026-03-15,20:29:37,2026-03-15T20:29:37+01:00,STATION,"Hôtel de Ville",9,6,16,0.625,43.599088,3.894866
2026-03-15,20:29:37,2026-03-15T20:29:37+01:00,STATION,"Corum",6,6,12,0.5,43.613989,3.8816
2026-03-15,20:29:37,2026-03-15T20:29:37+01:00,STATION,"Place Albert 1er - St Charles",11,16,27,0.4074074074074074,43.616768,3.873375
2026-03-15,20:29:37,2026-03-15T20:29:37+01:00,STATION,"Foch",4,4,8,0.5,43.610989,3.873345
2026-03-15,20:29:37,2026-03-15T20:29:37+01:00,STATION,"Halles Castellane",0,12,12,0.0,43.609935,3.877208
2026-03-15,20:29:37,2026-03-15T20:29:37+01:00,STATION,"Observatoire",3,4,8,0.5,43.606301,3.87724
2026-03-15,20:29:37,2026-03-15T20:29:37+01:00,STATION,"Rondelet",3,13,16,0.1875,43.603038,3.875796
2026-03-15,20:29:37,2026-03-15T20:29:37+01:00,STATION,"Plan Cabanes",6,6,12,0.5,43.608491,3.868389
2026-03-15,20:29:37,2026-03-15T20:29:37+01:00,STATION,"Boutonnet",3,9,12,0.25,43.622629,3.868375
2026-03-15,20:29:37,2026-03-15T20:29:37+01:00,STATION,"Emile Combes",4,4,8,0.5,43.616742,3.87998
2026-03-15,20:29:37,2026-03-15T20:29:37+01:00,STATION,"Beaux-Arts",16,0,16,1.0,43.616698,3.884981
2026-03-15,20:29:37,2026-03-15T20:29:37+01:00,STATION,"Les Aubes",2,6,8,0.25,43.618692,3.893844
2026-03-15,20:29:37,2026-03-15T20:29:37+01:00,STATION,"Antigone centre",7,5,12,0.5833333333333334,43.607942,3.890634
2026-03-15,20:29:37,2026-03-15T20:29:37+01:00,STATION,"Médiathèque Emile Zola",10,6,16,0.625,43.608218,3.89314
2026-03-15,20:29:37,2026-03-15T20:29:37+01:00,STATION,"Nombre d Or",4,12,16,0.25,43.607859,3.886644
2026-03-15,20:29:37,2026-03-15T20:29:37+01:00,STATION,"Louis Blanc",5,11,16,0.3125,43.614642,3.877648
2026-03-15,20:29:37,2026-03-15T20:29:37+01:00,STATION,"Gambetta",6,2,8,0.75,43.607106,3.870693
2026-03-15,20:29:37,2026-03-15T20:29:37+01:00,STATION,"Port Marianne",14,2,16,0.875,43.60032,3.89851
2026-03-15,20:29:37,2026-03-15T20:29:37+01:00,STATION,"Les Arceaux",1,7,8,0.125,43.612659,3.867734
2026-03-15,20:29:37,2026-03-15T20:29:37+01:00,STATION,"Cité Mion",1,5,8,0.375,43.601143,3.884373
2026-03-15,20:29:37,2026-03-15T20:29:37+01:00,STATION,"Nouveau Saint-Roch",2,6,8,0.25,43.599817,3.875757
2026-03-15,20:29:37,2026-03-15T20:29:37+01:00,STATION,"Renouvier",2,5,8,0.375,43.603553,3.867884
2026-03-15,20:29:37,2026-03-15T20:29:37+01:00,STATION,"Odysseum",0,8,8,0.0,43.603727,3.918979
2026-03-15,20:29:37,2026-03-15T20:29:37+01:00,STATION,"Saint-Denis",0,8,8,0.0,43.605021,3.875065
2026-03-15,20:29:37,2026-03-15T20:29:37+01:00,STATION,"Richter",14,2,16,0.875,43.603424,3.899263
2026-03-15,20:29:37,2026-03-15T20:29:37+01:00,STATION,"Charles Flahault",1,7,8,0.125,43.622038,3.86672
2026-03-15,20:29:37,2026-03-15T20:29:37+01:00,STATION,"Voltaire",4,4,8,0.5,43.603767,3.888659
2026-03-15,20:29:37,2026-03-15T20:29:37+01:00,STATION,"Prés d Arènes",3,5,8,0.375,43.59048,3.884611
2026-03-15,20:29:37,2026-03-15T20:29:37+01:00,STATION,"Garcia Lorca",8,0,8,1.0,43.590757,3.890616
2026-03-15,20:29:37,2026-03-15T20:29:37+01:00,STATION,"Vert Bois",2,14,16,0.125,43.63543,3.871179
2026-03-15,20:29:37,2026-03-15T20:29:37+01:00,STATION,"Malbosc",3,5,8,0.375,43.633679,3.832861
2026-03-15,20:29:37,2026-03-15T20:29:37+01:00,STATION,"Occitanie",2,30,32,0.0625,43.635689,3.849597
2026-03-15,20:29:37,2026-03-15T20:29:37+01:00,STATION,"Fac des Sciences",9,15,24,0.375,43.631318,3.861299
2026-03-15,20:29:37,2026-03-15T20:29:37+01:00,STATION,"Fac de Lettres",7,5,12,0.5833333333333334,43.630437,3.869539
2026-03-15,20:29:37,2026-03-15T20:29:37+01:00,STATION,"Aiguelongue",6,1,8,0.875,43.626163,3.882492
2026-03-15,20:29:37,2026-03-15T20:29:37+01:00,STATION,"Jeu de Mail des Abbés",8,0,8,1.0,43.619701,3.883831
2026-03-15,20:29:37,2026-03-15T20:29:37+01:00,STATION,"Euromédecine",1,7,8,0.125,43.639119,3.828199
2026-03-15,20:29:37,2026-03-15T20:29:37+01:00,STATION,"Marie Caizergues",7,1,8,0.875,43.619871,3.873812
2026-03-15,20:29:37,2026-03-15T20:29:37+01:00,STATION,"Sabines",4,4,8,0.5,43.584211,3.860031
2026-03-15,20:29:37,2026-03-15T20:29:37+01:00,STATION,"Celleneuve",0,8,8,0.0,43.61467,3.832624
2026-03-15,20:29:37,2026-03-15T20:29:37+01:00,STATION,"Jardin de la Lironde",6,2,8,0.75,43.60585,3.911576
2026-03-15,20:29:37,2026-03-15T20:29:37+01:00,STATION,"Père Soulas",1,7,8,0.125,43.621983,3.855603
2026-03-15,20:29:37,2026-03-15T20:29:37+01:00,STATION,"Place Viala",4,4,8,0.5,43.616812,3.855075
2026-03-15,20:29:37,2026-03-15T20:29:37+01:00,STATION,"Hôtel du Département",2,6,8,0.25,43.621682,3.83477
2026-03-15,20:29:37,2026-03-15T20:29:37+01:00,STATION,"Tonnelles",4,4,8,0.5,43.615155,3.839466
2026-03-15,20:29:37,2026-03-15T20:29:37+01:00,STATION,"Parvis Jules Ferry - Gare Saint-Roch",4,4,8,0.5,43.603889,3.879362
2026-03-15,20:29:37,2026-03-15T20:29:37+01:00,STATION,"Pont de Lattes - Gare Saint-Roch",3,9,12,0.25,43.606036,3.882393
2026-03-15,20:29:37,2026-03-15T20:29:37+01:00,STATION,"Deux Ponts - Gare Saint-Roch",0,8,8,0.0,43.604319,3.880916
2026-03-15,20:29:37,2026-03-15T20:29:37+01:00,STATION,"Providence - Ovalie",1,7,8,0.125,43.588239,3.853421
2026-03-15,20:29:37,2026-03-15T20:29:37+01:00,STATION,"Pérols Etang de l Or",51,17,68,0.75,43.558351,3.963412
2026-03-15,20:29:37,2026-03-15T20:29:37+01:00,STATION,"Albert 1er - Cathédrale",5,7,12,0.4166666666666667,43.614005,3.873218
2026-03-15,20:29:37,2026-03-15T20:29:37+01:00,STATION,"Saint-Guilhem - Courreau",6,2,8,0.75,43.608996,3.872752
2026-03-15,20:29:37,2026-03-15T20:29:37+01:00,STATION,"Sud De France",8,0,8,1.0,43.59562,3.9235
2026-03-15,20:29:37,2026-03-15T20:29:37+01:00,STATION,"Comedie Baudin",0,8,8,0.0,43.608717,3.880787
2026-03-15,20:29:37,2026-03-15T20:29:37+01:00,STATION,"Jean de Beins",4,12,16,0.25,43.609857,3.883884
2026-03-15,20:52:39,2026-03-15T20:52:39+01:00,STATION,"Rue Jules Ferry - Gare Saint-Roch",4,8,12,0.3333333333333333,43.605366,3.881346
2026-03-15,20:52:39,2026-03-15T20:52:39+01:00,STATION,"Comédie",7,13,20,0.35,43.608148,3.878778
2026-03-15,20:52:39,2026-03-15T20:52:39+01:00,STATION,"Hôtel de Ville",9,6,16,0.625,43.599088,3.894866
2026-03-15,20:52:39,2026-03-15T20:52:39+01:00,STATION,"Corum",7,5,12,0.5833333333333334,43.613989,3.8816
2026-03-15,20:52:39,2026-03-15T20:52:39+01:00,STATION,"Place Albert 1er - St Charles",11,16,27,0.4074074074074074,43.616768,3.873375
2026-03-15,20:52:39,2026-03-15T20:52:39+01:00,STATION,"Foch",4,4,8,0.5,43.610989,3.873345
2026-03-15,20:52:39,2026-03-15T20:52:39+01:00,STATION,"Halles Castellane",0,12,12,0.0,43.609935,3.877208
2026-03-15,20:52:39,2026-03-15T20:52:39+01:00,STATION,"Observatoire",3,4,8,0.5,43.606301,3.87724
2026-03-15,20:52:39,2026-03-15T20:52:39+01:00,STATION,"Rondelet",3,13,16,0.1875,43.603038,3.875796
2026-03-15,20:52:39,2026-03-15T20:52:39+01:00,STATION,"Plan Cabanes",6,6,12,0.5,43.608491,3.868389
2026-03-15,20:52:39,2026-03-15T20:52:39+01:00,STATION,"Boutonnet",3,9,12,0.25,43.622629,3.868375
2026-03-15,20:52:39,2026-03-15T20:52:39+01:00,STATION,"Emile Combes",4,4,8,0.5,43.616742,3.87998
2026-03-15,20:52:39,2026-03-15T20:52:39+01:00,STATION,"Beaux-Arts",16,0,16,1.0,43.616698,3.884981
2026-03-15,20:52:39,2026-03-15T20:52:39+01:00,STATION,"Les Aubes",2,6,8,0.25,43.618692,3.893844
2026-03-15,20:52:39,2026-03-15T20:52:39+01:00,STATION,"Antigone centre",7,5,12,0.5833333333333334,43.607942,3.890634
2026-03-15,20:52:39,2026-03-15T20:52:39+01:00,STATION,"Médiathèque Emile Zola",10,6,16,0.625,43.608218,3.89314
2026-03-15,20:52:39,2026-03-15T20:52:39+01:00,STATION,"Nombre d Or",4,12,16,0.25,43.607859,3.886644
2026-03-15,20:52:39,2026-03-15T20:52:39+01:00,STATION,"Louis Blanc",5,11,16,0.3125,43.614642,3.877648
2026-03-15,20:52:39,2026-03-15T20:52:39+01:00,STATION,"Gambetta",6,2,8,0.75,43.607106,3.870693
2026-03-15,20:52:39,2026-03-15T20:52:39+01:00,STATION,"Port Marianne",15,1,16,0.9375,43.60032,3.89851
2026-03-15,20:52:39,2026-03-15T20:52:39+01:00,STATION,"Les Arceaux",2,6,8,0.25,43.612659,3.867734
2026-03-15,20:52:39,2026-03-15T20:52:39+01:00,STATION,"Cité Mion",1,5,8,0.375,43.601143,3.884373
2026-03-15,20:52:39,2026-03-15T20:52:39+01:00,STATION,"Nouveau Saint-Roch",2,6,8,0.25,43.599817,3.875757
2026-03-15,20:52:39,2026-03-15T20:52:39+01:00,STATION,"Renouvier",2,5,8,0.375,43.603553,3.867884
2026-03-15,20:52:39,2026-03-15T20:52:39+01:00,STATION,"Odysseum",0,8,8,0.0,43.603727,3.918979
2026-03-15,20:52:39,2026-03-15T20:52:39+01:00,STATION,"Saint-Denis",0,8,8,0.0,43.605021,3.875065
2026-03-15,20:52:39,2026-03-15T20:52:39+01:00,STATION,"Richter",14,2,16,0.875,43.603424,3.899263
2026-03-15,20:52:39,2026-03-15T20:52:39+01:00,STATION,"Charles Flahault",1,7,8,0.125,43.622038,3.86672
2026-03-15,20:52:39,2026-03-15T20:52:39+01:00,STATION,"Voltaire",4,4,8,0.5,43.603767,3.888659
2026-03-15,20:52:39,2026-03-15T20:52:39+01:00,STATION,"Prés d Arènes",3,5,8,0.375,43.59048,3.884611
2026-03-15,20:52:39,2026-03-15T20:52:39+01:00,STATION,"Garcia Lorca",8,0,8,1.0,43.590757,3.890616
2026-03-15,20:52:39,2026-03-15T20:52:39+01:00,STATION,"Vert Bois",2,14,16,0.125,43.63543,3.871179
2026-03-15,20:52:39,2026-03-15T20:52:39+01:00,STATION,"Malbosc",3,5,8,0.375,43.633679,3.832861
2026-03-15,20:52:39,2026-03-15T20:52:39+01:00,STATION,"Occitanie",2,30,32,0.0625,43.635689,3.849597
2026-03-15,20:52:39,2026-03-15T20:52:39+01:00,STATION,"Fac des Sciences",9,15,24,0.375,43.631318,3.861299
2026-03-15,20:52:39,2026-03-15T20:52:39+01:00,STATION,"Fac de Lettres",6,6,12,0.5,43.630437,3.869539
2026-03-15,20:52:39,2026-03-15T20:52:39+01:00,STATION,"Aiguelongue",6,1,8,0.875,43.626163,3.882492
2026-03-15,20:52:39,2026-03-15T20:52:39+01:00,STATION,"Jeu de Mail des Abbés",8,0,8,1.0,43.619701,3.883831
2026-03-15,20:52:39,2026-03-15T20:52:39+01:00,STATION,"Euromédecine",1,7,8,0.125,43.639119,3.828199
2026-03-15,20:52:39,2026-03-15T20:52:39+01:00,STATION,"Marie Caizergues",7,1,8,0.875,43.619871,3.873812
2026-03-15,20:52:39,2026-03-15T20:52:39+01:00,STATION,"Sabines",4,4,8,0.5,43.584211,3.860031
2026-03-15,20:52:39,2026-03-15T20:52:39+01:00,STATION,"Celleneuve",0,8,8,0.0,43.61467,3.832624
2026-03-15,20:52:39,2026-03-15T20:52:39+01:00,STATION,"Jardin de la Lironde",6,2,8,0.75,43.60585,3.911576
2026-03-15,20:52:39,2026-03-15T20:52:39+01:00,STATION,"Père Soulas",1,7,8,0.125,43.621983,3.855603
2026-03-15,20:52:39,2026-03-15T20:52:39+01:00,STATION,"Place Viala",5,3,8,0.625,43.616812,3.855075
2026-03-15,20:52:39,2026-03-15T20:52:39+01:00,STATION,"Hôtel du Département",2,6,8,0.25,43.621682,3.83477
2026-03-15,20:52:39,2026-03-15T20:52:39+01:00,STATION,"Tonnelles",3,5,8,0.375,43.615155,3.839466
2026-03-15,20:52:39,2026-03-15T20:52:39+01:00,STATION,"Parvis Jules Ferry - Gare Saint-Roch",4,4,8,0.5,43.603889,3.879362
2026-03-15,20:52:39,2026-03-15T20:52:39+01:00,STATION,"Pont de Lattes - Gare Saint-Roch",3,9,12,0.25,43.606036,3.882393
2026-03-15,20:52:39,2026-03-15T20:52:39+01:00,STATION,"Deux Ponts - Gare Saint-Roch",0,8,8,0.0,43.604319,3.880916
2026-03-15,20:52:39,2026-03-15T20:52:39+01:00,STATION,"Providence - Ovalie",1,7,8,0.125,43.588239,3.853421
2026-03-15,20:52:39,2026-03-15T20:52:39+01:00,STATION,"Pérols Etang de l Or",51,17,68,0.75,43.558351,3.963412
2026-03-15,20:52:39,2026-03-15T20:52:39+01:00,STATION,"Albert 1er - Cathédrale",3,9,12,0.25,43.614005,3.873218
2026-03-15,20:52:39,2026-03-15T20:52:39+01:00,STATION,"Saint-Guilhem - Courreau",7,1,8,0.875,43.608996,3.872752
2026-03-15,20:52:39,2026-03-15T20:52:39+01:00,STATION,"Sud De France",8,0,8,1.0,43.59562,3.9235
2026-03-15,20:52:39,2026-03-15T20:52:39+01:00,STATION,"Comedie Baudin",0,8,8,0.0,43.608717,3.880787
2026-03-15,20:52:39,2026-03-15T20:52:39+01:00,STATION,"Jean de Beins",4,12,16,0.25,43.609857,3.883884
2026-03-15,21:30:58,2026-03-15T21:30:58+01:00,STATION,"Rue Jules Ferry - Gare Saint-Roch",2,10,12,0.16666666666666666,43.605366,3.881346
2026-03-15,21:30:58,2026-03-15T21:30:58+01:00,STATION,"Comédie",7,13,20,0.35,43.608148,3.878778
2026-03-15,21:30:58,2026-03-15T21:30:58+01:00,STATION,"Hôtel de Ville",9,6,16,0.625,43.599088,3.894866
2026-03-15,21:30:58,2026-03-15T21:30:58+01:00,STATION,"Corum",7,5,12,0.5833333333333334,43.613989,3.8816
2026-03-15,21:30:58,2026-03-15T21:30:58+01:00,STATION,"Place Albert 1er - St Charles",11,16,27,0.4074074074074074,43.616768,3.873375
2026-03-15,21:30:58,2026-03-15T21:30:58+01:00,STATION,"Foch",4,4,8,0.5,43.610989,3.873345
2026-03-15,21:30:58,2026-03-15T21:30:58+01:00,STATION,"Halles Castellane",0,12,12,0.0,43.609935,3.877208
2026-03-15,21:30:58,2026-03-15T21:30:58+01:00,STATION,"Observatoire",3,4,8,0.5,43.606301,3.87724
2026-03-15,21:30:58,2026-03-15T21:30:58+01:00,STATION,"Rondelet",3,13,16,0.1875,43.603038,3.875796
2026-03-15,21:30:58,2026-03-15T21:30:58+01:00,STATION,"Plan Cabanes",6,6,12,0.5,43.608491,3.868389
2026-03-15,21:30:58,2026-03-15T21:30:58+01:00,STATION,"Boutonnet",2,10,12,0.16666666666666666,43.622629,3.868375
2026-03-15,21:30:58,2026-03-15T21:30:58+01:00,STATION,"Emile Combes",4,4,8,0.5,43.616742,3.87998
2026-03-15,21:30:58,2026-03-15T21:30:58+01:00,STATION,"Beaux-Arts",16,0,16,1.0,43.616698,3.884981
2026-03-15,21:30:58,2026-03-15T21:30:58+01:00,STATION,"Les Aubes",2,6,8,0.25,43.618692,3.893844
2026-03-15,21:30:58,2026-03-15T21:30:58+01:00,STATION,"Antigone centre",7,5,12,0.5833333333333334,43.607942,3.890634
2026-03-15,21:30:58,2026-03-15T21:30:58+01:00,STATION,"Médiathèque Emile Zola",10,6,16,0.625,43.608218,3.89314
2026-03-15,21:30:58,2026-03-15T21:30:58+01:00,STATION,"Nombre d Or",4,12,16,0.25,43.607859,3.886644
2026-03-15,21:30:58,2026-03-15T21:30:58+01:00,STATION,"Louis Blanc",5,11,16,0.3125,43.614642,3.877648
2026-03-15,21:30:58,2026-03-15T21:30:58+01:00,STATION,"Gambetta",7,1,8,0.875,43.607106,3.870693
2026-03-15,21:30:58,2026-03-15T21:30:58+01:00,STATION,"Port Marianne",15,1,16,0.9375,43.60032,3.89851
2026-03-15,21:30:58,2026-03-15T21:30:58+01:00,STATION,"Les Arceaux",2,6,8,0.25,43.612659,3.867734
2026-03-15,21:30:58,2026-03-15T21:30:58+01:00,STATION,"Cité Mion",1,5,8,0.375,43.601143,3.884373
2026-03-15,21:30:58,2026-03-15T21:30:58+01:00,STATION,"Nouveau Saint-Roch",2,6,8,0.25,43.599817,3.875757
2026-03-15,21:30:58,2026-03-15T21:30:58+01:00,STATION,"Renouvier",2,5,8,0.375,43.603553,3.867884
2026-03-15,21:30:58,2026-03-15T21:30:58+01:00,STATION,"Odysseum",0,8,8,0.0,43.603727,3.918979
2026-03-15,21:30:58,2026-03-15T21:30:58+01:00,STATION,"Saint-Denis",0,8,8,0.0,43.605021,3.875065
2026-03-15,21:30:58,2026-03-15T21:30:58+01:00,STATION,"Richter",14,2,16,0.875,43.603424,3.899263
2026-03-15,21:30:58,2026-03-15T21:30:58+01:00,STATION,"Charles Flahault",1,7,8,0.125,43.622038,3.86672
2026-03-15,21:30:58,2026-03-15T21:30:58+01:00,STATION,"Voltaire",4,4,8,0.5,43.603767,3.888659
2026-03-15,21:30:58,2026-03-15T21:30:58+01:00,STATION,"Prés d Arènes",3,5,8,0.375,43.59048,3.884611
2026-03-15,21:30:58,2026-03-15T21:30:58+01:00,STATION,"Garcia Lorca",8,0,8,1.0,43.590757,3.890616
2026-03-15,21:30:58,2026-03-15T21:30:58+01:00,STATION,"Vert Bois",2,14,16,0.125,43.63543,3.871179
2026-03-15,21:30:58,2026-03-15T21:30:58+01:00,STATION,"Malbosc",3,5,8,0.375,43.633679,3.832861
2026-03-15,21:30:58,2026-03-15T21:30:58+01:00,STATION,"Occitanie",3,29,32,0.09375,43.635689,3.849597
2026-03-15,21:30:58,2026-03-15T21:30:58+01:00,STATION,"Fac des Sciences",9,15,24,0.375,43.631318,3.861299
2026-03-15,21:30:58,2026-03-15T21:30:58+01:00,STATION,"Fac de Lettres",6,6,12,0.5,43.630437,3.869539
2026-03-15,21:30:58,2026-03-15T21:30:58+01:00,STATION,"Aiguelongue",6,1,8,0.875,43.626163,3.882492
2026-03-15,21:30:58,2026-03-15T21:30:58+01:00,STATION,"Jeu de Mail des Abbés",8,0,8,1.0,43.619701,3.883831
2026-03-15,21:30:58,2026-03-15T21:30:58+01:00,STATION,"Euromédecine",1,7,8,0.125,43.639119,3.828199
2026-03-15,21:30:58,2026-03-15T21:30:58+01:00,STATION,"Marie Caizergues",7,1,8,0.875,43.619871,3.873812
2026-03-15,21:30:58,2026-03-15T21:30:58+01:00,STATION,"Sabines",3,5,8,0.375,43.584211,3.860031
2026-03-15,21:30:58,2026-03-15T21:30:58+01:00,STATION,"Celleneuve",0,8,8,0.0,43.61467,3.832624
2026-03-15,21:30:58,2026-03-15T21:30:58+01:00,STATION,"Jardin de la Lironde",6,2,8,0.75,43.60585,3.911576
2026-03-15,21:30:58,2026-03-15T21:30:58+01:00,STATION,"Père Soulas",2,6,8,0.25,43.621983,3.855603
2026-03-15,21:30:58,2026-03-15T21:30:58+01:00,STATION,"Place Viala",5,3,8,0.625,43.616812,3.855075
2026-03-15,21:30:58,2026-03-15T21:30:58+01:00,STATION,"Hôtel du Département",2,6,8,0.25,43.621682,3.83477
2026-03-15,21:30:58,2026-03-15T21:30:58+01:00,STATION,"Tonnelles",3,5,8,0.375,43.615155,3.839466
2026-03-15,21:30:58,2026-03-15T21:30:58+01:00,STATION,"Parvis Jules Ferry - Gare Saint-Roch",4,4,8,0.5,43.603889,3.879362
2026-03-15,21:30:58,2026-03-15T21:30:58+01:00,STATION,"Pont de Lattes - Gare Saint-Roch",3,9,12,0.25,43.606036,3.882393
2026-03-15,21:30:58,2026-03-15T21:30:58+01:00,STATION,"Deux Ponts - Gare Saint-Roch",0,8,8,0.0,43.604319,3.880916
2026-03-15,21:30:58,2026-03-15T21:30:58+01:00,STATION,"Providence - Ovalie",1,7,8,0.125,43.588239,3.853421
2026-03-15,21:30:58,2026-03-15T21:30:58+01:00,STATION,"Pérols Etang de l Or",51,17,68,0.75,43.558351,3.963412
2026-03-15,21:30:58,2026-03-15T21:30:58+01:00,STATION,"Albert 1er - Cathédrale",3,9,12,0.25,43.614005,3.873218
2026-03-15,21:30:58,2026-03-15T21:30:58+01:00,STATION,"Saint-Guilhem - Courreau",7,1,8,0.875,43.608996,3.872752
2026-03-15,21:30:58,2026-03-15T21:30:58+01:00,STATION,"Sud De France",8,0,8,1.0,43.59562,3.9235
2026-03-15,21:30:58,2026-03-15T21:30:58+01:00,STATION,"Comedie Baudin",0,8,8,0.0,43.608717,3.880787
2026-03-15,21:30:58,2026-03-15T21:30:58+01:00,STATION,"Jean de Beins",4,12,16,0.25,43.609857,3.883884
2026-03-15,21:57:24,2026-03-15T21:57:24+01:00,STATION,"Rue Jules Ferry - Gare Saint-Roch",2,10,12,0.16666666666666666,43.605366,3.881346
2026-03-15,21:57:24,2026-03-15T21:57:24+01:00,STATION,"Comédie",7,13,20,0.35,43.608148,3.878778
2026-03-15,21:57:24,2026-03-15T21:57:24+01:00,STATION,"Hôtel de Ville",9,6,16,0.625,43.599088,3.894866
2026-03-15,21:57:24,2026-03-15T21:57:24+01:00,STATION,"Corum",7,5,12,0.5833333333333334,43.613989,3.8816
2026-03-15,21:57:24,2026-03-15T21:57:24+01:00,STATION,"Place Albert 1er - St Charles",11,16,27,0.4074074074074074,43.616768,3.873375
2026-03-15,21:57:24,2026-03-15T21:57:24+01:00,STATION,"Foch",4,4,8,0.5,43.610989,3.873345
2026-03-15,21:57:24,2026-03-15T21:57:24+01:00,STATION,"Halles Castellane",0,12,12,0.0,43.609935,3.877208
2026-03-15,21:57:24,2026-03-15T21:57:24+01:00,STATION,"Observatoire",3,4,8,0.5,43.606301,3.87724
2026-03-15,21:57:24,2026-03-15T21:57:24+01:00,STATION,"Rondelet",2,14,16,0.125,43.603038,3.875796
2026-03-15,21:57:24,2026-03-15T21:57:24+01:00,STATION,"Plan Cabanes",6,6,12,0.5,43.608491,3.868389
2026-03-15,21:57:24,2026-03-15T21:57:24+01:00,STATION,"Boutonnet",2,10,12,0.16666666666666666,43.622629,3.868375
2026-03-15,21:57:24,2026-03-15T21:57:24+01:00,STATION,"Emile Combes",4,4,8,0.5,43.616742,3.87998
2026-03-15,21:57:24,2026-03-15T21:57:24+01:00,STATION,"Beaux-Arts",15,1,16,0.9375,43.616698,3.884981
2026-03-15,21:57:24,2026-03-15T21:57:24+01:00,STATION,"Les Aubes",2,6,8,0.25,43.618692,3.893844
2026-03-15,21:57:24,2026-03-15T21:57:24+01:00,STATION,"Antigone centre",7,5,12,0.5833333333333334,43.607942,3.890634
2026-03-15,21:57:24,2026-03-15T21:57:24+01:00,STATION,"Médiathèque Emile Zola",10,6,16,0.625,43.608218,3.89314
2026-03-15,21:57:24,2026-03-15T21:57:24+01:00,STATION,"Nombre d Or",4,12,16,0.25,43.607859,3.886644
2026-03-15,21:57:24,2026-03-15T21:57:24+01:00,STATION,"Louis Blanc",5,11,16,0.3125,43.614642,3.877648
2026-03-15,21:57:24,2026-03-15T21:57:24+01:00,STATION,"Gambetta",7,1,8,0.875,43.607106,3.870693
2026-03-15,21:57:24,2026-03-15T21:57:24+01:00,STATION,"Port Marianne",15,1,16,0.9375,43.60032,3.89851
2026-03-15,21:57:24,2026-03-15T21:57:24+01:00,STATION,"Les Arceaux",2,6,8,0.25,43.612659,3.867734
2026-03-15,21:57:24,2026-03-15T21:57:24+01:00,STATION,"Cité Mion",1,5,8,0.375,43.601143,3.884373
2026-03-15,21:57:24,2026-03-15T21:57:24+01:00,STATION,"Nouveau Saint-Roch",2,6,8,0.25,43.599817,3.875757
2026-03-15,21:57:24,2026-03-15T21:57:24+01:00,STATION,"Renouvier",2,5,8,0.375,43.603553,3.867884
2026-03-15,21:57:24,2026-03-15T21:57:24+01:00,STATION,"Odysseum",0,8,8,0.0,43.603727,3.918979
2026-03-15,21:57:24,2026-03-15T21:57:24+01:00,STATION,"Saint-Denis",0,8,8,0.0,43.605021,3.875065
2026-03-15,21:57:24,2026-03-15T21:57:24+01:00,STATION,"Richter",14,2,16,0.875,43.603424,3.899263
2026-03-15,21:57:24,2026-03-15T21:57:24+01:00,STATION,"Charles Flahault",1,7,8,0.125,43.622038,3.86672
2026-03-15,21:57:24,2026-03-15T21:57:24+01:00,STATION,"Voltaire",4,4,8,0.5,43.603767,3.888659
2026-03-15,21:57:24,2026-03-15T21:57:24+01:00,STATION,"Prés d Arènes",3,5,8,0.375,43.59048,3.884611
2026-03-15,21:57:24,2026-03-15T21:57:24+01:00,STATION,"Garcia Lorca",8,0,8,1.0,43.590757,3.890616
2026-03-15,21:57:24,2026-03-15T21:57:24+01:00,STATION,"Vert Bois",2,14,16,0.125,43.63543,3.871179
2026-03-15,21:57:24,2026-03-15T21:57:24+01:00,STATION,"Malbosc",3,5,8,0.375,43.633679,3.832861
2026-03-15,21:57:24,2026-03-15T21:57:24+01:00,STATION,"Occitanie",3,29,32,0.09375,43.635689,3.849597
2026-03-15,21:57:24,2026-03-15T21:57:24+01:00,STATION,"Fac des Sciences",9,15,24,0.375,43.631318,3.861299
2026-03-15,21:57:24,2026-03-15T21:57:24+01:00,STATION,"Fac de Lettres",7,5,12,0.5833333333333334,43.630437,3.869539
2026-03-15,21:57:24,2026-03-15T21:57:24+01:00,STATION,"Aiguelongue",6,1,8,0.875,43.626163,3.882492
2026-03-15,21:57:24,2026-03-15T21:57:24+01:00,STATION,"Jeu de Mail des Abbés",8,0,8,1.0,43.619701,3.883831
2026-03-15,21:57:24,2026-03-15T21:57:24+01:00,STATION,"Euromédecine",1,7,8,0.125,43.639119,3.828199
2026-03-15,21:57:24,2026-03-15T21:57:24+01:00,STATION,"Marie Caizergues",8,0,8,1.0,43.619871,3.873812
2026-03-15,21:57:24,2026-03-15T21:57:24+01:00,STATION,"Sabines",3,5,8,0.375,43.584211,3.860031
2026-03-15,21:57:24,2026-03-15T21:57:24+01:00,STATION,"Celleneuve",0,8,8,0.0,43.61467,3.832624
2026-03-15,21:57:24,2026-03-15T21:57:24+01:00,STATION,"Jardin de la Lironde",6,2,8,0.75,43.60585,3.911576
2026-03-15,21:57:24,2026-03-15T21:57:24+01:00,STATION,"Père Soulas",2,6,8,0.25,43.621983,3.855603
2026-03-15,21:57:24,2026-03-15T21:57:24+01:00,STATION,"Place Viala",5,3,8,0.625,43.616812,3.855075
2026-03-15,21:57:24,2026-03-15T21:57:24+01:00,STATION,"Hôtel du Département",2,6,8,0.25,43.621682,3.83477
2026-03-15,21:57:24,2026-03-15T21:57:24+01:00,STATION,"Tonnelles",3,5,8,0.375,43.615155,3.839466
2026-03-15,21:57:24,2026-03-15T21:57:24+01:00,STATION,"Parvis Jules Ferry - Gare Saint-Roch",4,4,8,0.5,43.603889,3.879362
2026-03-15,21:57:24,2026-03-15T21:57:24+01:00,STATION,"Pont de Lattes - Gare Saint-Roch",3,9,12,0.25,43.606036,3.882393
2026-03-15,21:57:24,2026-03-15T21:57:24+01:00,STATION,"Deux Ponts - Gare Saint-Roch",0,8,8,0.0,43.604319,3.880916
2026-03-15,21:57:24,2026-03-15T21:57:24+01:00,STATION,"Providence - Ovalie",1,7,8,0.125,43.588239,3.853421
2026-03-15,21:57:24,2026-03-15T21:57:24+01:00,STATION,"Pérols Etang de l Or",51,17,68,0.75,43.558351,3.963412
2026-03-15,21:57:24,2026-03-15T21:57:24+01:00,STATION,"Albert 1er - Cathédrale",4,8,12,0.3333333333333333,43.614005,3.873218
2026-03-15,21:57:24,2026-03-15T21:57:24+01:00,STATION,"Saint-Guilhem - Courreau",8,0,8,1.0,43.608996,3.872752
2026-03-15,21:57:24,2026-03-15T21:57:24+01:00,STATION,"Sud De France",8,0,8,1.0,43.59562,3.9235
2026-03-15,21:57:24,2026-03-15T21:57:24+01:00,STATION,"Comedie Baudin",0,8,8,0.0,43.608717,3.880787
2026-03-15,21:57:24,2026-03-15T21:57:24+01:00,STATION,"Jean de Beins",4,12,16,0.25,43.609857,3.883884
2026-03-15,22:30:16,2026-03-15T22:30:16+01:00,STATION,"Rue Jules Ferry - Gare Saint-Roch",2,10,12,0.16666666666666666,43.605366,3.881346
2026-03-15,22:30:16,2026-03-15T22:30:16+01:00,STATION,"Comédie",7,13,20,0.35,43.608148,3.878778
2026-03-15,22:30:16,2026-03-15T22:30:16+01:00,STATION,"Hôtel de Ville",9,6,16,0.625,43.599088,3.894866
2026-03-15,22:30:16,2026-03-15T22:30:16+01:00,STATION,"Corum",7,5,12,0.5833333333333334,43.613989,3.8816
2026-03-15,22:30:16,2026-03-15T22:30:16+01:00,STATION,"Place Albert 1er - St Charles",11,16,27,0.4074074074074074,43.616768,3.873375
2026-03-15,22:30:16,2026-03-15T22:30:16+01:00,STATION,"Foch",4,4,8,0.5,43.610989,3.873345
2026-03-15,22:30:16,2026-03-15T22:30:16+01:00,STATION,"Halles Castellane",0,12,12,0.0,43.609935,3.877208
2026-03-15,22:30:16,2026-03-15T22:30:16+01:00,STATION,"Observatoire",3,4,8,0.5,43.606301,3.87724
2026-03-15,22:30:16,2026-03-15T22:30:16+01:00,STATION,"Rondelet",2,14,16,0.125,43.603038,3.875796
2026-03-15,22:30:16,2026-03-15T22:30:16+01:00,STATION,"Plan Cabanes",6,6,12,0.5,43.608491,3.868389
2026-03-15,22:30:16,2026-03-15T22:30:16+01:00,STATION,"Boutonnet",2,10,12,0.16666666666666666,43.622629,3.868375
2026-03-15,22:30:16,2026-03-15T22:30:16+01:00,STATION,"Emile Combes",4,4,8,0.5,43.616742,3.87998
2026-03-15,22:30:16,2026-03-15T22:30:16+01:00,STATION,"Beaux-Arts",15,1,16,0.9375,43.616698,3.884981
2026-03-15,22:30:16,2026-03-15T22:30:16+01:00,STATION,"Les Aubes",2,6,8,0.25,43.618692,3.893844
2026-03-15,22:30:16,2026-03-15T22:30:16+01:00,STATION,"Antigone centre",7,5,12,0.5833333333333334,43.607942,3.890634
2026-03-15,22:30:16,2026-03-15T22:30:16+01:00,STATION,"Médiathèque Emile Zola",10,6,16,0.625,43.608218,3.89314
2026-03-15,22:30:16,2026-03-15T22:30:16+01:00,STATION,"Nombre d Or",4,12,16,0.25,43.607859,3.886644
2026-03-15,22:30:16,2026-03-15T22:30:16+01:00,STATION,"Louis Blanc",5,11,16,0.3125,43.614642,3.877648
2026-03-15,22:30:16,2026-03-15T22:30:16+01:00,STATION,"Gambetta",7,1,8,0.875,43.607106,3.870693
2026-03-15,22:30:16,2026-03-15T22:30:16+01:00,STATION,"Port Marianne",15,1,16,0.9375,43.60032,3.89851
2026-03-15,22:30:16,2026-03-15T22:30:16+01:00,STATION,"Les Arceaux",2,6,8,0.25,43.612659,3.867734
2026-03-15,22:30:16,2026-03-15T22:30:16+01:00,STATION,"Cité Mion",1,5,8,0.375,43.601143,3.884373
2026-03-15,22:30:16,2026-03-15T22:30:16+01:00,STATION,"Nouveau Saint-Roch",2,6,8,0.25,43.599817,3.875757
2026-03-15,22:30:16,2026-03-15T22:30:16+01:00,STATION,"Renouvier",2,5,8,0.375,43.603553,3.867884
2026-03-15,22:30:16,2026-03-15T22:30:16+01:00,STATION,"Odysseum",0,8,8,0.0,43.603727,3.918979
2026-03-15,22:30:16,2026-03-15T22:30:16+01:00,STATION,"Saint-Denis",0,8,8,0.0,43.605021,3.875065
2026-03-15,22:30:16,2026-03-15T22:30:16+01:00,STATION,"Richter",14,2,16,0.875,43.603424,3.899263
2026-03-15,22:30:16,2026-03-15T22:30:16+01:00,STATION,"Charles Flahault",1,7,8,0.125,43.622038,3.86672
2026-03-15,22:30:16,2026-03-15T22:30:16+01:00,STATION,"Voltaire",4,4,8,0.5,43.603767,3.888659
2026-03-15,22:30:16,2026-03-15T22:30:16+01:00,STATION,"Prés d Arènes",3,5,8,0.375,43.59048,3.884611
2026-03-15,22:30:16,2026-03-15T22:30:16+01:00,STATION,"Garcia Lorca",8,0,8,1.0,43.590757,3.890616
2026-03-15,22:30:16,2026-03-15T22:30:16+01:00,STATION,"Vert Bois",2,14,16,0.125,43.63543,3.871179
2026-03-15,22:30:16,2026-03-15T22:30:16+01:00,STATION,"Malbosc",3,5,8,0.375,43.633679,3.832861
2026-03-15,22:30:16,2026-03-15T22:30:16+01:00,STATION,"Occitanie",3,29,32,0.09375,43.635689,3.849597
2026-03-15,22:30:16,2026-03-15T22:30:16+01:00,STATION,"Fac des Sciences",9,15,24,0.375,43.631318,3.861299
2026-03-15,22:30:16,2026-03-15T22:30:16+01:00,STATION,"Fac de Lettres",7,5,12,0.5833333333333334,43.630437,3.869539
2026-03-15,22:30:16,2026-03-15T22:30:16+01:00,STATION,"Aiguelongue",6,1,8,0.875,43.626163,3.882492
2026-03-15,22:30:16,2026-03-15T22:30:16+01:00,STATION,"Jeu de Mail des Abbés",8,0,8,1.0,43.619701,3.883831
2026-03-15,22:30:16,2026-03-15T22:30:16+01:00,STATION,"Euromédecine",1,7,8,0.125,43.639119,3.828199
2026-03-15,22:30:16,2026-03-15T22:30:16+01:00,STATION,"Marie Caizergues",8,0,8,1.0,43.619871,3.873812
2026-03-15,22:30:16,2026-03-15T22:30:16+01:00,STATION,"Sabines",3,5,8,0.375,43.584211,3.860031
2026-03-15,22:30:16,2026-03-15T22:30:16+01:00,STATION,"Celleneuve",0,8,8,0.0,43.61467,3.832624
2026-03-15,22:30:16,2026-03-15T22:30:16+01:00,STATION,"Jardin de la Lironde",6,2,8,0.75,43.60585,3.911576
2026-03-15,22:30:16,2026-03-15T22:30:16+01:00,STATION,"Père Soulas",2,6,8,0.25,43.621983,3.855603
2026-03-15,22:30:16,2026-03-15T22:30:16+01:00,STATION,"Place Viala",5,3,8,0.625,43.616812,3.855075
2026-03-15,22:30:16,2026-03-15T22:30:16+01:00,STATION,"Hôtel du Département",2,6,8,0.25,43.621682,3.83477
2026-03-15,22:30:16,2026-03-15T22:30:16+01:00,STATION,"Tonnelles",3,5,8,0.375,43.615155,3.839466
2026-03-15,22:30:16,2026-03-15T22:30:16+01:00,STATION,"Parvis Jules Ferry - Gare Saint-Roch",4,4,8,0.5,43.603889,3.879362
2026-03-15,22:30:16,2026-03-15T22:30:16+01:00,STATION,"Pont de Lattes - Gare Saint-Roch",3,9,12,0.25,43.606036,3.882393
2026-03-15,22:30:16,2026-03-15T22:30:16+01:00,STATION,"Deux Ponts - Gare Saint-Roch",0,8,8,0.0,43.604319,3.880916
2026-03-15,22:30:16,2026-03-15T22:30:16+01:00,STATION,"Providence - Ovalie",1,7,8,0.125,43.588239,3.853421
2026-03-15,22:30:16,2026-03-15T22:30:16+01:00,STATION,"Pérols Etang de l Or",51,17,68,0.75,43.558351,3.963412
2026-03-15,22:30:16,2026-03-15T22:30:16+01:00,STATION,"Albert 1er - Cathédrale",5,7,12,0.4166666666666667,43.614005,3.873218
2026-03-15,22:30:16,2026-03-15T22:30:16+01:00,STATION,"Saint-Guilhem - Courreau",8,0,8,1.0,43.608996,3.872752
2026-03-15,22:30:16,2026-03-15T22:30:16+01:00,STATION,"Sud De France",8,0,8,1.0,43.59562,3.9235
2026-03-15,22:30:16,2026-03-15T22:30:16+01:00,STATION,"Comedie Baudin",0,8,8,0.0,43.608717,3.880787
2026-03-15,22:30:16,2026-03-15T22:30:16+01:00,STATION,"Jean de Beins",4,12,16,0.25,43.609857,3.883884
2026-03-15,22:54:01,2026-03-15T22:54:01+01:00,STATION,"Rue Jules Ferry - Gare Saint-Roch",2,10,12,0.16666666666666666,43.605366,3.881346
2026-03-15,22:54:01,2026-03-15T22:54:01+01:00,STATION,"Comédie",7,13,20,0.35,43.608148,3.878778
2026-03-15,22:54:01,2026-03-15T22:54:01+01:00,STATION,"Hôtel de Ville",10,5,16,0.6875,43.599088,3.894866
2026-03-15,22:54:01,2026-03-15T22:54:01+01:00,STATION,"Corum",7,5,12,0.5833333333333334,43.613989,3.8816
2026-03-15,22:54:01,2026-03-15T22:54:01+01:00,STATION,"Place Albert 1er - St Charles",11,16,27,0.4074074074074074,43.616768,3.873375
2026-03-15,22:54:01,2026-03-15T22:54:01+01:00,STATION,"Foch",4,4,8,0.5,43.610989,3.873345
2026-03-15,22:54:01,2026-03-15T22:54:01+01:00,STATION,"Halles Castellane",0,12,12,0.0,43.609935,3.877208
2026-03-15,22:54:01,2026-03-15T22:54:01+01:00,STATION,"Observatoire",2,5,8,0.375,43.606301,3.87724
2026-03-15,22:54:01,2026-03-15T22:54:01+01:00,STATION,"Rondelet",2,14,16,0.125,43.603038,3.875796
2026-03-15,22:54:01,2026-03-15T22:54:01+01:00,STATION,"Plan Cabanes",5,7,12,0.4166666666666667,43.608491,3.868389
2026-03-15,22:54:01,2026-03-15T22:54:01+01:00,STATION,"Boutonnet",2,10,12,0.16666666666666666,43.622629,3.868375
2026-03-15,22:54:01,2026-03-15T22:54:01+01:00,STATION,"Emile Combes",4,4,8,0.5,43.616742,3.87998
2026-03-15,22:54:01,2026-03-15T22:54:01+01:00,STATION,"Beaux-Arts",15,1,16,0.9375,43.616698,3.884981
2026-03-15,22:54:01,2026-03-15T22:54:01+01:00,STATION,"Les Aubes",2,6,8,0.25,43.618692,3.893844
2026-03-15,22:54:01,2026-03-15T22:54:01+01:00,STATION,"Antigone centre",7,5,12,0.5833333333333334,43.607942,3.890634
2026-03-15,22:54:01,2026-03-15T22:54:01+01:00,STATION,"Médiathèque Emile Zola",10,6,16,0.625,43.608218,3.89314
2026-03-15,22:54:01,2026-03-15T22:54:01+01:00,STATION,"Nombre d Or",4,12,16,0.25,43.607859,3.886644
2026-03-15,22:54:01,2026-03-15T22:54:01+01:00,STATION,"Louis Blanc",5,11,16,0.3125,43.614642,3.877648
2026-03-15,22:54:01,2026-03-15T22:54:01+01:00,STATION,"Gambetta",7,1,8,0.875,43.607106,3.870693
2026-03-15,22:54:01,2026-03-15T22:54:01+01:00,STATION,"Port Marianne",15,1,16,0.9375,43.60032,3.89851
2026-03-15,22:54:01,2026-03-15T22:54:01+01:00,STATION,"Les Arceaux",2,6,8,0.25,43.612659,3.867734
2026-03-15,22:54:01,2026-03-15T22:54:01+01:00,STATION,"Cité Mion",1,5,8,0.375,43.601143,3.884373
2026-03-15,22:54:01,2026-03-15T22:54:01+01:00,STATION,"Nouveau Saint-Roch",2,6,8,0.25,43.599817,3.875757
2026-03-15,22:54:01,2026-03-15T22:54:01+01:00,STATION,"Renouvier",2,5,8,0.375,43.603553,3.867884
2026-03-15,22:54:01,2026-03-15T22:54:01+01:00,STATION,"Odysseum",0,8,8,0.0,43.603727,3.918979
2026-03-15,22:54:01,2026-03-15T22:54:01+01:00,STATION,"Saint-Denis",0,8,8,0.0,43.605021,3.875065
2026-03-15,22:54:01,2026-03-15T22:54:01+01:00,STATION,"Richter",14,2,16,0.875,43.603424,3.899263
2026-03-15,22:54:01,2026-03-15T22:54:01+01:00,STATION,"Charles Flahault",1,7,8,0.125,43.622038,3.86672
2026-03-15,22:54:01,2026-03-15T22:54:01+01:00,STATION,"Voltaire",4,4,8,0.5,43.603767,3.888659
2026-03-15,22:54:01,2026-03-15T22:54:01+01:00,STATION,"Prés d Arènes",3,5,8,0.375,43.59048,3.884611
2026-03-15,22:54:01,2026-03-15T22:54:01+01:00,STATION,"Garcia Lorca",8,0,8,1.0,43.590757,3.890616
2026-03-15,22:54:01,2026-03-15T22:54:01+01:00,STATION,"Vert Bois",2,14,16,0.125,43.63543,3.871179
2026-03-15,22:54:01,2026-03-15T22:54:01+01:00,STATION,"Malbosc",3,5,8,0.375,43.633679,3.832861
2026-03-15,22:54:01,2026-03-15T22:54:01+01:00,STATION,"Occitanie",3,29,32,0.09375,43.635689,3.849597
2026-03-15,22:54:01,2026-03-15T22:54:01+01:00,STATION,"Fac des Sciences",9,15,24,0.375,43.631318,3.861299
2026-03-15,22:54:01,2026-03-15T22:54:01+01:00,STATION,"Fac de Lettres",7,5,12,0.5833333333333334,43.630437,3.869539
2026-03-15,22:54:01,2026-03-15T22:54:01+01:00,STATION,"Aiguelongue",6,1,8,0.875,43.626163,3.882492
2026-03-15,22:54:01,2026-03-15T22:54:01+01:00,STATION,"Jeu de Mail des Abbés",8,0,8,1.0,43.619701,3.883831
2026-03-15,22:54:01,2026-03-15T22:54:01+01:00,STATION,"Euromédecine",1,7,8,0.125,43.639119,3.828199
2026-03-15,22:54:01,2026-03-15T22:54:01+01:00,STATION,"Marie Caizergues",8,0,8,1.0,43.619871,3.873812
2026-03-15,22:54:01,2026-03-15T22:54:01+01:00,STATION,"Sabines",3,5,8,0.375,43.584211,3.860031
2026-03-15,22:54:01,2026-03-15T22:54:01+01:00,STATION,"Celleneuve",1,7,8,0.125,43.61467,3.832624
2026-03-15,22:54:01,2026-03-15T22:54:01+01:00,STATION,"Jardin de la Lironde",6,2,8,0.75,43.60585,3.911576
2026-03-15,22:54:01,2026-03-15T22:54:01+01:00,STATION,"Père Soulas",2,6,8,0.25,43.621983,3.855603
2026-03-15,22:54:01,2026-03-15T22:54:01+01:00,STATION,"Place Viala",4,4,8,0.5,43.616812,3.855075
2026-03-15,22:54:01,2026-03-15T22:54:01+01:00,STATION,"Hôtel du Département",2,6,8,0.25,43.621682,3.83477
2026-03-15,22:54:01,2026-03-15T22:54:01+01:00,STATION,"Tonnelles",3,5,8,0.375,43.615155,3.839466
2026-03-15,22:54:01,2026-03-15T22:54:01+01:00,STATION,"Parvis Jules Ferry - Gare Saint-Roch",4,4,8,0.5,43.603889,3.879362
2026-03-15,22:54:01,2026-03-15T22:54:01+01:00,STATION,"Pont de Lattes - Gare Saint-Roch",3,9,12,0.25,43.606036,3.882393
2026-03-15,22:54:01,2026-03-15T22:54:01+01:00,STATION,"Deux Ponts - Gare Saint-Roch",0,8,8,0.0,43.604319,3.880916
2026-03-15,22:54:01,2026-03-15T22:54:01+01:00,STATION,"Providence - Ovalie",1,7,8,0.125,43.588239,3.853421
2026-03-15,22:54:01,2026-03-15T22:54:01+01:00,STATION,"Pérols Etang de l Or",51,17,68,0.75,43.558351,3.963412
2026-03-15,22:54:01,2026-03-15T22:54:01+01:00,STATION,"Albert 1er - Cathédrale",5,7,12,0.4166666666666667,43.614005,3.873218
2026-03-15,22:54:01,2026-03-15T22:54:01+01:00,STATION,"Saint-Guilhem - Courreau",8,0,8,1.0,43.608996,3.872752
2026-03-15,22:54:01,2026-03-15T22:54:01+01:00,STATION,"Sud De France",8,0,8,1.0,43.59562,3.9235
2026-03-15,22:54:01,2026-03-15T22:54:01+01:00,STATION,"Comedie Baudin",0,8,8,0.0,43.608717,3.880787
2026-03-15,22:54:01,2026-03-15T22:54:01+01:00,STATION,"Jean de Beins",4,12,16,0.25,43.609857,3.883884
2026-03-15,23:30:42,2026-03-15T23:30:42+01:00,STATION,"Rue Jules Ferry - Gare Saint-Roch",2,10,12,0.16666666666666666,43.605366,3.881346
2026-03-15,23:30:42,2026-03-15T23:30:42+01:00,STATION,"Comédie",7,13,20,0.35,43.608148,3.878778
2026-03-15,23:30:42,2026-03-15T23:30:42+01:00,STATION,"Hôtel de Ville",10,5,16,0.6875,43.599088,3.894866
2026-03-15,23:30:42,2026-03-15T23:30:42+01:00,STATION,"Corum",7,5,12,0.5833333333333334,43.613989,3.8816
2026-03-15,23:30:42,2026-03-15T23:30:42+01:00,STATION,"Place Albert 1er - St Charles",11,16,27,0.4074074074074074,43.616768,3.873375
2026-03-15,23:30:42,2026-03-15T23:30:42+01:00,STATION,"Foch",4,4,8,0.5,43.610989,3.873345
2026-03-15,23:30:42,2026-03-15T23:30:42+01:00,STATION,"Halles Castellane",0,12,12,0.0,43.609935,3.877208
2026-03-15,23:30:42,2026-03-15T23:30:42+01:00,STATION,"Observatoire",2,5,8,0.375,43.606301,3.87724
2026-03-15,23:30:42,2026-03-15T23:30:42+01:00,STATION,"Rondelet",2,14,16,0.125,43.603038,3.875796
2026-03-15,23:30:42,2026-03-15T23:30:42+01:00,STATION,"Plan Cabanes",5,7,12,0.4166666666666667,43.608491,3.868389
2026-03-15,23:30:42,2026-03-15T23:30:42+01:00,STATION,"Boutonnet",2,10,12,0.16666666666666666,43.622629,3.868375
2026-03-15,23:30:42,2026-03-15T23:30:42+01:00,STATION,"Emile Combes",4,4,8,0.5,43.616742,3.87998
2026-03-15,23:30:42,2026-03-15T23:30:42+01:00,STATION,"Beaux-Arts",15,1,16,0.9375,43.616698,3.884981
2026-03-15,23:30:42,2026-03-15T23:30:42+01:00,STATION,"Les Aubes",2,6,8,0.25,43.618692,3.893844
2026-03-15,23:30:42,2026-03-15T23:30:42+01:00,STATION,"Antigone centre",7,5,12,0.5833333333333334,43.607942,3.890634
2026-03-15,23:30:42,2026-03-15T23:30:42+01:00,STATION,"Médiathèque Emile Zola",11,5,16,0.6875,43.608218,3.89314
2026-03-15,23:30:42,2026-03-15T23:30:42+01:00,STATION,"Nombre d Or",4,12,16,0.25,43.607859,3.886644
2026-03-15,23:30:42,2026-03-15T23:30:42+01:00,STATION,"Louis Blanc",5,11,16,0.3125,43.614642,3.877648
2026-03-15,23:30:42,2026-03-15T23:30:42+01:00,STATION,"Gambetta",7,1,8,0.875,43.607106,3.870693
2026-03-15,23:30:42,2026-03-15T23:30:42+01:00,STATION,"Port Marianne",15,1,16,0.9375,43.60032,3.89851
2026-03-15,23:30:42,2026-03-15T23:30:42+01:00,STATION,"Les Arceaux",2,6,8,0.25,43.612659,3.867734
2026-03-15,23:30:42,2026-03-15T23:30:42+01:00,STATION,"Cité Mion",1,5,8,0.375,43.601143,3.884373
2026-03-15,23:30:42,2026-03-15T23:30:42+01:00,STATION,"Nouveau Saint-Roch",2,6,8,0.25,43.599817,3.875757
2026-03-15,23:30:42,2026-03-15T23:30:42+01:00,STATION,"Renouvier",2,5,8,0.375,43.603553,3.867884
2026-03-15,23:30:42,2026-03-15T23:30:42+01:00,STATION,"Odysseum",0,8,8,0.0,43.603727,3.918979
2026-03-15,23:30:42,2026-03-15T23:30:42+01:00,STATION,"Saint-Denis",0,8,8,0.0,43.605021,3.875065
2026-03-15,23:30:42,2026-03-15T23:30:42+01:00,STATION,"Richter",14,2,16,0.875,43.603424,3.899263
2026-03-15,23:30:42,2026-03-15T23:30:42+01:00,STATION,"Charles Flahault",1,7,8,0.125,43.622038,3.86672
2026-03-15,23:30:42,2026-03-15T23:30:42+01:00,STATION,"Voltaire",4,4,8,0.5,43.603767,3.888659
2026-03-15,23:30:42,2026-03-15T23:30:42+01:00,STATION,"Prés d Arènes",3,5,8,0.375,43.59048,3.884611
2026-03-15,23:30:42,2026-03-15T23:30:42+01:00,STATION,"Garcia Lorca",8,0,8,1.0,43.590757,3.890616
2026-03-15,23:30:42,2026-03-15T23:30:42+01:00,STATION,"Vert Bois",2,14,16,0.125,43.63543,3.871179
2026-03-15,23:30:42,2026-03-15T23:30:42+01:00,STATION,"Malbosc",3,5,8,0.375,43.633679,3.832861
2026-03-15,23:30:42,2026-03-15T23:30:42+01:00,STATION,"Occitanie",3,29,32,0.09375,43.635689,3.849597
2026-03-15,23:30:42,2026-03-15T23:30:42+01:00,STATION,"Fac des Sciences",9,15,24,0.375,43.631318,3.861299
2026-03-15,23:30:42,2026-03-15T23:30:42+01:00,STATION,"Fac de Lettres",7,5,12,0.5833333333333334,43.630437,3.869539
2026-03-15,23:30:42,2026-03-15T23:30:42+01:00,STATION,"Aiguelongue",6,1,8,0.875,43.626163,3.882492
2026-03-15,23:30:42,2026-03-15T23:30:42+01:00,STATION,"Jeu de Mail des Abbés",8,0,8,1.0,43.619701,3.883831
2026-03-15,23:30:42,2026-03-15T23:30:42+01:00,STATION,"Euromédecine",1,7,8,0.125,43.639119,3.828199
2026-03-15,23:30:42,2026-03-15T23:30:42+01:00,STATION,"Marie Caizergues",8,0,8,1.0,43.619871,3.873812
2026-03-15,23:30:42,2026-03-15T23:30:42+01:00,STATION,"Sabines",3,5,8,0.375,43.584211,3.860031
2026-03-15,23:30:42,2026-03-15T23:30:42+01:00,STATION,"Celleneuve",1,7,8,0.125,43.61467,3.832624
2026-03-15,23:30:42,2026-03-15T23:30:42+01:00,STATION,"Jardin de la Lironde",6,2,8,0.75,43.60585,3.911576
2026-03-15,23:30:42,2026-03-15T23:30:42+01:00,STATION,"Père Soulas",2,6,8,0.25,43.621983,3.855603
2026-03-15,23:30:42,2026-03-15T23:30:42+01:00,STATION,"Place Viala",4,4,8,0.5,43.616812,3.855075
2026-03-15,23:30:42,2026-03-15T23:30:42+01:00,STATION,"Hôtel du Département",2,6,8,0.25,43.621682,3.83477
2026-03-15,23:30:42,2026-03-15T23:30:42+01:00,STATION,"Tonnelles",3,5,8,0.375,43.615155,3.839466
2026-03-15,23:30:42,2026-03-15T23:30:42+01:00,STATION,"Parvis Jules Ferry - Gare Saint-Roch",4,4,8,0.5,43.603889,3.879362
2026-03-15,23:30:42,2026-03-15T23:30:42+01:00,STATION,"Pont de Lattes - Gare Saint-Roch",3,9,12,0.25,43.606036,3.882393
2026-03-15,23:30:42,2026-03-15T23:30:42+01:00,STATION,"Deux Ponts - Gare Saint-Roch",0,8,8,0.0,43.604319,3.880916
2026-03-15,23:30:42,2026-03-15T23:30:42+01:00,STATION,"Providence - Ovalie",1,7,8,0.125,43.588239,3.853421
2026-03-15,23:30:42,2026-03-15T23:30:42+01:00,STATION,"Pérols Etang de l Or",50,18,68,0.7352941176470589,43.558351,3.963412
2026-03-15,23:30:42,2026-03-15T23:30:42+01:00,STATION,"Albert 1er - Cathédrale",5,7,12,0.4166666666666667,43.614005,3.873218
2026-03-15,23:30:42,2026-03-15T23:30:42+01:00,STATION,"Saint-Guilhem - Courreau",8,0,8,1.0,43.608996,3.872752
2026-03-15,23:30:42,2026-03-15T23:30:42+01:00,STATION,"Sud De France",8,0,8,1.0,43.59562,3.9235
2026-03-15,23:30:42,2026-03-15T23:30:42+01:00,STATION,"Comedie Baudin",0,8,8,0.0,43.608717,3.880787
2026-03-15,23:30:42,2026-03-15T23:30:42+01:00,STATION,"Jean de Beins",4,12,16,0.25,43.609857,3.883884
2026-03-15,23:58:34,2026-03-15T23:58:34+01:00,STATION,"Rue Jules Ferry - Gare Saint-Roch",2,10,12,0.16666666666666666,43.605366,3.881346
2026-03-15,23:58:34,2026-03-15T23:58:34+01:00,STATION,"Comédie",7,13,20,0.35,43.608148,3.878778
2026-03-15,23:58:34,2026-03-15T23:58:34+01:00,STATION,"Hôtel de Ville",10,5,16,0.6875,43.599088,3.894866
2026-03-15,23:58:34,2026-03-15T23:58:34+01:00,STATION,"Corum",7,5,12,0.5833333333333334,43.613989,3.8816
2026-03-15,23:58:34,2026-03-15T23:58:34+01:00,STATION,"Place Albert 1er - St Charles",11,16,27,0.4074074074074074,43.616768,3.873375
2026-03-15,23:58:34,2026-03-15T23:58:34+01:00,STATION,"Foch",4,4,8,0.5,43.610989,3.873345
2026-03-15,23:58:34,2026-03-15T23:58:34+01:00,STATION,"Halles Castellane",0,12,12,0.0,43.609935,3.877208
2026-03-15,23:58:34,2026-03-15T23:58:34+01:00,STATION,"Observatoire",2,5,8,0.375,43.606301,3.87724
2026-03-15,23:58:34,2026-03-15T23:58:34+01:00,STATION,"Rondelet",2,14,16,0.125,43.603038,3.875796
2026-03-15,23:58:34,2026-03-15T23:58:34+01:00,STATION,"Plan Cabanes",5,7,12,0.4166666666666667,43.608491,3.868389
2026-03-15,23:58:34,2026-03-15T23:58:34+01:00,STATION,"Boutonnet",2,10,12,0.16666666666666666,43.622629,3.868375
2026-03-15,23:58:34,2026-03-15T23:58:34+01:00,STATION,"Emile Combes",4,4,8,0.5,43.616742,3.87998
2026-03-15,23:58:34,2026-03-15T23:58:34+01:00,STATION,"Beaux-Arts",15,1,16,0.9375,43.616698,3.884981
2026-03-15,23:58:34,2026-03-15T23:58:34+01:00,STATION,"Les Aubes",2,6,8,0.25,43.618692,3.893844
2026-03-15,23:58:34,2026-03-15T23:58:34+01:00,STATION,"Antigone centre",7,5,12,0.5833333333333334,43.607942,3.890634
2026-03-15,23:58:34,2026-03-15T23:58:34+01:00,STATION,"Médiathèque Emile Zola",11,5,16,0.6875,43.608218,3.89314
2026-03-15,23:58:34,2026-03-15T23:58:34+01:00,STATION,"Nombre d Or",4,12,16,0.25,43.607859,3.886644
2026-03-15,23:58:34,2026-03-15T23:58:34+01:00,STATION,"Louis Blanc",5,11,16,0.3125,43.614642,3.877648
2026-03-15,23:58:34,2026-03-15T23:58:34+01:00,STATION,"Gambetta",7,1,8,0.875,43.607106,3.870693
2026-03-15,23:58:34,2026-03-15T23:58:34+01:00,STATION,"Port Marianne",15,1,16,0.9375,43.60032,3.89851
2026-03-15,23:58:34,2026-03-15T23:58:34+01:00,STATION,"Les Arceaux",2,6,8,0.25,43.612659,3.867734
2026-03-15,23:58:34,2026-03-15T23:58:34+01:00,STATION,"Cité Mion",1,5,8,0.375,43.601143,3.884373
2026-03-15,23:58:34,2026-03-15T23:58:34+01:00,STATION,"Nouveau Saint-Roch",2,6,8,0.25,43.599817,3.875757
2026-03-15,23:58:34,2026-03-15T23:58:34+01:00,STATION,"Renouvier",2,5,8,0.375,43.603553,3.867884
2026-03-15,23:58:34,2026-03-15T23:58:34+01:00,STATION,"Odysseum",0,8,8,0.0,43.603727,3.918979
2026-03-15,23:58:34,2026-03-15T23:58:34+01:00,STATION,"Saint-Denis",0,8,8,0.0,43.605021,3.875065
2026-03-15,23:58:34,2026-03-15T23:58:34+01:00,STATION,"Richter",14,2,16,0.875,43.603424,3.899263
2026-03-15,23:58:34,2026-03-15T23:58:34+01:00,STATION,"Charles Flahault",1,7,8,0.125,43.622038,3.86672
2026-03-15,23:58:34,2026-03-15T23:58:34+01:00,STATION,"Voltaire",4,4,8,0.5,43.603767,3.888659
2026-03-15,23:58:34,2026-03-15T23:58:34+01:00,STATION,"Prés d Arènes",3,5,8,0.375,43.59048,3.884611
2026-03-15,23:58:34,2026-03-15T23:58:34+01:00,STATION,"Garcia Lorca",8,0,8,1.0,43.590757,3.890616
2026-03-15,23:58:34,2026-03-15T23:58:34+01:00,STATION,"Vert Bois",2,14,16,0.125,43.63543,3.871179
2026-03-15,23:58:34,2026-03-15T23:58:34+01:00,STATION,"Malbosc",3,5,8,0.375,43.633679,3.832861
2026-03-15,23:58:34,2026-03-15T23:58:34+01:00,STATION,"Occitanie",3,29,32,0.09375,43.635689,3.849597
2026-03-15,23:58:34,2026-03-15T23:58:34+01:00,STATION,"Fac des Sciences",9,15,24,0.375,43.631318,3.861299
2026-03-15,23:58:34,2026-03-15T23:58:34+01:00,STATION,"Fac de Lettres",7,5,12,0.5833333333333334,43.630437,3.869539
2026-03-15,23:58:34,2026-03-15T23:58:34+01:00,STATION,"Aiguelongue",6,1,8,0.875,43.626163,3.882492
2026-03-15,23:58:34,2026-03-15T23:58:34+01:00,STATION,"Jeu de Mail des Abbés",8,0,8,1.0,43.619701,3.883831
2026-03-15,23:58:34,2026-03-15T23:58:34+01:00,STATION,"Euromédecine",1,7,8,0.125,43.639119,3.828199
2026-03-15,23:58:34,2026-03-15T23:58:34+01:00,STATION,"Marie Caizergues",8,0,8,1.0,43.619871,3.873812
2026-03-15,23:58:34,2026-03-15T23:58:34+01:00,STATION,"Sabines",3,5,8,0.375,43.584211,3.860031
2026-03-15,23:58:34,2026-03-15T23:58:34+01:00,STATION,"Celleneuve",1,7,8,0.125,43.61467,3.832624
2026-03-15,23:58:34,2026-03-15T23:58:34+01:00,STATION,"Jardin de la Lironde",6,2,8,0.75,43.60585,3.911576
2026-03-15,23:58:34,2026-03-15T23:58:34+01:00,STATION,"Père Soulas",2,6,8,0.25,43.621983,3.855603
2026-03-15,23:58:34,2026-03-15T23:58:34+01:00,STATION,"Place Viala",4,4,8,0.5,43.616812,3.855075
2026-03-15,23:58:34,2026-03-15T23:58:34+01:00,STATION,"Hôtel du Département",2,6,8,0.25,43.621682,3.83477
2026-03-15,23:58:34,2026-03-15T23:58:34+01:00,STATION,"Tonnelles",3,5,8,0.375,43.615155,3.839466
2026-03-15,23:58:34,2026-03-15T23:58:34+01:00,STATION,"Parvis Jules Ferry - Gare Saint-Roch",4,4,8,0.5,43.603889,3.879362
2026-03-15,23:58:34,2026-03-15T23:58:34+01:00,STATION,"Pont de Lattes - Gare Saint-Roch",3,9,12,0.25,43.606036,3.882393
2026-03-15,23:58:34,2026-03-15T23:58:34+01:00,STATION,"Deux Ponts - Gare Saint-Roch",0,8,8,0.0,43.604319,3.880916
2026-03-15,23:58:34,2026-03-15T23:58:34+01:00,STATION,"Providence - Ovalie",1,7,8,0.125,43.588239,3.853421
2026-03-15,23:58:34,2026-03-15T23:58:34+01:00,STATION,"Pérols Etang de l Or",50,18,68,0.7352941176470589,43.558351,3.963412
2026-03-15,23:58:34,2026-03-15T23:58:34+01:00,STATION,"Albert 1er - Cathédrale",5,7,12,0.4166666666666667,43.614005,3.873218
2026-03-15,23:58:34,2026-03-15T23:58:34+01:00,STATION,"Saint-Guilhem - Courreau",8,0,8,1.0,43.608996,3.872752
2026-03-15,23:58:34,2026-03-15T23:58:34+01:00,STATION,"Sud De France",8,0,8,1.0,43.59562,3.9235
2026-03-15,23:58:34,2026-03-15T23:58:34+01:00,STATION,"Comedie Baudin",0,8,8,0.0,43.608717,3.880787
2026-03-15,23:58:34,2026-03-15T23:58:34+01:00,STATION,"Jean de Beins",4,12,16,0.25,43.609857,3.883884
