date,heure,timestamp,type,nom,velos_dispo,bornes_libres,total,taux_occupation_places,lat,lon
2026-02-13,00:29:33,2026-02-13T00:29:33+01:00,STATION,"Rue Jules Ferry - Gare Saint-Roch",2,10,12,0.16666666666666666,43.605366,3.881346
2026-02-13,00:29:33,2026-02-13T00:29:33+01:00,STATION,"Comédie",14,6,20,0.7,43.608148,3.878778
2026-02-13,00:29:33,2026-02-13T00:29:33+01:00,STATION,"Hôtel de Ville",8,7,16,0.5625,43.599088,3.894866
2026-02-13,00:29:33,2026-02-13T00:29:33+01:00,STATION,"Corum",7,5,12,0.5833333333333334,43.613989,3.8816
2026-02-13,00:29:33,2026-02-13T00:29:33+01:00,STATION,"Place Albert 1er - St Charles",12,15,27,0.4444444444444444,43.616768,3.873375
2026-02-13,00:29:33,2026-02-13T00:29:33+01:00,STATION,"Foch",2,6,8,0.25,43.610989,3.873345
2026-02-13,00:29:33,2026-02-13T00:29:33+01:00,STATION,"Halles Castellane",0,12,12,0.0,43.609935,3.877208
2026-02-13,00:29:33,2026-02-13T00:29:33+01:00,STATION,"Observatoire",3,4,8,0.5,43.606301,3.87724
2026-02-13,00:29:33,2026-02-13T00:29:33+01:00,STATION,"Rondelet",7,9,16,0.4375,43.603038,3.875796
2026-02-13,00:29:33,2026-02-13T00:29:33+01:00,STATION,"Plan Cabanes",4,8,12,0.3333333333333333,43.608491,3.868389
2026-02-13,00:29:33,2026-02-13T00:29:33+01:00,STATION,"Boutonnet",6,6,12,0.5,43.622629,3.868375
2026-02-13,00:29:33,2026-02-13T00:29:33+01:00,STATION,"Emile Combes",2,6,8,0.25,43.616742,3.87998
2026-02-13,00:29:33,2026-02-13T00:29:33+01:00,STATION,"Beaux-Arts",6,10,16,0.375,43.616698,3.884981
2026-02-13,00:29:33,2026-02-13T00:29:33+01:00,STATION,"Les Aubes",4,4,8,0.5,43.618692,3.893844
2026-02-13,00:29:33,2026-02-13T00:29:33+01:00,STATION,"Antigone centre",7,5,12,0.5833333333333334,43.607942,3.890634
2026-02-13,00:29:33,2026-02-13T00:29:33+01:00,STATION,"Médiathèque Emile Zola",7,9,16,0.4375,43.608218,3.89314
2026-02-13,00:29:33,2026-02-13T00:29:33+01:00,STATION,"Nombre d Or",4,12,16,0.25,43.607859,3.886644
2026-02-13,00:29:33,2026-02-13T00:29:33+01:00,STATION,"Louis Blanc",9,7,16,0.5625,43.614642,3.877648
2026-02-13,00:29:33,2026-02-13T00:29:33+01:00,STATION,"Gambetta",2,6,8,0.25,43.607106,3.870693
2026-02-13,00:29:33,2026-02-13T00:29:33+01:00,STATION,"Port Marianne",10,6,16,0.625,43.60032,3.89851
2026-02-13,00:29:33,2026-02-13T00:29:33+01:00,STATION,"Les Arceaux",3,5,8,0.375,43.612659,3.867734
2026-02-13,00:29:33,2026-02-13T00:29:33+01:00,STATION,"Cité Mion",7,0,8,1.0,43.601143,3.884373
2026-02-13,00:29:33,2026-02-13T00:29:33+01:00,STATION,"Nouveau Saint-Roch",5,3,8,0.625,43.599817,3.875757
2026-02-13,00:29:33,2026-02-13T00:29:33+01:00,STATION,"Renouvier",4,4,8,0.5,43.603553,3.867884
2026-02-13,00:29:33,2026-02-13T00:29:33+01:00,STATION,"Odysseum",0,8,8,0.0,43.603727,3.918979
2026-02-13,00:29:33,2026-02-13T00:29:33+01:00,STATION,"Saint-Denis",0,8,8,0.0,43.605021,3.875065
2026-02-13,00:29:33,2026-02-13T00:29:33+01:00,STATION,"Richter",13,3,16,0.8125,43.603424,3.899263
2026-02-13,00:29:33,2026-02-13T00:29:33+01:00,STATION,"Charles Flahault",4,4,8,0.5,43.622038,3.86672
2026-02-13,00:29:33,2026-02-13T00:29:33+01:00,STATION,"Voltaire",6,2,8,0.75,43.603767,3.888659
2026-02-13,00:29:33,2026-02-13T00:29:33+01:00,STATION,"Prés d Arènes",3,5,8,0.375,43.59048,3.884611
2026-02-13,00:29:33,2026-02-13T00:29:33+01:00,STATION,"Garcia Lorca",7,1,8,0.875,43.590757,3.890616
2026-02-13,00:29:33,2026-02-13T00:29:33+01:00,STATION,"Vert Bois",2,14,16,0.125,43.63543,3.871179
2026-02-13,00:29:33,2026-02-13T00:29:33+01:00,STATION,"Malbosc",3,5,8,0.375,43.633679,3.832861
2026-02-13,00:29:33,2026-02-13T00:29:33+01:00,STATION,"Occitanie",9,23,32,0.28125,43.635689,3.849597
2026-02-13,00:29:33,2026-02-13T00:29:33+01:00,STATION,"FacdesSciences",3,21,24,0.125,43.631318,3.861299
2026-02-13,00:29:33,2026-02-13T00:29:33+01:00,STATION,"Fac de Lettres",7,5,12,0.5833333333333334,43.630437,3.869539
2026-02-13,00:29:33,2026-02-13T00:29:33+01:00,STATION,"Aiguelongue",3,4,8,0.5,43.626163,3.882492
2026-02-13,00:29:33,2026-02-13T00:29:33+01:00,STATION,"Jeu de Mail des Abbés",3,5,8,0.375,43.619701,3.883831
2026-02-13,00:29:33,2026-02-13T00:29:33+01:00,STATION,"Euromédecine",2,6,8,0.25,43.639119,3.828199
2026-02-13,00:29:33,2026-02-13T00:29:33+01:00,STATION,"Marie Caizergues",3,5,8,0.375,43.619871,3.873812
2026-02-13,00:29:33,2026-02-13T00:29:33+01:00,STATION,"Sabines",4,4,8,0.5,43.584211,3.860031
2026-02-13,00:29:33,2026-02-13T00:29:33+01:00,STATION,"Celleneuve",5,3,8,0.625,43.61467,3.832624
2026-02-13,00:29:33,2026-02-13T00:29:33+01:00,STATION,"Jardin de la Lironde",7,1,8,0.875,43.60585,3.911576
2026-02-13,00:29:33,2026-02-13T00:29:33+01:00,STATION,"Père Soulas",4,4,8,0.5,43.621983,3.855603
2026-02-13,00:29:33,2026-02-13T00:29:33+01:00,STATION,"Place Viala",8,0,8,1.0,43.616812,3.855075
2026-02-13,00:29:33,2026-02-13T00:29:33+01:00,STATION,"Hôtel du Département",6,2,8,0.75,43.621682,3.83477
2026-02-13,00:29:33,2026-02-13T00:29:33+01:00,STATION,"Tonnelles",2,6,8,0.25,43.615155,3.839466
2026-02-13,00:29:33,2026-02-13T00:29:33+01:00,STATION,"Parvis Jules Ferry - Gare Saint-Roch",2,6,8,0.25,43.603889,3.879362
2026-02-13,00:29:33,2026-02-13T00:29:33+01:00,STATION,"Pont de Lattes - Gare Saint-Roch",7,5,12,0.5833333333333334,43.606036,3.882393
2026-02-13,00:29:33,2026-02-13T00:29:33+01:00,STATION,"Deux Ponts - Gare Saint-Roch",0,8,8,0.0,43.604319,3.880916
2026-02-13,00:29:33,2026-02-13T00:29:33+01:00,STATION,"Providence - Ovalie",4,4,8,0.5,43.588239,3.853421
2026-02-13,00:29:33,2026-02-13T00:29:33+01:00,STATION,"Pérols Etang de l Or",35,33,68,0.5147058823529411,43.558351,3.963412
2026-02-13,00:29:33,2026-02-13T00:29:33+01:00,STATION,"Albert 1er - Cathédrale",4,8,12,0.3333333333333333,43.614005,3.873218
2026-02-13,00:29:33,2026-02-13T00:29:33+01:00,STATION,"Saint-Guilhem - Courreau",6,2,8,0.75,43.608996,3.872752
2026-02-13,00:29:33,2026-02-13T00:29:33+01:00,STATION,"Sud De France",4,3,8,0.625,43.59562,3.9235
2026-02-13,00:29:33,2026-02-13T00:29:33+01:00,STATION,"Comedie Baudin",0,8,8,0.0,43.608717,3.880787
2026-02-13,00:29:33,2026-02-13T00:29:33+01:00,STATION,"Jean de Beins",5,11,16,0.3125,43.609857,3.883884
2026-02-13,00:56:48,2026-02-13T00:56:48+01:00,STATION,"Rue Jules Ferry - Gare Saint-Roch",2,10,12,0.16666666666666666,43.605366,3.881346
2026-02-13,00:56:48,2026-02-13T00:56:48+01:00,STATION,"Comédie",14,6,20,0.7,43.608148,3.878778
2026-02-13,00:56:48,2026-02-13T00:56:48+01:00,STATION,"Hôtel de Ville",8,7,16,0.5625,43.599088,3.894866
2026-02-13,00:56:48,2026-02-13T00:56:48+01:00,STATION,"Corum",7,5,12,0.5833333333333334,43.613989,3.8816
2026-02-13,00:56:48,2026-02-13T00:56:48+01:00,STATION,"Place Albert 1er - St Charles",12,15,27,0.4444444444444444,43.616768,3.873375
2026-02-13,00:56:48,2026-02-13T00:56:48+01:00,STATION,"Foch",2,6,8,0.25,43.610989,3.873345
2026-02-13,00:56:48,2026-02-13T00:56:48+01:00,STATION,"Halles Castellane",0,12,12,0.0,43.609935,3.877208
2026-02-13,00:56:48,2026-02-13T00:56:48+01:00,STATION,"Observatoire",2,5,8,0.375,43.606301,3.87724
2026-02-13,00:56:48,2026-02-13T00:56:48+01:00,STATION,"Rondelet",7,9,16,0.4375,43.603038,3.875796
2026-02-13,00:56:48,2026-02-13T00:56:48+01:00,STATION,"Plan Cabanes",1,11,12,0.08333333333333333,43.608491,3.868389
2026-02-13,00:56:48,2026-02-13T00:56:48+01:00,STATION,"Boutonnet",6,6,12,0.5,43.622629,3.868375
2026-02-13,00:56:48,2026-02-13T00:56:48+01:00,STATION,"Emile Combes",2,6,8,0.25,43.616742,3.87998
2026-02-13,00:56:48,2026-02-13T00:56:48+01:00,STATION,"Beaux-Arts",6,10,16,0.375,43.616698,3.884981
2026-02-13,00:56:48,2026-02-13T00:56:48+01:00,STATION,"Les Aubes",4,4,8,0.5,43.618692,3.893844
2026-02-13,00:56:48,2026-02-13T00:56:48+01:00,STATION,"Antigone centre",7,5,12,0.5833333333333334,43.607942,3.890634
2026-02-13,00:56:48,2026-02-13T00:56:48+01:00,STATION,"Médiathèque Emile Zola",7,9,16,0.4375,43.608218,3.89314
2026-02-13,00:56:48,2026-02-13T00:56:48+01:00,STATION,"Nombre d Or",4,12,16,0.25,43.607859,3.886644
2026-02-13,00:56:48,2026-02-13T00:56:48+01:00,STATION,"Louis Blanc",9,7,16,0.5625,43.614642,3.877648
2026-02-13,00:56:48,2026-02-13T00:56:48+01:00,STATION,"Gambetta",2,6,8,0.25,43.607106,3.870693
2026-02-13,00:56:48,2026-02-13T00:56:48+01:00,STATION,"Port Marianne",10,6,16,0.625,43.60032,3.89851
2026-02-13,00:56:48,2026-02-13T00:56:48+01:00,STATION,"Les Arceaux",3,5,8,0.375,43.612659,3.867734
2026-02-13,00:56:48,2026-02-13T00:56:48+01:00,STATION,"Cité Mion",7,0,8,1.0,43.601143,3.884373
2026-02-13,00:56:48,2026-02-13T00:56:48+01:00,STATION,"Nouveau Saint-Roch",5,3,8,0.625,43.599817,3.875757
2026-02-13,00:56:48,2026-02-13T00:56:48+01:00,STATION,"Renouvier",4,4,8,0.5,43.603553,3.867884
2026-02-13,00:56:48,2026-02-13T00:56:48+01:00,STATION,"Odysseum",0,8,8,0.0,43.603727,3.918979
2026-02-13,00:56:48,2026-02-13T00:56:48+01:00,STATION,"Saint-Denis",0,8,8,0.0,43.605021,3.875065
2026-02-13,00:56:48,2026-02-13T00:56:48+01:00,STATION,"Richter",13,3,16,0.8125,43.603424,3.899263
2026-02-13,00:56:48,2026-02-13T00:56:48+01:00,STATION,"Charles Flahault",4,4,8,0.5,43.622038,3.86672
2026-02-13,00:56:48,2026-02-13T00:56:48+01:00,STATION,"Voltaire",6,2,8,0.75,43.603767,3.888659
2026-02-13,00:56:48,2026-02-13T00:56:48+01:00,STATION,"Prés d Arènes",3,5,8,0.375,43.59048,3.884611
2026-02-13,00:56:48,2026-02-13T00:56:48+01:00,STATION,"Garcia Lorca",7,1,8,0.875,43.590757,3.890616
2026-02-13,00:56:48,2026-02-13T00:56:48+01:00,STATION,"Vert Bois",2,14,16,0.125,43.63543,3.871179
2026-02-13,00:56:48,2026-02-13T00:56:48+01:00,STATION,"Malbosc",3,5,8,0.375,43.633679,3.832861
2026-02-13,00:56:48,2026-02-13T00:56:48+01:00,STATION,"Occitanie",6,26,32,0.1875,43.635689,3.849597
2026-02-13,00:56:48,2026-02-13T00:56:48+01:00,STATION,"FacdesSciences",3,21,24,0.125,43.631318,3.861299
2026-02-13,00:56:48,2026-02-13T00:56:48+01:00,STATION,"Fac de Lettres",7,5,12,0.5833333333333334,43.630437,3.869539
2026-02-13,00:56:48,2026-02-13T00:56:48+01:00,STATION,"Aiguelongue",3,4,8,0.5,43.626163,3.882492
2026-02-13,00:56:48,2026-02-13T00:56:48+01:00,STATION,"Jeu de Mail des Abbés",3,5,8,0.375,43.619701,3.883831
2026-02-13,00:56:48,2026-02-13T00:56:48+01:00,STATION,"Euromédecine",2,6,8,0.25,43.639119,3.828199
2026-02-13,00:56:48,2026-02-13T00:56:48+01:00,STATION,"Marie Caizergues",3,5,8,0.375,43.619871,3.873812
2026-02-13,00:56:48,2026-02-13T00:56:48+01:00,STATION,"Sabines",4,4,8,0.5,43.584211,3.860031
2026-02-13,00:56:48,2026-02-13T00:56:48+01:00,STATION,"Celleneuve",5,3,8,0.625,43.61467,3.832624
2026-02-13,00:56:48,2026-02-13T00:56:48+01:00,STATION,"Jardin de la Lironde",7,1,8,0.875,43.60585,3.911576
2026-02-13,00:56:48,2026-02-13T00:56:48+01:00,STATION,"Père Soulas",4,4,8,0.5,43.621983,3.855603
2026-02-13,00:56:48,2026-02-13T00:56:48+01:00,STATION,"Place Viala",8,0,8,1.0,43.616812,3.855075
2026-02-13,00:56:48,2026-02-13T00:56:48+01:00,STATION,"Hôtel du Département",6,2,8,0.75,43.621682,3.83477
2026-02-13,00:56:48,2026-02-13T00:56:48+01:00,STATION,"Tonnelles",2,6,8,0.25,43.615155,3.839466
2026-02-13,00:56:48,2026-02-13T00:56:48+01:00,STATION,"Parvis Jules Ferry - Gare Saint-Roch",2,6,8,0.25,43.603889,3.879362
2026-02-13,00:56:48,2026-02-13T00:56:48+01:00,STATION,"Pont de Lattes - Gare Saint-Roch",7,5,12,0.5833333333333334,43.606036,3.882393
2026-02-13,00:56:48,2026-02-13T00:56:48+01:00,STATION,"Deux Ponts - Gare Saint-Roch",0,8,8,0.0,43.604319,3.880916
2026-02-13,00:56:48,2026-02-13T00:56:48+01:00,STATION,"Providence - Ovalie",4,4,8,0.5,43.588239,3.853421
2026-02-13,00:56:48,2026-02-13T00:56:48+01:00,STATION,"Pérols Etang de l Or",35,33,68,0.5147058823529411,43.558351,3.963412
2026-02-13,00:56:48,2026-02-13T00:56:48+01:00,STATION,"Albert 1er - Cathédrale",4,8,12,0.3333333333333333,43.614005,3.873218
2026-02-13,00:56:48,2026-02-13T00:56:48+01:00,STATION,"Saint-Guilhem - Courreau",6,2,8,0.75,43.608996,3.872752
2026-02-13,00:56:48,2026-02-13T00:56:48+01:00,STATION,"Sud De France",4,3,8,0.625,43.59562,3.9235
2026-02-13,00:56:48,2026-02-13T00:56:48+01:00,STATION,"Comedie Baudin",0,8,8,0.0,43.608717,3.880787
2026-02-13,00:56:48,2026-02-13T00:56:48+01:00,STATION,"Jean de Beins",5,11,16,0.3125,43.609857,3.883884
2026-02-13,03:31:24,2026-02-13T03:31:24+01:00,STATION,"Rue Jules Ferry - Gare Saint-Roch",0,12,12,0.0,43.605366,3.881346
2026-02-13,03:31:24,2026-02-13T03:31:24+01:00,STATION,"Comédie",10,10,20,0.5,43.608148,3.878778
2026-02-13,03:31:24,2026-02-13T03:31:24+01:00,STATION,"Hôtel de Ville",8,7,16,0.5625,43.599088,3.894866
2026-02-13,03:31:24,2026-02-13T03:31:24+01:00,STATION,"Corum",3,9,12,0.25,43.613989,3.8816
2026-02-13,03:31:24,2026-02-13T03:31:24+01:00,STATION,"Place Albert 1er - St Charles",8,19,27,0.2962962962962963,43.616768,3.873375
2026-02-13,03:31:24,2026-02-13T03:31:24+01:00,STATION,"Foch",2,6,8,0.25,43.610989,3.873345
2026-02-13,03:31:24,2026-02-13T03:31:24+01:00,STATION,"Halles Castellane",0,12,12,0.0,43.609935,3.877208
2026-02-13,03:31:24,2026-02-13T03:31:24+01:00,STATION,"Observatoire",0,7,8,0.125,43.606301,3.87724
2026-02-13,03:31:24,2026-02-13T03:31:24+01:00,STATION,"Rondelet",7,9,16,0.4375,43.603038,3.875796
2026-02-13,03:31:24,2026-02-13T03:31:24+01:00,STATION,"Plan Cabanes",1,11,12,0.08333333333333333,43.608491,3.868389
2026-02-13,03:31:24,2026-02-13T03:31:24+01:00,STATION,"Boutonnet",7,5,12,0.5833333333333334,43.622629,3.868375
2026-02-13,03:31:24,2026-02-13T03:31:24+01:00,STATION,"Emile Combes",2,6,8,0.25,43.616742,3.87998
2026-02-13,03:31:24,2026-02-13T03:31:24+01:00,STATION,"Beaux-Arts",6,10,16,0.375,43.616698,3.884981
2026-02-13,03:31:24,2026-02-13T03:31:24+01:00,STATION,"Les Aubes",4,4,8,0.5,43.618692,3.893844
2026-02-13,03:31:24,2026-02-13T03:31:24+01:00,STATION,"Antigone centre",8,4,12,0.6666666666666666,43.607942,3.890634
2026-02-13,03:31:24,2026-02-13T03:31:24+01:00,STATION,"Médiathèque Emile Zola",7,9,16,0.4375,43.608218,3.89314
2026-02-13,03:31:24,2026-02-13T03:31:24+01:00,STATION,"Nombre d Or",5,11,16,0.3125,43.607859,3.886644
2026-02-13,03:31:24,2026-02-13T03:31:24+01:00,STATION,"Louis Blanc",7,9,16,0.4375,43.614642,3.877648
2026-02-13,03:31:24,2026-02-13T03:31:24+01:00,STATION,"Gambetta",2,6,8,0.25,43.607106,3.870693
2026-02-13,03:31:24,2026-02-13T03:31:24+01:00,STATION,"Port Marianne",10,6,16,0.625,43.60032,3.89851
2026-02-13,03:31:24,2026-02-13T03:31:24+01:00,STATION,"Les Arceaux",3,5,8,0.375,43.612659,3.867734
2026-02-13,03:31:24,2026-02-13T03:31:24+01:00,STATION,"Cité Mion",7,0,8,1.0,43.601143,3.884373
2026-02-13,03:31:24,2026-02-13T03:31:24+01:00,STATION,"Nouveau Saint-Roch",5,3,8,0.625,43.599817,3.875757
2026-02-13,03:31:24,2026-02-13T03:31:24+01:00,STATION,"Renouvier",5,3,8,0.625,43.603553,3.867884
2026-02-13,03:31:24,2026-02-13T03:31:24+01:00,STATION,"Odysseum",0,8,8,0.0,43.603727,3.918979
2026-02-13,03:31:24,2026-02-13T03:31:24+01:00,STATION,"Saint-Denis",0,8,8,0.0,43.605021,3.875065
2026-02-13,03:31:24,2026-02-13T03:31:24+01:00,STATION,"Richter",13,3,16,0.8125,43.603424,3.899263
2026-02-13,03:31:24,2026-02-13T03:31:24+01:00,STATION,"Charles Flahault",4,4,8,0.5,43.622038,3.86672
2026-02-13,03:31:24,2026-02-13T03:31:24+01:00,STATION,"Voltaire",7,1,8,0.875,43.603767,3.888659
2026-02-13,03:31:24,2026-02-13T03:31:24+01:00,STATION,"Prés d Arènes",4,4,8,0.5,43.59048,3.884611
2026-02-13,03:31:24,2026-02-13T03:31:24+01:00,STATION,"Garcia Lorca",7,1,8,0.875,43.590757,3.890616
2026-02-13,03:31:24,2026-02-13T03:31:24+01:00,STATION,"Vert Bois",2,14,16,0.125,43.63543,3.871179
2026-02-13,03:31:24,2026-02-13T03:31:24+01:00,STATION,"Malbosc",3,5,8,0.375,43.633679,3.832861
2026-02-13,03:31:24,2026-02-13T03:31:24+01:00,STATION,"Occitanie",11,21,32,0.34375,43.635689,3.849597
2026-02-13,03:31:24,2026-02-13T03:31:24+01:00,STATION,"FacdesSciences",7,17,24,0.2916666666666667,43.631318,3.861299
2026-02-13,03:31:24,2026-02-13T03:31:24+01:00,STATION,"Fac de Lettres",10,2,12,0.8333333333333334,43.630437,3.869539
2026-02-13,03:31:24,2026-02-13T03:31:24+01:00,STATION,"Aiguelongue",4,3,8,0.625,43.626163,3.882492
2026-02-13,03:31:24,2026-02-13T03:31:24+01:00,STATION,"Jeu de Mail des Abbés",3,5,8,0.375,43.619701,3.883831
2026-02-13,03:31:24,2026-02-13T03:31:24+01:00,STATION,"Euromédecine",2,6,8,0.25,43.639119,3.828199
2026-02-13,03:31:24,2026-02-13T03:31:24+01:00,STATION,"Marie Caizergues",3,5,8,0.375,43.619871,3.873812
2026-02-13,03:31:24,2026-02-13T03:31:24+01:00,STATION,"Sabines",3,5,8,0.375,43.584211,3.860031
2026-02-13,03:31:24,2026-02-13T03:31:24+01:00,STATION,"Celleneuve",5,3,8,0.625,43.61467,3.832624
2026-02-13,03:31:24,2026-02-13T03:31:24+01:00,STATION,"Jardin de la Lironde",7,1,8,0.875,43.60585,3.911576
2026-02-13,03:31:24,2026-02-13T03:31:24+01:00,STATION,"Père Soulas",6,2,8,0.75,43.621983,3.855603
2026-02-13,03:31:24,2026-02-13T03:31:24+01:00,STATION,"Place Viala",8,0,8,1.0,43.616812,3.855075
2026-02-13,03:31:24,2026-02-13T03:31:24+01:00,STATION,"Hôtel du Département",6,2,8,0.75,43.621682,3.83477
2026-02-13,03:31:24,2026-02-13T03:31:24+01:00,STATION,"Tonnelles",2,6,8,0.25,43.615155,3.839466
2026-02-13,03:31:24,2026-02-13T03:31:24+01:00,STATION,"Parvis Jules Ferry - Gare Saint-Roch",1,7,8,0.125,43.603889,3.879362
2026-02-13,03:31:24,2026-02-13T03:31:24+01:00,STATION,"Pont de Lattes - Gare Saint-Roch",7,5,12,0.5833333333333334,43.606036,3.882393
2026-02-13,03:31:24,2026-02-13T03:31:24+01:00,STATION,"Deux Ponts - Gare Saint-Roch",0,8,8,0.0,43.604319,3.880916
2026-02-13,03:31:24,2026-02-13T03:31:24+01:00,STATION,"Providence - Ovalie",5,3,8,0.625,43.588239,3.853421
2026-02-13,03:31:24,2026-02-13T03:31:24+01:00,STATION,"Pérols Etang de l Or",35,33,68,0.5147058823529411,43.558351,3.963412
2026-02-13,03:31:24,2026-02-13T03:31:24+01:00,STATION,"Albert 1er - Cathédrale",4,8,12,0.3333333333333333,43.614005,3.873218
2026-02-13,03:31:24,2026-02-13T03:31:24+01:00,STATION,"Saint-Guilhem - Courreau",5,3,8,0.625,43.608996,3.872752
2026-02-13,03:31:24,2026-02-13T03:31:24+01:00,STATION,"Sud De France",4,3,8,0.625,43.59562,3.9235
2026-02-13,03:31:24,2026-02-13T03:31:24+01:00,STATION,"Comedie Baudin",0,8,8,0.0,43.608717,3.880787
2026-02-13,03:31:24,2026-02-13T03:31:24+01:00,STATION,"Jean de Beins",5,11,16,0.3125,43.609857,3.883884
2026-02-13,05:53:20,2026-02-13T05:53:20+01:00,STATION,"Rue Jules Ferry - Gare Saint-Roch",0,12,12,0.0,43.605366,3.881346
2026-02-13,05:53:20,2026-02-13T05:53:20+01:00,STATION,"Comédie",5,15,20,0.25,43.608148,3.878778
2026-02-13,05:53:20,2026-02-13T05:53:20+01:00,STATION,"Hôtel de Ville",8,7,16,0.5625,43.599088,3.894866
2026-02-13,05:53:20,2026-02-13T05:53:20+01:00,STATION,"Corum",1,11,12,0.08333333333333333,43.613989,3.8816
2026-02-13,05:53:20,2026-02-13T05:53:20+01:00,STATION,"Place Albert 1er - St Charles",8,19,27,0.2962962962962963,43.616768,3.873375
2026-02-13,05:53:20,2026-02-13T05:53:20+01:00,STATION,"Foch",2,6,8,0.25,43.610989,3.873345
2026-02-13,05:53:20,2026-02-13T05:53:20+01:00,STATION,"Halles Castellane",0,12,12,0.0,43.609935,3.877208
2026-02-13,05:53:20,2026-02-13T05:53:20+01:00,STATION,"Observatoire",0,7,8,0.125,43.606301,3.87724
2026-02-13,05:53:20,2026-02-13T05:53:20+01:00,STATION,"Rondelet",7,9,16,0.4375,43.603038,3.875796
2026-02-13,05:53:20,2026-02-13T05:53:20+01:00,STATION,"Plan Cabanes",1,11,12,0.08333333333333333,43.608491,3.868389
2026-02-13,05:53:20,2026-02-13T05:53:20+01:00,STATION,"Boutonnet",12,0,12,1.0,43.622629,3.868375
2026-02-13,05:53:20,2026-02-13T05:53:20+01:00,STATION,"Emile Combes",2,6,8,0.25,43.616742,3.87998
2026-02-13,05:53:20,2026-02-13T05:53:20+01:00,STATION,"Beaux-Arts",6,10,16,0.375,43.616698,3.884981
2026-02-13,05:53:20,2026-02-13T05:53:20+01:00,STATION,"Les Aubes",3,5,8,0.375,43.618692,3.893844
2026-02-13,05:53:20,2026-02-13T05:53:20+01:00,STATION,"Antigone centre",8,4,12,0.6666666666666666,43.607942,3.890634
2026-02-13,05:53:20,2026-02-13T05:53:20+01:00,STATION,"Médiathèque Emile Zola",7,9,16,0.4375,43.608218,3.89314
2026-02-13,05:53:20,2026-02-13T05:53:20+01:00,STATION,"Nombre d Or",5,11,16,0.3125,43.607859,3.886644
2026-02-13,05:53:20,2026-02-13T05:53:20+01:00,STATION,"Louis Blanc",3,13,16,0.1875,43.614642,3.877648
2026-02-13,05:53:20,2026-02-13T05:53:20+01:00,STATION,"Gambetta",2,6,8,0.25,43.607106,3.870693
2026-02-13,05:53:20,2026-02-13T05:53:20+01:00,STATION,"Port Marianne",10,6,16,0.625,43.60032,3.89851
2026-02-13,05:53:20,2026-02-13T05:53:20+01:00,STATION,"Les Arceaux",3,5,8,0.375,43.612659,3.867734
2026-02-13,05:53:20,2026-02-13T05:53:20+01:00,STATION,"Cité Mion",7,0,8,1.0,43.601143,3.884373
2026-02-13,05:53:20,2026-02-13T05:53:20+01:00,STATION,"Nouveau Saint-Roch",5,3,8,0.625,43.599817,3.875757
2026-02-13,05:53:20,2026-02-13T05:53:20+01:00,STATION,"Renouvier",5,3,8,0.625,43.603553,3.867884
2026-02-13,05:53:20,2026-02-13T05:53:20+01:00,STATION,"Odysseum",0,8,8,0.0,43.603727,3.918979
2026-02-13,05:53:20,2026-02-13T05:53:20+01:00,STATION,"Saint-Denis",0,8,8,0.0,43.605021,3.875065
2026-02-13,05:53:20,2026-02-13T05:53:20+01:00,STATION,"Richter",14,2,16,0.875,43.603424,3.899263
2026-02-13,05:53:20,2026-02-13T05:53:20+01:00,STATION,"Charles Flahault",4,4,8,0.5,43.622038,3.86672
2026-02-13,05:53:20,2026-02-13T05:53:20+01:00,STATION,"Voltaire",7,1,8,0.875,43.603767,3.888659
2026-02-13,05:53:20,2026-02-13T05:53:20+01:00,STATION,"Prés d Arènes",4,4,8,0.5,43.59048,3.884611
2026-02-13,05:53:20,2026-02-13T05:53:20+01:00,STATION,"Garcia Lorca",7,1,8,0.875,43.590757,3.890616
2026-02-13,05:53:20,2026-02-13T05:53:20+01:00,STATION,"Vert Bois",2,14,16,0.125,43.63543,3.871179
2026-02-13,05:53:20,2026-02-13T05:53:20+01:00,STATION,"Malbosc",3,5,8,0.375,43.633679,3.832861
2026-02-13,05:53:20,2026-02-13T05:53:20+01:00,STATION,"Occitanie",21,11,32,0.65625,43.635689,3.849597
2026-02-13,05:53:20,2026-02-13T05:53:20+01:00,STATION,"FacdesSciences",6,18,24,0.25,43.631318,3.861299
2026-02-13,05:53:20,2026-02-13T05:53:20+01:00,STATION,"Fac de Lettres",13,0,12,1.0,43.630437,3.869539
2026-02-13,05:53:20,2026-02-13T05:53:20+01:00,STATION,"Aiguelongue",4,3,8,0.625,43.626163,3.882492
2026-02-13,05:53:20,2026-02-13T05:53:20+01:00,STATION,"Jeu de Mail des Abbés",3,5,8,0.375,43.619701,3.883831
2026-02-13,05:53:20,2026-02-13T05:53:20+01:00,STATION,"Euromédecine",2,6,8,0.25,43.639119,3.828199
2026-02-13,05:53:20,2026-02-13T05:53:20+01:00,STATION,"Marie Caizergues",3,5,8,0.375,43.619871,3.873812
2026-02-13,05:53:20,2026-02-13T05:53:20+01:00,STATION,"Sabines",3,5,8,0.375,43.584211,3.860031
2026-02-13,05:53:20,2026-02-13T05:53:20+01:00,STATION,"Celleneuve",5,3,8,0.625,43.61467,3.832624
2026-02-13,05:53:20,2026-02-13T05:53:20+01:00,STATION,"Jardin de la Lironde",7,1,8,0.875,43.60585,3.911576
2026-02-13,05:53:20,2026-02-13T05:53:20+01:00,STATION,"Père Soulas",6,2,8,0.75,43.621983,3.855603
2026-02-13,05:53:20,2026-02-13T05:53:20+01:00,STATION,"Place Viala",8,0,8,1.0,43.616812,3.855075
2026-02-13,05:53:20,2026-02-13T05:53:20+01:00,STATION,"Hôtel du Département",6,2,8,0.75,43.621682,3.83477
2026-02-13,05:53:20,2026-02-13T05:53:20+01:00,STATION,"Tonnelles",2,6,8,0.25,43.615155,3.839466
2026-02-13,05:53:20,2026-02-13T05:53:20+01:00,STATION,"Parvis Jules Ferry - Gare Saint-Roch",1,7,8,0.125,43.603889,3.879362
2026-02-13,05:53:20,2026-02-13T05:53:20+01:00,STATION,"Pont de Lattes - Gare Saint-Roch",7,5,12,0.5833333333333334,43.606036,3.882393
2026-02-13,05:53:20,2026-02-13T05:53:20+01:00,STATION,"Deux Ponts - Gare Saint-Roch",0,8,8,0.0,43.604319,3.880916
2026-02-13,05:53:20,2026-02-13T05:53:20+01:00,STATION,"Providence - Ovalie",5,3,8,0.625,43.588239,3.853421
2026-02-13,05:53:20,2026-02-13T05:53:20+01:00,STATION,"Pérols Etang de l Or",35,33,68,0.5147058823529411,43.558351,3.963412
2026-02-13,05:53:20,2026-02-13T05:53:20+01:00,STATION,"Albert 1er - Cathédrale",4,8,12,0.3333333333333333,43.614005,3.873218
2026-02-13,05:53:20,2026-02-13T05:53:20+01:00,STATION,"Saint-Guilhem - Courreau",4,4,8,0.5,43.608996,3.872752
2026-02-13,05:53:20,2026-02-13T05:53:20+01:00,STATION,"Sud De France",4,3,8,0.625,43.59562,3.9235
2026-02-13,05:53:20,2026-02-13T05:53:20+01:00,STATION,"Comedie Baudin",0,8,8,0.0,43.608717,3.880787
2026-02-13,05:53:20,2026-02-13T05:53:20+01:00,STATION,"Jean de Beins",5,11,16,0.3125,43.609857,3.883884
2026-02-13,06:59:30,2026-02-13T06:59:30+01:00,STATION,"Rue Jules Ferry - Gare Saint-Roch",0,12,12,0.0,43.605366,3.881346
2026-02-13,06:59:30,2026-02-13T06:59:30+01:00,STATION,"Comédie",5,15,20,0.25,43.608148,3.878778
2026-02-13,06:59:30,2026-02-13T06:59:30+01:00,STATION,"Hôtel de Ville",8,7,16,0.5625,43.599088,3.894866
2026-02-13,06:59:30,2026-02-13T06:59:30+01:00,STATION,"Corum",1,11,12,0.08333333333333333,43.613989,3.8816
2026-02-13,06:59:30,2026-02-13T06:59:30+01:00,STATION,"Place Albert 1er - St Charles",8,19,27,0.2962962962962963,43.616768,3.873375
2026-02-13,06:59:30,2026-02-13T06:59:30+01:00,STATION,"Foch",2,6,8,0.25,43.610989,3.873345
2026-02-13,06:59:30,2026-02-13T06:59:30+01:00,STATION,"Halles Castellane",0,12,12,0.0,43.609935,3.877208
2026-02-13,06:59:30,2026-02-13T06:59:30+01:00,STATION,"Observatoire",0,7,8,0.125,43.606301,3.87724
2026-02-13,06:59:30,2026-02-13T06:59:30+01:00,STATION,"Rondelet",7,9,16,0.4375,43.603038,3.875796
2026-02-13,06:59:30,2026-02-13T06:59:30+01:00,STATION,"Plan Cabanes",1,11,12,0.08333333333333333,43.608491,3.868389
2026-02-13,06:59:30,2026-02-13T06:59:30+01:00,STATION,"Boutonnet",12,0,12,1.0,43.622629,3.868375
2026-02-13,06:59:30,2026-02-13T06:59:30+01:00,STATION,"Emile Combes",2,6,8,0.25,43.616742,3.87998
2026-02-13,06:59:30,2026-02-13T06:59:30+01:00,STATION,"Beaux-Arts",6,10,16,0.375,43.616698,3.884981
2026-02-13,06:59:30,2026-02-13T06:59:30+01:00,STATION,"Les Aubes",3,5,8,0.375,43.618692,3.893844
2026-02-13,06:59:30,2026-02-13T06:59:30+01:00,STATION,"Antigone centre",8,4,12,0.6666666666666666,43.607942,3.890634
2026-02-13,06:59:30,2026-02-13T06:59:30+01:00,STATION,"Médiathèque Emile Zola",7,9,16,0.4375,43.608218,3.89314
2026-02-13,06:59:30,2026-02-13T06:59:30+01:00,STATION,"Nombre d Or",5,11,16,0.3125,43.607859,3.886644
2026-02-13,06:59:30,2026-02-13T06:59:30+01:00,STATION,"Louis Blanc",3,13,16,0.1875,43.614642,3.877648
2026-02-13,06:59:30,2026-02-13T06:59:30+01:00,STATION,"Gambetta",2,6,8,0.25,43.607106,3.870693
2026-02-13,06:59:30,2026-02-13T06:59:30+01:00,STATION,"Port Marianne",10,6,16,0.625,43.60032,3.89851
2026-02-13,06:59:30,2026-02-13T06:59:30+01:00,STATION,"Les Arceaux",3,5,8,0.375,43.612659,3.867734
2026-02-13,06:59:30,2026-02-13T06:59:30+01:00,STATION,"Cité Mion",7,0,8,1.0,43.601143,3.884373
2026-02-13,06:59:30,2026-02-13T06:59:30+01:00,STATION,"Nouveau Saint-Roch",5,3,8,0.625,43.599817,3.875757
2026-02-13,06:59:30,2026-02-13T06:59:30+01:00,STATION,"Renouvier",5,3,8,0.625,43.603553,3.867884
2026-02-13,06:59:30,2026-02-13T06:59:30+01:00,STATION,"Odysseum",0,8,8,0.0,43.603727,3.918979
2026-02-13,06:59:30,2026-02-13T06:59:30+01:00,STATION,"Saint-Denis",0,8,8,0.0,43.605021,3.875065
2026-02-13,06:59:30,2026-02-13T06:59:30+01:00,STATION,"Richter",14,2,16,0.875,43.603424,3.899263
2026-02-13,06:59:30,2026-02-13T06:59:30+01:00,STATION,"Charles Flahault",4,4,8,0.5,43.622038,3.86672
2026-02-13,06:59:30,2026-02-13T06:59:30+01:00,STATION,"Voltaire",7,1,8,0.875,43.603767,3.888659
2026-02-13,06:59:30,2026-02-13T06:59:30+01:00,STATION,"Prés d Arènes",4,4,8,0.5,43.59048,3.884611
2026-02-13,06:59:30,2026-02-13T06:59:30+01:00,STATION,"Garcia Lorca",6,2,8,0.75,43.590757,3.890616
2026-02-13,06:59:30,2026-02-13T06:59:30+01:00,STATION,"Vert Bois",2,14,16,0.125,43.63543,3.871179
2026-02-13,06:59:30,2026-02-13T06:59:30+01:00,STATION,"Malbosc",3,5,8,0.375,43.633679,3.832861
2026-02-13,06:59:30,2026-02-13T06:59:30+01:00,STATION,"Occitanie",21,11,32,0.65625,43.635689,3.849597
2026-02-13,06:59:30,2026-02-13T06:59:30+01:00,STATION,"FacdesSciences",6,18,24,0.25,43.631318,3.861299
2026-02-13,06:59:30,2026-02-13T06:59:30+01:00,STATION,"Fac de Lettres",13,0,12,1.0,43.630437,3.869539
2026-02-13,06:59:30,2026-02-13T06:59:30+01:00,STATION,"Aiguelongue",4,3,8,0.625,43.626163,3.882492
2026-02-13,06:59:30,2026-02-13T06:59:30+01:00,STATION,"Jeu de Mail des Abbés",3,5,8,0.375,43.619701,3.883831
2026-02-13,06:59:30,2026-02-13T06:59:30+01:00,STATION,"Euromédecine",2,6,8,0.25,43.639119,3.828199
2026-02-13,06:59:30,2026-02-13T06:59:30+01:00,STATION,"Marie Caizergues",3,5,8,0.375,43.619871,3.873812
2026-02-13,06:59:30,2026-02-13T06:59:30+01:00,STATION,"Sabines",3,5,8,0.375,43.584211,3.860031
2026-02-13,06:59:30,2026-02-13T06:59:30+01:00,STATION,"Celleneuve",5,3,8,0.625,43.61467,3.832624
2026-02-13,06:59:30,2026-02-13T06:59:30+01:00,STATION,"Jardin de la Lironde",7,1,8,0.875,43.60585,3.911576
2026-02-13,06:59:30,2026-02-13T06:59:30+01:00,STATION,"Père Soulas",6,2,8,0.75,43.621983,3.855603
2026-02-13,06:59:30,2026-02-13T06:59:30+01:00,STATION,"Place Viala",6,2,8,0.75,43.616812,3.855075
2026-02-13,06:59:30,2026-02-13T06:59:30+01:00,STATION,"Hôtel du Département",6,2,8,0.75,43.621682,3.83477
2026-02-13,06:59:30,2026-02-13T06:59:30+01:00,STATION,"Tonnelles",2,6,8,0.25,43.615155,3.839466
2026-02-13,06:59:30,2026-02-13T06:59:30+01:00,STATION,"Parvis Jules Ferry - Gare Saint-Roch",3,5,8,0.375,43.603889,3.879362
2026-02-13,06:59:30,2026-02-13T06:59:30+01:00,STATION,"Pont de Lattes - Gare Saint-Roch",7,5,12,0.5833333333333334,43.606036,3.882393
2026-02-13,06:59:30,2026-02-13T06:59:30+01:00,STATION,"Deux Ponts - Gare Saint-Roch",0,8,8,0.0,43.604319,3.880916
2026-02-13,06:59:30,2026-02-13T06:59:30+01:00,STATION,"Providence - Ovalie",5,3,8,0.625,43.588239,3.853421
2026-02-13,06:59:30,2026-02-13T06:59:30+01:00,STATION,"Pérols Etang de l Or",36,32,68,0.5294117647058824,43.558351,3.963412
2026-02-13,06:59:30,2026-02-13T06:59:30+01:00,STATION,"Albert 1er - Cathédrale",4,8,12,0.3333333333333333,43.614005,3.873218
2026-02-13,06:59:30,2026-02-13T06:59:30+01:00,STATION,"Saint-Guilhem - Courreau",4,4,8,0.5,43.608996,3.872752
2026-02-13,06:59:30,2026-02-13T06:59:30+01:00,STATION,"Sud De France",4,3,8,0.625,43.59562,3.9235
2026-02-13,06:59:30,2026-02-13T06:59:30+01:00,STATION,"Comedie Baudin",0,8,8,0.0,43.608717,3.880787
2026-02-13,06:59:30,2026-02-13T06:59:30+01:00,STATION,"Jean de Beins",5,11,16,0.3125,43.609857,3.883884
2026-02-13,08:11:13,2026-02-13T08:11:13+01:00,STATION,"Rue Jules Ferry - Gare Saint-Roch",0,12,12,0.0,43.605366,3.881346
2026-02-13,08:11:13,2026-02-13T08:11:13+01:00,STATION,"Comédie",5,15,20,0.25,43.608148,3.878778
2026-02-13,08:11:13,2026-02-13T08:11:13+01:00,STATION,"Hôtel de Ville",8,7,16,0.5625,43.599088,3.894866
2026-02-13,08:11:13,2026-02-13T08:11:13+01:00,STATION,"Corum",1,11,12,0.08333333333333333,43.613989,3.8816
2026-02-13,08:11:13,2026-02-13T08:11:13+01:00,STATION,"Place Albert 1er - St Charles",8,19,27,0.2962962962962963,43.616768,3.873375
2026-02-13,08:11:13,2026-02-13T08:11:13+01:00,STATION,"Foch",2,6,8,0.25,43.610989,3.873345
2026-02-13,08:11:13,2026-02-13T08:11:13+01:00,STATION,"Halles Castellane",0,12,12,0.0,43.609935,3.877208
2026-02-13,08:11:13,2026-02-13T08:11:13+01:00,STATION,"Observatoire",0,7,8,0.125,43.606301,3.87724
2026-02-13,08:11:13,2026-02-13T08:11:13+01:00,STATION,"Rondelet",7,9,16,0.4375,43.603038,3.875796
2026-02-13,08:11:13,2026-02-13T08:11:13+01:00,STATION,"Plan Cabanes",1,11,12,0.08333333333333333,43.608491,3.868389
2026-02-13,08:11:13,2026-02-13T08:11:13+01:00,STATION,"Boutonnet",12,0,12,1.0,43.622629,3.868375
2026-02-13,08:11:13,2026-02-13T08:11:13+01:00,STATION,"Emile Combes",2,6,8,0.25,43.616742,3.87998
2026-02-13,08:11:13,2026-02-13T08:11:13+01:00,STATION,"Beaux-Arts",6,10,16,0.375,43.616698,3.884981
2026-02-13,08:11:13,2026-02-13T08:11:13+01:00,STATION,"Les Aubes",3,5,8,0.375,43.618692,3.893844
2026-02-13,08:11:13,2026-02-13T08:11:13+01:00,STATION,"Antigone centre",8,4,12,0.6666666666666666,43.607942,3.890634
2026-02-13,08:11:13,2026-02-13T08:11:13+01:00,STATION,"Médiathèque Emile Zola",7,9,16,0.4375,43.608218,3.89314
2026-02-13,08:11:13,2026-02-13T08:11:13+01:00,STATION,"Nombre d Or",5,11,16,0.3125,43.607859,3.886644
2026-02-13,08:11:13,2026-02-13T08:11:13+01:00,STATION,"Louis Blanc",3,13,16,0.1875,43.614642,3.877648
2026-02-13,08:11:13,2026-02-13T08:11:13+01:00,STATION,"Gambetta",2,6,8,0.25,43.607106,3.870693
2026-02-13,08:11:13,2026-02-13T08:11:13+01:00,STATION,"Port Marianne",8,7,16,0.5625,43.60032,3.89851
2026-02-13,08:11:13,2026-02-13T08:11:13+01:00,STATION,"Les Arceaux",3,5,8,0.375,43.612659,3.867734
2026-02-13,08:11:13,2026-02-13T08:11:13+01:00,STATION,"Cité Mion",7,0,8,1.0,43.601143,3.884373
2026-02-13,08:11:13,2026-02-13T08:11:13+01:00,STATION,"Nouveau Saint-Roch",5,3,8,0.625,43.599817,3.875757
2026-02-13,08:11:13,2026-02-13T08:11:13+01:00,STATION,"Renouvier",5,3,8,0.625,43.603553,3.867884
2026-02-13,08:11:13,2026-02-13T08:11:13+01:00,STATION,"Odysseum",0,8,8,0.0,43.603727,3.918979
2026-02-13,08:11:13,2026-02-13T08:11:13+01:00,STATION,"Saint-Denis",0,8,8,0.0,43.605021,3.875065
2026-02-13,08:11:13,2026-02-13T08:11:13+01:00,STATION,"Richter",8,8,16,0.5,43.603424,3.899263
2026-02-13,08:11:13,2026-02-13T08:11:13+01:00,STATION,"Charles Flahault",4,4,8,0.5,43.622038,3.86672
2026-02-13,08:11:13,2026-02-13T08:11:13+01:00,STATION,"Voltaire",4,4,8,0.5,43.603767,3.888659
2026-02-13,08:11:13,2026-02-13T08:11:13+01:00,STATION,"Prés d Arènes",4,4,8,0.5,43.59048,3.884611
2026-02-13,08:11:13,2026-02-13T08:11:13+01:00,STATION,"Garcia Lorca",7,1,8,0.875,43.590757,3.890616
2026-02-13,08:11:13,2026-02-13T08:11:13+01:00,STATION,"Vert Bois",2,14,16,0.125,43.63543,3.871179
2026-02-13,08:11:13,2026-02-13T08:11:13+01:00,STATION,"Malbosc",3,5,8,0.375,43.633679,3.832861
2026-02-13,08:11:13,2026-02-13T08:11:13+01:00,STATION,"Occitanie",21,11,32,0.65625,43.635689,3.849597
2026-02-13,08:11:13,2026-02-13T08:11:13+01:00,STATION,"FacdesSciences",6,18,24,0.25,43.631318,3.861299
2026-02-13,08:11:13,2026-02-13T08:11:13+01:00,STATION,"Fac de Lettres",12,0,12,1.0,43.630437,3.869539
2026-02-13,08:11:13,2026-02-13T08:11:13+01:00,STATION,"Aiguelongue",4,3,8,0.625,43.626163,3.882492
2026-02-13,08:11:13,2026-02-13T08:11:13+01:00,STATION,"Jeu de Mail des Abbés",3,5,8,0.375,43.619701,3.883831
2026-02-13,08:11:13,2026-02-13T08:11:13+01:00,STATION,"Euromédecine",2,6,8,0.25,43.639119,3.828199
2026-02-13,08:11:13,2026-02-13T08:11:13+01:00,STATION,"Marie Caizergues",2,6,8,0.25,43.619871,3.873812
2026-02-13,08:11:13,2026-02-13T08:11:13+01:00,STATION,"Sabines",3,5,8,0.375,43.584211,3.860031
2026-02-13,08:11:13,2026-02-13T08:11:13+01:00,STATION,"Celleneuve",5,3,8,0.625,43.61467,3.832624
2026-02-13,08:11:13,2026-02-13T08:11:13+01:00,STATION,"Jardin de la Lironde",7,1,8,0.875,43.60585,3.911576
2026-02-13,08:11:13,2026-02-13T08:11:13+01:00,STATION,"Père Soulas",6,2,8,0.75,43.621983,3.855603
2026-02-13,08:11:13,2026-02-13T08:11:13+01:00,STATION,"Place Viala",6,2,8,0.75,43.616812,3.855075
2026-02-13,08:11:13,2026-02-13T08:11:13+01:00,STATION,"Hôtel du Département",6,2,8,0.75,43.621682,3.83477
2026-02-13,08:11:13,2026-02-13T08:11:13+01:00,STATION,"Tonnelles",2,6,8,0.25,43.615155,3.839466
2026-02-13,08:11:13,2026-02-13T08:11:13+01:00,STATION,"Parvis Jules Ferry - Gare Saint-Roch",3,5,8,0.375,43.603889,3.879362
2026-02-13,08:11:13,2026-02-13T08:11:13+01:00,STATION,"Pont de Lattes - Gare Saint-Roch",7,5,12,0.5833333333333334,43.606036,3.882393
2026-02-13,08:11:13,2026-02-13T08:11:13+01:00,STATION,"Deux Ponts - Gare Saint-Roch",0,8,8,0.0,43.604319,3.880916
2026-02-13,08:11:13,2026-02-13T08:11:13+01:00,STATION,"Providence - Ovalie",5,3,8,0.625,43.588239,3.853421
2026-02-13,08:11:13,2026-02-13T08:11:13+01:00,STATION,"Pérols Etang de l Or",35,33,68,0.5147058823529411,43.558351,3.963412
2026-02-13,08:11:13,2026-02-13T08:11:13+01:00,STATION,"Albert 1er - Cathédrale",4,8,12,0.3333333333333333,43.614005,3.873218
2026-02-13,08:11:13,2026-02-13T08:11:13+01:00,STATION,"Saint-Guilhem - Courreau",4,4,8,0.5,43.608996,3.872752
2026-02-13,08:11:13,2026-02-13T08:11:13+01:00,STATION,"Sud De France",4,3,8,0.625,43.59562,3.9235
2026-02-13,08:11:13,2026-02-13T08:11:13+01:00,STATION,"Comedie Baudin",0,8,8,0.0,43.608717,3.880787
2026-02-13,08:11:13,2026-02-13T08:11:13+01:00,STATION,"Jean de Beins",5,11,16,0.3125,43.609857,3.883884
2026-02-13,09:04:04,2026-02-13T09:04:04+01:00,STATION,"Rue Jules Ferry - Gare Saint-Roch",6,6,12,0.5,43.605366,3.881346
2026-02-13,09:04:04,2026-02-13T09:04:04+01:00,STATION,"Comédie",5,15,20,0.25,43.608148,3.878778
2026-02-13,09:04:04,2026-02-13T09:04:04+01:00,STATION,"Hôtel de Ville",8,7,16,0.5625,43.599088,3.894866
2026-02-13,09:04:04,2026-02-13T09:04:04+01:00,STATION,"Corum",1,11,12,0.08333333333333333,43.613989,3.8816
2026-02-13,09:04:04,2026-02-13T09:04:04+01:00,STATION,"Place Albert 1er - St Charles",8,19,27,0.2962962962962963,43.616768,3.873375
2026-02-13,09:04:04,2026-02-13T09:04:04+01:00,STATION,"Foch",2,6,8,0.25,43.610989,3.873345
2026-02-13,09:04:04,2026-02-13T09:04:04+01:00,STATION,"Halles Castellane",0,12,12,0.0,43.609935,3.877208
2026-02-13,09:04:04,2026-02-13T09:04:04+01:00,STATION,"Observatoire",3,4,8,0.5,43.606301,3.87724
2026-02-13,09:04:04,2026-02-13T09:04:04+01:00,STATION,"Rondelet",7,9,16,0.4375,43.603038,3.875796
2026-02-13,09:04:04,2026-02-13T09:04:04+01:00,STATION,"Plan Cabanes",1,11,12,0.08333333333333333,43.608491,3.868389
2026-02-13,09:04:04,2026-02-13T09:04:04+01:00,STATION,"Boutonnet",7,5,12,0.5833333333333334,43.622629,3.868375
2026-02-13,09:04:04,2026-02-13T09:04:04+01:00,STATION,"Emile Combes",2,6,8,0.25,43.616742,3.87998
2026-02-13,09:04:04,2026-02-13T09:04:04+01:00,STATION,"Beaux-Arts",5,11,16,0.3125,43.616698,3.884981
2026-02-13,09:04:04,2026-02-13T09:04:04+01:00,STATION,"Les Aubes",3,5,8,0.375,43.618692,3.893844
2026-02-13,09:04:04,2026-02-13T09:04:04+01:00,STATION,"Antigone centre",8,4,12,0.6666666666666666,43.607942,3.890634
2026-02-13,09:04:04,2026-02-13T09:04:04+01:00,STATION,"Médiathèque Emile Zola",7,9,16,0.4375,43.608218,3.89314
2026-02-13,09:04:04,2026-02-13T09:04:04+01:00,STATION,"Nombre d Or",5,11,16,0.3125,43.607859,3.886644
2026-02-13,09:04:04,2026-02-13T09:04:04+01:00,STATION,"Louis Blanc",3,13,16,0.1875,43.614642,3.877648
2026-02-13,09:04:04,2026-02-13T09:04:04+01:00,STATION,"Gambetta",2,6,8,0.25,43.607106,3.870693
2026-02-13,09:04:04,2026-02-13T09:04:04+01:00,STATION,"Port Marianne",9,7,16,0.5625,43.60032,3.89851
2026-02-13,09:04:04,2026-02-13T09:04:04+01:00,STATION,"Les Arceaux",3,5,8,0.375,43.612659,3.867734
2026-02-13,09:04:04,2026-02-13T09:04:04+01:00,STATION,"Cité Mion",6,1,8,0.875,43.601143,3.884373
2026-02-13,09:04:04,2026-02-13T09:04:04+01:00,STATION,"Nouveau Saint-Roch",5,3,8,0.625,43.599817,3.875757
2026-02-13,09:04:04,2026-02-13T09:04:04+01:00,STATION,"Renouvier",5,3,8,0.625,43.603553,3.867884
2026-02-13,09:04:04,2026-02-13T09:04:04+01:00,STATION,"Odysseum",0,8,8,0.0,43.603727,3.918979
2026-02-13,09:04:04,2026-02-13T09:04:04+01:00,STATION,"Saint-Denis",0,8,8,0.0,43.605021,3.875065
2026-02-13,09:04:04,2026-02-13T09:04:04+01:00,STATION,"Richter",9,7,16,0.5625,43.603424,3.899263
2026-02-13,09:04:04,2026-02-13T09:04:04+01:00,STATION,"Charles Flahault",3,5,8,0.375,43.622038,3.86672
2026-02-13,09:04:04,2026-02-13T09:04:04+01:00,STATION,"Voltaire",4,4,8,0.5,43.603767,3.888659
2026-02-13,09:04:04,2026-02-13T09:04:04+01:00,STATION,"Prés d Arènes",4,4,8,0.5,43.59048,3.884611
2026-02-13,09:04:04,2026-02-13T09:04:04+01:00,STATION,"Garcia Lorca",7,1,8,0.875,43.590757,3.890616
2026-02-13,09:04:04,2026-02-13T09:04:04+01:00,STATION,"Vert Bois",2,14,16,0.125,43.63543,3.871179
2026-02-13,09:04:04,2026-02-13T09:04:04+01:00,STATION,"Malbosc",3,5,8,0.375,43.633679,3.832861
2026-02-13,09:04:04,2026-02-13T09:04:04+01:00,STATION,"Occitanie",22,10,32,0.6875,43.635689,3.849597
2026-02-13,09:04:04,2026-02-13T09:04:04+01:00,STATION,"FacdesSciences",6,18,24,0.25,43.631318,3.861299
2026-02-13,09:04:04,2026-02-13T09:04:04+01:00,STATION,"Fac de Lettres",12,0,12,1.0,43.630437,3.869539
2026-02-13,09:04:04,2026-02-13T09:04:04+01:00,STATION,"Aiguelongue",4,3,8,0.625,43.626163,3.882492
2026-02-13,09:04:04,2026-02-13T09:04:04+01:00,STATION,"Jeu de Mail des Abbés",3,5,8,0.375,43.619701,3.883831
2026-02-13,09:04:04,2026-02-13T09:04:04+01:00,STATION,"Euromédecine",2,6,8,0.25,43.639119,3.828199
2026-02-13,09:04:04,2026-02-13T09:04:04+01:00,STATION,"Marie Caizergues",2,6,8,0.25,43.619871,3.873812
2026-02-13,09:04:04,2026-02-13T09:04:04+01:00,STATION,"Sabines",3,5,8,0.375,43.584211,3.860031
2026-02-13,09:04:04,2026-02-13T09:04:04+01:00,STATION,"Celleneuve",5,3,8,0.625,43.61467,3.832624
2026-02-13,09:04:04,2026-02-13T09:04:04+01:00,STATION,"Jardin de la Lironde",7,1,8,0.875,43.60585,3.911576
2026-02-13,09:04:04,2026-02-13T09:04:04+01:00,STATION,"Père Soulas",6,2,8,0.75,43.621983,3.855603
2026-02-13,09:04:04,2026-02-13T09:04:04+01:00,STATION,"Place Viala",6,2,8,0.75,43.616812,3.855075
2026-02-13,09:04:04,2026-02-13T09:04:04+01:00,STATION,"Hôtel du Département",6,2,8,0.75,43.621682,3.83477
2026-02-13,09:04:04,2026-02-13T09:04:04+01:00,STATION,"Tonnelles",2,6,8,0.25,43.615155,3.839466
2026-02-13,09:04:04,2026-02-13T09:04:04+01:00,STATION,"Parvis Jules Ferry - Gare Saint-Roch",3,5,8,0.375,43.603889,3.879362
2026-02-13,09:04:04,2026-02-13T09:04:04+01:00,STATION,"Pont de Lattes - Gare Saint-Roch",5,7,12,0.4166666666666667,43.606036,3.882393
2026-02-13,09:04:04,2026-02-13T09:04:04+01:00,STATION,"Deux Ponts - Gare Saint-Roch",0,8,8,0.0,43.604319,3.880916
2026-02-13,09:04:04,2026-02-13T09:04:04+01:00,STATION,"Providence - Ovalie",5,3,8,0.625,43.588239,3.853421
2026-02-13,09:04:04,2026-02-13T09:04:04+01:00,STATION,"Pérols Etang de l Or",36,32,68,0.5294117647058824,43.558351,3.963412
2026-02-13,09:04:04,2026-02-13T09:04:04+01:00,STATION,"Albert 1er - Cathédrale",4,8,12,0.3333333333333333,43.614005,3.873218
2026-02-13,09:04:04,2026-02-13T09:04:04+01:00,STATION,"Saint-Guilhem - Courreau",4,4,8,0.5,43.608996,3.872752
2026-02-13,09:04:04,2026-02-13T09:04:04+01:00,STATION,"Sud De France",5,2,8,0.75,43.59562,3.9235
2026-02-13,09:04:04,2026-02-13T09:04:04+01:00,STATION,"Comedie Baudin",0,8,8,0.0,43.608717,3.880787
2026-02-13,09:04:04,2026-02-13T09:04:04+01:00,STATION,"Jean de Beins",5,11,16,0.3125,43.609857,3.883884
2026-02-13,10:10:07,2026-02-13T10:10:07+01:00,STATION,"Rue Jules Ferry - Gare Saint-Roch",6,6,12,0.5,43.605366,3.881346
2026-02-13,10:10:07,2026-02-13T10:10:07+01:00,STATION,"Comédie",5,15,20,0.25,43.608148,3.878778
2026-02-13,10:10:07,2026-02-13T10:10:07+01:00,STATION,"Hôtel de Ville",8,7,16,0.5625,43.599088,3.894866
2026-02-13,10:10:07,2026-02-13T10:10:07+01:00,STATION,"Corum",1,11,12,0.08333333333333333,43.613989,3.8816
2026-02-13,10:10:07,2026-02-13T10:10:07+01:00,STATION,"Place Albert 1er - St Charles",8,19,27,0.2962962962962963,43.616768,3.873375
2026-02-13,10:10:07,2026-02-13T10:10:07+01:00,STATION,"Foch",2,6,8,0.25,43.610989,3.873345
2026-02-13,10:10:07,2026-02-13T10:10:07+01:00,STATION,"Halles Castellane",0,12,12,0.0,43.609935,3.877208
2026-02-13,10:10:07,2026-02-13T10:10:07+01:00,STATION,"Observatoire",3,4,8,0.5,43.606301,3.87724
2026-02-13,10:10:07,2026-02-13T10:10:07+01:00,STATION,"Rondelet",8,8,16,0.5,43.603038,3.875796
2026-02-13,10:10:07,2026-02-13T10:10:07+01:00,STATION,"Plan Cabanes",1,11,12,0.08333333333333333,43.608491,3.868389
2026-02-13,10:10:07,2026-02-13T10:10:07+01:00,STATION,"Boutonnet",7,5,12,0.5833333333333334,43.622629,3.868375
2026-02-13,10:10:07,2026-02-13T10:10:07+01:00,STATION,"Emile Combes",2,6,8,0.25,43.616742,3.87998
2026-02-13,10:10:07,2026-02-13T10:10:07+01:00,STATION,"Beaux-Arts",5,11,16,0.3125,43.616698,3.884981
2026-02-13,10:10:07,2026-02-13T10:10:07+01:00,STATION,"Les Aubes",3,5,8,0.375,43.618692,3.893844
2026-02-13,10:10:07,2026-02-13T10:10:07+01:00,STATION,"Antigone centre",9,3,12,0.75,43.607942,3.890634
2026-02-13,10:10:07,2026-02-13T10:10:07+01:00,STATION,"Médiathèque Emile Zola",7,9,16,0.4375,43.608218,3.89314
2026-02-13,10:10:07,2026-02-13T10:10:07+01:00,STATION,"Nombre d Or",5,11,16,0.3125,43.607859,3.886644
2026-02-13,10:10:07,2026-02-13T10:10:07+01:00,STATION,"Louis Blanc",2,14,16,0.125,43.614642,3.877648
2026-02-13,10:10:07,2026-02-13T10:10:07+01:00,STATION,"Gambetta",2,6,8,0.25,43.607106,3.870693
2026-02-13,10:10:07,2026-02-13T10:10:07+01:00,STATION,"Port Marianne",10,6,16,0.625,43.60032,3.89851
2026-02-13,10:10:07,2026-02-13T10:10:07+01:00,STATION,"Les Arceaux",3,5,8,0.375,43.612659,3.867734
2026-02-13,10:10:07,2026-02-13T10:10:07+01:00,STATION,"Cité Mion",6,1,8,0.875,43.601143,3.884373
2026-02-13,10:10:07,2026-02-13T10:10:07+01:00,STATION,"Nouveau Saint-Roch",5,3,8,0.625,43.599817,3.875757
2026-02-13,10:10:07,2026-02-13T10:10:07+01:00,STATION,"Renouvier",4,4,8,0.5,43.603553,3.867884
2026-02-13,10:10:07,2026-02-13T10:10:07+01:00,STATION,"Odysseum",0,8,8,0.0,43.603727,3.918979
2026-02-13,10:10:07,2026-02-13T10:10:07+01:00,STATION,"Saint-Denis",0,8,8,0.0,43.605021,3.875065
2026-02-13,10:10:07,2026-02-13T10:10:07+01:00,STATION,"Richter",9,7,16,0.5625,43.603424,3.899263
2026-02-13,10:10:07,2026-02-13T10:10:07+01:00,STATION,"Charles Flahault",3,5,8,0.375,43.622038,3.86672
2026-02-13,10:10:07,2026-02-13T10:10:07+01:00,STATION,"Voltaire",4,4,8,0.5,43.603767,3.888659
2026-02-13,10:10:07,2026-02-13T10:10:07+01:00,STATION,"Prés d Arènes",3,5,8,0.375,43.59048,3.884611
2026-02-13,10:10:07,2026-02-13T10:10:07+01:00,STATION,"Garcia Lorca",6,2,8,0.75,43.590757,3.890616
2026-02-13,10:10:07,2026-02-13T10:10:07+01:00,STATION,"Vert Bois",7,9,16,0.4375,43.63543,3.871179
2026-02-13,10:10:07,2026-02-13T10:10:07+01:00,STATION,"Malbosc",3,5,8,0.375,43.633679,3.832861
2026-02-13,10:10:07,2026-02-13T10:10:07+01:00,STATION,"Occitanie",21,11,32,0.65625,43.635689,3.849597
2026-02-13,10:10:07,2026-02-13T10:10:07+01:00,STATION,"FacdesSciences",6,18,24,0.25,43.631318,3.861299
2026-02-13,10:10:07,2026-02-13T10:10:07+01:00,STATION,"Fac de Lettres",6,6,12,0.5,43.630437,3.869539
2026-02-13,10:10:07,2026-02-13T10:10:07+01:00,STATION,"Aiguelongue",4,3,8,0.625,43.626163,3.882492
2026-02-13,10:10:07,2026-02-13T10:10:07+01:00,STATION,"Jeu de Mail des Abbés",3,5,8,0.375,43.619701,3.883831
2026-02-13,10:10:07,2026-02-13T10:10:07+01:00,STATION,"Euromédecine",2,6,8,0.25,43.639119,3.828199
2026-02-13,10:10:07,2026-02-13T10:10:07+01:00,STATION,"Marie Caizergues",4,4,8,0.5,43.619871,3.873812
2026-02-13,10:10:07,2026-02-13T10:10:07+01:00,STATION,"Sabines",3,5,8,0.375,43.584211,3.860031
2026-02-13,10:10:07,2026-02-13T10:10:07+01:00,STATION,"Celleneuve",5,3,8,0.625,43.61467,3.832624
2026-02-13,10:10:07,2026-02-13T10:10:07+01:00,STATION,"Jardin de la Lironde",7,1,8,0.875,43.60585,3.911576
2026-02-13,10:10:07,2026-02-13T10:10:07+01:00,STATION,"Père Soulas",6,2,8,0.75,43.621983,3.855603
2026-02-13,10:10:07,2026-02-13T10:10:07+01:00,STATION,"Place Viala",6,2,8,0.75,43.616812,3.855075
2026-02-13,10:10:07,2026-02-13T10:10:07+01:00,STATION,"Hôtel du Département",6,2,8,0.75,43.621682,3.83477
2026-02-13,10:10:07,2026-02-13T10:10:07+01:00,STATION,"Tonnelles",2,6,8,0.25,43.615155,3.839466
2026-02-13,10:10:07,2026-02-13T10:10:07+01:00,STATION,"Parvis Jules Ferry - Gare Saint-Roch",3,5,8,0.375,43.603889,3.879362
2026-02-13,10:10:07,2026-02-13T10:10:07+01:00,STATION,"Pont de Lattes - Gare Saint-Roch",5,7,12,0.4166666666666667,43.606036,3.882393
2026-02-13,10:10:07,2026-02-13T10:10:07+01:00,STATION,"Deux Ponts - Gare Saint-Roch",0,8,8,0.0,43.604319,3.880916
2026-02-13,10:10:07,2026-02-13T10:10:07+01:00,STATION,"Providence - Ovalie",5,3,8,0.625,43.588239,3.853421
2026-02-13,10:10:07,2026-02-13T10:10:07+01:00,STATION,"Pérols Etang de l Or",35,33,68,0.5147058823529411,43.558351,3.963412
2026-02-13,10:10:07,2026-02-13T10:10:07+01:00,STATION,"Albert 1er - Cathédrale",4,8,12,0.3333333333333333,43.614005,3.873218
2026-02-13,10:10:07,2026-02-13T10:10:07+01:00,STATION,"Saint-Guilhem - Courreau",4,4,8,0.5,43.608996,3.872752
2026-02-13,10:10:07,2026-02-13T10:10:07+01:00,STATION,"Sud De France",5,3,8,0.625,43.59562,3.9235
2026-02-13,10:10:07,2026-02-13T10:10:07+01:00,STATION,"Comedie Baudin",0,8,8,0.0,43.608717,3.880787
2026-02-13,10:10:07,2026-02-13T10:10:07+01:00,STATION,"Jean de Beins",5,11,16,0.3125,43.609857,3.883884
2026-02-13,11:08:01,2026-02-13T11:08:01+01:00,STATION,"Rue Jules Ferry - Gare Saint-Roch",6,6,12,0.5,43.605366,3.881346
2026-02-13,11:08:01,2026-02-13T11:08:01+01:00,STATION,"Comédie",5,15,20,0.25,43.608148,3.878778
2026-02-13,11:08:01,2026-02-13T11:08:01+01:00,STATION,"Hôtel de Ville",8,7,16,0.5625,43.599088,3.894866
2026-02-13,11:08:01,2026-02-13T11:08:01+01:00,STATION,"Corum",1,11,12,0.08333333333333333,43.613989,3.8816
2026-02-13,11:08:01,2026-02-13T11:08:01+01:00,STATION,"Place Albert 1er - St Charles",7,20,27,0.25925925925925924,43.616768,3.873375
2026-02-13,11:08:01,2026-02-13T11:08:01+01:00,STATION,"Foch",2,6,8,0.25,43.610989,3.873345
2026-02-13,11:08:01,2026-02-13T11:08:01+01:00,STATION,"Halles Castellane",0,12,12,0.0,43.609935,3.877208
2026-02-13,11:08:01,2026-02-13T11:08:01+01:00,STATION,"Observatoire",3,4,8,0.5,43.606301,3.87724
2026-02-13,11:08:01,2026-02-13T11:08:01+01:00,STATION,"Rondelet",8,8,16,0.5,43.603038,3.875796
2026-02-13,11:08:01,2026-02-13T11:08:01+01:00,STATION,"Plan Cabanes",1,11,12,0.08333333333333333,43.608491,3.868389
2026-02-13,11:08:01,2026-02-13T11:08:01+01:00,STATION,"Boutonnet",7,5,12,0.5833333333333334,43.622629,3.868375
2026-02-13,11:08:01,2026-02-13T11:08:01+01:00,STATION,"Emile Combes",2,6,8,0.25,43.616742,3.87998
2026-02-13,11:08:01,2026-02-13T11:08:01+01:00,STATION,"Beaux-Arts",5,11,16,0.3125,43.616698,3.884981
2026-02-13,11:08:01,2026-02-13T11:08:01+01:00,STATION,"Les Aubes",3,5,8,0.375,43.618692,3.893844
2026-02-13,11:08:01,2026-02-13T11:08:01+01:00,STATION,"Antigone centre",9,3,12,0.75,43.607942,3.890634
2026-02-13,11:08:01,2026-02-13T11:08:01+01:00,STATION,"Médiathèque Emile Zola",7,9,16,0.4375,43.608218,3.89314
2026-02-13,11:08:01,2026-02-13T11:08:01+01:00,STATION,"Nombre d Or",5,11,16,0.3125,43.607859,3.886644
2026-02-13,11:08:01,2026-02-13T11:08:01+01:00,STATION,"Louis Blanc",2,14,16,0.125,43.614642,3.877648
2026-02-13,11:08:01,2026-02-13T11:08:01+01:00,STATION,"Gambetta",2,6,8,0.25,43.607106,3.870693
2026-02-13,11:08:01,2026-02-13T11:08:01+01:00,STATION,"Port Marianne",10,6,16,0.625,43.60032,3.89851
2026-02-13,11:08:01,2026-02-13T11:08:01+01:00,STATION,"Les Arceaux",3,5,8,0.375,43.612659,3.867734
2026-02-13,11:08:01,2026-02-13T11:08:01+01:00,STATION,"Cité Mion",6,1,8,0.875,43.601143,3.884373
2026-02-13,11:08:01,2026-02-13T11:08:01+01:00,STATION,"Nouveau Saint-Roch",5,3,8,0.625,43.599817,3.875757
2026-02-13,11:08:01,2026-02-13T11:08:01+01:00,STATION,"Renouvier",3,5,8,0.375,43.603553,3.867884
2026-02-13,11:08:01,2026-02-13T11:08:01+01:00,STATION,"Odysseum",0,8,8,0.0,43.603727,3.918979
2026-02-13,11:08:01,2026-02-13T11:08:01+01:00,STATION,"Saint-Denis",0,8,8,0.0,43.605021,3.875065
2026-02-13,11:08:01,2026-02-13T11:08:01+01:00,STATION,"Richter",10,6,16,0.625,43.603424,3.899263
2026-02-13,11:08:01,2026-02-13T11:08:01+01:00,STATION,"Charles Flahault",3,5,8,0.375,43.622038,3.86672
2026-02-13,11:08:01,2026-02-13T11:08:01+01:00,STATION,"Voltaire",4,4,8,0.5,43.603767,3.888659
2026-02-13,11:08:01,2026-02-13T11:08:01+01:00,STATION,"Prés d Arènes",3,5,8,0.375,43.59048,3.884611
2026-02-13,11:08:01,2026-02-13T11:08:01+01:00,STATION,"Garcia Lorca",6,2,8,0.75,43.590757,3.890616
2026-02-13,11:08:01,2026-02-13T11:08:01+01:00,STATION,"Vert Bois",7,9,16,0.4375,43.63543,3.871179
2026-02-13,11:08:01,2026-02-13T11:08:01+01:00,STATION,"Malbosc",3,5,8,0.375,43.633679,3.832861
2026-02-13,11:08:01,2026-02-13T11:08:01+01:00,STATION,"Occitanie",21,11,32,0.65625,43.635689,3.849597
2026-02-13,11:08:01,2026-02-13T11:08:01+01:00,STATION,"FacdesSciences",6,18,24,0.25,43.631318,3.861299
2026-02-13,11:08:01,2026-02-13T11:08:01+01:00,STATION,"Fac de Lettres",6,6,12,0.5,43.630437,3.869539
2026-02-13,11:08:01,2026-02-13T11:08:01+01:00,STATION,"Aiguelongue",4,3,8,0.625,43.626163,3.882492
2026-02-13,11:08:01,2026-02-13T11:08:01+01:00,STATION,"Jeu de Mail des Abbés",3,5,8,0.375,43.619701,3.883831
2026-02-13,11:08:01,2026-02-13T11:08:01+01:00,STATION,"Euromédecine",2,6,8,0.25,43.639119,3.828199
2026-02-13,11:08:01,2026-02-13T11:08:01+01:00,STATION,"Marie Caizergues",3,5,8,0.375,43.619871,3.873812
2026-02-13,11:08:01,2026-02-13T11:08:01+01:00,STATION,"Sabines",3,5,8,0.375,43.584211,3.860031
2026-02-13,11:08:01,2026-02-13T11:08:01+01:00,STATION,"Celleneuve",5,3,8,0.625,43.61467,3.832624
2026-02-13,11:08:01,2026-02-13T11:08:01+01:00,STATION,"Jardin de la Lironde",7,1,8,0.875,43.60585,3.911576
2026-02-13,11:08:01,2026-02-13T11:08:01+01:00,STATION,"Père Soulas",6,2,8,0.75,43.621983,3.855603
2026-02-13,11:08:01,2026-02-13T11:08:01+01:00,STATION,"Place Viala",6,2,8,0.75,43.616812,3.855075
2026-02-13,11:08:01,2026-02-13T11:08:01+01:00,STATION,"Hôtel du Département",6,2,8,0.75,43.621682,3.83477
2026-02-13,11:08:01,2026-02-13T11:08:01+01:00,STATION,"Tonnelles",2,6,8,0.25,43.615155,3.839466
2026-02-13,11:08:01,2026-02-13T11:08:01+01:00,STATION,"Parvis Jules Ferry - Gare Saint-Roch",3,5,8,0.375,43.603889,3.879362
2026-02-13,11:08:01,2026-02-13T11:08:01+01:00,STATION,"Pont de Lattes - Gare Saint-Roch",5,7,12,0.4166666666666667,43.606036,3.882393
2026-02-13,11:08:01,2026-02-13T11:08:01+01:00,STATION,"Deux Ponts - Gare Saint-Roch",0,8,8,0.0,43.604319,3.880916
2026-02-13,11:08:01,2026-02-13T11:08:01+01:00,STATION,"Providence - Ovalie",5,3,8,0.625,43.588239,3.853421
2026-02-13,11:08:01,2026-02-13T11:08:01+01:00,STATION,"Pérols Etang de l Or",35,33,68,0.5147058823529411,43.558351,3.963412
2026-02-13,11:08:01,2026-02-13T11:08:01+01:00,STATION,"Albert 1er - Cathédrale",4,8,12,0.3333333333333333,43.614005,3.873218
2026-02-13,11:08:01,2026-02-13T11:08:01+01:00,STATION,"Saint-Guilhem - Courreau",4,4,8,0.5,43.608996,3.872752
2026-02-13,11:08:01,2026-02-13T11:08:01+01:00,STATION,"Sud De France",5,3,8,0.625,43.59562,3.9235
2026-02-13,11:08:01,2026-02-13T11:08:01+01:00,STATION,"Comedie Baudin",0,8,8,0.0,43.608717,3.880787
2026-02-13,11:08:01,2026-02-13T11:08:01+01:00,STATION,"Jean de Beins",5,11,16,0.3125,43.609857,3.883884
2026-02-13,12:08:51,2026-02-13T12:08:51+01:00,STATION,"Rue Jules Ferry - Gare Saint-Roch",6,6,12,0.5,43.605366,3.881346
2026-02-13,12:08:51,2026-02-13T12:08:51+01:00,STATION,"Comédie",6,14,20,0.3,43.608148,3.878778
2026-02-13,12:08:51,2026-02-13T12:08:51+01:00,STATION,"Hôtel de Ville",8,7,16,0.5625,43.599088,3.894866
2026-02-13,12:08:51,2026-02-13T12:08:51+01:00,STATION,"Corum",1,11,12,0.08333333333333333,43.613989,3.8816
2026-02-13,12:08:51,2026-02-13T12:08:51+01:00,STATION,"Place Albert 1er - St Charles",7,20,27,0.25925925925925924,43.616768,3.873375
2026-02-13,12:08:51,2026-02-13T12:08:51+01:00,STATION,"Foch",1,7,8,0.125,43.610989,3.873345
2026-02-13,12:08:51,2026-02-13T12:08:51+01:00,STATION,"Halles Castellane",0,12,12,0.0,43.609935,3.877208
2026-02-13,12:08:51,2026-02-13T12:08:51+01:00,STATION,"Observatoire",3,4,8,0.5,43.606301,3.87724
2026-02-13,12:08:51,2026-02-13T12:08:51+01:00,STATION,"Rondelet",8,8,16,0.5,43.603038,3.875796
2026-02-13,12:08:51,2026-02-13T12:08:51+01:00,STATION,"Plan Cabanes",1,11,12,0.08333333333333333,43.608491,3.868389
2026-02-13,12:08:51,2026-02-13T12:08:51+01:00,STATION,"Boutonnet",7,5,12,0.5833333333333334,43.622629,3.868375
2026-02-13,12:08:51,2026-02-13T12:08:51+01:00,STATION,"Emile Combes",2,6,8,0.25,43.616742,3.87998
2026-02-13,12:08:51,2026-02-13T12:08:51+01:00,STATION,"Beaux-Arts",5,11,16,0.3125,43.616698,3.884981
2026-02-13,12:08:51,2026-02-13T12:08:51+01:00,STATION,"Les Aubes",3,5,8,0.375,43.618692,3.893844
2026-02-13,12:08:51,2026-02-13T12:08:51+01:00,STATION,"Antigone centre",9,3,12,0.75,43.607942,3.890634
2026-02-13,12:08:51,2026-02-13T12:08:51+01:00,STATION,"Médiathèque Emile Zola",7,9,16,0.4375,43.608218,3.89314
2026-02-13,12:08:51,2026-02-13T12:08:51+01:00,STATION,"Nombre d Or",5,11,16,0.3125,43.607859,3.886644
2026-02-13,12:08:51,2026-02-13T12:08:51+01:00,STATION,"Louis Blanc",3,13,16,0.1875,43.614642,3.877648
2026-02-13,12:08:51,2026-02-13T12:08:51+01:00,STATION,"Gambetta",2,6,8,0.25,43.607106,3.870693
2026-02-13,12:08:51,2026-02-13T12:08:51+01:00,STATION,"Port Marianne",10,6,16,0.625,43.60032,3.89851
2026-02-13,12:08:51,2026-02-13T12:08:51+01:00,STATION,"Les Arceaux",2,6,8,0.25,43.612659,3.867734
2026-02-13,12:08:51,2026-02-13T12:08:51+01:00,STATION,"Cité Mion",6,1,8,0.875,43.601143,3.884373
2026-02-13,12:08:51,2026-02-13T12:08:51+01:00,STATION,"Nouveau Saint-Roch",5,3,8,0.625,43.599817,3.875757
2026-02-13,12:08:51,2026-02-13T12:08:51+01:00,STATION,"Renouvier",3,5,8,0.375,43.603553,3.867884
2026-02-13,12:08:51,2026-02-13T12:08:51+01:00,STATION,"Odysseum",0,8,8,0.0,43.603727,3.918979
2026-02-13,12:08:51,2026-02-13T12:08:51+01:00,STATION,"Saint-Denis",0,8,8,0.0,43.605021,3.875065
2026-02-13,12:08:51,2026-02-13T12:08:51+01:00,STATION,"Richter",10,6,16,0.625,43.603424,3.899263
2026-02-13,12:08:51,2026-02-13T12:08:51+01:00,STATION,"Charles Flahault",3,5,8,0.375,43.622038,3.86672
2026-02-13,12:08:51,2026-02-13T12:08:51+01:00,STATION,"Voltaire",4,4,8,0.5,43.603767,3.888659
2026-02-13,12:08:51,2026-02-13T12:08:51+01:00,STATION,"Prés d Arènes",3,5,8,0.375,43.59048,3.884611
2026-02-13,12:08:51,2026-02-13T12:08:51+01:00,STATION,"Garcia Lorca",6,2,8,0.75,43.590757,3.890616
2026-02-13,12:08:51,2026-02-13T12:08:51+01:00,STATION,"Vert Bois",7,9,16,0.4375,43.63543,3.871179
2026-02-13,12:08:51,2026-02-13T12:08:51+01:00,STATION,"Malbosc",3,5,8,0.375,43.633679,3.832861
2026-02-13,12:08:51,2026-02-13T12:08:51+01:00,STATION,"Occitanie",21,11,32,0.65625,43.635689,3.849597
2026-02-13,12:08:51,2026-02-13T12:08:51+01:00,STATION,"FacdesSciences",6,18,24,0.25,43.631318,3.861299
2026-02-13,12:08:51,2026-02-13T12:08:51+01:00,STATION,"Fac de Lettres",6,6,12,0.5,43.630437,3.869539
2026-02-13,12:08:51,2026-02-13T12:08:51+01:00,STATION,"Aiguelongue",4,3,8,0.625,43.626163,3.882492
2026-02-13,12:08:51,2026-02-13T12:08:51+01:00,STATION,"Jeu de Mail des Abbés",3,5,8,0.375,43.619701,3.883831
2026-02-13,12:08:51,2026-02-13T12:08:51+01:00,STATION,"Euromédecine",2,6,8,0.25,43.639119,3.828199
2026-02-13,12:08:51,2026-02-13T12:08:51+01:00,STATION,"Marie Caizergues",3,5,8,0.375,43.619871,3.873812
2026-02-13,12:08:51,2026-02-13T12:08:51+01:00,STATION,"Sabines",3,5,8,0.375,43.584211,3.860031
2026-02-13,12:08:51,2026-02-13T12:08:51+01:00,STATION,"Celleneuve",5,3,8,0.625,43.61467,3.832624
2026-02-13,12:08:51,2026-02-13T12:08:51+01:00,STATION,"Jardin de la Lironde",7,1,8,0.875,43.60585,3.911576
2026-02-13,12:08:51,2026-02-13T12:08:51+01:00,STATION,"Père Soulas",6,2,8,0.75,43.621983,3.855603
2026-02-13,12:08:51,2026-02-13T12:08:51+01:00,STATION,"Place Viala",6,2,8,0.75,43.616812,3.855075
2026-02-13,12:08:51,2026-02-13T12:08:51+01:00,STATION,"Hôtel du Département",6,2,8,0.75,43.621682,3.83477
2026-02-13,12:08:51,2026-02-13T12:08:51+01:00,STATION,"Tonnelles",2,6,8,0.25,43.615155,3.839466
2026-02-13,12:08:51,2026-02-13T12:08:51+01:00,STATION,"Parvis Jules Ferry - Gare Saint-Roch",3,5,8,0.375,43.603889,3.879362
2026-02-13,12:08:51,2026-02-13T12:08:51+01:00,STATION,"Pont de Lattes - Gare Saint-Roch",5,7,12,0.4166666666666667,43.606036,3.882393
2026-02-13,12:08:51,2026-02-13T12:08:51+01:00,STATION,"Deux Ponts - Gare Saint-Roch",0,8,8,0.0,43.604319,3.880916
2026-02-13,12:08:51,2026-02-13T12:08:51+01:00,STATION,"Providence - Ovalie",5,3,8,0.625,43.588239,3.853421
2026-02-13,12:08:51,2026-02-13T12:08:51+01:00,STATION,"Pérols Etang de l Or",34,34,68,0.5,43.558351,3.963412
2026-02-13,12:08:51,2026-02-13T12:08:51+01:00,STATION,"Albert 1er - Cathédrale",4,8,12,0.3333333333333333,43.614005,3.873218
2026-02-13,12:08:51,2026-02-13T12:08:51+01:00,STATION,"Saint-Guilhem - Courreau",5,3,8,0.625,43.608996,3.872752
2026-02-13,12:08:51,2026-02-13T12:08:51+01:00,STATION,"Sud De France",5,3,8,0.625,43.59562,3.9235
2026-02-13,12:08:51,2026-02-13T12:08:51+01:00,STATION,"Comedie Baudin",0,8,8,0.0,43.608717,3.880787
2026-02-13,12:08:51,2026-02-13T12:08:51+01:00,STATION,"Jean de Beins",5,11,16,0.3125,43.609857,3.883884
2026-02-13,12:53:56,2026-02-13T12:53:56+01:00,STATION,"Rue Jules Ferry - Gare Saint-Roch",7,5,12,0.5833333333333334,43.605366,3.881346
2026-02-13,12:53:56,2026-02-13T12:53:56+01:00,STATION,"Comédie",6,14,20,0.3,43.608148,3.878778
2026-02-13,12:53:56,2026-02-13T12:53:56+01:00,STATION,"Hôtel de Ville",8,7,16,0.5625,43.599088,3.894866
2026-02-13,12:53:56,2026-02-13T12:53:56+01:00,STATION,"Corum",1,11,12,0.08333333333333333,43.613989,3.8816
2026-02-13,12:53:56,2026-02-13T12:53:56+01:00,STATION,"Place Albert 1er - St Charles",7,20,27,0.25925925925925924,43.616768,3.873375
2026-02-13,12:53:56,2026-02-13T12:53:56+01:00,STATION,"Foch",1,7,8,0.125,43.610989,3.873345
2026-02-13,12:53:56,2026-02-13T12:53:56+01:00,STATION,"Halles Castellane",0,12,12,0.0,43.609935,3.877208
2026-02-13,12:53:56,2026-02-13T12:53:56+01:00,STATION,"Observatoire",2,5,8,0.375,43.606301,3.87724
2026-02-13,12:53:56,2026-02-13T12:53:56+01:00,STATION,"Rondelet",8,8,16,0.5,43.603038,3.875796
2026-02-13,12:53:56,2026-02-13T12:53:56+01:00,STATION,"Plan Cabanes",1,11,12,0.08333333333333333,43.608491,3.868389
2026-02-13,12:53:56,2026-02-13T12:53:56+01:00,STATION,"Boutonnet",7,5,12,0.5833333333333334,43.622629,3.868375
2026-02-13,12:53:56,2026-02-13T12:53:56+01:00,STATION,"Emile Combes",2,6,8,0.25,43.616742,3.87998
2026-02-13,12:53:56,2026-02-13T12:53:56+01:00,STATION,"Beaux-Arts",5,11,16,0.3125,43.616698,3.884981
2026-02-13,12:53:56,2026-02-13T12:53:56+01:00,STATION,"Les Aubes",3,5,8,0.375,43.618692,3.893844
2026-02-13,12:53:56,2026-02-13T12:53:56+01:00,STATION,"Antigone centre",8,4,12,0.6666666666666666,43.607942,3.890634
2026-02-13,12:53:56,2026-02-13T12:53:56+01:00,STATION,"Médiathèque Emile Zola",7,9,16,0.4375,43.608218,3.89314
2026-02-13,12:53:56,2026-02-13T12:53:56+01:00,STATION,"Nombre d Or",5,11,16,0.3125,43.607859,3.886644
2026-02-13,12:53:56,2026-02-13T12:53:56+01:00,STATION,"Louis Blanc",2,14,16,0.125,43.614642,3.877648
2026-02-13,12:53:56,2026-02-13T12:53:56+01:00,STATION,"Gambetta",2,6,8,0.25,43.607106,3.870693
2026-02-13,12:53:56,2026-02-13T12:53:56+01:00,STATION,"Port Marianne",10,6,16,0.625,43.60032,3.89851
2026-02-13,12:53:56,2026-02-13T12:53:56+01:00,STATION,"Les Arceaux",3,5,8,0.375,43.612659,3.867734
2026-02-13,12:53:56,2026-02-13T12:53:56+01:00,STATION,"Cité Mion",6,1,8,0.875,43.601143,3.884373
2026-02-13,12:53:56,2026-02-13T12:53:56+01:00,STATION,"Nouveau Saint-Roch",5,3,8,0.625,43.599817,3.875757
2026-02-13,12:53:56,2026-02-13T12:53:56+01:00,STATION,"Renouvier",2,6,8,0.25,43.603553,3.867884
2026-02-13,12:53:56,2026-02-13T12:53:56+01:00,STATION,"Odysseum",0,8,8,0.0,43.603727,3.918979
2026-02-13,12:53:56,2026-02-13T12:53:56+01:00,STATION,"Saint-Denis",0,8,8,0.0,43.605021,3.875065
2026-02-13,12:53:56,2026-02-13T12:53:56+01:00,STATION,"Richter",10,6,16,0.625,43.603424,3.899263
2026-02-13,12:53:56,2026-02-13T12:53:56+01:00,STATION,"Charles Flahault",3,5,8,0.375,43.622038,3.86672
2026-02-13,12:53:56,2026-02-13T12:53:56+01:00,STATION,"Voltaire",4,4,8,0.5,43.603767,3.888659
2026-02-13,12:53:56,2026-02-13T12:53:56+01:00,STATION,"Prés d Arènes",3,5,8,0.375,43.59048,3.884611
2026-02-13,12:53:56,2026-02-13T12:53:56+01:00,STATION,"Garcia Lorca",6,2,8,0.75,43.590757,3.890616
2026-02-13,12:53:56,2026-02-13T12:53:56+01:00,STATION,"Vert Bois",7,9,16,0.4375,43.63543,3.871179
2026-02-13,12:53:56,2026-02-13T12:53:56+01:00,STATION,"Malbosc",3,5,8,0.375,43.633679,3.832861
2026-02-13,12:53:56,2026-02-13T12:53:56+01:00,STATION,"Occitanie",21,11,32,0.65625,43.635689,3.849597
2026-02-13,12:53:56,2026-02-13T12:53:56+01:00,STATION,"FacdesSciences",6,18,24,0.25,43.631318,3.861299
2026-02-13,12:53:56,2026-02-13T12:53:56+01:00,STATION,"Fac de Lettres",6,6,12,0.5,43.630437,3.869539
2026-02-13,12:53:56,2026-02-13T12:53:56+01:00,STATION,"Aiguelongue",4,3,8,0.625,43.626163,3.882492
2026-02-13,12:53:56,2026-02-13T12:53:56+01:00,STATION,"Jeu de Mail des Abbés",3,5,8,0.375,43.619701,3.883831
2026-02-13,12:53:56,2026-02-13T12:53:56+01:00,STATION,"Euromédecine",2,6,8,0.25,43.639119,3.828199
2026-02-13,12:53:56,2026-02-13T12:53:56+01:00,STATION,"Marie Caizergues",3,5,8,0.375,43.619871,3.873812
2026-02-13,12:53:56,2026-02-13T12:53:56+01:00,STATION,"Sabines",3,5,8,0.375,43.584211,3.860031
2026-02-13,12:53:56,2026-02-13T12:53:56+01:00,STATION,"Celleneuve",5,3,8,0.625,43.61467,3.832624
2026-02-13,12:53:56,2026-02-13T12:53:56+01:00,STATION,"Jardin de la Lironde",7,1,8,0.875,43.60585,3.911576
2026-02-13,12:53:56,2026-02-13T12:53:56+01:00,STATION,"Père Soulas",6,2,8,0.75,43.621983,3.855603
2026-02-13,12:53:56,2026-02-13T12:53:56+01:00,STATION,"Place Viala",6,2,8,0.75,43.616812,3.855075
2026-02-13,12:53:56,2026-02-13T12:53:56+01:00,STATION,"Hôtel du Département",6,2,8,0.75,43.621682,3.83477
2026-02-13,12:53:56,2026-02-13T12:53:56+01:00,STATION,"Tonnelles",2,6,8,0.25,43.615155,3.839466
2026-02-13,12:53:56,2026-02-13T12:53:56+01:00,STATION,"Parvis Jules Ferry - Gare Saint-Roch",3,5,8,0.375,43.603889,3.879362
2026-02-13,12:53:56,2026-02-13T12:53:56+01:00,STATION,"Pont de Lattes - Gare Saint-Roch",5,7,12,0.4166666666666667,43.606036,3.882393
2026-02-13,12:53:56,2026-02-13T12:53:56+01:00,STATION,"Deux Ponts - Gare Saint-Roch",0,8,8,0.0,43.604319,3.880916
2026-02-13,12:53:56,2026-02-13T12:53:56+01:00,STATION,"Providence - Ovalie",5,3,8,0.625,43.588239,3.853421
2026-02-13,12:53:56,2026-02-13T12:53:56+01:00,STATION,"Pérols Etang de l Or",34,34,68,0.5,43.558351,3.963412
2026-02-13,12:53:56,2026-02-13T12:53:56+01:00,STATION,"Albert 1er - Cathédrale",4,8,12,0.3333333333333333,43.614005,3.873218
2026-02-13,12:53:56,2026-02-13T12:53:56+01:00,STATION,"Saint-Guilhem - Courreau",5,3,8,0.625,43.608996,3.872752
2026-02-13,12:53:56,2026-02-13T12:53:56+01:00,STATION,"Sud De France",5,3,8,0.625,43.59562,3.9235
2026-02-13,12:53:56,2026-02-13T12:53:56+01:00,STATION,"Comedie Baudin",0,8,8,0.0,43.608717,3.880787
2026-02-13,12:53:56,2026-02-13T12:53:56+01:00,STATION,"Jean de Beins",5,11,16,0.3125,43.609857,3.883884
2026-02-13,13:59:36,2026-02-13T13:59:36+01:00,STATION,"Rue Jules Ferry - Gare Saint-Roch",7,5,12,0.5833333333333334,43.605366,3.881346
2026-02-13,13:59:36,2026-02-13T13:59:36+01:00,STATION,"Comédie",7,13,20,0.35,43.608148,3.878778
2026-02-13,13:59:36,2026-02-13T13:59:36+01:00,STATION,"Hôtel de Ville",8,7,16,0.5625,43.599088,3.894866
2026-02-13,13:59:36,2026-02-13T13:59:36+01:00,STATION,"Corum",2,10,12,0.16666666666666666,43.613989,3.8816
2026-02-13,13:59:36,2026-02-13T13:59:36+01:00,STATION,"Place Albert 1er - St Charles",7,20,27,0.25925925925925924,43.616768,3.873375
2026-02-13,13:59:36,2026-02-13T13:59:36+01:00,STATION,"Foch",2,6,8,0.25,43.610989,3.873345
2026-02-13,13:59:36,2026-02-13T13:59:36+01:00,STATION,"Halles Castellane",0,12,12,0.0,43.609935,3.877208
2026-02-13,13:59:36,2026-02-13T13:59:36+01:00,STATION,"Observatoire",2,5,8,0.375,43.606301,3.87724
2026-02-13,13:59:36,2026-02-13T13:59:36+01:00,STATION,"Rondelet",8,8,16,0.5,43.603038,3.875796
2026-02-13,13:59:36,2026-02-13T13:59:36+01:00,STATION,"Plan Cabanes",1,11,12,0.08333333333333333,43.608491,3.868389
2026-02-13,13:59:36,2026-02-13T13:59:36+01:00,STATION,"Boutonnet",7,5,12,0.5833333333333334,43.622629,3.868375
2026-02-13,13:59:36,2026-02-13T13:59:36+01:00,STATION,"Emile Combes",2,6,8,0.25,43.616742,3.87998
2026-02-13,13:59:36,2026-02-13T13:59:36+01:00,STATION,"Beaux-Arts",5,11,16,0.3125,43.616698,3.884981
2026-02-13,13:59:36,2026-02-13T13:59:36+01:00,STATION,"Les Aubes",3,5,8,0.375,43.618692,3.893844
2026-02-13,13:59:36,2026-02-13T13:59:36+01:00,STATION,"Antigone centre",9,3,12,0.75,43.607942,3.890634
2026-02-13,13:59:36,2026-02-13T13:59:36+01:00,STATION,"Médiathèque Emile Zola",7,9,16,0.4375,43.608218,3.89314
2026-02-13,13:59:36,2026-02-13T13:59:36+01:00,STATION,"Nombre d Or",5,11,16,0.3125,43.607859,3.886644
2026-02-13,13:59:36,2026-02-13T13:59:36+01:00,STATION,"Louis Blanc",2,14,16,0.125,43.614642,3.877648
2026-02-13,13:59:36,2026-02-13T13:59:36+01:00,STATION,"Gambetta",2,6,8,0.25,43.607106,3.870693
2026-02-13,13:59:36,2026-02-13T13:59:36+01:00,STATION,"Port Marianne",10,6,16,0.625,43.60032,3.89851
2026-02-13,13:59:36,2026-02-13T13:59:36+01:00,STATION,"Les Arceaux",3,5,8,0.375,43.612659,3.867734
2026-02-13,13:59:36,2026-02-13T13:59:36+01:00,STATION,"Cité Mion",6,1,8,0.875,43.601143,3.884373
2026-02-13,13:59:36,2026-02-13T13:59:36+01:00,STATION,"Nouveau Saint-Roch",5,3,8,0.625,43.599817,3.875757
2026-02-13,13:59:36,2026-02-13T13:59:36+01:00,STATION,"Renouvier",2,6,8,0.25,43.603553,3.867884
2026-02-13,13:59:36,2026-02-13T13:59:36+01:00,STATION,"Odysseum",0,8,8,0.0,43.603727,3.918979
2026-02-13,13:59:36,2026-02-13T13:59:36+01:00,STATION,"Saint-Denis",0,8,8,0.0,43.605021,3.875065
2026-02-13,13:59:36,2026-02-13T13:59:36+01:00,STATION,"Richter",9,7,16,0.5625,43.603424,3.899263
2026-02-13,13:59:36,2026-02-13T13:59:36+01:00,STATION,"Charles Flahault",3,5,8,0.375,43.622038,3.86672
2026-02-13,13:59:36,2026-02-13T13:59:36+01:00,STATION,"Voltaire",4,4,8,0.5,43.603767,3.888659
2026-02-13,13:59:36,2026-02-13T13:59:36+01:00,STATION,"Prés d Arènes",4,4,8,0.5,43.59048,3.884611
2026-02-13,13:59:36,2026-02-13T13:59:36+01:00,STATION,"Garcia Lorca",7,1,8,0.875,43.590757,3.890616
2026-02-13,13:59:36,2026-02-13T13:59:36+01:00,STATION,"Vert Bois",7,9,16,0.4375,43.63543,3.871179
2026-02-13,13:59:36,2026-02-13T13:59:36+01:00,STATION,"Malbosc",3,5,8,0.375,43.633679,3.832861
2026-02-13,13:59:36,2026-02-13T13:59:36+01:00,STATION,"Occitanie",21,11,32,0.65625,43.635689,3.849597
2026-02-13,13:59:36,2026-02-13T13:59:36+01:00,STATION,"FacdesSciences",6,18,24,0.25,43.631318,3.861299
2026-02-13,13:59:36,2026-02-13T13:59:36+01:00,STATION,"Fac de Lettres",6,6,12,0.5,43.630437,3.869539
2026-02-13,13:59:36,2026-02-13T13:59:36+01:00,STATION,"Aiguelongue",4,3,8,0.625,43.626163,3.882492
2026-02-13,13:59:36,2026-02-13T13:59:36+01:00,STATION,"Jeu de Mail des Abbés",3,5,8,0.375,43.619701,3.883831
2026-02-13,13:59:36,2026-02-13T13:59:36+01:00,STATION,"Euromédecine",2,6,8,0.25,43.639119,3.828199
2026-02-13,13:59:36,2026-02-13T13:59:36+01:00,STATION,"Marie Caizergues",3,5,8,0.375,43.619871,3.873812
2026-02-13,13:59:36,2026-02-13T13:59:36+01:00,STATION,"Sabines",3,5,8,0.375,43.584211,3.860031
2026-02-13,13:59:36,2026-02-13T13:59:36+01:00,STATION,"Celleneuve",5,3,8,0.625,43.61467,3.832624
2026-02-13,13:59:36,2026-02-13T13:59:36+01:00,STATION,"Jardin de la Lironde",7,1,8,0.875,43.60585,3.911576
2026-02-13,13:59:36,2026-02-13T13:59:36+01:00,STATION,"Père Soulas",6,2,8,0.75,43.621983,3.855603
2026-02-13,13:59:36,2026-02-13T13:59:36+01:00,STATION,"Place Viala",5,3,8,0.625,43.616812,3.855075
2026-02-13,13:59:36,2026-02-13T13:59:36+01:00,STATION,"Hôtel du Département",6,2,8,0.75,43.621682,3.83477
2026-02-13,13:59:36,2026-02-13T13:59:36+01:00,STATION,"Tonnelles",2,6,8,0.25,43.615155,3.839466
2026-02-13,13:59:36,2026-02-13T13:59:36+01:00,STATION,"Parvis Jules Ferry - Gare Saint-Roch",3,5,8,0.375,43.603889,3.879362
2026-02-13,13:59:36,2026-02-13T13:59:36+01:00,STATION,"Pont de Lattes - Gare Saint-Roch",5,7,12,0.4166666666666667,43.606036,3.882393
2026-02-13,13:59:36,2026-02-13T13:59:36+01:00,STATION,"Deux Ponts - Gare Saint-Roch",0,8,8,0.0,43.604319,3.880916
2026-02-13,13:59:36,2026-02-13T13:59:36+01:00,STATION,"Providence - Ovalie",5,3,8,0.625,43.588239,3.853421
2026-02-13,13:59:36,2026-02-13T13:59:36+01:00,STATION,"Pérols Etang de l Or",35,33,68,0.5147058823529411,43.558351,3.963412
2026-02-13,13:59:36,2026-02-13T13:59:36+01:00,STATION,"Albert 1er - Cathédrale",4,8,12,0.3333333333333333,43.614005,3.873218
2026-02-13,13:59:36,2026-02-13T13:59:36+01:00,STATION,"Saint-Guilhem - Courreau",5,3,8,0.625,43.608996,3.872752
2026-02-13,13:59:36,2026-02-13T13:59:36+01:00,STATION,"Sud De France",5,3,8,0.625,43.59562,3.9235
2026-02-13,13:59:36,2026-02-13T13:59:36+01:00,STATION,"Comedie Baudin",0,8,8,0.0,43.608717,3.880787
2026-02-13,13:59:36,2026-02-13T13:59:36+01:00,STATION,"Jean de Beins",5,11,16,0.3125,43.609857,3.883884
2026-02-13,15:06:32,2026-02-13T15:06:32+01:00,STATION,"Rue Jules Ferry - Gare Saint-Roch",7,5,12,0.5833333333333334,43.605366,3.881346
2026-02-13,15:06:32,2026-02-13T15:06:32+01:00,STATION,"Comédie",6,14,20,0.3,43.608148,3.878778
2026-02-13,15:06:32,2026-02-13T15:06:32+01:00,STATION,"Hôtel de Ville",8,7,16,0.5625,43.599088,3.894866
2026-02-13,15:06:32,2026-02-13T15:06:32+01:00,STATION,"Corum",1,11,12,0.08333333333333333,43.613989,3.8816
2026-02-13,15:06:32,2026-02-13T15:06:32+01:00,STATION,"Place Albert 1er - St Charles",6,21,27,0.2222222222222222,43.616768,3.873375
2026-02-13,15:06:32,2026-02-13T15:06:32+01:00,STATION,"Foch",2,6,8,0.25,43.610989,3.873345
2026-02-13,15:06:32,2026-02-13T15:06:32+01:00,STATION,"Halles Castellane",0,12,12,0.0,43.609935,3.877208
2026-02-13,15:06:32,2026-02-13T15:06:32+01:00,STATION,"Observatoire",2,5,8,0.375,43.606301,3.87724
2026-02-13,15:06:32,2026-02-13T15:06:32+01:00,STATION,"Rondelet",8,8,16,0.5,43.603038,3.875796
2026-02-13,15:06:32,2026-02-13T15:06:32+01:00,STATION,"Plan Cabanes",4,8,12,0.3333333333333333,43.608491,3.868389
2026-02-13,15:06:32,2026-02-13T15:06:32+01:00,STATION,"Boutonnet",7,5,12,0.5833333333333334,43.622629,3.868375
2026-02-13,15:06:32,2026-02-13T15:06:32+01:00,STATION,"Emile Combes",2,6,8,0.25,43.616742,3.87998
2026-02-13,15:06:32,2026-02-13T15:06:32+01:00,STATION,"Beaux-Arts",5,11,16,0.3125,43.616698,3.884981
2026-02-13,15:06:32,2026-02-13T15:06:32+01:00,STATION,"Les Aubes",2,6,8,0.25,43.618692,3.893844
2026-02-13,15:06:32,2026-02-13T15:06:32+01:00,STATION,"Antigone centre",9,3,12,0.75,43.607942,3.890634
2026-02-13,15:06:32,2026-02-13T15:06:32+01:00,STATION,"Médiathèque Emile Zola",8,8,16,0.5,43.608218,3.89314
2026-02-13,15:06:32,2026-02-13T15:06:32+01:00,STATION,"Nombre d Or",5,11,16,0.3125,43.607859,3.886644
2026-02-13,15:06:32,2026-02-13T15:06:32+01:00,STATION,"Louis Blanc",2,14,16,0.125,43.614642,3.877648
2026-02-13,15:06:32,2026-02-13T15:06:32+01:00,STATION,"Gambetta",4,4,8,0.5,43.607106,3.870693
2026-02-13,15:06:32,2026-02-13T15:06:32+01:00,STATION,"Port Marianne",10,6,16,0.625,43.60032,3.89851
2026-02-13,15:06:32,2026-02-13T15:06:32+01:00,STATION,"Les Arceaux",3,5,8,0.375,43.612659,3.867734
2026-02-13,15:06:32,2026-02-13T15:06:32+01:00,STATION,"Cité Mion",6,1,8,0.875,43.601143,3.884373
2026-02-13,15:06:32,2026-02-13T15:06:32+01:00,STATION,"Nouveau Saint-Roch",5,3,8,0.625,43.599817,3.875757
2026-02-13,15:06:32,2026-02-13T15:06:32+01:00,STATION,"Renouvier",5,3,8,0.625,43.603553,3.867884
2026-02-13,15:06:32,2026-02-13T15:06:32+01:00,STATION,"Odysseum",0,8,8,0.0,43.603727,3.918979
2026-02-13,15:06:32,2026-02-13T15:06:32+01:00,STATION,"Saint-Denis",0,8,8,0.0,43.605021,3.875065
2026-02-13,15:06:32,2026-02-13T15:06:32+01:00,STATION,"Richter",9,7,16,0.5625,43.603424,3.899263
2026-02-13,15:06:32,2026-02-13T15:06:32+01:00,STATION,"Charles Flahault",3,5,8,0.375,43.622038,3.86672
2026-02-13,15:06:32,2026-02-13T15:06:32+01:00,STATION,"Voltaire",4,4,8,0.5,43.603767,3.888659
2026-02-13,15:06:32,2026-02-13T15:06:32+01:00,STATION,"Prés d Arènes",4,4,8,0.5,43.59048,3.884611
2026-02-13,15:06:32,2026-02-13T15:06:32+01:00,STATION,"Garcia Lorca",7,1,8,0.875,43.590757,3.890616
2026-02-13,15:06:32,2026-02-13T15:06:32+01:00,STATION,"Vert Bois",7,9,16,0.4375,43.63543,3.871179
2026-02-13,15:06:32,2026-02-13T15:06:32+01:00,STATION,"Malbosc",3,5,8,0.375,43.633679,3.832861
2026-02-13,15:06:32,2026-02-13T15:06:32+01:00,STATION,"Occitanie",21,11,32,0.65625,43.635689,3.849597
2026-02-13,15:06:32,2026-02-13T15:06:32+01:00,STATION,"FacdesSciences",6,18,24,0.25,43.631318,3.861299
2026-02-13,15:06:32,2026-02-13T15:06:32+01:00,STATION,"Fac de Lettres",5,7,12,0.4166666666666667,43.630437,3.869539
2026-02-13,15:06:32,2026-02-13T15:06:32+01:00,STATION,"Aiguelongue",5,2,8,0.75,43.626163,3.882492
2026-02-13,15:06:32,2026-02-13T15:06:32+01:00,STATION,"Jeu de Mail des Abbés",3,5,8,0.375,43.619701,3.883831
2026-02-13,15:06:32,2026-02-13T15:06:32+01:00,STATION,"Euromédecine",2,6,8,0.25,43.639119,3.828199
2026-02-13,15:06:32,2026-02-13T15:06:32+01:00,STATION,"Marie Caizergues",3,5,8,0.375,43.619871,3.873812
2026-02-13,15:06:32,2026-02-13T15:06:32+01:00,STATION,"Sabines",3,5,8,0.375,43.584211,3.860031
2026-02-13,15:06:32,2026-02-13T15:06:32+01:00,STATION,"Celleneuve",5,3,8,0.625,43.61467,3.832624
2026-02-13,15:06:32,2026-02-13T15:06:32+01:00,STATION,"Jardin de la Lironde",7,1,8,0.875,43.60585,3.911576
2026-02-13,15:06:32,2026-02-13T15:06:32+01:00,STATION,"Père Soulas",6,2,8,0.75,43.621983,3.855603
2026-02-13,15:06:32,2026-02-13T15:06:32+01:00,STATION,"Place Viala",5,3,8,0.625,43.616812,3.855075
2026-02-13,15:06:32,2026-02-13T15:06:32+01:00,STATION,"Hôtel du Département",6,2,8,0.75,43.621682,3.83477
2026-02-13,15:06:32,2026-02-13T15:06:32+01:00,STATION,"Tonnelles",2,6,8,0.25,43.615155,3.839466
2026-02-13,15:06:32,2026-02-13T15:06:32+01:00,STATION,"Parvis Jules Ferry - Gare Saint-Roch",3,5,8,0.375,43.603889,3.879362
2026-02-13,15:06:32,2026-02-13T15:06:32+01:00,STATION,"Pont de Lattes - Gare Saint-Roch",6,6,12,0.5,43.606036,3.882393
2026-02-13,15:06:32,2026-02-13T15:06:32+01:00,STATION,"Deux Ponts - Gare Saint-Roch",0,8,8,0.0,43.604319,3.880916
2026-02-13,15:06:32,2026-02-13T15:06:32+01:00,STATION,"Providence - Ovalie",5,3,8,0.625,43.588239,3.853421
2026-02-13,15:06:32,2026-02-13T15:06:32+01:00,STATION,"Pérols Etang de l Or",35,33,68,0.5147058823529411,43.558351,3.963412
2026-02-13,15:06:32,2026-02-13T15:06:32+01:00,STATION,"Albert 1er - Cathédrale",4,8,12,0.3333333333333333,43.614005,3.873218
2026-02-13,15:06:32,2026-02-13T15:06:32+01:00,STATION,"Saint-Guilhem - Courreau",5,3,8,0.625,43.608996,3.872752
2026-02-13,15:06:32,2026-02-13T15:06:32+01:00,STATION,"Sud De France",5,3,8,0.625,43.59562,3.9235
2026-02-13,15:06:32,2026-02-13T15:06:32+01:00,STATION,"Comedie Baudin",0,8,8,0.0,43.608717,3.880787
2026-02-13,15:06:32,2026-02-13T15:06:32+01:00,STATION,"Jean de Beins",5,11,16,0.3125,43.609857,3.883884
2026-02-13,16:08:55,2026-02-13T16:08:55+01:00,STATION,"Rue Jules Ferry - Gare Saint-Roch",7,5,12,0.5833333333333334,43.605366,3.881346
2026-02-13,16:08:55,2026-02-13T16:08:55+01:00,STATION,"Comédie",6,14,20,0.3,43.608148,3.878778
2026-02-13,16:08:55,2026-02-13T16:08:55+01:00,STATION,"Hôtel de Ville",8,7,16,0.5625,43.599088,3.894866
2026-02-13,16:08:55,2026-02-13T16:08:55+01:00,STATION,"Corum",1,11,12,0.08333333333333333,43.613989,3.8816
2026-02-13,16:08:55,2026-02-13T16:08:55+01:00,STATION,"Place Albert 1er - St Charles",6,21,27,0.2222222222222222,43.616768,3.873375
2026-02-13,16:08:55,2026-02-13T16:08:55+01:00,STATION,"Foch",2,6,8,0.25,43.610989,3.873345
2026-02-13,16:08:55,2026-02-13T16:08:55+01:00,STATION,"Halles Castellane",0,12,12,0.0,43.609935,3.877208
2026-02-13,16:08:55,2026-02-13T16:08:55+01:00,STATION,"Observatoire",2,5,8,0.375,43.606301,3.87724
2026-02-13,16:08:55,2026-02-13T16:08:55+01:00,STATION,"Rondelet",8,8,16,0.5,43.603038,3.875796
2026-02-13,16:08:55,2026-02-13T16:08:55+01:00,STATION,"Plan Cabanes",4,8,12,0.3333333333333333,43.608491,3.868389
2026-02-13,16:08:55,2026-02-13T16:08:55+01:00,STATION,"Boutonnet",7,5,12,0.5833333333333334,43.622629,3.868375
2026-02-13,16:08:55,2026-02-13T16:08:55+01:00,STATION,"Emile Combes",2,6,8,0.25,43.616742,3.87998
2026-02-13,16:08:55,2026-02-13T16:08:55+01:00,STATION,"Beaux-Arts",5,11,16,0.3125,43.616698,3.884981
2026-02-13,16:08:55,2026-02-13T16:08:55+01:00,STATION,"Les Aubes",2,6,8,0.25,43.618692,3.893844
2026-02-13,16:08:55,2026-02-13T16:08:55+01:00,STATION,"Antigone centre",9,3,12,0.75,43.607942,3.890634
2026-02-13,16:08:55,2026-02-13T16:08:55+01:00,STATION,"Médiathèque Emile Zola",8,8,16,0.5,43.608218,3.89314
2026-02-13,16:08:55,2026-02-13T16:08:55+01:00,STATION,"Nombre d Or",5,11,16,0.3125,43.607859,3.886644
2026-02-13,16:08:55,2026-02-13T16:08:55+01:00,STATION,"Louis Blanc",2,14,16,0.125,43.614642,3.877648
2026-02-13,16:08:55,2026-02-13T16:08:55+01:00,STATION,"Gambetta",4,4,8,0.5,43.607106,3.870693
2026-02-13,16:08:55,2026-02-13T16:08:55+01:00,STATION,"Port Marianne",10,6,16,0.625,43.60032,3.89851
2026-02-13,16:08:55,2026-02-13T16:08:55+01:00,STATION,"Les Arceaux",3,5,8,0.375,43.612659,3.867734
2026-02-13,16:08:55,2026-02-13T16:08:55+01:00,STATION,"Cité Mion",6,1,8,0.875,43.601143,3.884373
2026-02-13,16:08:55,2026-02-13T16:08:55+01:00,STATION,"Nouveau Saint-Roch",5,3,8,0.625,43.599817,3.875757
2026-02-13,16:08:55,2026-02-13T16:08:55+01:00,STATION,"Renouvier",5,3,8,0.625,43.603553,3.867884
2026-02-13,16:08:55,2026-02-13T16:08:55+01:00,STATION,"Odysseum",0,8,8,0.0,43.603727,3.918979
2026-02-13,16:08:55,2026-02-13T16:08:55+01:00,STATION,"Saint-Denis",0,8,8,0.0,43.605021,3.875065
2026-02-13,16:08:55,2026-02-13T16:08:55+01:00,STATION,"Richter",10,6,16,0.625,43.603424,3.899263
2026-02-13,16:08:55,2026-02-13T16:08:55+01:00,STATION,"Charles Flahault",3,5,8,0.375,43.622038,3.86672
2026-02-13,16:08:55,2026-02-13T16:08:55+01:00,STATION,"Voltaire",4,4,8,0.5,43.603767,3.888659
2026-02-13,16:08:55,2026-02-13T16:08:55+01:00,STATION,"Prés d Arènes",4,4,8,0.5,43.59048,3.884611
2026-02-13,16:08:55,2026-02-13T16:08:55+01:00,STATION,"Garcia Lorca",7,1,8,0.875,43.590757,3.890616
2026-02-13,16:08:55,2026-02-13T16:08:55+01:00,STATION,"Vert Bois",7,9,16,0.4375,43.63543,3.871179
2026-02-13,16:08:55,2026-02-13T16:08:55+01:00,STATION,"Malbosc",3,5,8,0.375,43.633679,3.832861
2026-02-13,16:08:55,2026-02-13T16:08:55+01:00,STATION,"Occitanie",21,11,32,0.65625,43.635689,3.849597
2026-02-13,16:08:55,2026-02-13T16:08:55+01:00,STATION,"FacdesSciences",6,18,24,0.25,43.631318,3.861299
2026-02-13,16:08:55,2026-02-13T16:08:55+01:00,STATION,"Fac de Lettres",6,6,12,0.5,43.630437,3.869539
2026-02-13,16:08:55,2026-02-13T16:08:55+01:00,STATION,"Aiguelongue",4,3,8,0.625,43.626163,3.882492
2026-02-13,16:08:55,2026-02-13T16:08:55+01:00,STATION,"Jeu de Mail des Abbés",3,5,8,0.375,43.619701,3.883831
2026-02-13,16:08:55,2026-02-13T16:08:55+01:00,STATION,"Euromédecine",2,6,8,0.25,43.639119,3.828199
2026-02-13,16:08:55,2026-02-13T16:08:55+01:00,STATION,"Marie Caizergues",3,5,8,0.375,43.619871,3.873812
2026-02-13,16:08:55,2026-02-13T16:08:55+01:00,STATION,"Sabines",3,5,8,0.375,43.584211,3.860031
2026-02-13,16:08:55,2026-02-13T16:08:55+01:00,STATION,"Celleneuve",5,3,8,0.625,43.61467,3.832624
2026-02-13,16:08:55,2026-02-13T16:08:55+01:00,STATION,"Jardin de la Lironde",7,1,8,0.875,43.60585,3.911576
2026-02-13,16:08:55,2026-02-13T16:08:55+01:00,STATION,"Père Soulas",6,2,8,0.75,43.621983,3.855603
2026-02-13,16:08:55,2026-02-13T16:08:55+01:00,STATION,"Place Viala",5,3,8,0.625,43.616812,3.855075
2026-02-13,16:08:55,2026-02-13T16:08:55+01:00,STATION,"Hôtel du Département",6,2,8,0.75,43.621682,3.83477
2026-02-13,16:08:55,2026-02-13T16:08:55+01:00,STATION,"Tonnelles",2,6,8,0.25,43.615155,3.839466
2026-02-13,16:08:55,2026-02-13T16:08:55+01:00,STATION,"Parvis Jules Ferry - Gare Saint-Roch",3,5,8,0.375,43.603889,3.879362
2026-02-13,16:08:55,2026-02-13T16:08:55+01:00,STATION,"Pont de Lattes - Gare Saint-Roch",6,6,12,0.5,43.606036,3.882393
2026-02-13,16:08:55,2026-02-13T16:08:55+01:00,STATION,"Deux Ponts - Gare Saint-Roch",0,8,8,0.0,43.604319,3.880916
2026-02-13,16:08:55,2026-02-13T16:08:55+01:00,STATION,"Providence - Ovalie",5,3,8,0.625,43.588239,3.853421
2026-02-13,16:08:55,2026-02-13T16:08:55+01:00,STATION,"Pérols Etang de l Or",35,33,68,0.5147058823529411,43.558351,3.963412
2026-02-13,16:08:55,2026-02-13T16:08:55+01:00,STATION,"Albert 1er - Cathédrale",4,8,12,0.3333333333333333,43.614005,3.873218
2026-02-13,16:08:55,2026-02-13T16:08:55+01:00,STATION,"Saint-Guilhem - Courreau",5,3,8,0.625,43.608996,3.872752
2026-02-13,16:08:55,2026-02-13T16:08:55+01:00,STATION,"Sud De France",5,3,8,0.625,43.59562,3.9235
2026-02-13,16:08:55,2026-02-13T16:08:55+01:00,STATION,"Comedie Baudin",0,8,8,0.0,43.608717,3.880787
2026-02-13,16:08:55,2026-02-13T16:08:55+01:00,STATION,"Jean de Beins",5,11,16,0.3125,43.609857,3.883884
2026-02-13,17:08:02,2026-02-13T17:08:02+01:00,STATION,"Rue Jules Ferry - Gare Saint-Roch",7,5,12,0.5833333333333334,43.605366,3.881346
2026-02-13,17:08:02,2026-02-13T17:08:02+01:00,STATION,"Comédie",5,15,20,0.25,43.608148,3.878778
2026-02-13,17:08:02,2026-02-13T17:08:02+01:00,STATION,"Hôtel de Ville",8,7,16,0.5625,43.599088,3.894866
2026-02-13,17:08:02,2026-02-13T17:08:02+01:00,STATION,"Corum",1,11,12,0.08333333333333333,43.613989,3.8816
2026-02-13,17:08:02,2026-02-13T17:08:02+01:00,STATION,"Place Albert 1er - St Charles",6,21,27,0.2222222222222222,43.616768,3.873375
2026-02-13,17:08:02,2026-02-13T17:08:02+01:00,STATION,"Foch",2,6,8,0.25,43.610989,3.873345
2026-02-13,17:08:02,2026-02-13T17:08:02+01:00,STATION,"Halles Castellane",0,12,12,0.0,43.609935,3.877208
2026-02-13,17:08:02,2026-02-13T17:08:02+01:00,STATION,"Observatoire",2,5,8,0.375,43.606301,3.87724
2026-02-13,17:08:02,2026-02-13T17:08:02+01:00,STATION,"Rondelet",8,8,16,0.5,43.603038,3.875796
2026-02-13,17:08:02,2026-02-13T17:08:02+01:00,STATION,"Plan Cabanes",4,8,12,0.3333333333333333,43.608491,3.868389
2026-02-13,17:08:02,2026-02-13T17:08:02+01:00,STATION,"Boutonnet",7,5,12,0.5833333333333334,43.622629,3.868375
2026-02-13,17:08:02,2026-02-13T17:08:02+01:00,STATION,"Emile Combes",2,6,8,0.25,43.616742,3.87998
2026-02-13,17:08:02,2026-02-13T17:08:02+01:00,STATION,"Beaux-Arts",5,11,16,0.3125,43.616698,3.884981
2026-02-13,17:08:02,2026-02-13T17:08:02+01:00,STATION,"Les Aubes",2,6,8,0.25,43.618692,3.893844
2026-02-13,17:08:02,2026-02-13T17:08:02+01:00,STATION,"Antigone centre",9,3,12,0.75,43.607942,3.890634
2026-02-13,17:08:02,2026-02-13T17:08:02+01:00,STATION,"Médiathèque Emile Zola",9,7,16,0.5625,43.608218,3.89314
2026-02-13,17:08:02,2026-02-13T17:08:02+01:00,STATION,"Nombre d Or",5,11,16,0.3125,43.607859,3.886644
2026-02-13,17:08:02,2026-02-13T17:08:02+01:00,STATION,"Louis Blanc",2,14,16,0.125,43.614642,3.877648
2026-02-13,17:08:02,2026-02-13T17:08:02+01:00,STATION,"Gambetta",4,4,8,0.5,43.607106,3.870693
2026-02-13,17:08:02,2026-02-13T17:08:02+01:00,STATION,"Port Marianne",9,7,16,0.5625,43.60032,3.89851
2026-02-13,17:08:02,2026-02-13T17:08:02+01:00,STATION,"Les Arceaux",3,5,8,0.375,43.612659,3.867734
2026-02-13,17:08:02,2026-02-13T17:08:02+01:00,STATION,"Cité Mion",6,1,8,0.875,43.601143,3.884373
2026-02-13,17:08:02,2026-02-13T17:08:02+01:00,STATION,"Nouveau Saint-Roch",5,3,8,0.625,43.599817,3.875757
2026-02-13,17:08:02,2026-02-13T17:08:02+01:00,STATION,"Renouvier",5,3,8,0.625,43.603553,3.867884
2026-02-13,17:08:02,2026-02-13T17:08:02+01:00,STATION,"Odysseum",0,8,8,0.0,43.603727,3.918979
2026-02-13,17:08:02,2026-02-13T17:08:02+01:00,STATION,"Saint-Denis",0,8,8,0.0,43.605021,3.875065
2026-02-13,17:08:02,2026-02-13T17:08:02+01:00,STATION,"Richter",10,6,16,0.625,43.603424,3.899263
2026-02-13,17:08:02,2026-02-13T17:08:02+01:00,STATION,"Charles Flahault",3,5,8,0.375,43.622038,3.86672
2026-02-13,17:08:02,2026-02-13T17:08:02+01:00,STATION,"Voltaire",4,4,8,0.5,43.603767,3.888659
2026-02-13,17:08:02,2026-02-13T17:08:02+01:00,STATION,"Prés d Arènes",4,4,8,0.5,43.59048,3.884611
2026-02-13,17:08:02,2026-02-13T17:08:02+01:00,STATION,"Garcia Lorca",7,1,8,0.875,43.590757,3.890616
2026-02-13,17:08:02,2026-02-13T17:08:02+01:00,STATION,"Vert Bois",7,9,16,0.4375,43.63543,3.871179
2026-02-13,17:08:02,2026-02-13T17:08:02+01:00,STATION,"Malbosc",3,5,8,0.375,43.633679,3.832861
2026-02-13,17:08:02,2026-02-13T17:08:02+01:00,STATION,"Occitanie",21,11,32,0.65625,43.635689,3.849597
2026-02-13,17:08:02,2026-02-13T17:08:02+01:00,STATION,"FacdesSciences",6,18,24,0.25,43.631318,3.861299
2026-02-13,17:08:02,2026-02-13T17:08:02+01:00,STATION,"Fac de Lettres",6,6,12,0.5,43.630437,3.869539
2026-02-13,17:08:02,2026-02-13T17:08:02+01:00,STATION,"Aiguelongue",4,3,8,0.625,43.626163,3.882492
2026-02-13,17:08:02,2026-02-13T17:08:02+01:00,STATION,"Jeu de Mail des Abbés",3,5,8,0.375,43.619701,3.883831
2026-02-13,17:08:02,2026-02-13T17:08:02+01:00,STATION,"Euromédecine",2,6,8,0.25,43.639119,3.828199
2026-02-13,17:08:02,2026-02-13T17:08:02+01:00,STATION,"Marie Caizergues",3,5,8,0.375,43.619871,3.873812
2026-02-13,17:08:02,2026-02-13T17:08:02+01:00,STATION,"Sabines",3,5,8,0.375,43.584211,3.860031
2026-02-13,17:08:02,2026-02-13T17:08:02+01:00,STATION,"Celleneuve",5,3,8,0.625,43.61467,3.832624
2026-02-13,17:08:02,2026-02-13T17:08:02+01:00,STATION,"Jardin de la Lironde",7,1,8,0.875,43.60585,3.911576
2026-02-13,17:08:02,2026-02-13T17:08:02+01:00,STATION,"Père Soulas",6,2,8,0.75,43.621983,3.855603
2026-02-13,17:08:02,2026-02-13T17:08:02+01:00,STATION,"Place Viala",5,3,8,0.625,43.616812,3.855075
2026-02-13,17:08:02,2026-02-13T17:08:02+01:00,STATION,"Hôtel du Département",6,2,8,0.75,43.621682,3.83477
2026-02-13,17:08:02,2026-02-13T17:08:02+01:00,STATION,"Tonnelles",2,6,8,0.25,43.615155,3.839466
2026-02-13,17:08:02,2026-02-13T17:08:02+01:00,STATION,"Parvis Jules Ferry - Gare Saint-Roch",3,5,8,0.375,43.603889,3.879362
2026-02-13,17:08:02,2026-02-13T17:08:02+01:00,STATION,"Pont de Lattes - Gare Saint-Roch",6,6,12,0.5,43.606036,3.882393
2026-02-13,17:08:02,2026-02-13T17:08:02+01:00,STATION,"Deux Ponts - Gare Saint-Roch",0,8,8,0.0,43.604319,3.880916
2026-02-13,17:08:02,2026-02-13T17:08:02+01:00,STATION,"Providence - Ovalie",5,3,8,0.625,43.588239,3.853421
2026-02-13,17:08:02,2026-02-13T17:08:02+01:00,STATION,"Pérols Etang de l Or",35,33,68,0.5147058823529411,43.558351,3.963412
2026-02-13,17:08:02,2026-02-13T17:08:02+01:00,STATION,"Albert 1er - Cathédrale",4,8,12,0.3333333333333333,43.614005,3.873218
2026-02-13,17:08:02,2026-02-13T17:08:02+01:00,STATION,"Saint-Guilhem - Courreau",5,3,8,0.625,43.608996,3.872752
2026-02-13,17:08:02,2026-02-13T17:08:02+01:00,STATION,"Sud De France",5,3,8,0.625,43.59562,3.9235
2026-02-13,17:08:02,2026-02-13T17:08:02+01:00,STATION,"Comedie Baudin",0,8,8,0.0,43.608717,3.880787
2026-02-13,17:08:02,2026-02-13T17:08:02+01:00,STATION,"Jean de Beins",5,11,16,0.3125,43.609857,3.883884
2026-02-13,18:14:30,2026-02-13T18:14:30+01:00,STATION,"Rue Jules Ferry - Gare Saint-Roch",7,5,12,0.5833333333333334,43.605366,3.881346
2026-02-13,18:14:30,2026-02-13T18:14:30+01:00,STATION,"Comédie",5,15,20,0.25,43.608148,3.878778
2026-02-13,18:14:30,2026-02-13T18:14:30+01:00,STATION,"Hôtel de Ville",8,7,16,0.5625,43.599088,3.894866
2026-02-13,18:14:30,2026-02-13T18:14:30+01:00,STATION,"Corum",1,11,12,0.08333333333333333,43.613989,3.8816
2026-02-13,18:14:30,2026-02-13T18:14:30+01:00,STATION,"Place Albert 1er - St Charles",6,21,27,0.2222222222222222,43.616768,3.873375
2026-02-13,18:14:30,2026-02-13T18:14:30+01:00,STATION,"Foch",2,6,8,0.25,43.610989,3.873345
2026-02-13,18:14:30,2026-02-13T18:14:30+01:00,STATION,"Halles Castellane",0,12,12,0.0,43.609935,3.877208
2026-02-13,18:14:30,2026-02-13T18:14:30+01:00,STATION,"Observatoire",1,6,8,0.25,43.606301,3.87724
2026-02-13,18:14:30,2026-02-13T18:14:30+01:00,STATION,"Rondelet",8,8,16,0.5,43.603038,3.875796
2026-02-13,18:14:30,2026-02-13T18:14:30+01:00,STATION,"Plan Cabanes",5,7,12,0.4166666666666667,43.608491,3.868389
2026-02-13,18:14:30,2026-02-13T18:14:30+01:00,STATION,"Boutonnet",7,5,12,0.5833333333333334,43.622629,3.868375
2026-02-13,18:14:30,2026-02-13T18:14:30+01:00,STATION,"Emile Combes",2,6,8,0.25,43.616742,3.87998
2026-02-13,18:14:30,2026-02-13T18:14:30+01:00,STATION,"Beaux-Arts",5,11,16,0.3125,43.616698,3.884981
2026-02-13,18:14:30,2026-02-13T18:14:30+01:00,STATION,"Les Aubes",3,5,8,0.375,43.618692,3.893844
2026-02-13,18:14:30,2026-02-13T18:14:30+01:00,STATION,"Antigone centre",9,3,12,0.75,43.607942,3.890634
2026-02-13,18:14:30,2026-02-13T18:14:30+01:00,STATION,"Médiathèque Emile Zola",9,7,16,0.5625,43.608218,3.89314
2026-02-13,18:14:30,2026-02-13T18:14:30+01:00,STATION,"Nombre d Or",5,11,16,0.3125,43.607859,3.886644
2026-02-13,18:14:30,2026-02-13T18:14:30+01:00,STATION,"Louis Blanc",2,14,16,0.125,43.614642,3.877648
2026-02-13,18:14:30,2026-02-13T18:14:30+01:00,STATION,"Gambetta",4,4,8,0.5,43.607106,3.870693
2026-02-13,18:14:30,2026-02-13T18:14:30+01:00,STATION,"Port Marianne",9,7,16,0.5625,43.60032,3.89851
2026-02-13,18:14:30,2026-02-13T18:14:30+01:00,STATION,"Les Arceaux",3,5,8,0.375,43.612659,3.867734
2026-02-13,18:14:30,2026-02-13T18:14:30+01:00,STATION,"Cité Mion",6,1,8,0.875,43.601143,3.884373
2026-02-13,18:14:30,2026-02-13T18:14:30+01:00,STATION,"Nouveau Saint-Roch",5,3,8,0.625,43.599817,3.875757
2026-02-13,18:14:30,2026-02-13T18:14:30+01:00,STATION,"Renouvier",6,2,8,0.75,43.603553,3.867884
2026-02-13,18:14:30,2026-02-13T18:14:30+01:00,STATION,"Odysseum",0,8,8,0.0,43.603727,3.918979
2026-02-13,18:14:30,2026-02-13T18:14:30+01:00,STATION,"Saint-Denis",0,8,8,0.0,43.605021,3.875065
2026-02-13,18:14:30,2026-02-13T18:14:30+01:00,STATION,"Richter",10,6,16,0.625,43.603424,3.899263
2026-02-13,18:14:30,2026-02-13T18:14:30+01:00,STATION,"Charles Flahault",3,5,8,0.375,43.622038,3.86672
2026-02-13,18:14:30,2026-02-13T18:14:30+01:00,STATION,"Voltaire",4,4,8,0.5,43.603767,3.888659
2026-02-13,18:14:30,2026-02-13T18:14:30+01:00,STATION,"Prés d Arènes",4,4,8,0.5,43.59048,3.884611
2026-02-13,18:14:30,2026-02-13T18:14:30+01:00,STATION,"Garcia Lorca",7,1,8,0.875,43.590757,3.890616
2026-02-13,18:14:30,2026-02-13T18:14:30+01:00,STATION,"Vert Bois",6,10,16,0.375,43.63543,3.871179
2026-02-13,18:14:30,2026-02-13T18:14:30+01:00,STATION,"Malbosc",4,4,8,0.5,43.633679,3.832861
2026-02-13,18:14:30,2026-02-13T18:14:30+01:00,STATION,"Occitanie",21,11,32,0.65625,43.635689,3.849597
2026-02-13,18:14:30,2026-02-13T18:14:30+01:00,STATION,"FacdesSciences",6,18,24,0.25,43.631318,3.861299
2026-02-13,18:14:30,2026-02-13T18:14:30+01:00,STATION,"Fac de Lettres",7,5,12,0.5833333333333334,43.630437,3.869539
2026-02-13,18:14:30,2026-02-13T18:14:30+01:00,STATION,"Aiguelongue",5,2,8,0.75,43.626163,3.882492
2026-02-13,18:14:30,2026-02-13T18:14:30+01:00,STATION,"Jeu de Mail des Abbés",3,5,8,0.375,43.619701,3.883831
2026-02-13,18:14:30,2026-02-13T18:14:30+01:00,STATION,"Euromédecine",2,6,8,0.25,43.639119,3.828199
2026-02-13,18:14:30,2026-02-13T18:14:30+01:00,STATION,"Marie Caizergues",3,5,8,0.375,43.619871,3.873812
2026-02-13,18:14:30,2026-02-13T18:14:30+01:00,STATION,"Sabines",3,5,8,0.375,43.584211,3.860031
2026-02-13,18:14:30,2026-02-13T18:14:30+01:00,STATION,"Celleneuve",5,3,8,0.625,43.61467,3.832624
2026-02-13,18:14:30,2026-02-13T18:14:30+01:00,STATION,"Jardin de la Lironde",7,1,8,0.875,43.60585,3.911576
2026-02-13,18:14:30,2026-02-13T18:14:30+01:00,STATION,"Père Soulas",6,2,8,0.75,43.621983,3.855603
2026-02-13,18:14:30,2026-02-13T18:14:30+01:00,STATION,"Place Viala",5,3,8,0.625,43.616812,3.855075
2026-02-13,18:14:30,2026-02-13T18:14:30+01:00,STATION,"Hôtel du Département",6,2,8,0.75,43.621682,3.83477
2026-02-13,18:14:30,2026-02-13T18:14:30+01:00,STATION,"Tonnelles",2,6,8,0.25,43.615155,3.839466
2026-02-13,18:14:30,2026-02-13T18:14:30+01:00,STATION,"Parvis Jules Ferry - Gare Saint-Roch",3,5,8,0.375,43.603889,3.879362
2026-02-13,18:14:30,2026-02-13T18:14:30+01:00,STATION,"Pont de Lattes - Gare Saint-Roch",6,6,12,0.5,43.606036,3.882393
2026-02-13,18:14:30,2026-02-13T18:14:30+01:00,STATION,"Deux Ponts - Gare Saint-Roch",0,8,8,0.0,43.604319,3.880916
2026-02-13,18:14:30,2026-02-13T18:14:30+01:00,STATION,"Providence - Ovalie",5,3,8,0.625,43.588239,3.853421
2026-02-13,18:14:30,2026-02-13T18:14:30+01:00,STATION,"Pérols Etang de l Or",35,33,68,0.5147058823529411,43.558351,3.963412
2026-02-13,18:14:30,2026-02-13T18:14:30+01:00,STATION,"Albert 1er - Cathédrale",4,8,12,0.3333333333333333,43.614005,3.873218
2026-02-13,18:14:30,2026-02-13T18:14:30+01:00,STATION,"Saint-Guilhem - Courreau",5,3,8,0.625,43.608996,3.872752
2026-02-13,18:14:30,2026-02-13T18:14:30+01:00,STATION,"Sud De France",5,3,8,0.625,43.59562,3.9235
2026-02-13,18:14:30,2026-02-13T18:14:30+01:00,STATION,"Comedie Baudin",0,8,8,0.0,43.608717,3.880787
2026-02-13,18:14:30,2026-02-13T18:14:30+01:00,STATION,"Jean de Beins",5,11,16,0.3125,43.609857,3.883884
2026-02-13,19:03:50,2026-02-13T19:03:50+01:00,STATION,"Rue Jules Ferry - Gare Saint-Roch",8,4,12,0.6666666666666666,43.605366,3.881346
2026-02-13,19:03:50,2026-02-13T19:03:50+01:00,STATION,"Comédie",5,15,20,0.25,43.608148,3.878778
2026-02-13,19:03:50,2026-02-13T19:03:50+01:00,STATION,"Hôtel de Ville",8,7,16,0.5625,43.599088,3.894866
2026-02-13,19:03:50,2026-02-13T19:03:50+01:00,STATION,"Corum",1,11,12,0.08333333333333333,43.613989,3.8816
2026-02-13,19:03:50,2026-02-13T19:03:50+01:00,STATION,"Place Albert 1er - St Charles",6,21,27,0.2222222222222222,43.616768,3.873375
2026-02-13,19:03:50,2026-02-13T19:03:50+01:00,STATION,"Foch",2,6,8,0.25,43.610989,3.873345
2026-02-13,19:03:50,2026-02-13T19:03:50+01:00,STATION,"Halles Castellane",0,12,12,0.0,43.609935,3.877208
2026-02-13,19:03:50,2026-02-13T19:03:50+01:00,STATION,"Observatoire",1,6,8,0.25,43.606301,3.87724
2026-02-13,19:03:50,2026-02-13T19:03:50+01:00,STATION,"Rondelet",8,8,16,0.5,43.603038,3.875796
2026-02-13,19:03:50,2026-02-13T19:03:50+01:00,STATION,"Plan Cabanes",5,7,12,0.4166666666666667,43.608491,3.868389
2026-02-13,19:03:50,2026-02-13T19:03:50+01:00,STATION,"Boutonnet",7,5,12,0.5833333333333334,43.622629,3.868375
2026-02-13,19:03:50,2026-02-13T19:03:50+01:00,STATION,"Emile Combes",2,6,8,0.25,43.616742,3.87998
2026-02-13,19:03:50,2026-02-13T19:03:50+01:00,STATION,"Beaux-Arts",5,11,16,0.3125,43.616698,3.884981
2026-02-13,19:03:50,2026-02-13T19:03:50+01:00,STATION,"Les Aubes",3,5,8,0.375,43.618692,3.893844
2026-02-13,19:03:50,2026-02-13T19:03:50+01:00,STATION,"Antigone centre",9,3,12,0.75,43.607942,3.890634
2026-02-13,19:03:50,2026-02-13T19:03:50+01:00,STATION,"Médiathèque Emile Zola",9,7,16,0.5625,43.608218,3.89314
2026-02-13,19:03:50,2026-02-13T19:03:50+01:00,STATION,"Nombre d Or",5,11,16,0.3125,43.607859,3.886644
2026-02-13,19:03:50,2026-02-13T19:03:50+01:00,STATION,"Louis Blanc",2,14,16,0.125,43.614642,3.877648
2026-02-13,19:03:50,2026-02-13T19:03:50+01:00,STATION,"Gambetta",4,4,8,0.5,43.607106,3.870693
2026-02-13,19:03:50,2026-02-13T19:03:50+01:00,STATION,"Port Marianne",9,7,16,0.5625,43.60032,3.89851
2026-02-13,19:03:50,2026-02-13T19:03:50+01:00,STATION,"Les Arceaux",3,5,8,0.375,43.612659,3.867734
2026-02-13,19:03:50,2026-02-13T19:03:50+01:00,STATION,"Cité Mion",6,1,8,0.875,43.601143,3.884373
2026-02-13,19:03:50,2026-02-13T19:03:50+01:00,STATION,"Nouveau Saint-Roch",5,3,8,0.625,43.599817,3.875757
2026-02-13,19:03:50,2026-02-13T19:03:50+01:00,STATION,"Renouvier",6,2,8,0.75,43.603553,3.867884
2026-02-13,19:03:50,2026-02-13T19:03:50+01:00,STATION,"Odysseum",0,8,8,0.0,43.603727,3.918979
2026-02-13,19:03:50,2026-02-13T19:03:50+01:00,STATION,"Saint-Denis",0,8,8,0.0,43.605021,3.875065
2026-02-13,19:03:50,2026-02-13T19:03:50+01:00,STATION,"Richter",10,6,16,0.625,43.603424,3.899263
2026-02-13,19:03:50,2026-02-13T19:03:50+01:00,STATION,"Charles Flahault",3,5,8,0.375,43.622038,3.86672
2026-02-13,19:03:50,2026-02-13T19:03:50+01:00,STATION,"Voltaire",4,4,8,0.5,43.603767,3.888659
2026-02-13,19:03:50,2026-02-13T19:03:50+01:00,STATION,"Prés d Arènes",4,4,8,0.5,43.59048,3.884611
2026-02-13,19:03:50,2026-02-13T19:03:50+01:00,STATION,"Garcia Lorca",7,1,8,0.875,43.590757,3.890616
2026-02-13,19:03:50,2026-02-13T19:03:50+01:00,STATION,"Vert Bois",6,10,16,0.375,43.63543,3.871179
2026-02-13,19:03:50,2026-02-13T19:03:50+01:00,STATION,"Malbosc",4,4,8,0.5,43.633679,3.832861
2026-02-13,19:03:50,2026-02-13T19:03:50+01:00,STATION,"Occitanie",21,11,32,0.65625,43.635689,3.849597
2026-02-13,19:03:50,2026-02-13T19:03:50+01:00,STATION,"FacdesSciences",6,18,24,0.25,43.631318,3.861299
2026-02-13,19:03:50,2026-02-13T19:03:50+01:00,STATION,"Fac de Lettres",7,5,12,0.5833333333333334,43.630437,3.869539
2026-02-13,19:03:50,2026-02-13T19:03:50+01:00,STATION,"Aiguelongue",5,2,8,0.75,43.626163,3.882492
2026-02-13,19:03:50,2026-02-13T19:03:50+01:00,STATION,"Jeu de Mail des Abbés",3,5,8,0.375,43.619701,3.883831
2026-02-13,19:03:50,2026-02-13T19:03:50+01:00,STATION,"Euromédecine",2,6,8,0.25,43.639119,3.828199
2026-02-13,19:03:50,2026-02-13T19:03:50+01:00,STATION,"Marie Caizergues",3,5,8,0.375,43.619871,3.873812
2026-02-13,19:03:50,2026-02-13T19:03:50+01:00,STATION,"Sabines",3,5,8,0.375,43.584211,3.860031
2026-02-13,19:03:50,2026-02-13T19:03:50+01:00,STATION,"Celleneuve",5,3,8,0.625,43.61467,3.832624
2026-02-13,19:03:50,2026-02-13T19:03:50+01:00,STATION,"Jardin de la Lironde",7,1,8,0.875,43.60585,3.911576
2026-02-13,19:03:50,2026-02-13T19:03:50+01:00,STATION,"Père Soulas",6,2,8,0.75,43.621983,3.855603
2026-02-13,19:03:50,2026-02-13T19:03:50+01:00,STATION,"Place Viala",5,3,8,0.625,43.616812,3.855075
2026-02-13,19:03:50,2026-02-13T19:03:50+01:00,STATION,"Hôtel du Département",6,2,8,0.75,43.621682,3.83477
2026-02-13,19:03:50,2026-02-13T19:03:50+01:00,STATION,"Tonnelles",2,6,8,0.25,43.615155,3.839466
2026-02-13,19:03:50,2026-02-13T19:03:50+01:00,STATION,"Parvis Jules Ferry - Gare Saint-Roch",3,5,8,0.375,43.603889,3.879362
2026-02-13,19:03:50,2026-02-13T19:03:50+01:00,STATION,"Pont de Lattes - Gare Saint-Roch",6,6,12,0.5,43.606036,3.882393
2026-02-13,19:03:50,2026-02-13T19:03:50+01:00,STATION,"Deux Ponts - Gare Saint-Roch",0,8,8,0.0,43.604319,3.880916
2026-02-13,19:03:50,2026-02-13T19:03:50+01:00,STATION,"Providence - Ovalie",5,3,8,0.625,43.588239,3.853421
2026-02-13,19:03:50,2026-02-13T19:03:50+01:00,STATION,"Pérols Etang de l Or",35,33,68,0.5147058823529411,43.558351,3.963412
2026-02-13,19:03:50,2026-02-13T19:03:50+01:00,STATION,"Albert 1er - Cathédrale",4,8,12,0.3333333333333333,43.614005,3.873218
2026-02-13,19:03:50,2026-02-13T19:03:50+01:00,STATION,"Saint-Guilhem - Courreau",5,3,8,0.625,43.608996,3.872752
2026-02-13,19:03:50,2026-02-13T19:03:50+01:00,STATION,"Sud De France",5,3,8,0.625,43.59562,3.9235
2026-02-13,19:03:50,2026-02-13T19:03:50+01:00,STATION,"Comedie Baudin",0,8,8,0.0,43.608717,3.880787
2026-02-13,19:03:50,2026-02-13T19:03:50+01:00,STATION,"Jean de Beins",5,11,16,0.3125,43.609857,3.883884
2026-02-13,20:23:47,2026-02-13T20:23:47+01:00,STATION,"Rue Jules Ferry - Gare Saint-Roch",8,4,12,0.6666666666666666,43.605366,3.881346
2026-02-13,20:23:47,2026-02-13T20:23:47+01:00,STATION,"Comédie",5,15,20,0.25,43.608148,3.878778
2026-02-13,20:23:47,2026-02-13T20:23:47+01:00,STATION,"Hôtel de Ville",8,7,16,0.5625,43.599088,3.894866
2026-02-13,20:23:47,2026-02-13T20:23:47+01:00,STATION,"Corum",1,11,12,0.08333333333333333,43.613989,3.8816
2026-02-13,20:23:47,2026-02-13T20:23:47+01:00,STATION,"Place Albert 1er - St Charles",6,21,27,0.2222222222222222,43.616768,3.873375
2026-02-13,20:23:47,2026-02-13T20:23:47+01:00,STATION,"Foch",2,6,8,0.25,43.610989,3.873345
2026-02-13,20:23:47,2026-02-13T20:23:47+01:00,STATION,"Halles Castellane",0,12,12,0.0,43.609935,3.877208
2026-02-13,20:23:47,2026-02-13T20:23:47+01:00,STATION,"Observatoire",1,6,8,0.25,43.606301,3.87724
2026-02-13,20:23:47,2026-02-13T20:23:47+01:00,STATION,"Rondelet",8,8,16,0.5,43.603038,3.875796
2026-02-13,20:23:47,2026-02-13T20:23:47+01:00,STATION,"Plan Cabanes",5,7,12,0.4166666666666667,43.608491,3.868389
2026-02-13,20:23:47,2026-02-13T20:23:47+01:00,STATION,"Boutonnet",7,5,12,0.5833333333333334,43.622629,3.868375
2026-02-13,20:23:47,2026-02-13T20:23:47+01:00,STATION,"Emile Combes",2,6,8,0.25,43.616742,3.87998
2026-02-13,20:23:47,2026-02-13T20:23:47+01:00,STATION,"Beaux-Arts",5,11,16,0.3125,43.616698,3.884981
2026-02-13,20:23:47,2026-02-13T20:23:47+01:00,STATION,"Les Aubes",3,5,8,0.375,43.618692,3.893844
2026-02-13,20:23:47,2026-02-13T20:23:47+01:00,STATION,"Antigone centre",10,2,12,0.8333333333333334,43.607942,3.890634
2026-02-13,20:23:47,2026-02-13T20:23:47+01:00,STATION,"Médiathèque Emile Zola",9,7,16,0.5625,43.608218,3.89314
2026-02-13,20:23:47,2026-02-13T20:23:47+01:00,STATION,"Nombre d Or",5,11,16,0.3125,43.607859,3.886644
2026-02-13,20:23:47,2026-02-13T20:23:47+01:00,STATION,"Louis Blanc",2,14,16,0.125,43.614642,3.877648
2026-02-13,20:23:47,2026-02-13T20:23:47+01:00,STATION,"Gambetta",4,4,8,0.5,43.607106,3.870693
2026-02-13,20:23:47,2026-02-13T20:23:47+01:00,STATION,"Port Marianne",9,7,16,0.5625,43.60032,3.89851
2026-02-13,20:23:47,2026-02-13T20:23:47+01:00,STATION,"Les Arceaux",3,5,8,0.375,43.612659,3.867734
2026-02-13,20:23:47,2026-02-13T20:23:47+01:00,STATION,"Cité Mion",5,2,8,0.75,43.601143,3.884373
2026-02-13,20:23:47,2026-02-13T20:23:47+01:00,STATION,"Nouveau Saint-Roch",5,3,8,0.625,43.599817,3.875757
2026-02-13,20:23:47,2026-02-13T20:23:47+01:00,STATION,"Renouvier",6,2,8,0.75,43.603553,3.867884
2026-02-13,20:23:47,2026-02-13T20:23:47+01:00,STATION,"Odysseum",0,8,8,0.0,43.603727,3.918979
2026-02-13,20:23:47,2026-02-13T20:23:47+01:00,STATION,"Saint-Denis",0,8,8,0.0,43.605021,3.875065
2026-02-13,20:23:47,2026-02-13T20:23:47+01:00,STATION,"Richter",9,7,16,0.5625,43.603424,3.899263
2026-02-13,20:23:47,2026-02-13T20:23:47+01:00,STATION,"Charles Flahault",3,5,8,0.375,43.622038,3.86672
2026-02-13,20:23:47,2026-02-13T20:23:47+01:00,STATION,"Voltaire",4,4,8,0.5,43.603767,3.888659
2026-02-13,20:23:47,2026-02-13T20:23:47+01:00,STATION,"Prés d Arènes",4,4,8,0.5,43.59048,3.884611
2026-02-13,20:23:47,2026-02-13T20:23:47+01:00,STATION,"Garcia Lorca",7,1,8,0.875,43.590757,3.890616
2026-02-13,20:23:47,2026-02-13T20:23:47+01:00,STATION,"Vert Bois",6,10,16,0.375,43.63543,3.871179
2026-02-13,20:23:47,2026-02-13T20:23:47+01:00,STATION,"Malbosc",4,4,8,0.5,43.633679,3.832861
2026-02-13,20:23:47,2026-02-13T20:23:47+01:00,STATION,"Occitanie",21,11,32,0.65625,43.635689,3.849597
2026-02-13,20:23:47,2026-02-13T20:23:47+01:00,STATION,"FacdesSciences",6,18,24,0.25,43.631318,3.861299
2026-02-13,20:23:47,2026-02-13T20:23:47+01:00,STATION,"Fac de Lettres",7,5,12,0.5833333333333334,43.630437,3.869539
2026-02-13,20:23:47,2026-02-13T20:23:47+01:00,STATION,"Aiguelongue",5,2,8,0.75,43.626163,3.882492
2026-02-13,20:23:47,2026-02-13T20:23:47+01:00,STATION,"Jeu de Mail des Abbés",3,5,8,0.375,43.619701,3.883831
2026-02-13,20:23:47,2026-02-13T20:23:47+01:00,STATION,"Euromédecine",2,6,8,0.25,43.639119,3.828199
2026-02-13,20:23:47,2026-02-13T20:23:47+01:00,STATION,"Marie Caizergues",3,5,8,0.375,43.619871,3.873812
2026-02-13,20:23:47,2026-02-13T20:23:47+01:00,STATION,"Sabines",3,5,8,0.375,43.584211,3.860031
2026-02-13,20:23:47,2026-02-13T20:23:47+01:00,STATION,"Celleneuve",5,3,8,0.625,43.61467,3.832624
2026-02-13,20:23:47,2026-02-13T20:23:47+01:00,STATION,"Jardin de la Lironde",7,1,8,0.875,43.60585,3.911576
2026-02-13,20:23:47,2026-02-13T20:23:47+01:00,STATION,"Père Soulas",6,2,8,0.75,43.621983,3.855603
2026-02-13,20:23:47,2026-02-13T20:23:47+01:00,STATION,"Place Viala",5,3,8,0.625,43.616812,3.855075
2026-02-13,20:23:47,2026-02-13T20:23:47+01:00,STATION,"Hôtel du Département",6,2,8,0.75,43.621682,3.83477
2026-02-13,20:23:47,2026-02-13T20:23:47+01:00,STATION,"Tonnelles",2,6,8,0.25,43.615155,3.839466
2026-02-13,20:23:47,2026-02-13T20:23:47+01:00,STATION,"Parvis Jules Ferry - Gare Saint-Roch",3,5,8,0.375,43.603889,3.879362
2026-02-13,20:23:47,2026-02-13T20:23:47+01:00,STATION,"Pont de Lattes - Gare Saint-Roch",6,6,12,0.5,43.606036,3.882393
2026-02-13,20:23:47,2026-02-13T20:23:47+01:00,STATION,"Deux Ponts - Gare Saint-Roch",0,8,8,0.0,43.604319,3.880916
2026-02-13,20:23:47,2026-02-13T20:23:47+01:00,STATION,"Providence - Ovalie",5,3,8,0.625,43.588239,3.853421
2026-02-13,20:23:47,2026-02-13T20:23:47+01:00,STATION,"Pérols Etang de l Or",35,33,68,0.5147058823529411,43.558351,3.963412
2026-02-13,20:23:47,2026-02-13T20:23:47+01:00,STATION,"Albert 1er - Cathédrale",4,8,12,0.3333333333333333,43.614005,3.873218
2026-02-13,20:23:47,2026-02-13T20:23:47+01:00,STATION,"Saint-Guilhem - Courreau",5,3,8,0.625,43.608996,3.872752
2026-02-13,20:23:47,2026-02-13T20:23:47+01:00,STATION,"Sud De France",5,3,8,0.625,43.59562,3.9235
2026-02-13,20:23:47,2026-02-13T20:23:47+01:00,STATION,"Comedie Baudin",0,8,8,0.0,43.608717,3.880787
2026-02-13,20:23:47,2026-02-13T20:23:47+01:00,STATION,"Jean de Beins",5,11,16,0.3125,43.609857,3.883884
2026-02-13,20:58:42,2026-02-13T20:58:42+01:00,STATION,"Rue Jules Ferry - Gare Saint-Roch",7,5,12,0.5833333333333334,43.605366,3.881346
2026-02-13,20:58:42,2026-02-13T20:58:42+01:00,STATION,"Comédie",5,15,20,0.25,43.608148,3.878778
2026-02-13,20:58:42,2026-02-13T20:58:42+01:00,STATION,"Hôtel de Ville",8,7,16,0.5625,43.599088,3.894866
2026-02-13,20:58:42,2026-02-13T20:58:42+01:00,STATION,"Corum",2,10,12,0.16666666666666666,43.613989,3.8816
2026-02-13,20:58:42,2026-02-13T20:58:42+01:00,STATION,"Place Albert 1er - St Charles",6,21,27,0.2222222222222222,43.616768,3.873375
2026-02-13,20:58:42,2026-02-13T20:58:42+01:00,STATION,"Foch",2,6,8,0.25,43.610989,3.873345
2026-02-13,20:58:42,2026-02-13T20:58:42+01:00,STATION,"Halles Castellane",0,12,12,0.0,43.609935,3.877208
2026-02-13,20:58:42,2026-02-13T20:58:42+01:00,STATION,"Observatoire",1,6,8,0.25,43.606301,3.87724
2026-02-13,20:58:42,2026-02-13T20:58:42+01:00,STATION,"Rondelet",8,8,16,0.5,43.603038,3.875796
2026-02-13,20:58:42,2026-02-13T20:58:42+01:00,STATION,"Plan Cabanes",5,7,12,0.4166666666666667,43.608491,3.868389
2026-02-13,20:58:42,2026-02-13T20:58:42+01:00,STATION,"Boutonnet",7,5,12,0.5833333333333334,43.622629,3.868375
2026-02-13,20:58:42,2026-02-13T20:58:42+01:00,STATION,"Emile Combes",2,6,8,0.25,43.616742,3.87998
2026-02-13,20:58:42,2026-02-13T20:58:42+01:00,STATION,"Beaux-Arts",5,11,16,0.3125,43.616698,3.884981
2026-02-13,20:58:42,2026-02-13T20:58:42+01:00,STATION,"Les Aubes",3,5,8,0.375,43.618692,3.893844
2026-02-13,20:58:42,2026-02-13T20:58:42+01:00,STATION,"Antigone centre",10,2,12,0.8333333333333334,43.607942,3.890634
2026-02-13,20:58:42,2026-02-13T20:58:42+01:00,STATION,"Médiathèque Emile Zola",9,7,16,0.5625,43.608218,3.89314
2026-02-13,20:58:42,2026-02-13T20:58:42+01:00,STATION,"Nombre d Or",5,11,16,0.3125,43.607859,3.886644
2026-02-13,20:58:42,2026-02-13T20:58:42+01:00,STATION,"Louis Blanc",2,14,16,0.125,43.614642,3.877648
2026-02-13,20:58:42,2026-02-13T20:58:42+01:00,STATION,"Gambetta",4,4,8,0.5,43.607106,3.870693
2026-02-13,20:58:42,2026-02-13T20:58:42+01:00,STATION,"Port Marianne",9,7,16,0.5625,43.60032,3.89851
2026-02-13,20:58:42,2026-02-13T20:58:42+01:00,STATION,"Les Arceaux",3,5,8,0.375,43.612659,3.867734
2026-02-13,20:58:42,2026-02-13T20:58:42+01:00,STATION,"Cité Mion",5,2,8,0.75,43.601143,3.884373
2026-02-13,20:58:42,2026-02-13T20:58:42+01:00,STATION,"Nouveau Saint-Roch",5,3,8,0.625,43.599817,3.875757
2026-02-13,20:58:42,2026-02-13T20:58:42+01:00,STATION,"Renouvier",6,2,8,0.75,43.603553,3.867884
2026-02-13,20:58:42,2026-02-13T20:58:42+01:00,STATION,"Odysseum",0,8,8,0.0,43.603727,3.918979
2026-02-13,20:58:42,2026-02-13T20:58:42+01:00,STATION,"Saint-Denis",0,8,8,0.0,43.605021,3.875065
2026-02-13,20:58:42,2026-02-13T20:58:42+01:00,STATION,"Richter",9,7,16,0.5625,43.603424,3.899263
2026-02-13,20:58:42,2026-02-13T20:58:42+01:00,STATION,"Charles Flahault",3,5,8,0.375,43.622038,3.86672
2026-02-13,20:58:42,2026-02-13T20:58:42+01:00,STATION,"Voltaire",4,4,8,0.5,43.603767,3.888659
2026-02-13,20:58:42,2026-02-13T20:58:42+01:00,STATION,"Prés d Arènes",4,4,8,0.5,43.59048,3.884611
2026-02-13,20:58:42,2026-02-13T20:58:42+01:00,STATION,"Garcia Lorca",7,1,8,0.875,43.590757,3.890616
2026-02-13,20:58:42,2026-02-13T20:58:42+01:00,STATION,"Vert Bois",6,10,16,0.375,43.63543,3.871179
2026-02-13,20:58:42,2026-02-13T20:58:42+01:00,STATION,"Malbosc",4,4,8,0.5,43.633679,3.832861
2026-02-13,20:58:42,2026-02-13T20:58:42+01:00,STATION,"Occitanie",21,11,32,0.65625,43.635689,3.849597
2026-02-13,20:58:42,2026-02-13T20:58:42+01:00,STATION,"FacdesSciences",6,18,24,0.25,43.631318,3.861299
2026-02-13,20:58:42,2026-02-13T20:58:42+01:00,STATION,"Fac de Lettres",7,5,12,0.5833333333333334,43.630437,3.869539
2026-02-13,20:58:42,2026-02-13T20:58:42+01:00,STATION,"Aiguelongue",5,2,8,0.75,43.626163,3.882492
2026-02-13,20:58:42,2026-02-13T20:58:42+01:00,STATION,"Jeu de Mail des Abbés",3,5,8,0.375,43.619701,3.883831
2026-02-13,20:58:42,2026-02-13T20:58:42+01:00,STATION,"Euromédecine",2,6,8,0.25,43.639119,3.828199
2026-02-13,20:58:42,2026-02-13T20:58:42+01:00,STATION,"Marie Caizergues",3,5,8,0.375,43.619871,3.873812
2026-02-13,20:58:42,2026-02-13T20:58:42+01:00,STATION,"Sabines",3,5,8,0.375,43.584211,3.860031
2026-02-13,20:58:42,2026-02-13T20:58:42+01:00,STATION,"Celleneuve",5,3,8,0.625,43.61467,3.832624
2026-02-13,20:58:42,2026-02-13T20:58:42+01:00,STATION,"Jardin de la Lironde",7,1,8,0.875,43.60585,3.911576
2026-02-13,20:58:42,2026-02-13T20:58:42+01:00,STATION,"Père Soulas",6,2,8,0.75,43.621983,3.855603
2026-02-13,20:58:42,2026-02-13T20:58:42+01:00,STATION,"Place Viala",5,3,8,0.625,43.616812,3.855075
2026-02-13,20:58:42,2026-02-13T20:58:42+01:00,STATION,"Hôtel du Département",6,2,8,0.75,43.621682,3.83477
2026-02-13,20:58:42,2026-02-13T20:58:42+01:00,STATION,"Tonnelles",2,6,8,0.25,43.615155,3.839466
2026-02-13,20:58:42,2026-02-13T20:58:42+01:00,STATION,"Parvis Jules Ferry - Gare Saint-Roch",3,5,8,0.375,43.603889,3.879362
2026-02-13,20:58:42,2026-02-13T20:58:42+01:00,STATION,"Pont de Lattes - Gare Saint-Roch",6,6,12,0.5,43.606036,3.882393
2026-02-13,20:58:42,2026-02-13T20:58:42+01:00,STATION,"Deux Ponts - Gare Saint-Roch",0,8,8,0.0,43.604319,3.880916
2026-02-13,20:58:42,2026-02-13T20:58:42+01:00,STATION,"Providence - Ovalie",5,3,8,0.625,43.588239,3.853421
2026-02-13,20:58:42,2026-02-13T20:58:42+01:00,STATION,"Pérols Etang de l Or",35,33,68,0.5147058823529411,43.558351,3.963412
2026-02-13,20:58:42,2026-02-13T20:58:42+01:00,STATION,"Albert 1er - Cathédrale",4,8,12,0.3333333333333333,43.614005,3.873218
2026-02-13,20:58:42,2026-02-13T20:58:42+01:00,STATION,"Saint-Guilhem - Courreau",5,3,8,0.625,43.608996,3.872752
2026-02-13,20:58:42,2026-02-13T20:58:42+01:00,STATION,"Sud De France",5,3,8,0.625,43.59562,3.9235
2026-02-13,20:58:42,2026-02-13T20:58:42+01:00,STATION,"Comedie Baudin",0,8,8,0.0,43.608717,3.880787
2026-02-13,20:58:42,2026-02-13T20:58:42+01:00,STATION,"Jean de Beins",5,11,16,0.3125,43.609857,3.883884
