date,heure,timestamp,type,nom,velos_dispo,bornes_libres,total,taux_occupation_places,lat,lon
2026-03-17,00:34:03,2026-03-17T00:34:03+01:00,STATION,"Rue Jules Ferry - Gare Saint-Roch",6,6,12,0.5,43.605366,3.881346
2026-03-17,00:34:03,2026-03-17T00:34:03+01:00,STATION,"Comédie",3,17,20,0.15,43.608148,3.878778
2026-03-17,00:34:03,2026-03-17T00:34:03+01:00,STATION,"Hôtel de Ville",9,7,16,0.5625,43.599088,3.894866
2026-03-17,00:34:03,2026-03-17T00:34:03+01:00,STATION,"Corum",6,6,12,0.5,43.613989,3.8816
2026-03-17,00:34:03,2026-03-17T00:34:03+01:00,STATION,"Place Albert 1er - St Charles",15,12,27,0.5555555555555556,43.616768,3.873375
2026-03-17,00:34:03,2026-03-17T00:34:03+01:00,STATION,"Foch",2,6,8,0.25,43.610989,3.873345
2026-03-17,00:34:03,2026-03-17T00:34:03+01:00,STATION,"Halles Castellane",0,12,12,0.0,43.609935,3.877208
2026-03-17,00:34:03,2026-03-17T00:34:03+01:00,STATION,"Observatoire",3,4,8,0.5,43.606301,3.87724
2026-03-17,00:34:03,2026-03-17T00:34:03+01:00,STATION,"Rondelet",5,11,16,0.3125,43.603038,3.875796
2026-03-17,00:34:03,2026-03-17T00:34:03+01:00,STATION,"Plan Cabanes",5,7,12,0.4166666666666667,43.608491,3.868389
2026-03-17,00:34:03,2026-03-17T00:34:03+01:00,STATION,"Boutonnet",10,2,12,0.8333333333333334,43.622629,3.868375
2026-03-17,00:34:03,2026-03-17T00:34:03+01:00,STATION,"Emile Combes",7,1,8,0.875,43.616742,3.87998
2026-03-17,00:34:03,2026-03-17T00:34:03+01:00,STATION,"Beaux-Arts",7,9,16,0.4375,43.616698,3.884981
2026-03-17,00:34:03,2026-03-17T00:34:03+01:00,STATION,"Les Aubes",3,5,8,0.375,43.618692,3.893844
2026-03-17,00:34:03,2026-03-17T00:34:03+01:00,STATION,"Antigone centre",8,4,12,0.6666666666666666,43.607942,3.890634
2026-03-17,00:34:03,2026-03-17T00:34:03+01:00,STATION,"Médiathèque Emile Zola",14,2,16,0.875,43.608218,3.89314
2026-03-17,00:34:03,2026-03-17T00:34:03+01:00,STATION,"Nombre d Or",5,11,16,0.3125,43.607859,3.886644
2026-03-17,00:34:03,2026-03-17T00:34:03+01:00,STATION,"Louis Blanc",5,11,16,0.3125,43.614642,3.877648
2026-03-17,00:34:03,2026-03-17T00:34:03+01:00,STATION,"Gambetta",8,0,8,1.0,43.607106,3.870693
2026-03-17,00:34:03,2026-03-17T00:34:03+01:00,STATION,"Port Marianne",8,8,16,0.5,43.60032,3.89851
2026-03-17,00:34:03,2026-03-17T00:34:03+01:00,STATION,"Les Arceaux",2,6,8,0.25,43.612659,3.867734
2026-03-17,00:34:03,2026-03-17T00:34:03+01:00,STATION,"Cité Mion",4,2,8,0.75,43.601143,3.884373
2026-03-17,00:34:03,2026-03-17T00:34:03+01:00,STATION,"Nouveau Saint-Roch",6,2,8,0.75,43.599817,3.875757
2026-03-17,00:34:03,2026-03-17T00:34:03+01:00,STATION,"Renouvier",0,7,8,0.125,43.603553,3.867884
2026-03-17,00:34:03,2026-03-17T00:34:03+01:00,STATION,"Odysseum",0,8,8,0.0,43.603727,3.918979
2026-03-17,00:34:03,2026-03-17T00:34:03+01:00,STATION,"Saint-Denis",0,8,8,0.0,43.605021,3.875065
2026-03-17,00:34:03,2026-03-17T00:34:03+01:00,STATION,"Richter",13,3,16,0.8125,43.603424,3.899263
2026-03-17,00:34:03,2026-03-17T00:34:03+01:00,STATION,"Charles Flahault",1,7,8,0.125,43.622038,3.86672
2026-03-17,00:34:03,2026-03-17T00:34:03+01:00,STATION,"Voltaire",5,3,8,0.625,43.603767,3.888659
2026-03-17,00:34:03,2026-03-17T00:34:03+01:00,STATION,"Prés d Arènes",4,4,8,0.5,43.59048,3.884611
2026-03-17,00:34:03,2026-03-17T00:34:03+01:00,STATION,"Garcia Lorca",6,2,8,0.75,43.590757,3.890616
2026-03-17,00:34:03,2026-03-17T00:34:03+01:00,STATION,"Vert Bois",2,14,16,0.125,43.63543,3.871179
2026-03-17,00:34:03,2026-03-17T00:34:03+01:00,STATION,"Malbosc",3,5,8,0.375,43.633679,3.832861
2026-03-17,00:34:03,2026-03-17T00:34:03+01:00,STATION,"Occitanie",4,28,32,0.125,43.635689,3.849597
2026-03-17,00:34:03,2026-03-17T00:34:03+01:00,STATION,"Fac des Sciences",4,20,24,0.16666666666666666,43.631318,3.861299
2026-03-17,00:34:03,2026-03-17T00:34:03+01:00,STATION,"Fac de Lettres",7,5,12,0.5833333333333334,43.630437,3.869539
2026-03-17,00:34:03,2026-03-17T00:34:03+01:00,STATION,"Aiguelongue",6,1,8,0.875,43.626163,3.882492
2026-03-17,00:34:03,2026-03-17T00:34:03+01:00,STATION,"Jeu de Mail des Abbés",8,0,8,1.0,43.619701,3.883831
2026-03-17,00:34:03,2026-03-17T00:34:03+01:00,STATION,"Euromédecine",1,7,8,0.125,43.639119,3.828199
2026-03-17,00:34:03,2026-03-17T00:34:03+01:00,STATION,"Marie Caizergues",7,1,8,0.875,43.619871,3.873812
2026-03-17,00:34:03,2026-03-17T00:34:03+01:00,STATION,"Sabines",3,5,8,0.375,43.584211,3.860031
2026-03-17,00:34:03,2026-03-17T00:34:03+01:00,STATION,"Celleneuve",1,7,8,0.125,43.61467,3.832624
2026-03-17,00:34:03,2026-03-17T00:34:03+01:00,STATION,"Jardin de la Lironde",6,2,8,0.75,43.60585,3.911576
2026-03-17,00:34:03,2026-03-17T00:34:03+01:00,STATION,"Père Soulas",0,8,8,0.0,43.621983,3.855603
2026-03-17,00:34:03,2026-03-17T00:34:03+01:00,STATION,"Place Viala",6,2,8,0.75,43.616812,3.855075
2026-03-17,00:34:03,2026-03-17T00:34:03+01:00,STATION,"Hôtel du Département",1,7,8,0.125,43.621682,3.83477
2026-03-17,00:34:03,2026-03-17T00:34:03+01:00,STATION,"Tonnelles",2,6,8,0.25,43.615155,3.839466
2026-03-17,00:34:03,2026-03-17T00:34:03+01:00,STATION,"Parvis Jules Ferry - Gare Saint-Roch",2,6,8,0.25,43.603889,3.879362
2026-03-17,00:34:03,2026-03-17T00:34:03+01:00,STATION,"Pont de Lattes - Gare Saint-Roch",2,10,12,0.16666666666666666,43.606036,3.882393
2026-03-17,00:34:03,2026-03-17T00:34:03+01:00,STATION,"Deux Ponts - Gare Saint-Roch",0,8,8,0.0,43.604319,3.880916
2026-03-17,00:34:03,2026-03-17T00:34:03+01:00,STATION,"Providence - Ovalie",1,7,8,0.125,43.588239,3.853421
2026-03-17,00:34:03,2026-03-17T00:34:03+01:00,STATION,"Pérols Etang de l Or",53,15,68,0.7794117647058824,43.558351,3.963412
2026-03-17,00:34:03,2026-03-17T00:34:03+01:00,STATION,"Albert 1er - Cathédrale",4,8,12,0.3333333333333333,43.614005,3.873218
2026-03-17,00:34:03,2026-03-17T00:34:03+01:00,STATION,"Saint-Guilhem - Courreau",3,5,8,0.375,43.608996,3.872752
2026-03-17,00:34:03,2026-03-17T00:34:03+01:00,STATION,"Sud De France",7,1,8,0.875,43.59562,3.9235
2026-03-17,00:34:03,2026-03-17T00:34:03+01:00,STATION,"Comedie Baudin",0,8,8,0.0,43.608717,3.880787
2026-03-17,00:34:03,2026-03-17T00:34:03+01:00,STATION,"Jean de Beins",2,14,16,0.125,43.609857,3.883884
2026-03-17,03:07:46,2026-03-17T03:07:46+01:00,STATION,"Rue Jules Ferry - Gare Saint-Roch",6,6,12,0.5,43.605366,3.881346
2026-03-17,03:07:46,2026-03-17T03:07:46+01:00,STATION,"Comédie",2,18,20,0.1,43.608148,3.878778
2026-03-17,03:07:46,2026-03-17T03:07:46+01:00,STATION,"Hôtel de Ville",10,6,16,0.625,43.599088,3.894866
2026-03-17,03:07:46,2026-03-17T03:07:46+01:00,STATION,"Corum",6,6,12,0.5,43.613989,3.8816
2026-03-17,03:07:46,2026-03-17T03:07:46+01:00,STATION,"Place Albert 1er - St Charles",15,12,27,0.5555555555555556,43.616768,3.873375
2026-03-17,03:07:46,2026-03-17T03:07:46+01:00,STATION,"Foch",3,5,8,0.375,43.610989,3.873345
2026-03-17,03:07:46,2026-03-17T03:07:46+01:00,STATION,"Halles Castellane",0,12,12,0.0,43.609935,3.877208
2026-03-17,03:07:46,2026-03-17T03:07:46+01:00,STATION,"Observatoire",3,4,8,0.5,43.606301,3.87724
2026-03-17,03:07:46,2026-03-17T03:07:46+01:00,STATION,"Rondelet",5,11,16,0.3125,43.603038,3.875796
2026-03-17,03:07:46,2026-03-17T03:07:46+01:00,STATION,"Plan Cabanes",6,6,12,0.5,43.608491,3.868389
2026-03-17,03:07:46,2026-03-17T03:07:46+01:00,STATION,"Boutonnet",9,3,12,0.75,43.622629,3.868375
2026-03-17,03:07:46,2026-03-17T03:07:46+01:00,STATION,"Emile Combes",7,1,8,0.875,43.616742,3.87998
2026-03-17,03:07:46,2026-03-17T03:07:46+01:00,STATION,"Beaux-Arts",8,8,16,0.5,43.616698,3.884981
2026-03-17,03:07:46,2026-03-17T03:07:46+01:00,STATION,"Les Aubes",3,5,8,0.375,43.618692,3.893844
2026-03-17,03:07:46,2026-03-17T03:07:46+01:00,STATION,"Antigone centre",8,4,12,0.6666666666666666,43.607942,3.890634
2026-03-17,03:07:46,2026-03-17T03:07:46+01:00,STATION,"Médiathèque Emile Zola",14,2,16,0.875,43.608218,3.89314
2026-03-17,03:07:46,2026-03-17T03:07:46+01:00,STATION,"Nombre d Or",5,11,16,0.3125,43.607859,3.886644
2026-03-17,03:07:46,2026-03-17T03:07:46+01:00,STATION,"Louis Blanc",5,11,16,0.3125,43.614642,3.877648
2026-03-17,03:07:46,2026-03-17T03:07:46+01:00,STATION,"Gambetta",8,0,8,1.0,43.607106,3.870693
2026-03-17,03:07:46,2026-03-17T03:07:46+01:00,STATION,"Port Marianne",7,9,16,0.4375,43.60032,3.89851
2026-03-17,03:07:46,2026-03-17T03:07:46+01:00,STATION,"Les Arceaux",2,6,8,0.25,43.612659,3.867734
2026-03-17,03:07:46,2026-03-17T03:07:46+01:00,STATION,"Cité Mion",4,2,8,0.75,43.601143,3.884373
2026-03-17,03:07:46,2026-03-17T03:07:46+01:00,STATION,"Nouveau Saint-Roch",6,2,8,0.75,43.599817,3.875757
2026-03-17,03:07:46,2026-03-17T03:07:46+01:00,STATION,"Renouvier",0,7,8,0.125,43.603553,3.867884
2026-03-17,03:07:46,2026-03-17T03:07:46+01:00,STATION,"Odysseum",0,8,8,0.0,43.603727,3.918979
2026-03-17,03:07:46,2026-03-17T03:07:46+01:00,STATION,"Saint-Denis",0,8,8,0.0,43.605021,3.875065
2026-03-17,03:07:46,2026-03-17T03:07:46+01:00,STATION,"Richter",13,3,16,0.8125,43.603424,3.899263
2026-03-17,03:07:46,2026-03-17T03:07:46+01:00,STATION,"Charles Flahault",1,7,8,0.125,43.622038,3.86672
2026-03-17,03:07:46,2026-03-17T03:07:46+01:00,STATION,"Voltaire",5,3,8,0.625,43.603767,3.888659
2026-03-17,03:07:46,2026-03-17T03:07:46+01:00,STATION,"Prés d Arènes",4,4,8,0.5,43.59048,3.884611
2026-03-17,03:07:46,2026-03-17T03:07:46+01:00,STATION,"Garcia Lorca",6,2,8,0.75,43.590757,3.890616
2026-03-17,03:07:46,2026-03-17T03:07:46+01:00,STATION,"Vert Bois",2,14,16,0.125,43.63543,3.871179
2026-03-17,03:07:46,2026-03-17T03:07:46+01:00,STATION,"Malbosc",3,5,8,0.375,43.633679,3.832861
2026-03-17,03:07:46,2026-03-17T03:07:46+01:00,STATION,"Occitanie",4,28,32,0.125,43.635689,3.849597
2026-03-17,03:07:46,2026-03-17T03:07:46+01:00,STATION,"Fac des Sciences",4,20,24,0.16666666666666666,43.631318,3.861299
2026-03-17,03:07:46,2026-03-17T03:07:46+01:00,STATION,"Fac de Lettres",4,8,12,0.3333333333333333,43.630437,3.869539
2026-03-17,03:07:46,2026-03-17T03:07:46+01:00,STATION,"Aiguelongue",6,1,8,0.875,43.626163,3.882492
2026-03-17,03:07:46,2026-03-17T03:07:46+01:00,STATION,"Jeu de Mail des Abbés",8,0,8,1.0,43.619701,3.883831
2026-03-17,03:07:46,2026-03-17T03:07:46+01:00,STATION,"Euromédecine",1,7,8,0.125,43.639119,3.828199
2026-03-17,03:07:46,2026-03-17T03:07:46+01:00,STATION,"Marie Caizergues",7,1,8,0.875,43.619871,3.873812
2026-03-17,03:07:46,2026-03-17T03:07:46+01:00,STATION,"Sabines",3,5,8,0.375,43.584211,3.860031
2026-03-17,03:07:46,2026-03-17T03:07:46+01:00,STATION,"Celleneuve",1,7,8,0.125,43.61467,3.832624
2026-03-17,03:07:46,2026-03-17T03:07:46+01:00,STATION,"Jardin de la Lironde",6,2,8,0.75,43.60585,3.911576
2026-03-17,03:07:46,2026-03-17T03:07:46+01:00,STATION,"Père Soulas",2,6,8,0.25,43.621983,3.855603
2026-03-17,03:07:46,2026-03-17T03:07:46+01:00,STATION,"Place Viala",6,2,8,0.75,43.616812,3.855075
2026-03-17,03:07:46,2026-03-17T03:07:46+01:00,STATION,"Hôtel du Département",1,7,8,0.125,43.621682,3.83477
2026-03-17,03:07:46,2026-03-17T03:07:46+01:00,STATION,"Tonnelles",2,6,8,0.25,43.615155,3.839466
2026-03-17,03:07:46,2026-03-17T03:07:46+01:00,STATION,"Parvis Jules Ferry - Gare Saint-Roch",3,5,8,0.375,43.603889,3.879362
2026-03-17,03:07:46,2026-03-17T03:07:46+01:00,STATION,"Pont de Lattes - Gare Saint-Roch",2,10,12,0.16666666666666666,43.606036,3.882393
2026-03-17,03:07:46,2026-03-17T03:07:46+01:00,STATION,"Deux Ponts - Gare Saint-Roch",0,8,8,0.0,43.604319,3.880916
2026-03-17,03:07:46,2026-03-17T03:07:46+01:00,STATION,"Providence - Ovalie",1,7,8,0.125,43.588239,3.853421
2026-03-17,03:07:46,2026-03-17T03:07:46+01:00,STATION,"Pérols Etang de l Or",54,14,68,0.7941176470588235,43.558351,3.963412
2026-03-17,03:07:46,2026-03-17T03:07:46+01:00,STATION,"Albert 1er - Cathédrale",3,9,12,0.25,43.614005,3.873218
2026-03-17,03:07:46,2026-03-17T03:07:46+01:00,STATION,"Saint-Guilhem - Courreau",2,6,8,0.25,43.608996,3.872752
2026-03-17,03:07:46,2026-03-17T03:07:46+01:00,STATION,"Sud De France",7,1,8,0.875,43.59562,3.9235
2026-03-17,03:07:46,2026-03-17T03:07:46+01:00,STATION,"Comedie Baudin",0,8,8,0.0,43.608717,3.880787
2026-03-17,03:07:46,2026-03-17T03:07:46+01:00,STATION,"Jean de Beins",2,14,16,0.125,43.609857,3.883884
2026-03-17,05:31:40,2026-03-17T05:31:40+01:00,STATION,"Rue Jules Ferry - Gare Saint-Roch",6,6,12,0.5,43.605366,3.881346
2026-03-17,05:31:40,2026-03-17T05:31:40+01:00,STATION,"Comédie",2,18,20,0.1,43.608148,3.878778
2026-03-17,05:31:40,2026-03-17T05:31:40+01:00,STATION,"Hôtel de Ville",10,6,16,0.625,43.599088,3.894866
2026-03-17,05:31:40,2026-03-17T05:31:40+01:00,STATION,"Corum",5,7,12,0.4166666666666667,43.613989,3.8816
2026-03-17,05:31:40,2026-03-17T05:31:40+01:00,STATION,"Place Albert 1er - St Charles",15,12,27,0.5555555555555556,43.616768,3.873375
2026-03-17,05:31:40,2026-03-17T05:31:40+01:00,STATION,"Foch",4,4,8,0.5,43.610989,3.873345
2026-03-17,05:31:40,2026-03-17T05:31:40+01:00,STATION,"Halles Castellane",0,12,12,0.0,43.609935,3.877208
2026-03-17,05:31:40,2026-03-17T05:31:40+01:00,STATION,"Observatoire",3,4,8,0.5,43.606301,3.87724
2026-03-17,05:31:40,2026-03-17T05:31:40+01:00,STATION,"Rondelet",5,11,16,0.3125,43.603038,3.875796
2026-03-17,05:31:40,2026-03-17T05:31:40+01:00,STATION,"Plan Cabanes",6,6,12,0.5,43.608491,3.868389
2026-03-17,05:31:40,2026-03-17T05:31:40+01:00,STATION,"Boutonnet",9,3,12,0.75,43.622629,3.868375
2026-03-17,05:31:40,2026-03-17T05:31:40+01:00,STATION,"Emile Combes",7,1,8,0.875,43.616742,3.87998
2026-03-17,05:31:40,2026-03-17T05:31:40+01:00,STATION,"Beaux-Arts",8,8,16,0.5,43.616698,3.884981
2026-03-17,05:31:40,2026-03-17T05:31:40+01:00,STATION,"Les Aubes",2,6,8,0.25,43.618692,3.893844
2026-03-17,05:31:40,2026-03-17T05:31:40+01:00,STATION,"Antigone centre",8,4,12,0.6666666666666666,43.607942,3.890634
2026-03-17,05:31:40,2026-03-17T05:31:40+01:00,STATION,"Médiathèque Emile Zola",13,3,16,0.8125,43.608218,3.89314
2026-03-17,05:31:40,2026-03-17T05:31:40+01:00,STATION,"Nombre d Or",5,11,16,0.3125,43.607859,3.886644
2026-03-17,05:31:40,2026-03-17T05:31:40+01:00,STATION,"Louis Blanc",5,11,16,0.3125,43.614642,3.877648
2026-03-17,05:31:40,2026-03-17T05:31:40+01:00,STATION,"Gambetta",8,0,8,1.0,43.607106,3.870693
2026-03-17,05:31:40,2026-03-17T05:31:40+01:00,STATION,"Port Marianne",7,9,16,0.4375,43.60032,3.89851
2026-03-17,05:31:40,2026-03-17T05:31:40+01:00,STATION,"Les Arceaux",2,6,8,0.25,43.612659,3.867734
2026-03-17,05:31:40,2026-03-17T05:31:40+01:00,STATION,"Cité Mion",4,2,8,0.75,43.601143,3.884373
2026-03-17,05:31:40,2026-03-17T05:31:40+01:00,STATION,"Nouveau Saint-Roch",6,2,8,0.75,43.599817,3.875757
2026-03-17,05:31:40,2026-03-17T05:31:40+01:00,STATION,"Renouvier",0,7,8,0.125,43.603553,3.867884
2026-03-17,05:31:40,2026-03-17T05:31:40+01:00,STATION,"Odysseum",0,8,8,0.0,43.603727,3.918979
2026-03-17,05:31:40,2026-03-17T05:31:40+01:00,STATION,"Saint-Denis",0,8,8,0.0,43.605021,3.875065
2026-03-17,05:31:40,2026-03-17T05:31:40+01:00,STATION,"Richter",13,3,16,0.8125,43.603424,3.899263
2026-03-17,05:31:40,2026-03-17T05:31:40+01:00,STATION,"Charles Flahault",1,7,8,0.125,43.622038,3.86672
2026-03-17,05:31:40,2026-03-17T05:31:40+01:00,STATION,"Voltaire",5,3,8,0.625,43.603767,3.888659
2026-03-17,05:31:40,2026-03-17T05:31:40+01:00,STATION,"Prés d Arènes",4,4,8,0.5,43.59048,3.884611
2026-03-17,05:31:40,2026-03-17T05:31:40+01:00,STATION,"Garcia Lorca",6,2,8,0.75,43.590757,3.890616
2026-03-17,05:31:40,2026-03-17T05:31:40+01:00,STATION,"Vert Bois",2,14,16,0.125,43.63543,3.871179
2026-03-17,05:31:40,2026-03-17T05:31:40+01:00,STATION,"Malbosc",3,5,8,0.375,43.633679,3.832861
2026-03-17,05:31:40,2026-03-17T05:31:40+01:00,STATION,"Occitanie",13,19,32,0.40625,43.635689,3.849597
2026-03-17,05:31:40,2026-03-17T05:31:40+01:00,STATION,"Fac des Sciences",4,20,24,0.16666666666666666,43.631318,3.861299
2026-03-17,05:31:40,2026-03-17T05:31:40+01:00,STATION,"Fac de Lettres",4,8,12,0.3333333333333333,43.630437,3.869539
2026-03-17,05:31:40,2026-03-17T05:31:40+01:00,STATION,"Aiguelongue",6,1,8,0.875,43.626163,3.882492
2026-03-17,05:31:40,2026-03-17T05:31:40+01:00,STATION,"Jeu de Mail des Abbés",8,0,8,1.0,43.619701,3.883831
2026-03-17,05:31:40,2026-03-17T05:31:40+01:00,STATION,"Euromédecine",1,7,8,0.125,43.639119,3.828199
2026-03-17,05:31:40,2026-03-17T05:31:40+01:00,STATION,"Marie Caizergues",7,1,8,0.875,43.619871,3.873812
2026-03-17,05:31:40,2026-03-17T05:31:40+01:00,STATION,"Sabines",3,5,8,0.375,43.584211,3.860031
2026-03-17,05:31:40,2026-03-17T05:31:40+01:00,STATION,"Celleneuve",1,7,8,0.125,43.61467,3.832624
2026-03-17,05:31:40,2026-03-17T05:31:40+01:00,STATION,"Jardin de la Lironde",6,2,8,0.75,43.60585,3.911576
2026-03-17,05:31:40,2026-03-17T05:31:40+01:00,STATION,"Père Soulas",2,6,8,0.25,43.621983,3.855603
2026-03-17,05:31:40,2026-03-17T05:31:40+01:00,STATION,"Place Viala",6,2,8,0.75,43.616812,3.855075
2026-03-17,05:31:40,2026-03-17T05:31:40+01:00,STATION,"Hôtel du Département",1,7,8,0.125,43.621682,3.83477
2026-03-17,05:31:40,2026-03-17T05:31:40+01:00,STATION,"Tonnelles",2,6,8,0.25,43.615155,3.839466
2026-03-17,05:31:40,2026-03-17T05:31:40+01:00,STATION,"Parvis Jules Ferry - Gare Saint-Roch",3,5,8,0.375,43.603889,3.879362
2026-03-17,05:31:40,2026-03-17T05:31:40+01:00,STATION,"Pont de Lattes - Gare Saint-Roch",3,9,12,0.25,43.606036,3.882393
2026-03-17,05:31:40,2026-03-17T05:31:40+01:00,STATION,"Deux Ponts - Gare Saint-Roch",0,8,8,0.0,43.604319,3.880916
2026-03-17,05:31:40,2026-03-17T05:31:40+01:00,STATION,"Providence - Ovalie",1,7,8,0.125,43.588239,3.853421
2026-03-17,05:31:40,2026-03-17T05:31:40+01:00,STATION,"Pérols Etang de l Or",54,14,68,0.7941176470588235,43.558351,3.963412
2026-03-17,05:31:40,2026-03-17T05:31:40+01:00,STATION,"Albert 1er - Cathédrale",3,9,12,0.25,43.614005,3.873218
2026-03-17,05:31:40,2026-03-17T05:31:40+01:00,STATION,"Saint-Guilhem - Courreau",2,6,8,0.25,43.608996,3.872752
2026-03-17,05:31:40,2026-03-17T05:31:40+01:00,STATION,"Sud De France",7,1,8,0.875,43.59562,3.9235
2026-03-17,05:31:40,2026-03-17T05:31:40+01:00,STATION,"Comedie Baudin",0,8,8,0.0,43.608717,3.880787
2026-03-17,05:31:40,2026-03-17T05:31:40+01:00,STATION,"Jean de Beins",2,14,16,0.125,43.609857,3.883884
2026-03-17,06:45:34,2026-03-17T06:45:34+01:00,STATION,"Rue Jules Ferry - Gare Saint-Roch",6,6,12,0.5,43.605366,3.881346
2026-03-17,06:45:34,2026-03-17T06:45:34+01:00,STATION,"Comédie",2,18,20,0.1,43.608148,3.878778
2026-03-17,06:45:34,2026-03-17T06:45:34+01:00,STATION,"Hôtel de Ville",10,6,16,0.625,43.599088,3.894866
2026-03-17,06:45:34,2026-03-17T06:45:34+01:00,STATION,"Corum",5,7,12,0.4166666666666667,43.613989,3.8816
2026-03-17,06:45:34,2026-03-17T06:45:34+01:00,STATION,"Place Albert 1er - St Charles",15,12,27,0.5555555555555556,43.616768,3.873375
2026-03-17,06:45:34,2026-03-17T06:45:34+01:00,STATION,"Foch",3,5,8,0.375,43.610989,3.873345
2026-03-17,06:45:34,2026-03-17T06:45:34+01:00,STATION,"Halles Castellane",0,12,12,0.0,43.609935,3.877208
2026-03-17,06:45:34,2026-03-17T06:45:34+01:00,STATION,"Observatoire",3,4,8,0.5,43.606301,3.87724
2026-03-17,06:45:34,2026-03-17T06:45:34+01:00,STATION,"Rondelet",5,11,16,0.3125,43.603038,3.875796
2026-03-17,06:45:34,2026-03-17T06:45:34+01:00,STATION,"Plan Cabanes",6,6,12,0.5,43.608491,3.868389
2026-03-17,06:45:34,2026-03-17T06:45:34+01:00,STATION,"Boutonnet",9,3,12,0.75,43.622629,3.868375
2026-03-17,06:45:34,2026-03-17T06:45:34+01:00,STATION,"Emile Combes",7,1,8,0.875,43.616742,3.87998
2026-03-17,06:45:34,2026-03-17T06:45:34+01:00,STATION,"Beaux-Arts",8,8,16,0.5,43.616698,3.884981
2026-03-17,06:45:34,2026-03-17T06:45:34+01:00,STATION,"Les Aubes",2,6,8,0.25,43.618692,3.893844
2026-03-17,06:45:34,2026-03-17T06:45:34+01:00,STATION,"Antigone centre",8,4,12,0.6666666666666666,43.607942,3.890634
2026-03-17,06:45:34,2026-03-17T06:45:34+01:00,STATION,"Médiathèque Emile Zola",13,3,16,0.8125,43.608218,3.89314
2026-03-17,06:45:34,2026-03-17T06:45:34+01:00,STATION,"Nombre d Or",5,11,16,0.3125,43.607859,3.886644
2026-03-17,06:45:34,2026-03-17T06:45:34+01:00,STATION,"Louis Blanc",5,11,16,0.3125,43.614642,3.877648
2026-03-17,06:45:34,2026-03-17T06:45:34+01:00,STATION,"Gambetta",8,0,8,1.0,43.607106,3.870693
2026-03-17,06:45:34,2026-03-17T06:45:34+01:00,STATION,"Port Marianne",7,9,16,0.4375,43.60032,3.89851
2026-03-17,06:45:34,2026-03-17T06:45:34+01:00,STATION,"Les Arceaux",2,6,8,0.25,43.612659,3.867734
2026-03-17,06:45:34,2026-03-17T06:45:34+01:00,STATION,"Cité Mion",4,2,8,0.75,43.601143,3.884373
2026-03-17,06:45:34,2026-03-17T06:45:34+01:00,STATION,"Nouveau Saint-Roch",6,2,8,0.75,43.599817,3.875757
2026-03-17,06:45:34,2026-03-17T06:45:34+01:00,STATION,"Renouvier",0,7,8,0.125,43.603553,3.867884
2026-03-17,06:45:34,2026-03-17T06:45:34+01:00,STATION,"Odysseum",0,8,8,0.0,43.603727,3.918979
2026-03-17,06:45:34,2026-03-17T06:45:34+01:00,STATION,"Saint-Denis",0,8,8,0.0,43.605021,3.875065
2026-03-17,06:45:34,2026-03-17T06:45:34+01:00,STATION,"Richter",13,3,16,0.8125,43.603424,3.899263
2026-03-17,06:45:34,2026-03-17T06:45:34+01:00,STATION,"Charles Flahault",1,7,8,0.125,43.622038,3.86672
2026-03-17,06:45:34,2026-03-17T06:45:34+01:00,STATION,"Voltaire",5,3,8,0.625,43.603767,3.888659
2026-03-17,06:45:34,2026-03-17T06:45:34+01:00,STATION,"Prés d Arènes",4,4,8,0.5,43.59048,3.884611
2026-03-17,06:45:34,2026-03-17T06:45:34+01:00,STATION,"Garcia Lorca",6,2,8,0.75,43.590757,3.890616
2026-03-17,06:45:34,2026-03-17T06:45:34+01:00,STATION,"Vert Bois",2,14,16,0.125,43.63543,3.871179
2026-03-17,06:45:34,2026-03-17T06:45:34+01:00,STATION,"Malbosc",3,5,8,0.375,43.633679,3.832861
2026-03-17,06:45:34,2026-03-17T06:45:34+01:00,STATION,"Occitanie",14,18,32,0.4375,43.635689,3.849597
2026-03-17,06:45:34,2026-03-17T06:45:34+01:00,STATION,"Fac des Sciences",4,20,24,0.16666666666666666,43.631318,3.861299
2026-03-17,06:45:34,2026-03-17T06:45:34+01:00,STATION,"Fac de Lettres",4,8,12,0.3333333333333333,43.630437,3.869539
2026-03-17,06:45:34,2026-03-17T06:45:34+01:00,STATION,"Aiguelongue",6,1,8,0.875,43.626163,3.882492
2026-03-17,06:45:34,2026-03-17T06:45:34+01:00,STATION,"Jeu de Mail des Abbés",8,0,8,1.0,43.619701,3.883831
2026-03-17,06:45:34,2026-03-17T06:45:34+01:00,STATION,"Euromédecine",1,7,8,0.125,43.639119,3.828199
2026-03-17,06:45:34,2026-03-17T06:45:34+01:00,STATION,"Marie Caizergues",7,1,8,0.875,43.619871,3.873812
2026-03-17,06:45:34,2026-03-17T06:45:34+01:00,STATION,"Sabines",3,5,8,0.375,43.584211,3.860031
2026-03-17,06:45:34,2026-03-17T06:45:34+01:00,STATION,"Celleneuve",1,7,8,0.125,43.61467,3.832624
2026-03-17,06:45:34,2026-03-17T06:45:34+01:00,STATION,"Jardin de la Lironde",6,2,8,0.75,43.60585,3.911576
2026-03-17,06:45:34,2026-03-17T06:45:34+01:00,STATION,"Père Soulas",2,6,8,0.25,43.621983,3.855603
2026-03-17,06:45:34,2026-03-17T06:45:34+01:00,STATION,"Place Viala",6,2,8,0.75,43.616812,3.855075
2026-03-17,06:45:34,2026-03-17T06:45:34+01:00,STATION,"Hôtel du Département",1,7,8,0.125,43.621682,3.83477
2026-03-17,06:45:34,2026-03-17T06:45:34+01:00,STATION,"Tonnelles",2,6,8,0.25,43.615155,3.839466
2026-03-17,06:45:34,2026-03-17T06:45:34+01:00,STATION,"Parvis Jules Ferry - Gare Saint-Roch",3,5,8,0.375,43.603889,3.879362
2026-03-17,06:45:34,2026-03-17T06:45:34+01:00,STATION,"Pont de Lattes - Gare Saint-Roch",3,9,12,0.25,43.606036,3.882393
2026-03-17,06:45:34,2026-03-17T06:45:34+01:00,STATION,"Deux Ponts - Gare Saint-Roch",0,8,8,0.0,43.604319,3.880916
2026-03-17,06:45:34,2026-03-17T06:45:34+01:00,STATION,"Providence - Ovalie",1,7,8,0.125,43.588239,3.853421
2026-03-17,06:45:34,2026-03-17T06:45:34+01:00,STATION,"Pérols Etang de l Or",54,14,68,0.7941176470588235,43.558351,3.963412
2026-03-17,06:45:34,2026-03-17T06:45:34+01:00,STATION,"Albert 1er - Cathédrale",3,9,12,0.25,43.614005,3.873218
2026-03-17,06:45:34,2026-03-17T06:45:34+01:00,STATION,"Saint-Guilhem - Courreau",2,6,8,0.25,43.608996,3.872752
2026-03-17,06:45:34,2026-03-17T06:45:34+01:00,STATION,"Sud De France",7,1,8,0.875,43.59562,3.9235
2026-03-17,06:45:34,2026-03-17T06:45:34+01:00,STATION,"Comedie Baudin",0,8,8,0.0,43.608717,3.880787
2026-03-17,06:45:34,2026-03-17T06:45:34+01:00,STATION,"Jean de Beins",2,14,16,0.125,43.609857,3.883884
2026-03-17,08:05:36,2026-03-17T08:05:36+01:00,STATION,"Rue Jules Ferry - Gare Saint-Roch",5,7,12,0.4166666666666667,43.605366,3.881346
2026-03-17,08:05:36,2026-03-17T08:05:36+01:00,STATION,"Comédie",2,18,20,0.1,43.608148,3.878778
2026-03-17,08:05:36,2026-03-17T08:05:36+01:00,STATION,"Hôtel de Ville",10,6,16,0.625,43.599088,3.894866
2026-03-17,08:05:36,2026-03-17T08:05:36+01:00,STATION,"Corum",5,7,12,0.4166666666666667,43.613989,3.8816
2026-03-17,08:05:36,2026-03-17T08:05:36+01:00,STATION,"Place Albert 1er - St Charles",15,12,27,0.5555555555555556,43.616768,3.873375
2026-03-17,08:05:36,2026-03-17T08:05:36+01:00,STATION,"Foch",3,5,8,0.375,43.610989,3.873345
2026-03-17,08:05:36,2026-03-17T08:05:36+01:00,STATION,"Halles Castellane",0,12,12,0.0,43.609935,3.877208
2026-03-17,08:05:36,2026-03-17T08:05:36+01:00,STATION,"Observatoire",3,4,8,0.5,43.606301,3.87724
2026-03-17,08:05:36,2026-03-17T08:05:36+01:00,STATION,"Rondelet",5,11,16,0.3125,43.603038,3.875796
2026-03-17,08:05:36,2026-03-17T08:05:36+01:00,STATION,"Plan Cabanes",6,6,12,0.5,43.608491,3.868389
2026-03-17,08:05:36,2026-03-17T08:05:36+01:00,STATION,"Boutonnet",9,3,12,0.75,43.622629,3.868375
2026-03-17,08:05:36,2026-03-17T08:05:36+01:00,STATION,"Emile Combes",7,1,8,0.875,43.616742,3.87998
2026-03-17,08:05:36,2026-03-17T08:05:36+01:00,STATION,"Beaux-Arts",8,8,16,0.5,43.616698,3.884981
2026-03-17,08:05:36,2026-03-17T08:05:36+01:00,STATION,"Les Aubes",2,6,8,0.25,43.618692,3.893844
2026-03-17,08:05:36,2026-03-17T08:05:36+01:00,STATION,"Antigone centre",7,5,12,0.5833333333333334,43.607942,3.890634
2026-03-17,08:05:36,2026-03-17T08:05:36+01:00,STATION,"Médiathèque Emile Zola",13,3,16,0.8125,43.608218,3.89314
2026-03-17,08:05:36,2026-03-17T08:05:36+01:00,STATION,"Nombre d Or",6,10,16,0.375,43.607859,3.886644
2026-03-17,08:05:36,2026-03-17T08:05:36+01:00,STATION,"Louis Blanc",5,11,16,0.3125,43.614642,3.877648
2026-03-17,08:05:36,2026-03-17T08:05:36+01:00,STATION,"Gambetta",8,0,8,1.0,43.607106,3.870693
2026-03-17,08:05:36,2026-03-17T08:05:36+01:00,STATION,"Port Marianne",7,9,16,0.4375,43.60032,3.89851
2026-03-17,08:05:36,2026-03-17T08:05:36+01:00,STATION,"Les Arceaux",2,6,8,0.25,43.612659,3.867734
2026-03-17,08:05:36,2026-03-17T08:05:36+01:00,STATION,"Cité Mion",4,2,8,0.75,43.601143,3.884373
2026-03-17,08:05:36,2026-03-17T08:05:36+01:00,STATION,"Nouveau Saint-Roch",6,2,8,0.75,43.599817,3.875757
2026-03-17,08:05:36,2026-03-17T08:05:36+01:00,STATION,"Renouvier",0,7,8,0.125,43.603553,3.867884
2026-03-17,08:05:36,2026-03-17T08:05:36+01:00,STATION,"Odysseum",0,8,8,0.0,43.603727,3.918979
2026-03-17,08:05:36,2026-03-17T08:05:36+01:00,STATION,"Saint-Denis",0,8,8,0.0,43.605021,3.875065
2026-03-17,08:05:36,2026-03-17T08:05:36+01:00,STATION,"Richter",14,2,16,0.875,43.603424,3.899263
2026-03-17,08:05:36,2026-03-17T08:05:36+01:00,STATION,"Charles Flahault",1,7,8,0.125,43.622038,3.86672
2026-03-17,08:05:36,2026-03-17T08:05:36+01:00,STATION,"Voltaire",5,3,8,0.625,43.603767,3.888659
2026-03-17,08:05:36,2026-03-17T08:05:36+01:00,STATION,"Prés d Arènes",4,4,8,0.5,43.59048,3.884611
2026-03-17,08:05:36,2026-03-17T08:05:36+01:00,STATION,"Garcia Lorca",6,2,8,0.75,43.590757,3.890616
2026-03-17,08:05:36,2026-03-17T08:05:36+01:00,STATION,"Vert Bois",2,14,16,0.125,43.63543,3.871179
2026-03-17,08:05:36,2026-03-17T08:05:36+01:00,STATION,"Malbosc",3,5,8,0.375,43.633679,3.832861
2026-03-17,08:05:36,2026-03-17T08:05:36+01:00,STATION,"Occitanie",12,20,32,0.375,43.635689,3.849597
2026-03-17,08:05:36,2026-03-17T08:05:36+01:00,STATION,"Fac des Sciences",4,20,24,0.16666666666666666,43.631318,3.861299
2026-03-17,08:05:36,2026-03-17T08:05:36+01:00,STATION,"Fac de Lettres",4,8,12,0.3333333333333333,43.630437,3.869539
2026-03-17,08:05:36,2026-03-17T08:05:36+01:00,STATION,"Aiguelongue",6,1,8,0.875,43.626163,3.882492
2026-03-17,08:05:36,2026-03-17T08:05:36+01:00,STATION,"Jeu de Mail des Abbés",8,0,8,1.0,43.619701,3.883831
2026-03-17,08:05:36,2026-03-17T08:05:36+01:00,STATION,"Euromédecine",1,7,8,0.125,43.639119,3.828199
2026-03-17,08:05:36,2026-03-17T08:05:36+01:00,STATION,"Marie Caizergues",7,1,8,0.875,43.619871,3.873812
2026-03-17,08:05:36,2026-03-17T08:05:36+01:00,STATION,"Sabines",3,5,8,0.375,43.584211,3.860031
2026-03-17,08:05:36,2026-03-17T08:05:36+01:00,STATION,"Celleneuve",1,7,8,0.125,43.61467,3.832624
2026-03-17,08:05:36,2026-03-17T08:05:36+01:00,STATION,"Jardin de la Lironde",6,2,8,0.75,43.60585,3.911576
2026-03-17,08:05:36,2026-03-17T08:05:36+01:00,STATION,"Père Soulas",2,6,8,0.25,43.621983,3.855603
2026-03-17,08:05:36,2026-03-17T08:05:36+01:00,STATION,"Place Viala",6,2,8,0.75,43.616812,3.855075
2026-03-17,08:05:36,2026-03-17T08:05:36+01:00,STATION,"Hôtel du Département",1,7,8,0.125,43.621682,3.83477
2026-03-17,08:05:36,2026-03-17T08:05:36+01:00,STATION,"Tonnelles",2,6,8,0.25,43.615155,3.839466
2026-03-17,08:05:36,2026-03-17T08:05:36+01:00,STATION,"Parvis Jules Ferry - Gare Saint-Roch",4,4,8,0.5,43.603889,3.879362
2026-03-17,08:05:36,2026-03-17T08:05:36+01:00,STATION,"Pont de Lattes - Gare Saint-Roch",2,10,12,0.16666666666666666,43.606036,3.882393
2026-03-17,08:05:36,2026-03-17T08:05:36+01:00,STATION,"Deux Ponts - Gare Saint-Roch",0,8,8,0.0,43.604319,3.880916
2026-03-17,08:05:36,2026-03-17T08:05:36+01:00,STATION,"Providence - Ovalie",1,7,8,0.125,43.588239,3.853421
2026-03-17,08:05:36,2026-03-17T08:05:36+01:00,STATION,"Pérols Etang de l Or",41,27,68,0.6029411764705882,43.558351,3.963412
2026-03-17,08:05:36,2026-03-17T08:05:36+01:00,STATION,"Albert 1er - Cathédrale",3,9,12,0.25,43.614005,3.873218
2026-03-17,08:05:36,2026-03-17T08:05:36+01:00,STATION,"Saint-Guilhem - Courreau",2,6,8,0.25,43.608996,3.872752
2026-03-17,08:05:36,2026-03-17T08:05:36+01:00,STATION,"Sud De France",7,1,8,0.875,43.59562,3.9235
2026-03-17,08:05:36,2026-03-17T08:05:36+01:00,STATION,"Comedie Baudin",0,8,8,0.0,43.608717,3.880787
2026-03-17,08:05:36,2026-03-17T08:05:36+01:00,STATION,"Jean de Beins",2,14,16,0.125,43.609857,3.883884
2026-03-17,09:08:03,2026-03-17T09:08:03+01:00,STATION,"Rue Jules Ferry - Gare Saint-Roch",3,9,12,0.25,43.605366,3.881346
2026-03-17,09:08:03,2026-03-17T09:08:03+01:00,STATION,"Comédie",2,18,20,0.1,43.608148,3.878778
2026-03-17,09:08:03,2026-03-17T09:08:03+01:00,STATION,"Hôtel de Ville",10,6,16,0.625,43.599088,3.894866
2026-03-17,09:08:03,2026-03-17T09:08:03+01:00,STATION,"Corum",5,7,12,0.4166666666666667,43.613989,3.8816
2026-03-17,09:08:03,2026-03-17T09:08:03+01:00,STATION,"Place Albert 1er - St Charles",15,12,27,0.5555555555555556,43.616768,3.873375
2026-03-17,09:08:03,2026-03-17T09:08:03+01:00,STATION,"Foch",3,5,8,0.375,43.610989,3.873345
2026-03-17,09:08:03,2026-03-17T09:08:03+01:00,STATION,"Halles Castellane",0,12,12,0.0,43.609935,3.877208
2026-03-17,09:08:03,2026-03-17T09:08:03+01:00,STATION,"Observatoire",3,4,8,0.5,43.606301,3.87724
2026-03-17,09:08:03,2026-03-17T09:08:03+01:00,STATION,"Rondelet",5,11,16,0.3125,43.603038,3.875796
2026-03-17,09:08:03,2026-03-17T09:08:03+01:00,STATION,"Plan Cabanes",7,5,12,0.5833333333333334,43.608491,3.868389
2026-03-17,09:08:03,2026-03-17T09:08:03+01:00,STATION,"Boutonnet",9,3,12,0.75,43.622629,3.868375
2026-03-17,09:08:03,2026-03-17T09:08:03+01:00,STATION,"Emile Combes",7,1,8,0.875,43.616742,3.87998
2026-03-17,09:08:03,2026-03-17T09:08:03+01:00,STATION,"Beaux-Arts",8,8,16,0.5,43.616698,3.884981
2026-03-17,09:08:03,2026-03-17T09:08:03+01:00,STATION,"Les Aubes",2,6,8,0.25,43.618692,3.893844
2026-03-17,09:08:03,2026-03-17T09:08:03+01:00,STATION,"Antigone centre",7,5,12,0.5833333333333334,43.607942,3.890634
2026-03-17,09:08:03,2026-03-17T09:08:03+01:00,STATION,"Médiathèque Emile Zola",15,1,16,0.9375,43.608218,3.89314
2026-03-17,09:08:03,2026-03-17T09:08:03+01:00,STATION,"Nombre d Or",6,10,16,0.375,43.607859,3.886644
2026-03-17,09:08:03,2026-03-17T09:08:03+01:00,STATION,"Louis Blanc",4,12,16,0.25,43.614642,3.877648
2026-03-17,09:08:03,2026-03-17T09:08:03+01:00,STATION,"Gambetta",7,1,8,0.875,43.607106,3.870693
2026-03-17,09:08:03,2026-03-17T09:08:03+01:00,STATION,"Port Marianne",7,9,16,0.4375,43.60032,3.89851
2026-03-17,09:08:03,2026-03-17T09:08:03+01:00,STATION,"Les Arceaux",1,7,8,0.125,43.612659,3.867734
2026-03-17,09:08:03,2026-03-17T09:08:03+01:00,STATION,"Cité Mion",3,3,8,0.625,43.601143,3.884373
2026-03-17,09:08:03,2026-03-17T09:08:03+01:00,STATION,"Nouveau Saint-Roch",5,3,8,0.625,43.599817,3.875757
2026-03-17,09:08:03,2026-03-17T09:08:03+01:00,STATION,"Renouvier",4,3,8,0.625,43.603553,3.867884
2026-03-17,09:08:03,2026-03-17T09:08:03+01:00,STATION,"Odysseum",0,8,8,0.0,43.603727,3.918979
2026-03-17,09:08:03,2026-03-17T09:08:03+01:00,STATION,"Saint-Denis",0,8,8,0.0,43.605021,3.875065
2026-03-17,09:08:03,2026-03-17T09:08:03+01:00,STATION,"Richter",14,2,16,0.875,43.603424,3.899263
2026-03-17,09:08:03,2026-03-17T09:08:03+01:00,STATION,"Charles Flahault",1,7,8,0.125,43.622038,3.86672
2026-03-17,09:08:03,2026-03-17T09:08:03+01:00,STATION,"Voltaire",5,3,8,0.625,43.603767,3.888659
2026-03-17,09:08:03,2026-03-17T09:08:03+01:00,STATION,"Prés d Arènes",4,4,8,0.5,43.59048,3.884611
2026-03-17,09:08:03,2026-03-17T09:08:03+01:00,STATION,"Garcia Lorca",6,2,8,0.75,43.590757,3.890616
2026-03-17,09:08:03,2026-03-17T09:08:03+01:00,STATION,"Vert Bois",2,14,16,0.125,43.63543,3.871179
2026-03-17,09:08:03,2026-03-17T09:08:03+01:00,STATION,"Malbosc",3,5,8,0.375,43.633679,3.832861
2026-03-17,09:08:03,2026-03-17T09:08:03+01:00,STATION,"Occitanie",12,20,32,0.375,43.635689,3.849597
2026-03-17,09:08:03,2026-03-17T09:08:03+01:00,STATION,"Fac des Sciences",4,20,24,0.16666666666666666,43.631318,3.861299
2026-03-17,09:08:03,2026-03-17T09:08:03+01:00,STATION,"Fac de Lettres",4,8,12,0.3333333333333333,43.630437,3.869539
2026-03-17,09:08:03,2026-03-17T09:08:03+01:00,STATION,"Aiguelongue",6,1,8,0.875,43.626163,3.882492
2026-03-17,09:08:03,2026-03-17T09:08:03+01:00,STATION,"Jeu de Mail des Abbés",8,0,8,1.0,43.619701,3.883831
2026-03-17,09:08:03,2026-03-17T09:08:03+01:00,STATION,"Euromédecine",1,7,8,0.125,43.639119,3.828199
2026-03-17,09:08:03,2026-03-17T09:08:03+01:00,STATION,"Marie Caizergues",7,1,8,0.875,43.619871,3.873812
2026-03-17,09:08:03,2026-03-17T09:08:03+01:00,STATION,"Sabines",3,5,8,0.375,43.584211,3.860031
2026-03-17,09:08:03,2026-03-17T09:08:03+01:00,STATION,"Celleneuve",1,7,8,0.125,43.61467,3.832624
2026-03-17,09:08:03,2026-03-17T09:08:03+01:00,STATION,"Jardin de la Lironde",7,1,8,0.875,43.60585,3.911576
2026-03-17,09:08:03,2026-03-17T09:08:03+01:00,STATION,"Père Soulas",2,6,8,0.25,43.621983,3.855603
2026-03-17,09:08:03,2026-03-17T09:08:03+01:00,STATION,"Place Viala",6,2,8,0.75,43.616812,3.855075
2026-03-17,09:08:03,2026-03-17T09:08:03+01:00,STATION,"Hôtel du Département",1,7,8,0.125,43.621682,3.83477
2026-03-17,09:08:03,2026-03-17T09:08:03+01:00,STATION,"Tonnelles",2,6,8,0.25,43.615155,3.839466
2026-03-17,09:08:03,2026-03-17T09:08:03+01:00,STATION,"Parvis Jules Ferry - Gare Saint-Roch",4,4,8,0.5,43.603889,3.879362
2026-03-17,09:08:03,2026-03-17T09:08:03+01:00,STATION,"Pont de Lattes - Gare Saint-Roch",1,11,12,0.08333333333333333,43.606036,3.882393
2026-03-17,09:08:03,2026-03-17T09:08:03+01:00,STATION,"Deux Ponts - Gare Saint-Roch",0,8,8,0.0,43.604319,3.880916
2026-03-17,09:08:03,2026-03-17T09:08:03+01:00,STATION,"Providence - Ovalie",5,3,8,0.625,43.588239,3.853421
2026-03-17,09:08:03,2026-03-17T09:08:03+01:00,STATION,"Pérols Etang de l Or",40,28,68,0.5882352941176471,43.558351,3.963412
2026-03-17,09:08:03,2026-03-17T09:08:03+01:00,STATION,"Albert 1er - Cathédrale",3,9,12,0.25,43.614005,3.873218
2026-03-17,09:08:03,2026-03-17T09:08:03+01:00,STATION,"Saint-Guilhem - Courreau",1,7,8,0.125,43.608996,3.872752
2026-03-17,09:08:03,2026-03-17T09:08:03+01:00,STATION,"Sud De France",7,1,8,0.875,43.59562,3.9235
2026-03-17,09:08:03,2026-03-17T09:08:03+01:00,STATION,"Comedie Baudin",0,8,8,0.0,43.608717,3.880787
2026-03-17,09:08:03,2026-03-17T09:08:03+01:00,STATION,"Jean de Beins",2,14,16,0.125,43.609857,3.883884
2026-03-17,10:29:27,2026-03-17T10:29:27+01:00,STATION,"Rue Jules Ferry - Gare Saint-Roch",5,7,12,0.4166666666666667,43.605366,3.881346
2026-03-17,10:29:27,2026-03-17T10:29:27+01:00,STATION,"Comédie",10,10,20,0.5,43.608148,3.878778
2026-03-17,10:29:27,2026-03-17T10:29:27+01:00,STATION,"Hôtel de Ville",11,5,16,0.6875,43.599088,3.894866
2026-03-17,10:29:27,2026-03-17T10:29:27+01:00,STATION,"Corum",5,7,12,0.4166666666666667,43.613989,3.8816
2026-03-17,10:29:27,2026-03-17T10:29:27+01:00,STATION,"Place Albert 1er - St Charles",16,11,27,0.5925925925925926,43.616768,3.873375
2026-03-17,10:29:27,2026-03-17T10:29:27+01:00,STATION,"Foch",3,5,8,0.375,43.610989,3.873345
2026-03-17,10:29:27,2026-03-17T10:29:27+01:00,STATION,"Halles Castellane",0,12,12,0.0,43.609935,3.877208
2026-03-17,10:29:27,2026-03-17T10:29:27+01:00,STATION,"Observatoire",3,4,8,0.5,43.606301,3.87724
2026-03-17,10:29:27,2026-03-17T10:29:27+01:00,STATION,"Rondelet",6,10,16,0.375,43.603038,3.875796
2026-03-17,10:29:27,2026-03-17T10:29:27+01:00,STATION,"Plan Cabanes",7,5,12,0.5833333333333334,43.608491,3.868389
2026-03-17,10:29:27,2026-03-17T10:29:27+01:00,STATION,"Boutonnet",9,3,12,0.75,43.622629,3.868375
2026-03-17,10:29:27,2026-03-17T10:29:27+01:00,STATION,"Emile Combes",7,1,8,0.875,43.616742,3.87998
2026-03-17,10:29:27,2026-03-17T10:29:27+01:00,STATION,"Beaux-Arts",8,8,16,0.5,43.616698,3.884981
2026-03-17,10:29:27,2026-03-17T10:29:27+01:00,STATION,"Les Aubes",1,7,8,0.125,43.618692,3.893844
2026-03-17,10:29:27,2026-03-17T10:29:27+01:00,STATION,"Antigone centre",9,3,12,0.75,43.607942,3.890634
2026-03-17,10:29:27,2026-03-17T10:29:27+01:00,STATION,"Médiathèque Emile Zola",15,1,16,0.9375,43.608218,3.89314
2026-03-17,10:29:27,2026-03-17T10:29:27+01:00,STATION,"Nombre d Or",7,9,16,0.4375,43.607859,3.886644
2026-03-17,10:29:27,2026-03-17T10:29:27+01:00,STATION,"Louis Blanc",4,12,16,0.25,43.614642,3.877648
2026-03-17,10:29:27,2026-03-17T10:29:27+01:00,STATION,"Gambetta",7,1,8,0.875,43.607106,3.870693
2026-03-17,10:29:27,2026-03-17T10:29:27+01:00,STATION,"Port Marianne",8,8,16,0.5,43.60032,3.89851
2026-03-17,10:29:27,2026-03-17T10:29:27+01:00,STATION,"Les Arceaux",1,7,8,0.125,43.612659,3.867734
2026-03-17,10:29:27,2026-03-17T10:29:27+01:00,STATION,"Cité Mion",3,3,8,0.625,43.601143,3.884373
2026-03-17,10:29:27,2026-03-17T10:29:27+01:00,STATION,"Nouveau Saint-Roch",5,3,8,0.625,43.599817,3.875757
2026-03-17,10:29:27,2026-03-17T10:29:27+01:00,STATION,"Renouvier",3,4,8,0.5,43.603553,3.867884
2026-03-17,10:29:27,2026-03-17T10:29:27+01:00,STATION,"Odysseum",0,8,8,0.0,43.603727,3.918979
2026-03-17,10:29:27,2026-03-17T10:29:27+01:00,STATION,"Saint-Denis",0,8,8,0.0,43.605021,3.875065
2026-03-17,10:29:27,2026-03-17T10:29:27+01:00,STATION,"Richter",15,1,16,0.9375,43.603424,3.899263
2026-03-17,10:29:27,2026-03-17T10:29:27+01:00,STATION,"Charles Flahault",1,7,8,0.125,43.622038,3.86672
2026-03-17,10:29:27,2026-03-17T10:29:27+01:00,STATION,"Voltaire",5,3,8,0.625,43.603767,3.888659
2026-03-17,10:29:27,2026-03-17T10:29:27+01:00,STATION,"Prés d Arènes",4,4,8,0.5,43.59048,3.884611
2026-03-17,10:29:27,2026-03-17T10:29:27+01:00,STATION,"Garcia Lorca",5,3,8,0.625,43.590757,3.890616
2026-03-17,10:29:27,2026-03-17T10:29:27+01:00,STATION,"Vert Bois",2,14,16,0.125,43.63543,3.871179
2026-03-17,10:29:27,2026-03-17T10:29:27+01:00,STATION,"Malbosc",3,5,8,0.375,43.633679,3.832861
2026-03-17,10:29:27,2026-03-17T10:29:27+01:00,STATION,"Occitanie",11,21,32,0.34375,43.635689,3.849597
2026-03-17,10:29:27,2026-03-17T10:29:27+01:00,STATION,"Fac des Sciences",5,19,24,0.20833333333333334,43.631318,3.861299
2026-03-17,10:29:27,2026-03-17T10:29:27+01:00,STATION,"Fac de Lettres",5,7,12,0.4166666666666667,43.630437,3.869539
2026-03-17,10:29:27,2026-03-17T10:29:27+01:00,STATION,"Aiguelongue",6,1,8,0.875,43.626163,3.882492
2026-03-17,10:29:27,2026-03-17T10:29:27+01:00,STATION,"Jeu de Mail des Abbés",8,0,8,1.0,43.619701,3.883831
2026-03-17,10:29:27,2026-03-17T10:29:27+01:00,STATION,"Euromédecine",1,7,8,0.125,43.639119,3.828199
2026-03-17,10:29:27,2026-03-17T10:29:27+01:00,STATION,"Marie Caizergues",6,2,8,0.75,43.619871,3.873812
2026-03-17,10:29:27,2026-03-17T10:29:27+01:00,STATION,"Sabines",3,5,8,0.375,43.584211,3.860031
2026-03-17,10:29:27,2026-03-17T10:29:27+01:00,STATION,"Celleneuve",1,7,8,0.125,43.61467,3.832624
2026-03-17,10:29:27,2026-03-17T10:29:27+01:00,STATION,"Jardin de la Lironde",7,1,8,0.875,43.60585,3.911576
2026-03-17,10:29:27,2026-03-17T10:29:27+01:00,STATION,"Père Soulas",1,7,8,0.125,43.621983,3.855603
2026-03-17,10:29:27,2026-03-17T10:29:27+01:00,STATION,"Place Viala",5,3,8,0.625,43.616812,3.855075
2026-03-17,10:29:27,2026-03-17T10:29:27+01:00,STATION,"Hôtel du Département",1,7,8,0.125,43.621682,3.83477
2026-03-17,10:29:27,2026-03-17T10:29:27+01:00,STATION,"Tonnelles",2,6,8,0.25,43.615155,3.839466
2026-03-17,10:29:27,2026-03-17T10:29:27+01:00,STATION,"Parvis Jules Ferry - Gare Saint-Roch",4,4,8,0.5,43.603889,3.879362
2026-03-17,10:29:27,2026-03-17T10:29:27+01:00,STATION,"Pont de Lattes - Gare Saint-Roch",2,10,12,0.16666666666666666,43.606036,3.882393
2026-03-17,10:29:27,2026-03-17T10:29:27+01:00,STATION,"Deux Ponts - Gare Saint-Roch",0,8,8,0.0,43.604319,3.880916
2026-03-17,10:29:27,2026-03-17T10:29:27+01:00,STATION,"Providence - Ovalie",5,3,8,0.625,43.588239,3.853421
2026-03-17,10:29:27,2026-03-17T10:29:27+01:00,STATION,"Pérols Etang de l Or",34,34,68,0.5,43.558351,3.963412
2026-03-17,10:29:27,2026-03-17T10:29:27+01:00,STATION,"Albert 1er - Cathédrale",3,9,12,0.25,43.614005,3.873218
2026-03-17,10:29:27,2026-03-17T10:29:27+01:00,STATION,"Saint-Guilhem - Courreau",0,8,8,0.0,43.608996,3.872752
2026-03-17,10:29:27,2026-03-17T10:29:27+01:00,STATION,"Sud De France",6,2,8,0.75,43.59562,3.9235
2026-03-17,10:29:27,2026-03-17T10:29:27+01:00,STATION,"Comedie Baudin",0,8,8,0.0,43.608717,3.880787
2026-03-17,10:29:27,2026-03-17T10:29:27+01:00,STATION,"Jean de Beins",3,13,16,0.1875,43.609857,3.883884
2026-03-17,11:28:31,2026-03-17T11:28:31+01:00,STATION,"Rue Jules Ferry - Gare Saint-Roch",5,7,12,0.4166666666666667,43.605366,3.881346
2026-03-17,11:28:31,2026-03-17T11:28:31+01:00,STATION,"Comédie",9,11,20,0.45,43.608148,3.878778
2026-03-17,11:28:31,2026-03-17T11:28:31+01:00,STATION,"Hôtel de Ville",11,5,16,0.6875,43.599088,3.894866
2026-03-17,11:28:31,2026-03-17T11:28:31+01:00,STATION,"Corum",5,7,12,0.4166666666666667,43.613989,3.8816
2026-03-17,11:28:31,2026-03-17T11:28:31+01:00,STATION,"Place Albert 1er - St Charles",16,11,27,0.5925925925925926,43.616768,3.873375
2026-03-17,11:28:31,2026-03-17T11:28:31+01:00,STATION,"Foch",3,5,8,0.375,43.610989,3.873345
2026-03-17,11:28:31,2026-03-17T11:28:31+01:00,STATION,"Halles Castellane",0,12,12,0.0,43.609935,3.877208
2026-03-17,11:28:31,2026-03-17T11:28:31+01:00,STATION,"Observatoire",3,4,8,0.5,43.606301,3.87724
2026-03-17,11:28:31,2026-03-17T11:28:31+01:00,STATION,"Rondelet",6,10,16,0.375,43.603038,3.875796
2026-03-17,11:28:31,2026-03-17T11:28:31+01:00,STATION,"Plan Cabanes",7,5,12,0.5833333333333334,43.608491,3.868389
2026-03-17,11:28:31,2026-03-17T11:28:31+01:00,STATION,"Boutonnet",7,5,12,0.5833333333333334,43.622629,3.868375
2026-03-17,11:28:31,2026-03-17T11:28:31+01:00,STATION,"Emile Combes",7,1,8,0.875,43.616742,3.87998
2026-03-17,11:28:31,2026-03-17T11:28:31+01:00,STATION,"Beaux-Arts",8,8,16,0.5,43.616698,3.884981
2026-03-17,11:28:31,2026-03-17T11:28:31+01:00,STATION,"Les Aubes",1,7,8,0.125,43.618692,3.893844
2026-03-17,11:28:31,2026-03-17T11:28:31+01:00,STATION,"Antigone centre",9,3,12,0.75,43.607942,3.890634
2026-03-17,11:28:31,2026-03-17T11:28:31+01:00,STATION,"Médiathèque Emile Zola",15,1,16,0.9375,43.608218,3.89314
2026-03-17,11:28:31,2026-03-17T11:28:31+01:00,STATION,"Nombre d Or",7,9,16,0.4375,43.607859,3.886644
2026-03-17,11:28:31,2026-03-17T11:28:31+01:00,STATION,"Louis Blanc",4,12,16,0.25,43.614642,3.877648
2026-03-17,11:28:31,2026-03-17T11:28:31+01:00,STATION,"Gambetta",7,1,8,0.875,43.607106,3.870693
2026-03-17,11:28:31,2026-03-17T11:28:31+01:00,STATION,"Port Marianne",8,8,16,0.5,43.60032,3.89851
2026-03-17,11:28:31,2026-03-17T11:28:31+01:00,STATION,"Les Arceaux",1,7,8,0.125,43.612659,3.867734
2026-03-17,11:28:31,2026-03-17T11:28:31+01:00,STATION,"Cité Mion",3,3,8,0.625,43.601143,3.884373
2026-03-17,11:28:31,2026-03-17T11:28:31+01:00,STATION,"Nouveau Saint-Roch",5,3,8,0.625,43.599817,3.875757
2026-03-17,11:28:31,2026-03-17T11:28:31+01:00,STATION,"Renouvier",4,3,8,0.625,43.603553,3.867884
2026-03-17,11:28:31,2026-03-17T11:28:31+01:00,STATION,"Odysseum",0,8,8,0.0,43.603727,3.918979
2026-03-17,11:28:31,2026-03-17T11:28:31+01:00,STATION,"Saint-Denis",0,8,8,0.0,43.605021,3.875065
2026-03-17,11:28:31,2026-03-17T11:28:31+01:00,STATION,"Richter",15,1,16,0.9375,43.603424,3.899263
2026-03-17,11:28:31,2026-03-17T11:28:31+01:00,STATION,"Charles Flahault",1,7,8,0.125,43.622038,3.86672
2026-03-17,11:28:31,2026-03-17T11:28:31+01:00,STATION,"Voltaire",5,3,8,0.625,43.603767,3.888659
2026-03-17,11:28:31,2026-03-17T11:28:31+01:00,STATION,"Prés d Arènes",4,4,8,0.5,43.59048,3.884611
2026-03-17,11:28:31,2026-03-17T11:28:31+01:00,STATION,"Garcia Lorca",5,3,8,0.625,43.590757,3.890616
2026-03-17,11:28:31,2026-03-17T11:28:31+01:00,STATION,"Vert Bois",2,14,16,0.125,43.63543,3.871179
2026-03-17,11:28:31,2026-03-17T11:28:31+01:00,STATION,"Malbosc",3,5,8,0.375,43.633679,3.832861
2026-03-17,11:28:31,2026-03-17T11:28:31+01:00,STATION,"Occitanie",11,21,32,0.34375,43.635689,3.849597
2026-03-17,11:28:31,2026-03-17T11:28:31+01:00,STATION,"Fac des Sciences",6,18,24,0.25,43.631318,3.861299
2026-03-17,11:28:31,2026-03-17T11:28:31+01:00,STATION,"Fac de Lettres",5,7,12,0.4166666666666667,43.630437,3.869539
2026-03-17,11:28:31,2026-03-17T11:28:31+01:00,STATION,"Aiguelongue",6,1,8,0.875,43.626163,3.882492
2026-03-17,11:28:31,2026-03-17T11:28:31+01:00,STATION,"Jeu de Mail des Abbés",8,0,8,1.0,43.619701,3.883831
2026-03-17,11:28:31,2026-03-17T11:28:31+01:00,STATION,"Euromédecine",2,6,8,0.25,43.639119,3.828199
2026-03-17,11:28:31,2026-03-17T11:28:31+01:00,STATION,"Marie Caizergues",6,2,8,0.75,43.619871,3.873812
2026-03-17,11:28:31,2026-03-17T11:28:31+01:00,STATION,"Sabines",3,5,8,0.375,43.584211,3.860031
2026-03-17,11:28:31,2026-03-17T11:28:31+01:00,STATION,"Celleneuve",1,7,8,0.125,43.61467,3.832624
2026-03-17,11:28:31,2026-03-17T11:28:31+01:00,STATION,"Jardin de la Lironde",8,0,8,1.0,43.60585,3.911576
2026-03-17,11:28:31,2026-03-17T11:28:31+01:00,STATION,"Père Soulas",1,7,8,0.125,43.621983,3.855603
2026-03-17,11:28:31,2026-03-17T11:28:31+01:00,STATION,"Place Viala",5,3,8,0.625,43.616812,3.855075
2026-03-17,11:28:31,2026-03-17T11:28:31+01:00,STATION,"Hôtel du Département",1,7,8,0.125,43.621682,3.83477
2026-03-17,11:28:31,2026-03-17T11:28:31+01:00,STATION,"Tonnelles",2,6,8,0.25,43.615155,3.839466
2026-03-17,11:28:31,2026-03-17T11:28:31+01:00,STATION,"Parvis Jules Ferry - Gare Saint-Roch",4,4,8,0.5,43.603889,3.879362
2026-03-17,11:28:31,2026-03-17T11:28:31+01:00,STATION,"Pont de Lattes - Gare Saint-Roch",2,10,12,0.16666666666666666,43.606036,3.882393
2026-03-17,11:28:31,2026-03-17T11:28:31+01:00,STATION,"Deux Ponts - Gare Saint-Roch",0,8,8,0.0,43.604319,3.880916
2026-03-17,11:28:31,2026-03-17T11:28:31+01:00,STATION,"Providence - Ovalie",5,3,8,0.625,43.588239,3.853421
2026-03-17,11:28:31,2026-03-17T11:28:31+01:00,STATION,"Pérols Etang de l Or",34,34,68,0.5,43.558351,3.963412
2026-03-17,11:28:31,2026-03-17T11:28:31+01:00,STATION,"Albert 1er - Cathédrale",4,8,12,0.3333333333333333,43.614005,3.873218
2026-03-17,11:28:31,2026-03-17T11:28:31+01:00,STATION,"Saint-Guilhem - Courreau",0,8,8,0.0,43.608996,3.872752
2026-03-17,11:28:31,2026-03-17T11:28:31+01:00,STATION,"Sud De France",6,2,8,0.75,43.59562,3.9235
2026-03-17,11:28:31,2026-03-17T11:28:31+01:00,STATION,"Comedie Baudin",0,8,8,0.0,43.608717,3.880787
2026-03-17,11:28:31,2026-03-17T11:28:31+01:00,STATION,"Jean de Beins",3,13,16,0.1875,43.609857,3.883884
2026-03-17,12:29:03,2026-03-17T12:29:03+01:00,STATION,"Rue Jules Ferry - Gare Saint-Roch",4,8,12,0.3333333333333333,43.605366,3.881346
2026-03-17,12:29:03,2026-03-17T12:29:03+01:00,STATION,"Comédie",9,11,20,0.45,43.608148,3.878778
2026-03-17,12:29:03,2026-03-17T12:29:03+01:00,STATION,"Hôtel de Ville",11,5,16,0.6875,43.599088,3.894866
2026-03-17,12:29:03,2026-03-17T12:29:03+01:00,STATION,"Corum",3,9,12,0.25,43.613989,3.8816
2026-03-17,12:29:03,2026-03-17T12:29:03+01:00,STATION,"Place Albert 1er - St Charles",15,12,27,0.5555555555555556,43.616768,3.873375
2026-03-17,12:29:03,2026-03-17T12:29:03+01:00,STATION,"Foch",3,5,8,0.375,43.610989,3.873345
2026-03-17,12:29:03,2026-03-17T12:29:03+01:00,STATION,"Halles Castellane",0,12,12,0.0,43.609935,3.877208
2026-03-17,12:29:03,2026-03-17T12:29:03+01:00,STATION,"Observatoire",3,4,8,0.5,43.606301,3.87724
2026-03-17,12:29:03,2026-03-17T12:29:03+01:00,STATION,"Rondelet",6,10,16,0.375,43.603038,3.875796
2026-03-17,12:29:03,2026-03-17T12:29:03+01:00,STATION,"Plan Cabanes",7,5,12,0.5833333333333334,43.608491,3.868389
2026-03-17,12:29:03,2026-03-17T12:29:03+01:00,STATION,"Boutonnet",7,5,12,0.5833333333333334,43.622629,3.868375
2026-03-17,12:29:03,2026-03-17T12:29:03+01:00,STATION,"Emile Combes",7,1,8,0.875,43.616742,3.87998
2026-03-17,12:29:03,2026-03-17T12:29:03+01:00,STATION,"Beaux-Arts",8,8,16,0.5,43.616698,3.884981
2026-03-17,12:29:03,2026-03-17T12:29:03+01:00,STATION,"Les Aubes",1,7,8,0.125,43.618692,3.893844
2026-03-17,12:29:03,2026-03-17T12:29:03+01:00,STATION,"Antigone centre",9,3,12,0.75,43.607942,3.890634
2026-03-17,12:29:03,2026-03-17T12:29:03+01:00,STATION,"Médiathèque Emile Zola",14,2,16,0.875,43.608218,3.89314
2026-03-17,12:29:03,2026-03-17T12:29:03+01:00,STATION,"Nombre d Or",7,9,16,0.4375,43.607859,3.886644
2026-03-17,12:29:03,2026-03-17T12:29:03+01:00,STATION,"Louis Blanc",4,12,16,0.25,43.614642,3.877648
2026-03-17,12:29:03,2026-03-17T12:29:03+01:00,STATION,"Gambetta",7,1,8,0.875,43.607106,3.870693
2026-03-17,12:29:03,2026-03-17T12:29:03+01:00,STATION,"Port Marianne",9,7,16,0.5625,43.60032,3.89851
2026-03-17,12:29:03,2026-03-17T12:29:03+01:00,STATION,"Les Arceaux",1,7,8,0.125,43.612659,3.867734
2026-03-17,12:29:03,2026-03-17T12:29:03+01:00,STATION,"Cité Mion",3,3,8,0.625,43.601143,3.884373
2026-03-17,12:29:03,2026-03-17T12:29:03+01:00,STATION,"Nouveau Saint-Roch",5,3,8,0.625,43.599817,3.875757
2026-03-17,12:29:03,2026-03-17T12:29:03+01:00,STATION,"Renouvier",3,4,8,0.5,43.603553,3.867884
2026-03-17,12:29:03,2026-03-17T12:29:03+01:00,STATION,"Odysseum",0,8,8,0.0,43.603727,3.918979
2026-03-17,12:29:03,2026-03-17T12:29:03+01:00,STATION,"Saint-Denis",0,8,8,0.0,43.605021,3.875065
2026-03-17,12:29:03,2026-03-17T12:29:03+01:00,STATION,"Richter",15,1,16,0.9375,43.603424,3.899263
2026-03-17,12:29:03,2026-03-17T12:29:03+01:00,STATION,"Charles Flahault",1,7,8,0.125,43.622038,3.86672
2026-03-17,12:29:03,2026-03-17T12:29:03+01:00,STATION,"Voltaire",5,3,8,0.625,43.603767,3.888659
2026-03-17,12:29:03,2026-03-17T12:29:03+01:00,STATION,"Prés d Arènes",4,4,8,0.5,43.59048,3.884611
2026-03-17,12:29:03,2026-03-17T12:29:03+01:00,STATION,"Garcia Lorca",5,3,8,0.625,43.590757,3.890616
2026-03-17,12:29:03,2026-03-17T12:29:03+01:00,STATION,"Vert Bois",2,14,16,0.125,43.63543,3.871179
2026-03-17,12:29:03,2026-03-17T12:29:03+01:00,STATION,"Malbosc",3,5,8,0.375,43.633679,3.832861
2026-03-17,12:29:03,2026-03-17T12:29:03+01:00,STATION,"Occitanie",12,20,32,0.375,43.635689,3.849597
2026-03-17,12:29:03,2026-03-17T12:29:03+01:00,STATION,"Fac des Sciences",7,17,24,0.2916666666666667,43.631318,3.861299
2026-03-17,12:29:03,2026-03-17T12:29:03+01:00,STATION,"Fac de Lettres",4,8,12,0.3333333333333333,43.630437,3.869539
2026-03-17,12:29:03,2026-03-17T12:29:03+01:00,STATION,"Aiguelongue",6,1,8,0.875,43.626163,3.882492
2026-03-17,12:29:03,2026-03-17T12:29:03+01:00,STATION,"Jeu de Mail des Abbés",8,0,8,1.0,43.619701,3.883831
2026-03-17,12:29:03,2026-03-17T12:29:03+01:00,STATION,"Euromédecine",2,6,8,0.25,43.639119,3.828199
2026-03-17,12:29:03,2026-03-17T12:29:03+01:00,STATION,"Marie Caizergues",6,2,8,0.75,43.619871,3.873812
2026-03-17,12:29:03,2026-03-17T12:29:03+01:00,STATION,"Sabines",3,5,8,0.375,43.584211,3.860031
2026-03-17,12:29:03,2026-03-17T12:29:03+01:00,STATION,"Celleneuve",1,7,8,0.125,43.61467,3.832624
2026-03-17,12:29:03,2026-03-17T12:29:03+01:00,STATION,"Jardin de la Lironde",8,0,8,1.0,43.60585,3.911576
2026-03-17,12:29:03,2026-03-17T12:29:03+01:00,STATION,"Père Soulas",0,8,8,0.0,43.621983,3.855603
2026-03-17,12:29:03,2026-03-17T12:29:03+01:00,STATION,"Place Viala",5,3,8,0.625,43.616812,3.855075
2026-03-17,12:29:03,2026-03-17T12:29:03+01:00,STATION,"Hôtel du Département",1,7,8,0.125,43.621682,3.83477
2026-03-17,12:29:03,2026-03-17T12:29:03+01:00,STATION,"Tonnelles",2,6,8,0.25,43.615155,3.839466
2026-03-17,12:29:03,2026-03-17T12:29:03+01:00,STATION,"Parvis Jules Ferry - Gare Saint-Roch",4,4,8,0.5,43.603889,3.879362
2026-03-17,12:29:03,2026-03-17T12:29:03+01:00,STATION,"Pont de Lattes - Gare Saint-Roch",2,10,12,0.16666666666666666,43.606036,3.882393
2026-03-17,12:29:03,2026-03-17T12:29:03+01:00,STATION,"Deux Ponts - Gare Saint-Roch",0,8,8,0.0,43.604319,3.880916
2026-03-17,12:29:03,2026-03-17T12:29:03+01:00,STATION,"Providence - Ovalie",5,3,8,0.625,43.588239,3.853421
2026-03-17,12:29:03,2026-03-17T12:29:03+01:00,STATION,"Pérols Etang de l Or",32,36,68,0.47058823529411764,43.558351,3.963412
2026-03-17,12:29:03,2026-03-17T12:29:03+01:00,STATION,"Albert 1er - Cathédrale",5,7,12,0.4166666666666667,43.614005,3.873218
2026-03-17,12:29:03,2026-03-17T12:29:03+01:00,STATION,"Saint-Guilhem - Courreau",0,8,8,0.0,43.608996,3.872752
2026-03-17,12:29:03,2026-03-17T12:29:03+01:00,STATION,"Sud De France",6,2,8,0.75,43.59562,3.9235
2026-03-17,12:29:03,2026-03-17T12:29:03+01:00,STATION,"Comedie Baudin",0,8,8,0.0,43.608717,3.880787
2026-03-17,12:29:03,2026-03-17T12:29:03+01:00,STATION,"Jean de Beins",2,14,16,0.125,43.609857,3.883884
2026-03-17,13:03:41,2026-03-17T13:03:41+01:00,STATION,"Rue Jules Ferry - Gare Saint-Roch",4,8,12,0.3333333333333333,43.605366,3.881346
2026-03-17,13:03:41,2026-03-17T13:03:41+01:00,STATION,"Comédie",9,11,20,0.45,43.608148,3.878778
2026-03-17,13:03:41,2026-03-17T13:03:41+01:00,STATION,"Hôtel de Ville",11,5,16,0.6875,43.599088,3.894866
2026-03-17,13:03:41,2026-03-17T13:03:41+01:00,STATION,"Corum",4,8,12,0.3333333333333333,43.613989,3.8816
2026-03-17,13:03:41,2026-03-17T13:03:41+01:00,STATION,"Place Albert 1er - St Charles",15,12,27,0.5555555555555556,43.616768,3.873375
2026-03-17,13:03:41,2026-03-17T13:03:41+01:00,STATION,"Foch",3,5,8,0.375,43.610989,3.873345
2026-03-17,13:03:41,2026-03-17T13:03:41+01:00,STATION,"Halles Castellane",0,12,12,0.0,43.609935,3.877208
2026-03-17,13:03:41,2026-03-17T13:03:41+01:00,STATION,"Observatoire",2,5,8,0.375,43.606301,3.87724
2026-03-17,13:03:41,2026-03-17T13:03:41+01:00,STATION,"Rondelet",6,10,16,0.375,43.603038,3.875796
2026-03-17,13:03:41,2026-03-17T13:03:41+01:00,STATION,"Plan Cabanes",7,5,12,0.5833333333333334,43.608491,3.868389
2026-03-17,13:03:41,2026-03-17T13:03:41+01:00,STATION,"Boutonnet",7,5,12,0.5833333333333334,43.622629,3.868375
2026-03-17,13:03:41,2026-03-17T13:03:41+01:00,STATION,"Emile Combes",7,1,8,0.875,43.616742,3.87998
2026-03-17,13:03:41,2026-03-17T13:03:41+01:00,STATION,"Beaux-Arts",9,7,16,0.5625,43.616698,3.884981
2026-03-17,13:03:41,2026-03-17T13:03:41+01:00,STATION,"Les Aubes",2,6,8,0.25,43.618692,3.893844
2026-03-17,13:03:41,2026-03-17T13:03:41+01:00,STATION,"Antigone centre",9,3,12,0.75,43.607942,3.890634
2026-03-17,13:03:41,2026-03-17T13:03:41+01:00,STATION,"Médiathèque Emile Zola",14,2,16,0.875,43.608218,3.89314
2026-03-17,13:03:41,2026-03-17T13:03:41+01:00,STATION,"Nombre d Or",6,10,16,0.375,43.607859,3.886644
2026-03-17,13:03:41,2026-03-17T13:03:41+01:00,STATION,"Louis Blanc",6,10,16,0.375,43.614642,3.877648
2026-03-17,13:03:41,2026-03-17T13:03:41+01:00,STATION,"Gambetta",7,1,8,0.875,43.607106,3.870693
2026-03-17,13:03:41,2026-03-17T13:03:41+01:00,STATION,"Port Marianne",7,9,16,0.4375,43.60032,3.89851
2026-03-17,13:03:41,2026-03-17T13:03:41+01:00,STATION,"Les Arceaux",1,7,8,0.125,43.612659,3.867734
2026-03-17,13:03:41,2026-03-17T13:03:41+01:00,STATION,"Cité Mion",3,3,8,0.625,43.601143,3.884373
2026-03-17,13:03:41,2026-03-17T13:03:41+01:00,STATION,"Nouveau Saint-Roch",5,3,8,0.625,43.599817,3.875757
2026-03-17,13:03:41,2026-03-17T13:03:41+01:00,STATION,"Renouvier",4,3,8,0.625,43.603553,3.867884
2026-03-17,13:03:41,2026-03-17T13:03:41+01:00,STATION,"Odysseum",0,8,8,0.0,43.603727,3.918979
2026-03-17,13:03:41,2026-03-17T13:03:41+01:00,STATION,"Saint-Denis",0,8,8,0.0,43.605021,3.875065
2026-03-17,13:03:41,2026-03-17T13:03:41+01:00,STATION,"Richter",13,3,16,0.8125,43.603424,3.899263
2026-03-17,13:03:41,2026-03-17T13:03:41+01:00,STATION,"Charles Flahault",1,7,8,0.125,43.622038,3.86672
2026-03-17,13:03:41,2026-03-17T13:03:41+01:00,STATION,"Voltaire",5,3,8,0.625,43.603767,3.888659
2026-03-17,13:03:41,2026-03-17T13:03:41+01:00,STATION,"Prés d Arènes",4,4,8,0.5,43.59048,3.884611
2026-03-17,13:03:41,2026-03-17T13:03:41+01:00,STATION,"Garcia Lorca",5,3,8,0.625,43.590757,3.890616
2026-03-17,13:03:41,2026-03-17T13:03:41+01:00,STATION,"Vert Bois",2,14,16,0.125,43.63543,3.871179
2026-03-17,13:03:41,2026-03-17T13:03:41+01:00,STATION,"Malbosc",3,5,8,0.375,43.633679,3.832861
2026-03-17,13:03:41,2026-03-17T13:03:41+01:00,STATION,"Occitanie",12,20,32,0.375,43.635689,3.849597
2026-03-17,13:03:41,2026-03-17T13:03:41+01:00,STATION,"Fac des Sciences",8,16,24,0.3333333333333333,43.631318,3.861299
2026-03-17,13:03:41,2026-03-17T13:03:41+01:00,STATION,"Fac de Lettres",2,10,12,0.16666666666666666,43.630437,3.869539
2026-03-17,13:03:41,2026-03-17T13:03:41+01:00,STATION,"Aiguelongue",5,2,8,0.75,43.626163,3.882492
2026-03-17,13:03:41,2026-03-17T13:03:41+01:00,STATION,"Jeu de Mail des Abbés",6,2,8,0.75,43.619701,3.883831
2026-03-17,13:03:41,2026-03-17T13:03:41+01:00,STATION,"Euromédecine",2,6,8,0.25,43.639119,3.828199
2026-03-17,13:03:41,2026-03-17T13:03:41+01:00,STATION,"Marie Caizergues",5,3,8,0.625,43.619871,3.873812
2026-03-17,13:03:41,2026-03-17T13:03:41+01:00,STATION,"Sabines",3,5,8,0.375,43.584211,3.860031
2026-03-17,13:03:41,2026-03-17T13:03:41+01:00,STATION,"Celleneuve",1,7,8,0.125,43.61467,3.832624
2026-03-17,13:03:41,2026-03-17T13:03:41+01:00,STATION,"Jardin de la Lironde",8,0,8,1.0,43.60585,3.911576
2026-03-17,13:03:41,2026-03-17T13:03:41+01:00,STATION,"Père Soulas",0,8,8,0.0,43.621983,3.855603
2026-03-17,13:03:41,2026-03-17T13:03:41+01:00,STATION,"Place Viala",5,3,8,0.625,43.616812,3.855075
2026-03-17,13:03:41,2026-03-17T13:03:41+01:00,STATION,"Hôtel du Département",1,7,8,0.125,43.621682,3.83477
2026-03-17,13:03:41,2026-03-17T13:03:41+01:00,STATION,"Tonnelles",2,6,8,0.25,43.615155,3.839466
2026-03-17,13:03:41,2026-03-17T13:03:41+01:00,STATION,"Parvis Jules Ferry - Gare Saint-Roch",4,4,8,0.5,43.603889,3.879362
2026-03-17,13:03:41,2026-03-17T13:03:41+01:00,STATION,"Pont de Lattes - Gare Saint-Roch",2,10,12,0.16666666666666666,43.606036,3.882393
2026-03-17,13:03:41,2026-03-17T13:03:41+01:00,STATION,"Deux Ponts - Gare Saint-Roch",0,8,8,0.0,43.604319,3.880916
2026-03-17,13:03:41,2026-03-17T13:03:41+01:00,STATION,"Providence - Ovalie",5,3,8,0.625,43.588239,3.853421
2026-03-17,13:03:41,2026-03-17T13:03:41+01:00,STATION,"Pérols Etang de l Or",35,33,68,0.5147058823529411,43.558351,3.963412
2026-03-17,13:03:41,2026-03-17T13:03:41+01:00,STATION,"Albert 1er - Cathédrale",5,7,12,0.4166666666666667,43.614005,3.873218
2026-03-17,13:03:41,2026-03-17T13:03:41+01:00,STATION,"Saint-Guilhem - Courreau",0,8,8,0.0,43.608996,3.872752
2026-03-17,13:03:41,2026-03-17T13:03:41+01:00,STATION,"Sud De France",6,2,8,0.75,43.59562,3.9235
2026-03-17,13:03:41,2026-03-17T13:03:41+01:00,STATION,"Comedie Baudin",0,8,8,0.0,43.608717,3.880787
2026-03-17,13:03:41,2026-03-17T13:03:41+01:00,STATION,"Jean de Beins",3,13,16,0.1875,43.609857,3.883884
2026-03-17,15:02:20,2026-03-17T15:02:20+01:00,STATION,"Rue Jules Ferry - Gare Saint-Roch",4,8,12,0.3333333333333333,43.605366,3.881346
2026-03-17,15:02:20,2026-03-17T15:02:20+01:00,STATION,"Comédie",9,11,20,0.45,43.608148,3.878778
2026-03-17,15:02:20,2026-03-17T15:02:20+01:00,STATION,"Hôtel de Ville",11,5,16,0.6875,43.599088,3.894866
2026-03-17,15:02:20,2026-03-17T15:02:20+01:00,STATION,"Corum",4,8,12,0.3333333333333333,43.613989,3.8816
2026-03-17,15:02:20,2026-03-17T15:02:20+01:00,STATION,"Place Albert 1er - St Charles",15,12,27,0.5555555555555556,43.616768,3.873375
2026-03-17,15:02:20,2026-03-17T15:02:20+01:00,STATION,"Foch",2,6,8,0.25,43.610989,3.873345
2026-03-17,15:02:20,2026-03-17T15:02:20+01:00,STATION,"Halles Castellane",0,12,12,0.0,43.609935,3.877208
2026-03-17,15:02:20,2026-03-17T15:02:20+01:00,STATION,"Observatoire",3,4,8,0.5,43.606301,3.87724
2026-03-17,15:02:20,2026-03-17T15:02:20+01:00,STATION,"Rondelet",7,9,16,0.4375,43.603038,3.875796
2026-03-17,15:02:20,2026-03-17T15:02:20+01:00,STATION,"Plan Cabanes",5,7,12,0.4166666666666667,43.608491,3.868389
2026-03-17,15:02:20,2026-03-17T15:02:20+01:00,STATION,"Boutonnet",7,5,12,0.5833333333333334,43.622629,3.868375
2026-03-17,15:02:20,2026-03-17T15:02:20+01:00,STATION,"Emile Combes",7,1,8,0.875,43.616742,3.87998
2026-03-17,15:02:20,2026-03-17T15:02:20+01:00,STATION,"Beaux-Arts",9,7,16,0.5625,43.616698,3.884981
2026-03-17,15:02:20,2026-03-17T15:02:20+01:00,STATION,"Les Aubes",3,5,8,0.375,43.618692,3.893844
2026-03-17,15:02:20,2026-03-17T15:02:20+01:00,STATION,"Antigone centre",9,3,12,0.75,43.607942,3.890634
2026-03-17,15:02:20,2026-03-17T15:02:20+01:00,STATION,"Médiathèque Emile Zola",14,2,16,0.875,43.608218,3.89314
2026-03-17,15:02:20,2026-03-17T15:02:20+01:00,STATION,"Nombre d Or",6,10,16,0.375,43.607859,3.886644
2026-03-17,15:02:20,2026-03-17T15:02:20+01:00,STATION,"Louis Blanc",6,10,16,0.375,43.614642,3.877648
2026-03-17,15:02:20,2026-03-17T15:02:20+01:00,STATION,"Gambetta",4,4,8,0.5,43.607106,3.870693
2026-03-17,15:02:20,2026-03-17T15:02:20+01:00,STATION,"Port Marianne",8,8,16,0.5,43.60032,3.89851
2026-03-17,15:02:20,2026-03-17T15:02:20+01:00,STATION,"Les Arceaux",1,7,8,0.125,43.612659,3.867734
2026-03-17,15:02:20,2026-03-17T15:02:20+01:00,STATION,"Cité Mion",3,3,8,0.625,43.601143,3.884373
2026-03-17,15:02:20,2026-03-17T15:02:20+01:00,STATION,"Nouveau Saint-Roch",5,3,8,0.625,43.599817,3.875757
2026-03-17,15:02:20,2026-03-17T15:02:20+01:00,STATION,"Renouvier",4,3,8,0.625,43.603553,3.867884
2026-03-17,15:02:20,2026-03-17T15:02:20+01:00,STATION,"Odysseum",0,8,8,0.0,43.603727,3.918979
2026-03-17,15:02:20,2026-03-17T15:02:20+01:00,STATION,"Saint-Denis",0,8,8,0.0,43.605021,3.875065
2026-03-17,15:02:20,2026-03-17T15:02:20+01:00,STATION,"Richter",14,2,16,0.875,43.603424,3.899263
2026-03-17,15:02:20,2026-03-17T15:02:20+01:00,STATION,"Charles Flahault",1,7,8,0.125,43.622038,3.86672
2026-03-17,15:02:20,2026-03-17T15:02:20+01:00,STATION,"Voltaire",5,3,8,0.625,43.603767,3.888659
2026-03-17,15:02:20,2026-03-17T15:02:20+01:00,STATION,"Prés d Arènes",5,3,8,0.625,43.59048,3.884611
2026-03-17,15:02:20,2026-03-17T15:02:20+01:00,STATION,"Garcia Lorca",7,1,8,0.875,43.590757,3.890616
2026-03-17,15:02:20,2026-03-17T15:02:20+01:00,STATION,"Vert Bois",2,14,16,0.125,43.63543,3.871179
2026-03-17,15:02:20,2026-03-17T15:02:20+01:00,STATION,"Malbosc",3,5,8,0.375,43.633679,3.832861
2026-03-17,15:02:20,2026-03-17T15:02:20+01:00,STATION,"Occitanie",6,26,32,0.1875,43.635689,3.849597
2026-03-17,15:02:20,2026-03-17T15:02:20+01:00,STATION,"Fac des Sciences",11,13,24,0.4583333333333333,43.631318,3.861299
2026-03-17,15:02:20,2026-03-17T15:02:20+01:00,STATION,"Fac de Lettres",5,7,12,0.4166666666666667,43.630437,3.869539
2026-03-17,15:02:20,2026-03-17T15:02:20+01:00,STATION,"Aiguelongue",5,2,8,0.75,43.626163,3.882492
2026-03-17,15:02:20,2026-03-17T15:02:20+01:00,STATION,"Jeu de Mail des Abbés",6,2,8,0.75,43.619701,3.883831
2026-03-17,15:02:20,2026-03-17T15:02:20+01:00,STATION,"Euromédecine",2,6,8,0.25,43.639119,3.828199
2026-03-17,15:02:20,2026-03-17T15:02:20+01:00,STATION,"Marie Caizergues",5,3,8,0.625,43.619871,3.873812
2026-03-17,15:02:20,2026-03-17T15:02:20+01:00,STATION,"Sabines",3,5,8,0.375,43.584211,3.860031
2026-03-17,15:02:20,2026-03-17T15:02:20+01:00,STATION,"Celleneuve",2,6,8,0.25,43.61467,3.832624
2026-03-17,15:02:20,2026-03-17T15:02:20+01:00,STATION,"Jardin de la Lironde",8,0,8,1.0,43.60585,3.911576
2026-03-17,15:02:20,2026-03-17T15:02:20+01:00,STATION,"Père Soulas",0,8,8,0.0,43.621983,3.855603
2026-03-17,15:02:20,2026-03-17T15:02:20+01:00,STATION,"Place Viala",4,4,8,0.5,43.616812,3.855075
2026-03-17,15:02:20,2026-03-17T15:02:20+01:00,STATION,"Hôtel du Département",1,7,8,0.125,43.621682,3.83477
2026-03-17,15:02:20,2026-03-17T15:02:20+01:00,STATION,"Tonnelles",3,5,8,0.375,43.615155,3.839466
2026-03-17,15:02:20,2026-03-17T15:02:20+01:00,STATION,"Parvis Jules Ferry - Gare Saint-Roch",4,4,8,0.5,43.603889,3.879362
2026-03-17,15:02:20,2026-03-17T15:02:20+01:00,STATION,"Pont de Lattes - Gare Saint-Roch",2,10,12,0.16666666666666666,43.606036,3.882393
2026-03-17,15:02:20,2026-03-17T15:02:20+01:00,STATION,"Deux Ponts - Gare Saint-Roch",0,8,8,0.0,43.604319,3.880916
2026-03-17,15:02:20,2026-03-17T15:02:20+01:00,STATION,"Providence - Ovalie",5,3,8,0.625,43.588239,3.853421
2026-03-17,15:02:20,2026-03-17T15:02:20+01:00,STATION,"Pérols Etang de l Or",29,39,68,0.4264705882352941,43.558351,3.963412
2026-03-17,15:02:20,2026-03-17T15:02:20+01:00,STATION,"Albert 1er - Cathédrale",4,8,12,0.3333333333333333,43.614005,3.873218
2026-03-17,15:02:20,2026-03-17T15:02:20+01:00,STATION,"Saint-Guilhem - Courreau",1,7,8,0.125,43.608996,3.872752
2026-03-17,15:02:20,2026-03-17T15:02:20+01:00,STATION,"Sud De France",6,2,8,0.75,43.59562,3.9235
2026-03-17,15:02:20,2026-03-17T15:02:20+01:00,STATION,"Comedie Baudin",0,8,8,0.0,43.608717,3.880787
2026-03-17,15:02:20,2026-03-17T15:02:20+01:00,STATION,"Jean de Beins",4,12,16,0.25,43.609857,3.883884
2026-03-17,16:00:42,2026-03-17T16:00:42+01:00,STATION,"Rue Jules Ferry - Gare Saint-Roch",5,7,12,0.4166666666666667,43.605366,3.881346
2026-03-17,16:00:42,2026-03-17T16:00:42+01:00,STATION,"Comédie",9,11,20,0.45,43.608148,3.878778
2026-03-17,16:00:42,2026-03-17T16:00:42+01:00,STATION,"Hôtel de Ville",11,5,16,0.6875,43.599088,3.894866
2026-03-17,16:00:42,2026-03-17T16:00:42+01:00,STATION,"Corum",4,8,12,0.3333333333333333,43.613989,3.8816
2026-03-17,16:00:42,2026-03-17T16:00:42+01:00,STATION,"Place Albert 1er - St Charles",15,12,27,0.5555555555555556,43.616768,3.873375
2026-03-17,16:00:42,2026-03-17T16:00:42+01:00,STATION,"Foch",2,6,8,0.25,43.610989,3.873345
2026-03-17,16:00:42,2026-03-17T16:00:42+01:00,STATION,"Halles Castellane",0,12,12,0.0,43.609935,3.877208
2026-03-17,16:00:42,2026-03-17T16:00:42+01:00,STATION,"Observatoire",3,4,8,0.5,43.606301,3.87724
2026-03-17,16:00:42,2026-03-17T16:00:42+01:00,STATION,"Rondelet",7,9,16,0.4375,43.603038,3.875796
2026-03-17,16:00:42,2026-03-17T16:00:42+01:00,STATION,"Plan Cabanes",4,8,12,0.3333333333333333,43.608491,3.868389
2026-03-17,16:00:42,2026-03-17T16:00:42+01:00,STATION,"Boutonnet",5,7,12,0.4166666666666667,43.622629,3.868375
2026-03-17,16:00:42,2026-03-17T16:00:42+01:00,STATION,"Emile Combes",7,1,8,0.875,43.616742,3.87998
2026-03-17,16:00:42,2026-03-17T16:00:42+01:00,STATION,"Beaux-Arts",7,9,16,0.4375,43.616698,3.884981
2026-03-17,16:00:42,2026-03-17T16:00:42+01:00,STATION,"Les Aubes",3,5,8,0.375,43.618692,3.893844
2026-03-17,16:00:42,2026-03-17T16:00:42+01:00,STATION,"Antigone centre",10,2,12,0.8333333333333334,43.607942,3.890634
2026-03-17,16:00:42,2026-03-17T16:00:42+01:00,STATION,"Médiathèque Emile Zola",14,2,16,0.875,43.608218,3.89314
2026-03-17,16:00:42,2026-03-17T16:00:42+01:00,STATION,"Nombre d Or",6,10,16,0.375,43.607859,3.886644
2026-03-17,16:00:42,2026-03-17T16:00:42+01:00,STATION,"Louis Blanc",6,10,16,0.375,43.614642,3.877648
2026-03-17,16:00:42,2026-03-17T16:00:42+01:00,STATION,"Gambetta",4,4,8,0.5,43.607106,3.870693
2026-03-17,16:00:42,2026-03-17T16:00:42+01:00,STATION,"Port Marianne",6,10,16,0.375,43.60032,3.89851
2026-03-17,16:00:42,2026-03-17T16:00:42+01:00,STATION,"Les Arceaux",1,7,8,0.125,43.612659,3.867734
2026-03-17,16:00:42,2026-03-17T16:00:42+01:00,STATION,"Cité Mion",3,3,8,0.625,43.601143,3.884373
2026-03-17,16:00:42,2026-03-17T16:00:42+01:00,STATION,"Nouveau Saint-Roch",6,2,8,0.75,43.599817,3.875757
2026-03-17,16:00:42,2026-03-17T16:00:42+01:00,STATION,"Renouvier",4,3,8,0.625,43.603553,3.867884
2026-03-17,16:00:42,2026-03-17T16:00:42+01:00,STATION,"Odysseum",0,8,8,0.0,43.603727,3.918979
2026-03-17,16:00:42,2026-03-17T16:00:42+01:00,STATION,"Saint-Denis",0,8,8,0.0,43.605021,3.875065
2026-03-17,16:00:42,2026-03-17T16:00:42+01:00,STATION,"Richter",12,4,16,0.75,43.603424,3.899263
2026-03-17,16:00:42,2026-03-17T16:00:42+01:00,STATION,"Charles Flahault",1,7,8,0.125,43.622038,3.86672
2026-03-17,16:00:42,2026-03-17T16:00:42+01:00,STATION,"Voltaire",5,3,8,0.625,43.603767,3.888659
2026-03-17,16:00:42,2026-03-17T16:00:42+01:00,STATION,"Prés d Arènes",5,3,8,0.625,43.59048,3.884611
2026-03-17,16:00:42,2026-03-17T16:00:42+01:00,STATION,"Garcia Lorca",7,1,8,0.875,43.590757,3.890616
2026-03-17,16:00:42,2026-03-17T16:00:42+01:00,STATION,"Vert Bois",2,14,16,0.125,43.63543,3.871179
2026-03-17,16:00:42,2026-03-17T16:00:42+01:00,STATION,"Malbosc",3,5,8,0.375,43.633679,3.832861
2026-03-17,16:00:42,2026-03-17T16:00:42+01:00,STATION,"Occitanie",6,26,32,0.1875,43.635689,3.849597
2026-03-17,16:00:42,2026-03-17T16:00:42+01:00,STATION,"Fac des Sciences",11,13,24,0.4583333333333333,43.631318,3.861299
2026-03-17,16:00:42,2026-03-17T16:00:42+01:00,STATION,"Fac de Lettres",3,9,12,0.25,43.630437,3.869539
2026-03-17,16:00:42,2026-03-17T16:00:42+01:00,STATION,"Aiguelongue",5,2,8,0.75,43.626163,3.882492
2026-03-17,16:00:42,2026-03-17T16:00:42+01:00,STATION,"Jeu de Mail des Abbés",6,2,8,0.75,43.619701,3.883831
2026-03-17,16:00:42,2026-03-17T16:00:42+01:00,STATION,"Euromédecine",2,6,8,0.25,43.639119,3.828199
2026-03-17,16:00:42,2026-03-17T16:00:42+01:00,STATION,"Marie Caizergues",5,3,8,0.625,43.619871,3.873812
2026-03-17,16:00:42,2026-03-17T16:00:42+01:00,STATION,"Sabines",3,5,8,0.375,43.584211,3.860031
2026-03-17,16:00:42,2026-03-17T16:00:42+01:00,STATION,"Celleneuve",2,6,8,0.25,43.61467,3.832624
2026-03-17,16:00:42,2026-03-17T16:00:42+01:00,STATION,"Jardin de la Lironde",8,0,8,1.0,43.60585,3.911576
2026-03-17,16:00:42,2026-03-17T16:00:42+01:00,STATION,"Père Soulas",0,8,8,0.0,43.621983,3.855603
2026-03-17,16:00:42,2026-03-17T16:00:42+01:00,STATION,"Place Viala",4,4,8,0.5,43.616812,3.855075
2026-03-17,16:00:42,2026-03-17T16:00:42+01:00,STATION,"Hôtel du Département",1,7,8,0.125,43.621682,3.83477
2026-03-17,16:00:42,2026-03-17T16:00:42+01:00,STATION,"Tonnelles",3,5,8,0.375,43.615155,3.839466
2026-03-17,16:00:42,2026-03-17T16:00:42+01:00,STATION,"Parvis Jules Ferry - Gare Saint-Roch",4,4,8,0.5,43.603889,3.879362
2026-03-17,16:00:42,2026-03-17T16:00:42+01:00,STATION,"Pont de Lattes - Gare Saint-Roch",2,10,12,0.16666666666666666,43.606036,3.882393
2026-03-17,16:00:42,2026-03-17T16:00:42+01:00,STATION,"Deux Ponts - Gare Saint-Roch",0,8,8,0.0,43.604319,3.880916
2026-03-17,16:00:42,2026-03-17T16:00:42+01:00,STATION,"Providence - Ovalie",5,3,8,0.625,43.588239,3.853421
2026-03-17,16:00:42,2026-03-17T16:00:42+01:00,STATION,"Pérols Etang de l Or",25,43,68,0.36764705882352944,43.558351,3.963412
2026-03-17,16:00:42,2026-03-17T16:00:42+01:00,STATION,"Albert 1er - Cathédrale",4,8,12,0.3333333333333333,43.614005,3.873218
2026-03-17,16:00:42,2026-03-17T16:00:42+01:00,STATION,"Saint-Guilhem - Courreau",1,7,8,0.125,43.608996,3.872752
2026-03-17,16:00:42,2026-03-17T16:00:42+01:00,STATION,"Sud De France",5,3,8,0.625,43.59562,3.9235
2026-03-17,16:00:42,2026-03-17T16:00:42+01:00,STATION,"Comedie Baudin",0,8,8,0.0,43.608717,3.880787
2026-03-17,16:00:42,2026-03-17T16:00:42+01:00,STATION,"Jean de Beins",4,12,16,0.25,43.609857,3.883884
2026-03-17,17:14:17,2026-03-17T17:14:17+01:00,STATION,"Rue Jules Ferry - Gare Saint-Roch",4,8,12,0.3333333333333333,43.605366,3.881346
2026-03-17,17:14:17,2026-03-17T17:14:17+01:00,STATION,"Comédie",9,11,20,0.45,43.608148,3.878778
2026-03-17,17:14:17,2026-03-17T17:14:17+01:00,STATION,"Hôtel de Ville",11,5,16,0.6875,43.599088,3.894866
2026-03-17,17:14:17,2026-03-17T17:14:17+01:00,STATION,"Corum",4,8,12,0.3333333333333333,43.613989,3.8816
2026-03-17,17:14:17,2026-03-17T17:14:17+01:00,STATION,"Place Albert 1er - St Charles",15,12,27,0.5555555555555556,43.616768,3.873375
2026-03-17,17:14:17,2026-03-17T17:14:17+01:00,STATION,"Foch",1,7,8,0.125,43.610989,3.873345
2026-03-17,17:14:17,2026-03-17T17:14:17+01:00,STATION,"Halles Castellane",0,12,12,0.0,43.609935,3.877208
2026-03-17,17:14:17,2026-03-17T17:14:17+01:00,STATION,"Observatoire",3,4,8,0.5,43.606301,3.87724
2026-03-17,17:14:17,2026-03-17T17:14:17+01:00,STATION,"Rondelet",7,9,16,0.4375,43.603038,3.875796
2026-03-17,17:14:17,2026-03-17T17:14:17+01:00,STATION,"Plan Cabanes",4,8,12,0.3333333333333333,43.608491,3.868389
2026-03-17,17:14:17,2026-03-17T17:14:17+01:00,STATION,"Boutonnet",5,7,12,0.4166666666666667,43.622629,3.868375
2026-03-17,17:14:17,2026-03-17T17:14:17+01:00,STATION,"Emile Combes",7,1,8,0.875,43.616742,3.87998
2026-03-17,17:14:17,2026-03-17T17:14:17+01:00,STATION,"Beaux-Arts",7,9,16,0.4375,43.616698,3.884981
2026-03-17,17:14:17,2026-03-17T17:14:17+01:00,STATION,"Les Aubes",5,3,8,0.625,43.618692,3.893844
2026-03-17,17:14:17,2026-03-17T17:14:17+01:00,STATION,"Antigone centre",11,1,12,0.9166666666666666,43.607942,3.890634
2026-03-17,17:14:17,2026-03-17T17:14:17+01:00,STATION,"Médiathèque Emile Zola",14,2,16,0.875,43.608218,3.89314
2026-03-17,17:14:17,2026-03-17T17:14:17+01:00,STATION,"Nombre d Or",4,12,16,0.25,43.607859,3.886644
2026-03-17,17:14:17,2026-03-17T17:14:17+01:00,STATION,"Louis Blanc",7,9,16,0.4375,43.614642,3.877648
2026-03-17,17:14:17,2026-03-17T17:14:17+01:00,STATION,"Gambetta",7,1,8,0.875,43.607106,3.870693
2026-03-17,17:14:17,2026-03-17T17:14:17+01:00,STATION,"Port Marianne",8,8,16,0.5,43.60032,3.89851
2026-03-17,17:14:17,2026-03-17T17:14:17+01:00,STATION,"Les Arceaux",1,7,8,0.125,43.612659,3.867734
2026-03-17,17:14:17,2026-03-17T17:14:17+01:00,STATION,"Cité Mion",1,5,8,0.375,43.601143,3.884373
2026-03-17,17:14:17,2026-03-17T17:14:17+01:00,STATION,"Nouveau Saint-Roch",6,2,8,0.75,43.599817,3.875757
2026-03-17,17:14:17,2026-03-17T17:14:17+01:00,STATION,"Renouvier",4,3,8,0.625,43.603553,3.867884
2026-03-17,17:14:17,2026-03-17T17:14:17+01:00,STATION,"Odysseum",0,8,8,0.0,43.603727,3.918979
2026-03-17,17:14:17,2026-03-17T17:14:17+01:00,STATION,"Saint-Denis",0,8,8,0.0,43.605021,3.875065
2026-03-17,17:14:17,2026-03-17T17:14:17+01:00,STATION,"Richter",14,2,16,0.875,43.603424,3.899263
2026-03-17,17:14:17,2026-03-17T17:14:17+01:00,STATION,"Charles Flahault",1,7,8,0.125,43.622038,3.86672
2026-03-17,17:14:17,2026-03-17T17:14:17+01:00,STATION,"Voltaire",5,3,8,0.625,43.603767,3.888659
2026-03-17,17:14:17,2026-03-17T17:14:17+01:00,STATION,"Prés d Arènes",2,6,8,0.25,43.59048,3.884611
2026-03-17,17:14:17,2026-03-17T17:14:17+01:00,STATION,"Garcia Lorca",7,1,8,0.875,43.590757,3.890616
2026-03-17,17:14:17,2026-03-17T17:14:17+01:00,STATION,"Vert Bois",4,12,16,0.25,43.63543,3.871179
2026-03-17,17:14:17,2026-03-17T17:14:17+01:00,STATION,"Malbosc",3,5,8,0.375,43.633679,3.832861
2026-03-17,17:14:17,2026-03-17T17:14:17+01:00,STATION,"Occitanie",7,25,32,0.21875,43.635689,3.849597
2026-03-17,17:14:17,2026-03-17T17:14:17+01:00,STATION,"Fac des Sciences",11,13,24,0.4583333333333333,43.631318,3.861299
2026-03-17,17:14:17,2026-03-17T17:14:17+01:00,STATION,"Fac de Lettres",5,7,12,0.4166666666666667,43.630437,3.869539
2026-03-17,17:14:17,2026-03-17T17:14:17+01:00,STATION,"Aiguelongue",5,2,8,0.75,43.626163,3.882492
2026-03-17,17:14:17,2026-03-17T17:14:17+01:00,STATION,"Jeu de Mail des Abbés",7,1,8,0.875,43.619701,3.883831
2026-03-17,17:14:17,2026-03-17T17:14:17+01:00,STATION,"Euromédecine",2,6,8,0.25,43.639119,3.828199
2026-03-17,17:14:17,2026-03-17T17:14:17+01:00,STATION,"Marie Caizergues",5,3,8,0.625,43.619871,3.873812
2026-03-17,17:14:17,2026-03-17T17:14:17+01:00,STATION,"Sabines",3,5,8,0.375,43.584211,3.860031
2026-03-17,17:14:17,2026-03-17T17:14:17+01:00,STATION,"Celleneuve",1,7,8,0.125,43.61467,3.832624
2026-03-17,17:14:17,2026-03-17T17:14:17+01:00,STATION,"Jardin de la Lironde",8,0,8,1.0,43.60585,3.911576
2026-03-17,17:14:17,2026-03-17T17:14:17+01:00,STATION,"Père Soulas",0,8,8,0.0,43.621983,3.855603
2026-03-17,17:14:17,2026-03-17T17:14:17+01:00,STATION,"Place Viala",1,7,8,0.125,43.616812,3.855075
2026-03-17,17:14:17,2026-03-17T17:14:17+01:00,STATION,"Hôtel du Département",1,7,8,0.125,43.621682,3.83477
2026-03-17,17:14:17,2026-03-17T17:14:17+01:00,STATION,"Tonnelles",3,5,8,0.375,43.615155,3.839466
2026-03-17,17:14:17,2026-03-17T17:14:17+01:00,STATION,"Parvis Jules Ferry - Gare Saint-Roch",4,4,8,0.5,43.603889,3.879362
2026-03-17,17:14:17,2026-03-17T17:14:17+01:00,STATION,"Pont de Lattes - Gare Saint-Roch",2,10,12,0.16666666666666666,43.606036,3.882393
2026-03-17,17:14:17,2026-03-17T17:14:17+01:00,STATION,"Deux Ponts - Gare Saint-Roch",0,8,8,0.0,43.604319,3.880916
2026-03-17,17:14:17,2026-03-17T17:14:17+01:00,STATION,"Providence - Ovalie",5,3,8,0.625,43.588239,3.853421
2026-03-17,17:14:17,2026-03-17T17:14:17+01:00,STATION,"Pérols Etang de l Or",27,41,68,0.39705882352941174,43.558351,3.963412
2026-03-17,17:14:17,2026-03-17T17:14:17+01:00,STATION,"Albert 1er - Cathédrale",4,8,12,0.3333333333333333,43.614005,3.873218
2026-03-17,17:14:17,2026-03-17T17:14:17+01:00,STATION,"Saint-Guilhem - Courreau",1,7,8,0.125,43.608996,3.872752
2026-03-17,17:14:17,2026-03-17T17:14:17+01:00,STATION,"Sud De France",6,2,8,0.75,43.59562,3.9235
2026-03-17,17:14:17,2026-03-17T17:14:17+01:00,STATION,"Comedie Baudin",0,8,8,0.0,43.608717,3.880787
2026-03-17,17:14:17,2026-03-17T17:14:17+01:00,STATION,"Jean de Beins",4,12,16,0.25,43.609857,3.883884
2026-03-17,18:37:13,2026-03-17T18:37:13+01:00,STATION,"Rue Jules Ferry - Gare Saint-Roch",3,9,12,0.25,43.605366,3.881346
2026-03-17,18:37:13,2026-03-17T18:37:13+01:00,STATION,"Comédie",9,11,20,0.45,43.608148,3.878778
2026-03-17,18:37:13,2026-03-17T18:37:13+01:00,STATION,"Hôtel de Ville",11,5,16,0.6875,43.599088,3.894866
2026-03-17,18:37:13,2026-03-17T18:37:13+01:00,STATION,"Corum",4,8,12,0.3333333333333333,43.613989,3.8816
2026-03-17,18:37:13,2026-03-17T18:37:13+01:00,STATION,"Place Albert 1er - St Charles",15,12,27,0.5555555555555556,43.616768,3.873375
2026-03-17,18:37:13,2026-03-17T18:37:13+01:00,STATION,"Foch",3,5,8,0.375,43.610989,3.873345
2026-03-17,18:37:13,2026-03-17T18:37:13+01:00,STATION,"Halles Castellane",0,12,12,0.0,43.609935,3.877208
2026-03-17,18:37:13,2026-03-17T18:37:13+01:00,STATION,"Observatoire",4,3,8,0.625,43.606301,3.87724
2026-03-17,18:37:13,2026-03-17T18:37:13+01:00,STATION,"Rondelet",7,9,16,0.4375,43.603038,3.875796
2026-03-17,18:37:13,2026-03-17T18:37:13+01:00,STATION,"Plan Cabanes",4,8,12,0.3333333333333333,43.608491,3.868389
2026-03-17,18:37:13,2026-03-17T18:37:13+01:00,STATION,"Boutonnet",6,6,12,0.5,43.622629,3.868375
2026-03-17,18:37:13,2026-03-17T18:37:13+01:00,STATION,"Emile Combes",3,5,8,0.375,43.616742,3.87998
2026-03-17,18:37:13,2026-03-17T18:37:13+01:00,STATION,"Beaux-Arts",7,9,16,0.4375,43.616698,3.884981
2026-03-17,18:37:13,2026-03-17T18:37:13+01:00,STATION,"Les Aubes",2,6,8,0.25,43.618692,3.893844
2026-03-17,18:37:13,2026-03-17T18:37:13+01:00,STATION,"Antigone centre",10,2,12,0.8333333333333334,43.607942,3.890634
2026-03-17,18:37:13,2026-03-17T18:37:13+01:00,STATION,"Médiathèque Emile Zola",11,5,16,0.6875,43.608218,3.89314
2026-03-17,18:37:13,2026-03-17T18:37:13+01:00,STATION,"Nombre d Or",3,13,16,0.1875,43.607859,3.886644
2026-03-17,18:37:13,2026-03-17T18:37:13+01:00,STATION,"Louis Blanc",7,9,16,0.4375,43.614642,3.877648
2026-03-17,18:37:13,2026-03-17T18:37:13+01:00,STATION,"Gambetta",7,1,8,0.875,43.607106,3.870693
2026-03-17,18:37:13,2026-03-17T18:37:13+01:00,STATION,"Port Marianne",7,9,16,0.4375,43.60032,3.89851
2026-03-17,18:37:13,2026-03-17T18:37:13+01:00,STATION,"Les Arceaux",1,7,8,0.125,43.612659,3.867734
2026-03-17,18:37:13,2026-03-17T18:37:13+01:00,STATION,"Cité Mion",1,5,8,0.375,43.601143,3.884373
2026-03-17,18:37:13,2026-03-17T18:37:13+01:00,STATION,"Nouveau Saint-Roch",8,0,8,1.0,43.599817,3.875757
2026-03-17,18:37:13,2026-03-17T18:37:13+01:00,STATION,"Renouvier",6,1,8,0.875,43.603553,3.867884
2026-03-17,18:37:13,2026-03-17T18:37:13+01:00,STATION,"Odysseum",0,8,8,0.0,43.603727,3.918979
2026-03-17,18:37:13,2026-03-17T18:37:13+01:00,STATION,"Saint-Denis",0,8,8,0.0,43.605021,3.875065
2026-03-17,18:37:13,2026-03-17T18:37:13+01:00,STATION,"Richter",15,1,16,0.9375,43.603424,3.899263
2026-03-17,18:37:13,2026-03-17T18:37:13+01:00,STATION,"Charles Flahault",2,6,8,0.25,43.622038,3.86672
2026-03-17,18:37:13,2026-03-17T18:37:13+01:00,STATION,"Voltaire",5,3,8,0.625,43.603767,3.888659
2026-03-17,18:37:13,2026-03-17T18:37:13+01:00,STATION,"Prés d Arènes",1,7,8,0.125,43.59048,3.884611
2026-03-17,18:37:13,2026-03-17T18:37:13+01:00,STATION,"Garcia Lorca",7,1,8,0.875,43.590757,3.890616
2026-03-17,18:37:13,2026-03-17T18:37:13+01:00,STATION,"Vert Bois",8,8,16,0.5,43.63543,3.871179
2026-03-17,18:37:13,2026-03-17T18:37:13+01:00,STATION,"Malbosc",3,5,8,0.375,43.633679,3.832861
2026-03-17,18:37:13,2026-03-17T18:37:13+01:00,STATION,"Occitanie",5,27,32,0.15625,43.635689,3.849597
2026-03-17,18:37:13,2026-03-17T18:37:13+01:00,STATION,"Fac des Sciences",8,16,24,0.3333333333333333,43.631318,3.861299
2026-03-17,18:37:13,2026-03-17T18:37:13+01:00,STATION,"Fac de Lettres",2,10,12,0.16666666666666666,43.630437,3.869539
2026-03-17,18:37:13,2026-03-17T18:37:13+01:00,STATION,"Aiguelongue",5,2,8,0.75,43.626163,3.882492
2026-03-17,18:37:13,2026-03-17T18:37:13+01:00,STATION,"Jeu de Mail des Abbés",7,1,8,0.875,43.619701,3.883831
2026-03-17,18:37:13,2026-03-17T18:37:13+01:00,STATION,"Euromédecine",3,5,8,0.375,43.639119,3.828199
2026-03-17,18:37:13,2026-03-17T18:37:13+01:00,STATION,"Marie Caizergues",4,4,8,0.5,43.619871,3.873812
2026-03-17,18:37:13,2026-03-17T18:37:13+01:00,STATION,"Sabines",3,5,8,0.375,43.584211,3.860031
2026-03-17,18:37:13,2026-03-17T18:37:13+01:00,STATION,"Celleneuve",1,7,8,0.125,43.61467,3.832624
2026-03-17,18:37:13,2026-03-17T18:37:13+01:00,STATION,"Jardin de la Lironde",7,1,8,0.875,43.60585,3.911576
2026-03-17,18:37:13,2026-03-17T18:37:13+01:00,STATION,"Père Soulas",1,7,8,0.125,43.621983,3.855603
2026-03-17,18:37:13,2026-03-17T18:37:13+01:00,STATION,"Place Viala",1,7,8,0.125,43.616812,3.855075
2026-03-17,18:37:13,2026-03-17T18:37:13+01:00,STATION,"Hôtel du Département",0,8,8,0.0,43.621682,3.83477
2026-03-17,18:37:13,2026-03-17T18:37:13+01:00,STATION,"Tonnelles",3,5,8,0.375,43.615155,3.839466
2026-03-17,18:37:13,2026-03-17T18:37:13+01:00,STATION,"Parvis Jules Ferry - Gare Saint-Roch",3,5,8,0.375,43.603889,3.879362
2026-03-17,18:37:13,2026-03-17T18:37:13+01:00,STATION,"Pont de Lattes - Gare Saint-Roch",2,10,12,0.16666666666666666,43.606036,3.882393
2026-03-17,18:37:13,2026-03-17T18:37:13+01:00,STATION,"Deux Ponts - Gare Saint-Roch",0,8,8,0.0,43.604319,3.880916
2026-03-17,18:37:13,2026-03-17T18:37:13+01:00,STATION,"Providence - Ovalie",5,3,8,0.625,43.588239,3.853421
2026-03-17,18:37:13,2026-03-17T18:37:13+01:00,STATION,"Pérols Etang de l Or",33,35,68,0.4852941176470588,43.558351,3.963412
2026-03-17,18:37:13,2026-03-17T18:37:13+01:00,STATION,"Albert 1er - Cathédrale",4,8,12,0.3333333333333333,43.614005,3.873218
2026-03-17,18:37:13,2026-03-17T18:37:13+01:00,STATION,"Saint-Guilhem - Courreau",1,7,8,0.125,43.608996,3.872752
2026-03-17,18:37:13,2026-03-17T18:37:13+01:00,STATION,"Sud De France",6,2,8,0.75,43.59562,3.9235
2026-03-17,18:37:13,2026-03-17T18:37:13+01:00,STATION,"Comedie Baudin",0,8,8,0.0,43.608717,3.880787
2026-03-17,18:37:13,2026-03-17T18:37:13+01:00,STATION,"Jean de Beins",4,12,16,0.25,43.609857,3.883884
2026-03-17,20:03:42,2026-03-17T20:03:42+01:00,STATION,"Rue Jules Ferry - Gare Saint-Roch",3,9,12,0.25,43.605366,3.881346
2026-03-17,20:03:42,2026-03-17T20:03:42+01:00,STATION,"Comédie",9,11,20,0.45,43.608148,3.878778
2026-03-17,20:03:42,2026-03-17T20:03:42+01:00,STATION,"Hôtel de Ville",11,5,16,0.6875,43.599088,3.894866
2026-03-17,20:03:42,2026-03-17T20:03:42+01:00,STATION,"Corum",4,8,12,0.3333333333333333,43.613989,3.8816
2026-03-17,20:03:42,2026-03-17T20:03:42+01:00,STATION,"Place Albert 1er - St Charles",14,13,27,0.5185185185185185,43.616768,3.873375
2026-03-17,20:03:42,2026-03-17T20:03:42+01:00,STATION,"Foch",4,4,8,0.5,43.610989,3.873345
2026-03-17,20:03:42,2026-03-17T20:03:42+01:00,STATION,"Halles Castellane",0,12,12,0.0,43.609935,3.877208
2026-03-17,20:03:42,2026-03-17T20:03:42+01:00,STATION,"Observatoire",6,1,8,0.875,43.606301,3.87724
2026-03-17,20:03:42,2026-03-17T20:03:42+01:00,STATION,"Rondelet",7,9,16,0.4375,43.603038,3.875796
2026-03-17,20:03:42,2026-03-17T20:03:42+01:00,STATION,"Plan Cabanes",6,6,12,0.5,43.608491,3.868389
2026-03-17,20:03:42,2026-03-17T20:03:42+01:00,STATION,"Boutonnet",8,4,12,0.6666666666666666,43.622629,3.868375
2026-03-17,20:03:42,2026-03-17T20:03:42+01:00,STATION,"Emile Combes",3,5,8,0.375,43.616742,3.87998
2026-03-17,20:03:42,2026-03-17T20:03:42+01:00,STATION,"Beaux-Arts",7,9,16,0.4375,43.616698,3.884981
2026-03-17,20:03:42,2026-03-17T20:03:42+01:00,STATION,"Les Aubes",2,6,8,0.25,43.618692,3.893844
2026-03-17,20:03:42,2026-03-17T20:03:42+01:00,STATION,"Antigone centre",11,1,12,0.9166666666666666,43.607942,3.890634
2026-03-17,20:03:42,2026-03-17T20:03:42+01:00,STATION,"Médiathèque Emile Zola",14,2,16,0.875,43.608218,3.89314
2026-03-17,20:03:42,2026-03-17T20:03:42+01:00,STATION,"Nombre d Or",5,11,16,0.3125,43.607859,3.886644
2026-03-17,20:03:42,2026-03-17T20:03:42+01:00,STATION,"Louis Blanc",6,10,16,0.375,43.614642,3.877648
2026-03-17,20:03:42,2026-03-17T20:03:42+01:00,STATION,"Gambetta",7,1,8,0.875,43.607106,3.870693
2026-03-17,20:03:42,2026-03-17T20:03:42+01:00,STATION,"Port Marianne",11,5,16,0.6875,43.60032,3.89851
2026-03-17,20:03:42,2026-03-17T20:03:42+01:00,STATION,"Les Arceaux",1,7,8,0.125,43.612659,3.867734
2026-03-17,20:03:42,2026-03-17T20:03:42+01:00,STATION,"Cité Mion",1,5,8,0.375,43.601143,3.884373
2026-03-17,20:03:42,2026-03-17T20:03:42+01:00,STATION,"Nouveau Saint-Roch",8,0,8,1.0,43.599817,3.875757
2026-03-17,20:03:42,2026-03-17T20:03:42+01:00,STATION,"Renouvier",6,1,8,0.875,43.603553,3.867884
2026-03-17,20:03:42,2026-03-17T20:03:42+01:00,STATION,"Odysseum",0,8,8,0.0,43.603727,3.918979
2026-03-17,20:03:42,2026-03-17T20:03:42+01:00,STATION,"Saint-Denis",0,8,8,0.0,43.605021,3.875065
2026-03-17,20:03:42,2026-03-17T20:03:42+01:00,STATION,"Richter",15,1,16,0.9375,43.603424,3.899263
2026-03-17,20:03:42,2026-03-17T20:03:42+01:00,STATION,"Charles Flahault",2,6,8,0.25,43.622038,3.86672
2026-03-17,20:03:42,2026-03-17T20:03:42+01:00,STATION,"Voltaire",7,1,8,0.875,43.603767,3.888659
2026-03-17,20:03:42,2026-03-17T20:03:42+01:00,STATION,"Prés d Arènes",1,7,8,0.125,43.59048,3.884611
2026-03-17,20:03:42,2026-03-17T20:03:42+01:00,STATION,"Garcia Lorca",7,1,8,0.875,43.590757,3.890616
2026-03-17,20:03:42,2026-03-17T20:03:42+01:00,STATION,"Vert Bois",7,9,16,0.4375,43.63543,3.871179
2026-03-17,20:03:42,2026-03-17T20:03:42+01:00,STATION,"Malbosc",3,5,8,0.375,43.633679,3.832861
2026-03-17,20:03:42,2026-03-17T20:03:42+01:00,STATION,"Occitanie",5,27,32,0.15625,43.635689,3.849597
2026-03-17,20:03:42,2026-03-17T20:03:42+01:00,STATION,"Fac des Sciences",8,16,24,0.3333333333333333,43.631318,3.861299
2026-03-17,20:03:42,2026-03-17T20:03:42+01:00,STATION,"Fac de Lettres",2,10,12,0.16666666666666666,43.630437,3.869539
2026-03-17,20:03:42,2026-03-17T20:03:42+01:00,STATION,"Aiguelongue",6,1,8,0.875,43.626163,3.882492
2026-03-17,20:03:42,2026-03-17T20:03:42+01:00,STATION,"Jeu de Mail des Abbés",8,0,8,1.0,43.619701,3.883831
2026-03-17,20:03:42,2026-03-17T20:03:42+01:00,STATION,"Euromédecine",3,5,8,0.375,43.639119,3.828199
2026-03-17,20:03:42,2026-03-17T20:03:42+01:00,STATION,"Marie Caizergues",4,4,8,0.5,43.619871,3.873812
2026-03-17,20:03:42,2026-03-17T20:03:42+01:00,STATION,"Sabines",3,5,8,0.375,43.584211,3.860031
2026-03-17,20:03:42,2026-03-17T20:03:42+01:00,STATION,"Celleneuve",1,7,8,0.125,43.61467,3.832624
2026-03-17,20:03:42,2026-03-17T20:03:42+01:00,STATION,"Jardin de la Lironde",7,1,8,0.875,43.60585,3.911576
2026-03-17,20:03:42,2026-03-17T20:03:42+01:00,STATION,"Père Soulas",1,7,8,0.125,43.621983,3.855603
2026-03-17,20:03:42,2026-03-17T20:03:42+01:00,STATION,"Place Viala",1,7,8,0.125,43.616812,3.855075
2026-03-17,20:03:42,2026-03-17T20:03:42+01:00,STATION,"Hôtel du Département",0,8,8,0.0,43.621682,3.83477
2026-03-17,20:03:42,2026-03-17T20:03:42+01:00,STATION,"Tonnelles",3,5,8,0.375,43.615155,3.839466
2026-03-17,20:03:42,2026-03-17T20:03:42+01:00,STATION,"Parvis Jules Ferry - Gare Saint-Roch",3,5,8,0.375,43.603889,3.879362
2026-03-17,20:03:42,2026-03-17T20:03:42+01:00,STATION,"Pont de Lattes - Gare Saint-Roch",2,10,12,0.16666666666666666,43.606036,3.882393
2026-03-17,20:03:42,2026-03-17T20:03:42+01:00,STATION,"Deux Ponts - Gare Saint-Roch",0,8,8,0.0,43.604319,3.880916
2026-03-17,20:03:42,2026-03-17T20:03:42+01:00,STATION,"Providence - Ovalie",5,3,8,0.625,43.588239,3.853421
2026-03-17,20:03:42,2026-03-17T20:03:42+01:00,STATION,"Pérols Etang de l Or",37,31,68,0.5441176470588235,43.558351,3.963412
2026-03-17,20:03:42,2026-03-17T20:03:42+01:00,STATION,"Albert 1er - Cathédrale",4,8,12,0.3333333333333333,43.614005,3.873218
2026-03-17,20:03:42,2026-03-17T20:03:42+01:00,STATION,"Saint-Guilhem - Courreau",1,7,8,0.125,43.608996,3.872752
2026-03-17,20:03:42,2026-03-17T20:03:42+01:00,STATION,"Sud De France",6,2,8,0.75,43.59562,3.9235
2026-03-17,20:03:42,2026-03-17T20:03:42+01:00,STATION,"Comedie Baudin",0,8,8,0.0,43.608717,3.880787
2026-03-17,20:03:42,2026-03-17T20:03:42+01:00,STATION,"Jean de Beins",4,12,16,0.25,43.609857,3.883884
2026-03-17,21:04:52,2026-03-17T21:04:52+01:00,STATION,"Rue Jules Ferry - Gare Saint-Roch",3,9,12,0.25,43.605366,3.881346
2026-03-17,21:04:52,2026-03-17T21:04:52+01:00,STATION,"Comédie",9,11,20,0.45,43.608148,3.878778
2026-03-17,21:04:52,2026-03-17T21:04:52+01:00,STATION,"Hôtel de Ville",11,5,16,0.6875,43.599088,3.894866
2026-03-17,21:04:52,2026-03-17T21:04:52+01:00,STATION,"Corum",6,6,12,0.5,43.613989,3.8816
2026-03-17,21:04:52,2026-03-17T21:04:52+01:00,STATION,"Place Albert 1er - St Charles",14,13,27,0.5185185185185185,43.616768,3.873375
2026-03-17,21:04:52,2026-03-17T21:04:52+01:00,STATION,"Foch",2,6,8,0.25,43.610989,3.873345
2026-03-17,21:04:52,2026-03-17T21:04:52+01:00,STATION,"Halles Castellane",0,12,12,0.0,43.609935,3.877208
2026-03-17,21:04:52,2026-03-17T21:04:52+01:00,STATION,"Observatoire",6,1,8,0.875,43.606301,3.87724
2026-03-17,21:04:52,2026-03-17T21:04:52+01:00,STATION,"Rondelet",7,9,16,0.4375,43.603038,3.875796
2026-03-17,21:04:52,2026-03-17T21:04:52+01:00,STATION,"Plan Cabanes",6,6,12,0.5,43.608491,3.868389
2026-03-17,21:04:52,2026-03-17T21:04:52+01:00,STATION,"Boutonnet",10,2,12,0.8333333333333334,43.622629,3.868375
2026-03-17,21:04:52,2026-03-17T21:04:52+01:00,STATION,"Emile Combes",3,5,8,0.375,43.616742,3.87998
2026-03-17,21:04:52,2026-03-17T21:04:52+01:00,STATION,"Beaux-Arts",7,9,16,0.4375,43.616698,3.884981
2026-03-17,21:04:52,2026-03-17T21:04:52+01:00,STATION,"Les Aubes",2,6,8,0.25,43.618692,3.893844
2026-03-17,21:04:52,2026-03-17T21:04:52+01:00,STATION,"Antigone centre",11,1,12,0.9166666666666666,43.607942,3.890634
2026-03-17,21:04:52,2026-03-17T21:04:52+01:00,STATION,"Médiathèque Emile Zola",14,2,16,0.875,43.608218,3.89314
2026-03-17,21:04:52,2026-03-17T21:04:52+01:00,STATION,"Nombre d Or",5,11,16,0.3125,43.607859,3.886644
2026-03-17,21:04:52,2026-03-17T21:04:52+01:00,STATION,"Louis Blanc",6,10,16,0.375,43.614642,3.877648
2026-03-17,21:04:52,2026-03-17T21:04:52+01:00,STATION,"Gambetta",7,1,8,0.875,43.607106,3.870693
2026-03-17,21:04:52,2026-03-17T21:04:52+01:00,STATION,"Port Marianne",11,5,16,0.6875,43.60032,3.89851
2026-03-17,21:04:52,2026-03-17T21:04:52+01:00,STATION,"Les Arceaux",1,7,8,0.125,43.612659,3.867734
2026-03-17,21:04:52,2026-03-17T21:04:52+01:00,STATION,"Cité Mion",1,5,8,0.375,43.601143,3.884373
2026-03-17,21:04:52,2026-03-17T21:04:52+01:00,STATION,"Nouveau Saint-Roch",8,0,8,1.0,43.599817,3.875757
2026-03-17,21:04:52,2026-03-17T21:04:52+01:00,STATION,"Renouvier",6,1,8,0.875,43.603553,3.867884
2026-03-17,21:04:52,2026-03-17T21:04:52+01:00,STATION,"Odysseum",0,8,8,0.0,43.603727,3.918979
2026-03-17,21:04:52,2026-03-17T21:04:52+01:00,STATION,"Saint-Denis",0,8,8,0.0,43.605021,3.875065
2026-03-17,21:04:52,2026-03-17T21:04:52+01:00,STATION,"Richter",15,1,16,0.9375,43.603424,3.899263
2026-03-17,21:04:52,2026-03-17T21:04:52+01:00,STATION,"Charles Flahault",2,6,8,0.25,43.622038,3.86672
2026-03-17,21:04:52,2026-03-17T21:04:52+01:00,STATION,"Voltaire",8,0,8,1.0,43.603767,3.888659
2026-03-17,21:04:52,2026-03-17T21:04:52+01:00,STATION,"Prés d Arènes",1,7,8,0.125,43.59048,3.884611
2026-03-17,21:04:52,2026-03-17T21:04:52+01:00,STATION,"Garcia Lorca",7,1,8,0.875,43.590757,3.890616
2026-03-17,21:04:52,2026-03-17T21:04:52+01:00,STATION,"Vert Bois",7,9,16,0.4375,43.63543,3.871179
2026-03-17,21:04:52,2026-03-17T21:04:52+01:00,STATION,"Malbosc",3,5,8,0.375,43.633679,3.832861
2026-03-17,21:04:52,2026-03-17T21:04:52+01:00,STATION,"Occitanie",4,28,32,0.125,43.635689,3.849597
2026-03-17,21:04:52,2026-03-17T21:04:52+01:00,STATION,"Fac des Sciences",7,17,24,0.2916666666666667,43.631318,3.861299
2026-03-17,21:04:52,2026-03-17T21:04:52+01:00,STATION,"Fac de Lettres",1,11,12,0.08333333333333333,43.630437,3.869539
2026-03-17,21:04:52,2026-03-17T21:04:52+01:00,STATION,"Aiguelongue",6,1,8,0.875,43.626163,3.882492
2026-03-17,21:04:52,2026-03-17T21:04:52+01:00,STATION,"Jeu de Mail des Abbés",8,0,8,1.0,43.619701,3.883831
2026-03-17,21:04:52,2026-03-17T21:04:52+01:00,STATION,"Euromédecine",3,5,8,0.375,43.639119,3.828199
2026-03-17,21:04:52,2026-03-17T21:04:52+01:00,STATION,"Marie Caizergues",5,3,8,0.625,43.619871,3.873812
2026-03-17,21:04:52,2026-03-17T21:04:52+01:00,STATION,"Sabines",3,5,8,0.375,43.584211,3.860031
2026-03-17,21:04:52,2026-03-17T21:04:52+01:00,STATION,"Celleneuve",1,7,8,0.125,43.61467,3.832624
2026-03-17,21:04:52,2026-03-17T21:04:52+01:00,STATION,"Jardin de la Lironde",7,1,8,0.875,43.60585,3.911576
2026-03-17,21:04:52,2026-03-17T21:04:52+01:00,STATION,"Père Soulas",1,7,8,0.125,43.621983,3.855603
2026-03-17,21:04:52,2026-03-17T21:04:52+01:00,STATION,"Place Viala",3,5,8,0.375,43.616812,3.855075
2026-03-17,21:04:52,2026-03-17T21:04:52+01:00,STATION,"Hôtel du Département",1,7,8,0.125,43.621682,3.83477
2026-03-17,21:04:52,2026-03-17T21:04:52+01:00,STATION,"Tonnelles",3,5,8,0.375,43.615155,3.839466
2026-03-17,21:04:52,2026-03-17T21:04:52+01:00,STATION,"Parvis Jules Ferry - Gare Saint-Roch",3,5,8,0.375,43.603889,3.879362
2026-03-17,21:04:52,2026-03-17T21:04:52+01:00,STATION,"Pont de Lattes - Gare Saint-Roch",2,10,12,0.16666666666666666,43.606036,3.882393
2026-03-17,21:04:52,2026-03-17T21:04:52+01:00,STATION,"Deux Ponts - Gare Saint-Roch",0,8,8,0.0,43.604319,3.880916
2026-03-17,21:04:52,2026-03-17T21:04:52+01:00,STATION,"Providence - Ovalie",5,3,8,0.625,43.588239,3.853421
2026-03-17,21:04:52,2026-03-17T21:04:52+01:00,STATION,"Pérols Etang de l Or",37,31,68,0.5441176470588235,43.558351,3.963412
2026-03-17,21:04:52,2026-03-17T21:04:52+01:00,STATION,"Albert 1er - Cathédrale",4,8,12,0.3333333333333333,43.614005,3.873218
2026-03-17,21:04:52,2026-03-17T21:04:52+01:00,STATION,"Saint-Guilhem - Courreau",0,8,8,0.0,43.608996,3.872752
2026-03-17,21:04:52,2026-03-17T21:04:52+01:00,STATION,"Sud De France",6,2,8,0.75,43.59562,3.9235
2026-03-17,21:04:52,2026-03-17T21:04:52+01:00,STATION,"Comedie Baudin",0,8,8,0.0,43.608717,3.880787
2026-03-17,21:04:52,2026-03-17T21:04:52+01:00,STATION,"Jean de Beins",4,12,16,0.25,43.609857,3.883884
2026-03-17,22:06:07,2026-03-17T22:06:07+01:00,STATION,"Rue Jules Ferry - Gare Saint-Roch",3,9,12,0.25,43.605366,3.881346
2026-03-17,22:06:07,2026-03-17T22:06:07+01:00,STATION,"Comédie",10,10,20,0.5,43.608148,3.878778
2026-03-17,22:06:07,2026-03-17T22:06:07+01:00,STATION,"Hôtel de Ville",13,3,16,0.8125,43.599088,3.894866
2026-03-17,22:06:07,2026-03-17T22:06:07+01:00,STATION,"Corum",6,6,12,0.5,43.613989,3.8816
2026-03-17,22:06:07,2026-03-17T22:06:07+01:00,STATION,"Place Albert 1er - St Charles",14,13,27,0.5185185185185185,43.616768,3.873375
2026-03-17,22:06:07,2026-03-17T22:06:07+01:00,STATION,"Foch",2,6,8,0.25,43.610989,3.873345
2026-03-17,22:06:07,2026-03-17T22:06:07+01:00,STATION,"Halles Castellane",0,12,12,0.0,43.609935,3.877208
2026-03-17,22:06:07,2026-03-17T22:06:07+01:00,STATION,"Observatoire",6,1,8,0.875,43.606301,3.87724
2026-03-17,22:06:07,2026-03-17T22:06:07+01:00,STATION,"Rondelet",7,9,16,0.4375,43.603038,3.875796
2026-03-17,22:06:07,2026-03-17T22:06:07+01:00,STATION,"Plan Cabanes",6,6,12,0.5,43.608491,3.868389
2026-03-17,22:06:07,2026-03-17T22:06:07+01:00,STATION,"Boutonnet",10,2,12,0.8333333333333334,43.622629,3.868375
2026-03-17,22:06:07,2026-03-17T22:06:07+01:00,STATION,"Emile Combes",6,2,8,0.75,43.616742,3.87998
2026-03-17,22:06:07,2026-03-17T22:06:07+01:00,STATION,"Beaux-Arts",7,9,16,0.4375,43.616698,3.884981
2026-03-17,22:06:07,2026-03-17T22:06:07+01:00,STATION,"Les Aubes",2,6,8,0.25,43.618692,3.893844
2026-03-17,22:06:07,2026-03-17T22:06:07+01:00,STATION,"Antigone centre",11,1,12,0.9166666666666666,43.607942,3.890634
2026-03-17,22:06:07,2026-03-17T22:06:07+01:00,STATION,"Médiathèque Emile Zola",14,2,16,0.875,43.608218,3.89314
2026-03-17,22:06:07,2026-03-17T22:06:07+01:00,STATION,"Nombre d Or",5,11,16,0.3125,43.607859,3.886644
2026-03-17,22:06:07,2026-03-17T22:06:07+01:00,STATION,"Louis Blanc",6,10,16,0.375,43.614642,3.877648
2026-03-17,22:06:07,2026-03-17T22:06:07+01:00,STATION,"Gambetta",7,1,8,0.875,43.607106,3.870693
2026-03-17,22:06:07,2026-03-17T22:06:07+01:00,STATION,"Port Marianne",11,5,16,0.6875,43.60032,3.89851
2026-03-17,22:06:07,2026-03-17T22:06:07+01:00,STATION,"Les Arceaux",1,7,8,0.125,43.612659,3.867734
2026-03-17,22:06:07,2026-03-17T22:06:07+01:00,STATION,"Cité Mion",1,5,8,0.375,43.601143,3.884373
2026-03-17,22:06:07,2026-03-17T22:06:07+01:00,STATION,"Nouveau Saint-Roch",8,0,8,1.0,43.599817,3.875757
2026-03-17,22:06:07,2026-03-17T22:06:07+01:00,STATION,"Renouvier",6,1,8,0.875,43.603553,3.867884
2026-03-17,22:06:07,2026-03-17T22:06:07+01:00,STATION,"Odysseum",0,8,8,0.0,43.603727,3.918979
2026-03-17,22:06:07,2026-03-17T22:06:07+01:00,STATION,"Saint-Denis",0,8,8,0.0,43.605021,3.875065
2026-03-17,22:06:07,2026-03-17T22:06:07+01:00,STATION,"Richter",15,1,16,0.9375,43.603424,3.899263
2026-03-17,22:06:07,2026-03-17T22:06:07+01:00,STATION,"Charles Flahault",0,8,8,0.0,43.622038,3.86672
2026-03-17,22:06:07,2026-03-17T22:06:07+01:00,STATION,"Voltaire",8,0,8,1.0,43.603767,3.888659
2026-03-17,22:06:07,2026-03-17T22:06:07+01:00,STATION,"Prés d Arènes",1,7,8,0.125,43.59048,3.884611
2026-03-17,22:06:07,2026-03-17T22:06:07+01:00,STATION,"Garcia Lorca",7,1,8,0.875,43.590757,3.890616
2026-03-17,22:06:07,2026-03-17T22:06:07+01:00,STATION,"Vert Bois",7,9,16,0.4375,43.63543,3.871179
2026-03-17,22:06:07,2026-03-17T22:06:07+01:00,STATION,"Malbosc",3,5,8,0.375,43.633679,3.832861
2026-03-17,22:06:07,2026-03-17T22:06:07+01:00,STATION,"Occitanie",4,28,32,0.125,43.635689,3.849597
2026-03-17,22:06:07,2026-03-17T22:06:07+01:00,STATION,"Fac des Sciences",7,17,24,0.2916666666666667,43.631318,3.861299
2026-03-17,22:06:07,2026-03-17T22:06:07+01:00,STATION,"Fac de Lettres",1,11,12,0.08333333333333333,43.630437,3.869539
2026-03-17,22:06:07,2026-03-17T22:06:07+01:00,STATION,"Aiguelongue",6,1,8,0.875,43.626163,3.882492
2026-03-17,22:06:07,2026-03-17T22:06:07+01:00,STATION,"Jeu de Mail des Abbés",8,0,8,1.0,43.619701,3.883831
2026-03-17,22:06:07,2026-03-17T22:06:07+01:00,STATION,"Euromédecine",3,5,8,0.375,43.639119,3.828199
2026-03-17,22:06:07,2026-03-17T22:06:07+01:00,STATION,"Marie Caizergues",5,3,8,0.625,43.619871,3.873812
2026-03-17,22:06:07,2026-03-17T22:06:07+01:00,STATION,"Sabines",3,5,8,0.375,43.584211,3.860031
2026-03-17,22:06:07,2026-03-17T22:06:07+01:00,STATION,"Celleneuve",1,7,8,0.125,43.61467,3.832624
2026-03-17,22:06:07,2026-03-17T22:06:07+01:00,STATION,"Jardin de la Lironde",7,1,8,0.875,43.60585,3.911576
2026-03-17,22:06:07,2026-03-17T22:06:07+01:00,STATION,"Père Soulas",1,7,8,0.125,43.621983,3.855603
2026-03-17,22:06:07,2026-03-17T22:06:07+01:00,STATION,"Place Viala",3,5,8,0.375,43.616812,3.855075
2026-03-17,22:06:07,2026-03-17T22:06:07+01:00,STATION,"Hôtel du Département",1,7,8,0.125,43.621682,3.83477
2026-03-17,22:06:07,2026-03-17T22:06:07+01:00,STATION,"Tonnelles",3,5,8,0.375,43.615155,3.839466
2026-03-17,22:06:07,2026-03-17T22:06:07+01:00,STATION,"Parvis Jules Ferry - Gare Saint-Roch",3,5,8,0.375,43.603889,3.879362
2026-03-17,22:06:07,2026-03-17T22:06:07+01:00,STATION,"Pont de Lattes - Gare Saint-Roch",2,10,12,0.16666666666666666,43.606036,3.882393
2026-03-17,22:06:07,2026-03-17T22:06:07+01:00,STATION,"Deux Ponts - Gare Saint-Roch",0,8,8,0.0,43.604319,3.880916
2026-03-17,22:06:07,2026-03-17T22:06:07+01:00,STATION,"Providence - Ovalie",5,3,8,0.625,43.588239,3.853421
2026-03-17,22:06:07,2026-03-17T22:06:07+01:00,STATION,"Pérols Etang de l Or",36,32,68,0.5294117647058824,43.558351,3.963412
2026-03-17,22:06:07,2026-03-17T22:06:07+01:00,STATION,"Albert 1er - Cathédrale",4,8,12,0.3333333333333333,43.614005,3.873218
2026-03-17,22:06:07,2026-03-17T22:06:07+01:00,STATION,"Saint-Guilhem - Courreau",0,8,8,0.0,43.608996,3.872752
2026-03-17,22:06:07,2026-03-17T22:06:07+01:00,STATION,"Sud De France",6,2,8,0.75,43.59562,3.9235
2026-03-17,22:06:07,2026-03-17T22:06:07+01:00,STATION,"Comedie Baudin",0,8,8,0.0,43.608717,3.880787
2026-03-17,22:06:07,2026-03-17T22:06:07+01:00,STATION,"Jean de Beins",4,12,16,0.25,43.609857,3.883884
2026-03-17,23:03:30,2026-03-17T23:03:30+01:00,STATION,"Rue Jules Ferry - Gare Saint-Roch",3,9,12,0.25,43.605366,3.881346
2026-03-17,23:03:30,2026-03-17T23:03:30+01:00,STATION,"Comédie",10,10,20,0.5,43.608148,3.878778
2026-03-17,23:03:30,2026-03-17T23:03:30+01:00,STATION,"Hôtel de Ville",13,3,16,0.8125,43.599088,3.894866
2026-03-17,23:03:30,2026-03-17T23:03:30+01:00,STATION,"Corum",3,9,12,0.25,43.613989,3.8816
2026-03-17,23:03:30,2026-03-17T23:03:30+01:00,STATION,"Place Albert 1er - St Charles",14,13,27,0.5185185185185185,43.616768,3.873375
2026-03-17,23:03:30,2026-03-17T23:03:30+01:00,STATION,"Foch",2,6,8,0.25,43.610989,3.873345
2026-03-17,23:03:30,2026-03-17T23:03:30+01:00,STATION,"Halles Castellane",0,12,12,0.0,43.609935,3.877208
2026-03-17,23:03:30,2026-03-17T23:03:30+01:00,STATION,"Observatoire",5,2,8,0.75,43.606301,3.87724
2026-03-17,23:03:30,2026-03-17T23:03:30+01:00,STATION,"Rondelet",7,9,16,0.4375,43.603038,3.875796
2026-03-17,23:03:30,2026-03-17T23:03:30+01:00,STATION,"Plan Cabanes",6,6,12,0.5,43.608491,3.868389
2026-03-17,23:03:30,2026-03-17T23:03:30+01:00,STATION,"Boutonnet",10,2,12,0.8333333333333334,43.622629,3.868375
2026-03-17,23:03:30,2026-03-17T23:03:30+01:00,STATION,"Emile Combes",6,2,8,0.75,43.616742,3.87998
2026-03-17,23:03:30,2026-03-17T23:03:30+01:00,STATION,"Beaux-Arts",7,9,16,0.4375,43.616698,3.884981
2026-03-17,23:03:30,2026-03-17T23:03:30+01:00,STATION,"Les Aubes",3,5,8,0.375,43.618692,3.893844
2026-03-17,23:03:30,2026-03-17T23:03:30+01:00,STATION,"Antigone centre",11,1,12,0.9166666666666666,43.607942,3.890634
2026-03-17,23:03:30,2026-03-17T23:03:30+01:00,STATION,"Médiathèque Emile Zola",14,2,16,0.875,43.608218,3.89314
2026-03-17,23:03:30,2026-03-17T23:03:30+01:00,STATION,"Nombre d Or",5,11,16,0.3125,43.607859,3.886644
2026-03-17,23:03:30,2026-03-17T23:03:30+01:00,STATION,"Louis Blanc",6,10,16,0.375,43.614642,3.877648
2026-03-17,23:03:30,2026-03-17T23:03:30+01:00,STATION,"Gambetta",7,1,8,0.875,43.607106,3.870693
2026-03-17,23:03:30,2026-03-17T23:03:30+01:00,STATION,"Port Marianne",7,9,16,0.4375,43.60032,3.89851
2026-03-17,23:03:30,2026-03-17T23:03:30+01:00,STATION,"Les Arceaux",1,7,8,0.125,43.612659,3.867734
2026-03-17,23:03:30,2026-03-17T23:03:30+01:00,STATION,"Cité Mion",1,5,8,0.375,43.601143,3.884373
2026-03-17,23:03:30,2026-03-17T23:03:30+01:00,STATION,"Nouveau Saint-Roch",8,0,8,1.0,43.599817,3.875757
2026-03-17,23:03:30,2026-03-17T23:03:30+01:00,STATION,"Renouvier",6,1,8,0.875,43.603553,3.867884
2026-03-17,23:03:30,2026-03-17T23:03:30+01:00,STATION,"Odysseum",0,8,8,0.0,43.603727,3.918979
2026-03-17,23:03:30,2026-03-17T23:03:30+01:00,STATION,"Saint-Denis",0,8,8,0.0,43.605021,3.875065
2026-03-17,23:03:30,2026-03-17T23:03:30+01:00,STATION,"Richter",15,1,16,0.9375,43.603424,3.899263
2026-03-17,23:03:30,2026-03-17T23:03:30+01:00,STATION,"Charles Flahault",0,8,8,0.0,43.622038,3.86672
2026-03-17,23:03:30,2026-03-17T23:03:30+01:00,STATION,"Voltaire",8,0,8,1.0,43.603767,3.888659
2026-03-17,23:03:30,2026-03-17T23:03:30+01:00,STATION,"Prés d Arènes",1,7,8,0.125,43.59048,3.884611
2026-03-17,23:03:30,2026-03-17T23:03:30+01:00,STATION,"Garcia Lorca",7,1,8,0.875,43.590757,3.890616
2026-03-17,23:03:30,2026-03-17T23:03:30+01:00,STATION,"Vert Bois",7,9,16,0.4375,43.63543,3.871179
2026-03-17,23:03:30,2026-03-17T23:03:30+01:00,STATION,"Malbosc",4,4,8,0.5,43.633679,3.832861
2026-03-17,23:03:30,2026-03-17T23:03:30+01:00,STATION,"Occitanie",4,28,32,0.125,43.635689,3.849597
2026-03-17,23:03:30,2026-03-17T23:03:30+01:00,STATION,"Fac des Sciences",7,17,24,0.2916666666666667,43.631318,3.861299
2026-03-17,23:03:30,2026-03-17T23:03:30+01:00,STATION,"Fac de Lettres",1,11,12,0.08333333333333333,43.630437,3.869539
2026-03-17,23:03:30,2026-03-17T23:03:30+01:00,STATION,"Aiguelongue",7,0,8,1.0,43.626163,3.882492
2026-03-17,23:03:30,2026-03-17T23:03:30+01:00,STATION,"Jeu de Mail des Abbés",8,0,8,1.0,43.619701,3.883831
2026-03-17,23:03:30,2026-03-17T23:03:30+01:00,STATION,"Euromédecine",3,5,8,0.375,43.639119,3.828199
2026-03-17,23:03:30,2026-03-17T23:03:30+01:00,STATION,"Marie Caizergues",5,3,8,0.625,43.619871,3.873812
2026-03-17,23:03:30,2026-03-17T23:03:30+01:00,STATION,"Sabines",3,5,8,0.375,43.584211,3.860031
2026-03-17,23:03:30,2026-03-17T23:03:30+01:00,STATION,"Celleneuve",1,7,8,0.125,43.61467,3.832624
2026-03-17,23:03:30,2026-03-17T23:03:30+01:00,STATION,"Jardin de la Lironde",7,1,8,0.875,43.60585,3.911576
2026-03-17,23:03:30,2026-03-17T23:03:30+01:00,STATION,"Père Soulas",1,7,8,0.125,43.621983,3.855603
2026-03-17,23:03:30,2026-03-17T23:03:30+01:00,STATION,"Place Viala",3,5,8,0.375,43.616812,3.855075
2026-03-17,23:03:30,2026-03-17T23:03:30+01:00,STATION,"Hôtel du Département",1,7,8,0.125,43.621682,3.83477
2026-03-17,23:03:30,2026-03-17T23:03:30+01:00,STATION,"Tonnelles",3,5,8,0.375,43.615155,3.839466
2026-03-17,23:03:30,2026-03-17T23:03:30+01:00,STATION,"Parvis Jules Ferry - Gare Saint-Roch",3,5,8,0.375,43.603889,3.879362
2026-03-17,23:03:30,2026-03-17T23:03:30+01:00,STATION,"Pont de Lattes - Gare Saint-Roch",2,10,12,0.16666666666666666,43.606036,3.882393
2026-03-17,23:03:30,2026-03-17T23:03:30+01:00,STATION,"Deux Ponts - Gare Saint-Roch",0,8,8,0.0,43.604319,3.880916
2026-03-17,23:03:30,2026-03-17T23:03:30+01:00,STATION,"Providence - Ovalie",5,3,8,0.625,43.588239,3.853421
2026-03-17,23:03:30,2026-03-17T23:03:30+01:00,STATION,"Pérols Etang de l Or",36,32,68,0.5294117647058824,43.558351,3.963412
2026-03-17,23:03:30,2026-03-17T23:03:30+01:00,STATION,"Albert 1er - Cathédrale",3,9,12,0.25,43.614005,3.873218
2026-03-17,23:03:30,2026-03-17T23:03:30+01:00,STATION,"Saint-Guilhem - Courreau",1,7,8,0.125,43.608996,3.872752
2026-03-17,23:03:30,2026-03-17T23:03:30+01:00,STATION,"Sud De France",6,2,8,0.75,43.59562,3.9235
2026-03-17,23:03:30,2026-03-17T23:03:30+01:00,STATION,"Comedie Baudin",0,8,8,0.0,43.608717,3.880787
2026-03-17,23:03:30,2026-03-17T23:03:30+01:00,STATION,"Jean de Beins",4,12,16,0.25,43.609857,3.883884
