date,heure,timestamp,type,nom,velos_dispo,bornes_libres,total,taux_occupation_places,lat,lon
2026-04-19,00:38:05,2026-04-19T00:38:05+02:00,STATION,"Rue Jules Ferry - Gare Saint-Roch",3,9,12,0.25,43.605366,3.881346
2026-04-19,00:38:05,2026-04-19T00:38:05+02:00,STATION,"Comédie",1,19,20,0.05,43.608148,3.878778
2026-04-19,00:38:05,2026-04-19T00:38:05+02:00,STATION,"Hôtel de Ville",17,0,16,1.0,43.599088,3.894866
2026-04-19,00:38:05,2026-04-19T00:38:05+02:00,STATION,"Corum",4,8,12,0.3333333333333333,43.613989,3.8816
2026-04-19,00:38:05,2026-04-19T00:38:05+02:00,STATION,"Place Albert 1er - St Charles",2,25,27,0.07407407407407407,43.616768,3.873375
2026-04-19,00:38:05,2026-04-19T00:38:05+02:00,STATION,"Foch",2,6,8,0.25,43.610989,3.873345
2026-04-19,00:38:05,2026-04-19T00:38:05+02:00,STATION,"Halles Castellane",0,12,12,0.0,43.609935,3.877208
2026-04-19,00:38:05,2026-04-19T00:38:05+02:00,STATION,"Observatoire",7,0,8,1.0,43.606301,3.87724
2026-04-19,00:38:05,2026-04-19T00:38:05+02:00,STATION,"Rondelet",3,13,16,0.1875,43.603038,3.875796
2026-04-19,00:38:05,2026-04-19T00:38:05+02:00,STATION,"Plan Cabanes",12,0,12,1.0,43.608491,3.868389
2026-04-19,00:38:05,2026-04-19T00:38:05+02:00,STATION,"Boutonnet",4,7,12,0.4166666666666667,43.622629,3.868375
2026-04-19,00:38:05,2026-04-19T00:38:05+02:00,STATION,"Emile Combes",3,5,8,0.375,43.616742,3.87998
2026-04-19,00:38:05,2026-04-19T00:38:05+02:00,STATION,"Beaux-Arts",5,11,16,0.3125,43.616698,3.884981
2026-04-19,00:38:05,2026-04-19T00:38:05+02:00,STATION,"Les Aubes",8,0,8,1.0,43.618692,3.893844
2026-04-19,00:38:05,2026-04-19T00:38:05+02:00,STATION,"Antigone centre",5,7,12,0.4166666666666667,43.607942,3.890634
2026-04-19,00:38:05,2026-04-19T00:38:05+02:00,STATION,"Médiathèque Emile Zola",12,4,16,0.75,43.608218,3.89314
2026-04-19,00:38:05,2026-04-19T00:38:05+02:00,STATION,"Nombre d Or",8,8,16,0.5,43.607859,3.886644
2026-04-19,00:38:05,2026-04-19T00:38:05+02:00,STATION,"Louis Blanc",7,9,16,0.4375,43.614642,3.877648
2026-04-19,00:38:05,2026-04-19T00:38:05+02:00,STATION,"Gambetta",3,5,8,0.375,43.607106,3.870693
2026-04-19,00:38:05,2026-04-19T00:38:05+02:00,STATION,"Port Marianne",11,5,16,0.6875,43.60032,3.89851
2026-04-19,00:38:05,2026-04-19T00:38:05+02:00,STATION,"Les Arceaux",1,7,8,0.125,43.612659,3.867734
2026-04-19,00:38:05,2026-04-19T00:38:05+02:00,STATION,"Cité Mion",0,6,8,0.25,43.601143,3.884373
2026-04-19,00:38:05,2026-04-19T00:38:05+02:00,STATION,"Nouveau Saint-Roch",2,6,8,0.25,43.599817,3.875757
2026-04-19,00:38:05,2026-04-19T00:38:05+02:00,STATION,"Renouvier",2,5,8,0.375,43.603553,3.867884
2026-04-19,00:38:05,2026-04-19T00:38:05+02:00,STATION,"Odysseum",0,8,8,0.0,43.603727,3.918979
2026-04-19,00:38:05,2026-04-19T00:38:05+02:00,STATION,"Saint-Denis",0,8,8,0.0,43.605021,3.875065
2026-04-19,00:38:05,2026-04-19T00:38:05+02:00,STATION,"Richter",5,11,16,0.3125,43.603424,3.899263
2026-04-19,00:38:05,2026-04-19T00:38:05+02:00,STATION,"Charles Flahault",1,7,8,0.125,43.622038,3.86672
2026-04-19,00:38:05,2026-04-19T00:38:05+02:00,STATION,"Voltaire",3,5,8,0.375,43.603767,3.888659
2026-04-19,00:38:05,2026-04-19T00:38:05+02:00,STATION,"Prés d Arènes",3,5,8,0.375,43.59048,3.884611
2026-04-19,00:38:05,2026-04-19T00:38:05+02:00,STATION,"Garcia Lorca",7,1,8,0.875,43.590757,3.890616
2026-04-19,00:38:05,2026-04-19T00:38:05+02:00,STATION,"Vert Bois",3,13,16,0.1875,43.63543,3.871179
2026-04-19,00:38:05,2026-04-19T00:38:05+02:00,STATION,"Malbosc",1,7,8,0.125,43.633679,3.832861
2026-04-19,00:38:05,2026-04-19T00:38:05+02:00,STATION,"Occitanie",3,29,32,0.09375,43.635689,3.849597
2026-04-19,00:38:05,2026-04-19T00:38:05+02:00,STATION,"Fac des Sciences",8,16,24,0.3333333333333333,43.631318,3.861299
2026-04-19,00:38:05,2026-04-19T00:38:05+02:00,STATION,"Fac de Lettres",4,8,12,0.3333333333333333,43.630437,3.869539
2026-04-19,00:38:05,2026-04-19T00:38:05+02:00,STATION,"Aiguelongue",6,1,8,0.875,43.626163,3.882492
2026-04-19,00:38:05,2026-04-19T00:38:05+02:00,STATION,"Jeu de Mail des Abbés",4,4,8,0.5,43.619701,3.883831
2026-04-19,00:38:05,2026-04-19T00:38:05+02:00,STATION,"Euromédecine",2,6,8,0.25,43.639119,3.828199
2026-04-19,00:38:05,2026-04-19T00:38:05+02:00,STATION,"Marie Caizergues",1,7,8,0.125,43.619871,3.873812
2026-04-19,00:38:05,2026-04-19T00:38:05+02:00,STATION,"Sabines",5,3,8,0.625,43.584211,3.860031
2026-04-19,00:38:05,2026-04-19T00:38:05+02:00,STATION,"Celleneuve",1,7,8,0.125,43.61467,3.832624
2026-04-19,00:38:05,2026-04-19T00:38:05+02:00,STATION,"Jardin de la Lironde",4,4,8,0.5,43.60585,3.911576
2026-04-19,00:38:05,2026-04-19T00:38:05+02:00,STATION,"Père Soulas",6,2,8,0.75,43.621983,3.855603
2026-04-19,00:38:05,2026-04-19T00:38:05+02:00,STATION,"Place Viala",7,0,8,1.0,43.616812,3.855075
2026-04-19,00:38:05,2026-04-19T00:38:05+02:00,STATION,"Hôtel du Département",2,6,8,0.25,43.621682,3.83477
2026-04-19,00:38:05,2026-04-19T00:38:05+02:00,STATION,"Tonnelles",2,6,8,0.25,43.615155,3.839466
2026-04-19,00:38:05,2026-04-19T00:38:05+02:00,STATION,"Parvis Jules Ferry - Gare Saint-Roch",2,6,8,0.25,43.603889,3.879362
2026-04-19,00:38:05,2026-04-19T00:38:05+02:00,STATION,"Pont de Lattes - Gare Saint-Roch",10,1,12,0.9166666666666666,43.606036,3.882393
2026-04-19,00:38:05,2026-04-19T00:38:05+02:00,STATION,"Deux Ponts - Gare Saint-Roch",0,8,8,0.0,43.604319,3.880916
2026-04-19,00:38:05,2026-04-19T00:38:05+02:00,STATION,"Providence - Ovalie",2,6,8,0.25,43.588239,3.853421
2026-04-19,00:38:05,2026-04-19T00:38:05+02:00,STATION,"Pérols Etang de l Or",38,30,68,0.5588235294117647,43.558351,3.963412
2026-04-19,00:38:05,2026-04-19T00:38:05+02:00,STATION,"Albert 1er - Cathédrale",5,7,12,0.4166666666666667,43.614005,3.873218
2026-04-19,00:38:05,2026-04-19T00:38:05+02:00,STATION,"Saint-Guilhem - Courreau",7,1,8,0.875,43.608996,3.872752
2026-04-19,00:38:05,2026-04-19T00:38:05+02:00,STATION,"Sud De France",1,6,8,0.25,43.59562,3.9235
2026-04-19,00:38:05,2026-04-19T00:38:05+02:00,STATION,"Comedie Baudin",0,8,8,0.0,43.608717,3.880787
2026-04-19,00:38:05,2026-04-19T00:38:05+02:00,STATION,"Jean de Beins",4,12,16,0.25,43.609857,3.883884
2026-04-19,01:38:15,2026-04-19T01:38:15+02:00,STATION,"Rue Jules Ferry - Gare Saint-Roch",3,9,12,0.25,43.605366,3.881346
2026-04-19,01:38:15,2026-04-19T01:38:15+02:00,STATION,"Comédie",1,19,20,0.05,43.608148,3.878778
2026-04-19,01:38:15,2026-04-19T01:38:15+02:00,STATION,"Hôtel de Ville",17,0,16,1.0,43.599088,3.894866
2026-04-19,01:38:15,2026-04-19T01:38:15+02:00,STATION,"Corum",4,8,12,0.3333333333333333,43.613989,3.8816
2026-04-19,01:38:15,2026-04-19T01:38:15+02:00,STATION,"Place Albert 1er - St Charles",2,25,27,0.07407407407407407,43.616768,3.873375
2026-04-19,01:38:15,2026-04-19T01:38:15+02:00,STATION,"Foch",2,6,8,0.25,43.610989,3.873345
2026-04-19,01:38:15,2026-04-19T01:38:15+02:00,STATION,"Halles Castellane",0,12,12,0.0,43.609935,3.877208
2026-04-19,01:38:15,2026-04-19T01:38:15+02:00,STATION,"Observatoire",6,1,8,0.875,43.606301,3.87724
2026-04-19,01:38:15,2026-04-19T01:38:15+02:00,STATION,"Rondelet",3,13,16,0.1875,43.603038,3.875796
2026-04-19,01:38:15,2026-04-19T01:38:15+02:00,STATION,"Plan Cabanes",12,0,12,1.0,43.608491,3.868389
2026-04-19,01:38:15,2026-04-19T01:38:15+02:00,STATION,"Boutonnet",5,6,12,0.5,43.622629,3.868375
2026-04-19,01:38:15,2026-04-19T01:38:15+02:00,STATION,"Emile Combes",3,5,8,0.375,43.616742,3.87998
2026-04-19,01:38:15,2026-04-19T01:38:15+02:00,STATION,"Beaux-Arts",4,12,16,0.25,43.616698,3.884981
2026-04-19,01:38:15,2026-04-19T01:38:15+02:00,STATION,"Les Aubes",6,2,8,0.75,43.618692,3.893844
2026-04-19,01:38:15,2026-04-19T01:38:15+02:00,STATION,"Antigone centre",5,7,12,0.4166666666666667,43.607942,3.890634
2026-04-19,01:38:15,2026-04-19T01:38:15+02:00,STATION,"Médiathèque Emile Zola",12,4,16,0.75,43.608218,3.89314
2026-04-19,01:38:15,2026-04-19T01:38:15+02:00,STATION,"Nombre d Or",8,8,16,0.5,43.607859,3.886644
2026-04-19,01:38:15,2026-04-19T01:38:15+02:00,STATION,"Louis Blanc",6,10,16,0.375,43.614642,3.877648
2026-04-19,01:38:15,2026-04-19T01:38:15+02:00,STATION,"Gambetta",3,5,8,0.375,43.607106,3.870693
2026-04-19,01:38:15,2026-04-19T01:38:15+02:00,STATION,"Port Marianne",11,5,16,0.6875,43.60032,3.89851
2026-04-19,01:38:15,2026-04-19T01:38:15+02:00,STATION,"Les Arceaux",1,7,8,0.125,43.612659,3.867734
2026-04-19,01:38:15,2026-04-19T01:38:15+02:00,STATION,"Cité Mion",0,6,8,0.25,43.601143,3.884373
2026-04-19,01:38:15,2026-04-19T01:38:15+02:00,STATION,"Nouveau Saint-Roch",2,6,8,0.25,43.599817,3.875757
2026-04-19,01:38:15,2026-04-19T01:38:15+02:00,STATION,"Renouvier",2,5,8,0.375,43.603553,3.867884
2026-04-19,01:38:15,2026-04-19T01:38:15+02:00,STATION,"Odysseum",0,8,8,0.0,43.603727,3.918979
2026-04-19,01:38:15,2026-04-19T01:38:15+02:00,STATION,"Saint-Denis",0,8,8,0.0,43.605021,3.875065
2026-04-19,01:38:15,2026-04-19T01:38:15+02:00,STATION,"Richter",5,11,16,0.3125,43.603424,3.899263
2026-04-19,01:38:15,2026-04-19T01:38:15+02:00,STATION,"Charles Flahault",1,7,8,0.125,43.622038,3.86672
2026-04-19,01:38:15,2026-04-19T01:38:15+02:00,STATION,"Voltaire",8,0,8,1.0,43.603767,3.888659
2026-04-19,01:38:15,2026-04-19T01:38:15+02:00,STATION,"Prés d Arènes",4,4,8,0.5,43.59048,3.884611
2026-04-19,01:38:15,2026-04-19T01:38:15+02:00,STATION,"Garcia Lorca",7,1,8,0.875,43.590757,3.890616
2026-04-19,01:38:15,2026-04-19T01:38:15+02:00,STATION,"Vert Bois",2,14,16,0.125,43.63543,3.871179
2026-04-19,01:38:15,2026-04-19T01:38:15+02:00,STATION,"Malbosc",1,7,8,0.125,43.633679,3.832861
2026-04-19,01:38:15,2026-04-19T01:38:15+02:00,STATION,"Occitanie",3,29,32,0.09375,43.635689,3.849597
2026-04-19,01:38:15,2026-04-19T01:38:15+02:00,STATION,"Fac des Sciences",8,16,24,0.3333333333333333,43.631318,3.861299
2026-04-19,01:38:15,2026-04-19T01:38:15+02:00,STATION,"Fac de Lettres",4,8,12,0.3333333333333333,43.630437,3.869539
2026-04-19,01:38:15,2026-04-19T01:38:15+02:00,STATION,"Aiguelongue",6,1,8,0.875,43.626163,3.882492
2026-04-19,01:38:15,2026-04-19T01:38:15+02:00,STATION,"Jeu de Mail des Abbés",4,4,8,0.5,43.619701,3.883831
2026-04-19,01:38:15,2026-04-19T01:38:15+02:00,STATION,"Euromédecine",2,6,8,0.25,43.639119,3.828199
2026-04-19,01:38:15,2026-04-19T01:38:15+02:00,STATION,"Marie Caizergues",1,7,8,0.125,43.619871,3.873812
2026-04-19,01:38:15,2026-04-19T01:38:15+02:00,STATION,"Sabines",5,3,8,0.625,43.584211,3.860031
2026-04-19,01:38:15,2026-04-19T01:38:15+02:00,STATION,"Celleneuve",1,7,8,0.125,43.61467,3.832624
2026-04-19,01:38:15,2026-04-19T01:38:15+02:00,STATION,"Jardin de la Lironde",6,2,8,0.75,43.60585,3.911576
2026-04-19,01:38:15,2026-04-19T01:38:15+02:00,STATION,"Père Soulas",6,2,8,0.75,43.621983,3.855603
2026-04-19,01:38:15,2026-04-19T01:38:15+02:00,STATION,"Place Viala",8,0,8,1.0,43.616812,3.855075
2026-04-19,01:38:15,2026-04-19T01:38:15+02:00,STATION,"Hôtel du Département",2,6,8,0.25,43.621682,3.83477
2026-04-19,01:38:15,2026-04-19T01:38:15+02:00,STATION,"Tonnelles",2,6,8,0.25,43.615155,3.839466
2026-04-19,01:38:15,2026-04-19T01:38:15+02:00,STATION,"Parvis Jules Ferry - Gare Saint-Roch",2,6,8,0.25,43.603889,3.879362
2026-04-19,01:38:15,2026-04-19T01:38:15+02:00,STATION,"Pont de Lattes - Gare Saint-Roch",9,2,12,0.8333333333333334,43.606036,3.882393
2026-04-19,01:38:15,2026-04-19T01:38:15+02:00,STATION,"Deux Ponts - Gare Saint-Roch",0,8,8,0.0,43.604319,3.880916
2026-04-19,01:38:15,2026-04-19T01:38:15+02:00,STATION,"Providence - Ovalie",2,6,8,0.25,43.588239,3.853421
2026-04-19,01:38:15,2026-04-19T01:38:15+02:00,STATION,"Pérols Etang de l Or",38,30,68,0.5588235294117647,43.558351,3.963412
2026-04-19,01:38:15,2026-04-19T01:38:15+02:00,STATION,"Albert 1er - Cathédrale",5,7,12,0.4166666666666667,43.614005,3.873218
2026-04-19,01:38:15,2026-04-19T01:38:15+02:00,STATION,"Saint-Guilhem - Courreau",4,4,8,0.5,43.608996,3.872752
2026-04-19,01:38:15,2026-04-19T01:38:15+02:00,STATION,"Sud De France",1,6,8,0.25,43.59562,3.9235
2026-04-19,01:38:15,2026-04-19T01:38:15+02:00,STATION,"Comedie Baudin",0,8,8,0.0,43.608717,3.880787
2026-04-19,01:38:15,2026-04-19T01:38:15+02:00,STATION,"Jean de Beins",4,12,16,0.25,43.609857,3.883884
2026-04-19,04:42:13,2026-04-19T04:42:13+02:00,STATION,"Rue Jules Ferry - Gare Saint-Roch",6,6,12,0.5,43.605366,3.881346
2026-04-19,04:42:13,2026-04-19T04:42:13+02:00,STATION,"Comédie",2,18,20,0.1,43.608148,3.878778
2026-04-19,04:42:13,2026-04-19T04:42:13+02:00,STATION,"Hôtel de Ville",17,0,16,1.0,43.599088,3.894866
2026-04-19,04:42:13,2026-04-19T04:42:13+02:00,STATION,"Corum",4,8,12,0.3333333333333333,43.613989,3.8816
2026-04-19,04:42:13,2026-04-19T04:42:13+02:00,STATION,"Place Albert 1er - St Charles",2,25,27,0.07407407407407407,43.616768,3.873375
2026-04-19,04:42:13,2026-04-19T04:42:13+02:00,STATION,"Foch",6,2,8,0.75,43.610989,3.873345
2026-04-19,04:42:13,2026-04-19T04:42:13+02:00,STATION,"Halles Castellane",0,12,12,0.0,43.609935,3.877208
2026-04-19,04:42:13,2026-04-19T04:42:13+02:00,STATION,"Observatoire",5,2,8,0.75,43.606301,3.87724
2026-04-19,04:42:13,2026-04-19T04:42:13+02:00,STATION,"Rondelet",3,13,16,0.1875,43.603038,3.875796
2026-04-19,04:42:13,2026-04-19T04:42:13+02:00,STATION,"Plan Cabanes",12,0,12,1.0,43.608491,3.868389
2026-04-19,04:42:13,2026-04-19T04:42:13+02:00,STATION,"Boutonnet",9,2,12,0.8333333333333334,43.622629,3.868375
2026-04-19,04:42:13,2026-04-19T04:42:13+02:00,STATION,"Emile Combes",3,5,8,0.375,43.616742,3.87998
2026-04-19,04:42:13,2026-04-19T04:42:13+02:00,STATION,"Beaux-Arts",5,11,16,0.3125,43.616698,3.884981
2026-04-19,04:42:13,2026-04-19T04:42:13+02:00,STATION,"Les Aubes",6,2,8,0.75,43.618692,3.893844
2026-04-19,04:42:13,2026-04-19T04:42:13+02:00,STATION,"Antigone centre",1,11,12,0.08333333333333333,43.607942,3.890634
2026-04-19,04:42:13,2026-04-19T04:42:13+02:00,STATION,"Médiathèque Emile Zola",12,4,16,0.75,43.608218,3.89314
2026-04-19,04:42:13,2026-04-19T04:42:13+02:00,STATION,"Nombre d Or",8,8,16,0.5,43.607859,3.886644
2026-04-19,04:42:13,2026-04-19T04:42:13+02:00,STATION,"Louis Blanc",5,11,16,0.3125,43.614642,3.877648
2026-04-19,04:42:13,2026-04-19T04:42:13+02:00,STATION,"Gambetta",3,5,8,0.375,43.607106,3.870693
2026-04-19,04:42:13,2026-04-19T04:42:13+02:00,STATION,"Port Marianne",11,5,16,0.6875,43.60032,3.89851
2026-04-19,04:42:13,2026-04-19T04:42:13+02:00,STATION,"Les Arceaux",4,4,8,0.5,43.612659,3.867734
2026-04-19,04:42:13,2026-04-19T04:42:13+02:00,STATION,"Cité Mion",1,5,8,0.375,43.601143,3.884373
2026-04-19,04:42:13,2026-04-19T04:42:13+02:00,STATION,"Nouveau Saint-Roch",2,6,8,0.25,43.599817,3.875757
2026-04-19,04:42:13,2026-04-19T04:42:13+02:00,STATION,"Renouvier",2,5,8,0.375,43.603553,3.867884
2026-04-19,04:42:13,2026-04-19T04:42:13+02:00,STATION,"Odysseum",0,8,8,0.0,43.603727,3.918979
2026-04-19,04:42:13,2026-04-19T04:42:13+02:00,STATION,"Saint-Denis",0,8,8,0.0,43.605021,3.875065
2026-04-19,04:42:13,2026-04-19T04:42:13+02:00,STATION,"Richter",8,8,16,0.5,43.603424,3.899263
2026-04-19,04:42:13,2026-04-19T04:42:13+02:00,STATION,"Charles Flahault",1,7,8,0.125,43.622038,3.86672
2026-04-19,04:42:13,2026-04-19T04:42:13+02:00,STATION,"Voltaire",8,0,8,1.0,43.603767,3.888659
2026-04-19,04:42:13,2026-04-19T04:42:13+02:00,STATION,"Prés d Arènes",4,4,8,0.5,43.59048,3.884611
2026-04-19,04:42:13,2026-04-19T04:42:13+02:00,STATION,"Garcia Lorca",7,1,8,0.875,43.590757,3.890616
2026-04-19,04:42:13,2026-04-19T04:42:13+02:00,STATION,"Vert Bois",2,14,16,0.125,43.63543,3.871179
2026-04-19,04:42:13,2026-04-19T04:42:13+02:00,STATION,"Malbosc",1,7,8,0.125,43.633679,3.832861
2026-04-19,04:42:13,2026-04-19T04:42:13+02:00,STATION,"Occitanie",28,4,32,0.875,43.635689,3.849597
2026-04-19,04:42:13,2026-04-19T04:42:13+02:00,STATION,"Fac des Sciences",10,14,24,0.4166666666666667,43.631318,3.861299
2026-04-19,04:42:13,2026-04-19T04:42:13+02:00,STATION,"Fac de Lettres",3,9,12,0.25,43.630437,3.869539
2026-04-19,04:42:13,2026-04-19T04:42:13+02:00,STATION,"Aiguelongue",6,1,8,0.875,43.626163,3.882492
2026-04-19,04:42:13,2026-04-19T04:42:13+02:00,STATION,"Jeu de Mail des Abbés",7,1,8,0.875,43.619701,3.883831
2026-04-19,04:42:13,2026-04-19T04:42:13+02:00,STATION,"Euromédecine",2,6,8,0.25,43.639119,3.828199
2026-04-19,04:42:13,2026-04-19T04:42:13+02:00,STATION,"Marie Caizergues",1,7,8,0.125,43.619871,3.873812
2026-04-19,04:42:13,2026-04-19T04:42:13+02:00,STATION,"Sabines",5,3,8,0.625,43.584211,3.860031
2026-04-19,04:42:13,2026-04-19T04:42:13+02:00,STATION,"Celleneuve",0,8,8,0.0,43.61467,3.832624
2026-04-19,04:42:13,2026-04-19T04:42:13+02:00,STATION,"Jardin de la Lironde",7,1,8,0.875,43.60585,3.911576
2026-04-19,04:42:13,2026-04-19T04:42:13+02:00,STATION,"Père Soulas",6,2,8,0.75,43.621983,3.855603
2026-04-19,04:42:13,2026-04-19T04:42:13+02:00,STATION,"Place Viala",8,0,8,1.0,43.616812,3.855075
2026-04-19,04:42:13,2026-04-19T04:42:13+02:00,STATION,"Hôtel du Département",2,6,8,0.25,43.621682,3.83477
2026-04-19,04:42:13,2026-04-19T04:42:13+02:00,STATION,"Tonnelles",1,7,8,0.125,43.615155,3.839466
2026-04-19,04:42:13,2026-04-19T04:42:13+02:00,STATION,"Parvis Jules Ferry - Gare Saint-Roch",2,6,8,0.25,43.603889,3.879362
2026-04-19,04:42:13,2026-04-19T04:42:13+02:00,STATION,"Pont de Lattes - Gare Saint-Roch",8,3,12,0.75,43.606036,3.882393
2026-04-19,04:42:13,2026-04-19T04:42:13+02:00,STATION,"Deux Ponts - Gare Saint-Roch",0,8,8,0.0,43.604319,3.880916
2026-04-19,04:42:13,2026-04-19T04:42:13+02:00,STATION,"Providence - Ovalie",2,6,8,0.25,43.588239,3.853421
2026-04-19,04:42:13,2026-04-19T04:42:13+02:00,STATION,"Pérols Etang de l Or",38,30,68,0.5588235294117647,43.558351,3.963412
2026-04-19,04:42:13,2026-04-19T04:42:13+02:00,STATION,"Albert 1er - Cathédrale",3,9,12,0.25,43.614005,3.873218
2026-04-19,04:42:13,2026-04-19T04:42:13+02:00,STATION,"Saint-Guilhem - Courreau",4,4,8,0.5,43.608996,3.872752
2026-04-19,04:42:13,2026-04-19T04:42:13+02:00,STATION,"Sud De France",1,6,8,0.25,43.59562,3.9235
2026-04-19,04:42:13,2026-04-19T04:42:13+02:00,STATION,"Comedie Baudin",0,8,8,0.0,43.608717,3.880787
2026-04-19,04:42:13,2026-04-19T04:42:13+02:00,STATION,"Jean de Beins",3,13,16,0.1875,43.609857,3.883884
2026-04-19,07:32:08,2026-04-19T07:32:08+02:00,STATION,"Rue Jules Ferry - Gare Saint-Roch",5,7,12,0.4166666666666667,43.605366,3.881346
2026-04-19,07:32:08,2026-04-19T07:32:08+02:00,STATION,"Comédie",2,18,20,0.1,43.608148,3.878778
2026-04-19,07:32:08,2026-04-19T07:32:08+02:00,STATION,"Hôtel de Ville",17,0,16,1.0,43.599088,3.894866
2026-04-19,07:32:08,2026-04-19T07:32:08+02:00,STATION,"Corum",4,8,12,0.3333333333333333,43.613989,3.8816
2026-04-19,07:32:08,2026-04-19T07:32:08+02:00,STATION,"Place Albert 1er - St Charles",2,25,27,0.07407407407407407,43.616768,3.873375
2026-04-19,07:32:08,2026-04-19T07:32:08+02:00,STATION,"Foch",5,3,8,0.625,43.610989,3.873345
2026-04-19,07:32:08,2026-04-19T07:32:08+02:00,STATION,"Halles Castellane",0,12,12,0.0,43.609935,3.877208
2026-04-19,07:32:08,2026-04-19T07:32:08+02:00,STATION,"Observatoire",3,4,8,0.5,43.606301,3.87724
2026-04-19,07:32:08,2026-04-19T07:32:08+02:00,STATION,"Rondelet",3,13,16,0.1875,43.603038,3.875796
2026-04-19,07:32:08,2026-04-19T07:32:08+02:00,STATION,"Plan Cabanes",8,4,12,0.6666666666666666,43.608491,3.868389
2026-04-19,07:32:08,2026-04-19T07:32:08+02:00,STATION,"Boutonnet",10,1,12,0.9166666666666666,43.622629,3.868375
2026-04-19,07:32:08,2026-04-19T07:32:08+02:00,STATION,"Emile Combes",3,5,8,0.375,43.616742,3.87998
2026-04-19,07:32:08,2026-04-19T07:32:08+02:00,STATION,"Beaux-Arts",5,11,16,0.3125,43.616698,3.884981
2026-04-19,07:32:08,2026-04-19T07:32:08+02:00,STATION,"Les Aubes",4,4,8,0.5,43.618692,3.893844
2026-04-19,07:32:08,2026-04-19T07:32:08+02:00,STATION,"Antigone centre",1,11,12,0.08333333333333333,43.607942,3.890634
2026-04-19,07:32:08,2026-04-19T07:32:08+02:00,STATION,"Médiathèque Emile Zola",12,4,16,0.75,43.608218,3.89314
2026-04-19,07:32:08,2026-04-19T07:32:08+02:00,STATION,"Nombre d Or",8,8,16,0.5,43.607859,3.886644
2026-04-19,07:32:08,2026-04-19T07:32:08+02:00,STATION,"Louis Blanc",8,8,16,0.5,43.614642,3.877648
2026-04-19,07:32:08,2026-04-19T07:32:08+02:00,STATION,"Gambetta",3,5,8,0.375,43.607106,3.870693
2026-04-19,07:32:08,2026-04-19T07:32:08+02:00,STATION,"Port Marianne",12,4,16,0.75,43.60032,3.89851
2026-04-19,07:32:08,2026-04-19T07:32:08+02:00,STATION,"Les Arceaux",3,5,8,0.375,43.612659,3.867734
2026-04-19,07:32:08,2026-04-19T07:32:08+02:00,STATION,"Cité Mion",1,5,8,0.375,43.601143,3.884373
2026-04-19,07:32:08,2026-04-19T07:32:08+02:00,STATION,"Nouveau Saint-Roch",2,6,8,0.25,43.599817,3.875757
2026-04-19,07:32:08,2026-04-19T07:32:08+02:00,STATION,"Renouvier",2,5,8,0.375,43.603553,3.867884
2026-04-19,07:32:08,2026-04-19T07:32:08+02:00,STATION,"Odysseum",0,8,8,0.0,43.603727,3.918979
2026-04-19,07:32:08,2026-04-19T07:32:08+02:00,STATION,"Saint-Denis",0,8,8,0.0,43.605021,3.875065
2026-04-19,07:32:08,2026-04-19T07:32:08+02:00,STATION,"Richter",10,6,16,0.625,43.603424,3.899263
2026-04-19,07:32:08,2026-04-19T07:32:08+02:00,STATION,"Charles Flahault",3,5,8,0.375,43.622038,3.86672
2026-04-19,07:32:08,2026-04-19T07:32:08+02:00,STATION,"Voltaire",8,0,8,1.0,43.603767,3.888659
2026-04-19,07:32:08,2026-04-19T07:32:08+02:00,STATION,"Prés d Arènes",4,4,8,0.5,43.59048,3.884611
2026-04-19,07:32:08,2026-04-19T07:32:08+02:00,STATION,"Garcia Lorca",6,2,8,0.75,43.590757,3.890616
2026-04-19,07:32:08,2026-04-19T07:32:08+02:00,STATION,"Vert Bois",2,14,16,0.125,43.63543,3.871179
2026-04-19,07:32:08,2026-04-19T07:32:08+02:00,STATION,"Malbosc",1,7,8,0.125,43.633679,3.832861
2026-04-19,07:32:08,2026-04-19T07:32:08+02:00,STATION,"Occitanie",23,9,32,0.71875,43.635689,3.849597
2026-04-19,07:32:08,2026-04-19T07:32:08+02:00,STATION,"Fac des Sciences",11,13,24,0.4583333333333333,43.631318,3.861299
2026-04-19,07:32:08,2026-04-19T07:32:08+02:00,STATION,"Fac de Lettres",4,8,12,0.3333333333333333,43.630437,3.869539
2026-04-19,07:32:08,2026-04-19T07:32:08+02:00,STATION,"Aiguelongue",6,1,8,0.875,43.626163,3.882492
2026-04-19,07:32:08,2026-04-19T07:32:08+02:00,STATION,"Jeu de Mail des Abbés",7,1,8,0.875,43.619701,3.883831
2026-04-19,07:32:08,2026-04-19T07:32:08+02:00,STATION,"Euromédecine",2,6,8,0.25,43.639119,3.828199
2026-04-19,07:32:08,2026-04-19T07:32:08+02:00,STATION,"Marie Caizergues",1,7,8,0.125,43.619871,3.873812
2026-04-19,07:32:08,2026-04-19T07:32:08+02:00,STATION,"Sabines",5,3,8,0.625,43.584211,3.860031
2026-04-19,07:32:08,2026-04-19T07:32:08+02:00,STATION,"Celleneuve",0,8,8,0.0,43.61467,3.832624
2026-04-19,07:32:08,2026-04-19T07:32:08+02:00,STATION,"Jardin de la Lironde",7,1,8,0.875,43.60585,3.911576
2026-04-19,07:32:08,2026-04-19T07:32:08+02:00,STATION,"Père Soulas",5,3,8,0.625,43.621983,3.855603
2026-04-19,07:32:08,2026-04-19T07:32:08+02:00,STATION,"Place Viala",8,0,8,1.0,43.616812,3.855075
2026-04-19,07:32:08,2026-04-19T07:32:08+02:00,STATION,"Hôtel du Département",2,6,8,0.25,43.621682,3.83477
2026-04-19,07:32:08,2026-04-19T07:32:08+02:00,STATION,"Tonnelles",1,7,8,0.125,43.615155,3.839466
2026-04-19,07:32:08,2026-04-19T07:32:08+02:00,STATION,"Parvis Jules Ferry - Gare Saint-Roch",2,6,8,0.25,43.603889,3.879362
2026-04-19,07:32:08,2026-04-19T07:32:08+02:00,STATION,"Pont de Lattes - Gare Saint-Roch",6,5,12,0.5833333333333334,43.606036,3.882393
2026-04-19,07:32:08,2026-04-19T07:32:08+02:00,STATION,"Deux Ponts - Gare Saint-Roch",0,8,8,0.0,43.604319,3.880916
2026-04-19,07:32:08,2026-04-19T07:32:08+02:00,STATION,"Providence - Ovalie",2,6,8,0.25,43.588239,3.853421
2026-04-19,07:32:08,2026-04-19T07:32:08+02:00,STATION,"Pérols Etang de l Or",39,29,68,0.5735294117647058,43.558351,3.963412
2026-04-19,07:32:08,2026-04-19T07:32:08+02:00,STATION,"Albert 1er - Cathédrale",3,9,12,0.25,43.614005,3.873218
2026-04-19,07:32:08,2026-04-19T07:32:08+02:00,STATION,"Saint-Guilhem - Courreau",5,3,8,0.625,43.608996,3.872752
2026-04-19,07:32:08,2026-04-19T07:32:08+02:00,STATION,"Sud De France",1,6,8,0.25,43.59562,3.9235
2026-04-19,07:32:08,2026-04-19T07:32:08+02:00,STATION,"Comedie Baudin",0,8,8,0.0,43.608717,3.880787
2026-04-19,07:32:08,2026-04-19T07:32:08+02:00,STATION,"Jean de Beins",3,13,16,0.1875,43.609857,3.883884
2026-04-19,09:01:48,2026-04-19T09:01:48+02:00,STATION,"Rue Jules Ferry - Gare Saint-Roch",4,8,12,0.3333333333333333,43.605366,3.881346
2026-04-19,09:01:48,2026-04-19T09:01:48+02:00,STATION,"Comédie",2,18,20,0.1,43.608148,3.878778
2026-04-19,09:01:48,2026-04-19T09:01:48+02:00,STATION,"Hôtel de Ville",17,0,16,1.0,43.599088,3.894866
2026-04-19,09:01:48,2026-04-19T09:01:48+02:00,STATION,"Corum",3,9,12,0.25,43.613989,3.8816
2026-04-19,09:01:48,2026-04-19T09:01:48+02:00,STATION,"Place Albert 1er - St Charles",1,26,27,0.037037037037037035,43.616768,3.873375
2026-04-19,09:01:48,2026-04-19T09:01:48+02:00,STATION,"Foch",3,5,8,0.375,43.610989,3.873345
2026-04-19,09:01:48,2026-04-19T09:01:48+02:00,STATION,"Halles Castellane",0,12,12,0.0,43.609935,3.877208
2026-04-19,09:01:48,2026-04-19T09:01:48+02:00,STATION,"Observatoire",3,4,8,0.5,43.606301,3.87724
2026-04-19,09:01:48,2026-04-19T09:01:48+02:00,STATION,"Rondelet",2,14,16,0.125,43.603038,3.875796
2026-04-19,09:01:48,2026-04-19T09:01:48+02:00,STATION,"Plan Cabanes",7,5,12,0.5833333333333334,43.608491,3.868389
2026-04-19,09:01:48,2026-04-19T09:01:48+02:00,STATION,"Boutonnet",3,8,12,0.3333333333333333,43.622629,3.868375
2026-04-19,09:01:48,2026-04-19T09:01:48+02:00,STATION,"Emile Combes",3,5,8,0.375,43.616742,3.87998
2026-04-19,09:01:48,2026-04-19T09:01:48+02:00,STATION,"Beaux-Arts",3,13,16,0.1875,43.616698,3.884981
2026-04-19,09:01:48,2026-04-19T09:01:48+02:00,STATION,"Les Aubes",4,4,8,0.5,43.618692,3.893844
2026-04-19,09:01:48,2026-04-19T09:01:48+02:00,STATION,"Antigone centre",0,12,12,0.0,43.607942,3.890634
2026-04-19,09:01:48,2026-04-19T09:01:48+02:00,STATION,"Médiathèque Emile Zola",8,8,16,0.5,43.608218,3.89314
2026-04-19,09:01:48,2026-04-19T09:01:48+02:00,STATION,"Nombre d Or",8,8,16,0.5,43.607859,3.886644
2026-04-19,09:01:48,2026-04-19T09:01:48+02:00,STATION,"Louis Blanc",5,11,16,0.3125,43.614642,3.877648
2026-04-19,09:01:48,2026-04-19T09:01:48+02:00,STATION,"Gambetta",3,5,8,0.375,43.607106,3.870693
2026-04-19,09:01:48,2026-04-19T09:01:48+02:00,STATION,"Port Marianne",13,3,16,0.8125,43.60032,3.89851
2026-04-19,09:01:48,2026-04-19T09:01:48+02:00,STATION,"Les Arceaux",1,7,8,0.125,43.612659,3.867734
2026-04-19,09:01:48,2026-04-19T09:01:48+02:00,STATION,"Cité Mion",1,5,8,0.375,43.601143,3.884373
2026-04-19,09:01:48,2026-04-19T09:01:48+02:00,STATION,"Nouveau Saint-Roch",2,6,8,0.25,43.599817,3.875757
2026-04-19,09:01:48,2026-04-19T09:01:48+02:00,STATION,"Renouvier",2,5,8,0.375,43.603553,3.867884
2026-04-19,09:01:48,2026-04-19T09:01:48+02:00,STATION,"Odysseum",0,8,8,0.0,43.603727,3.918979
2026-04-19,09:01:48,2026-04-19T09:01:48+02:00,STATION,"Saint-Denis",0,8,8,0.0,43.605021,3.875065
2026-04-19,09:01:48,2026-04-19T09:01:48+02:00,STATION,"Richter",9,7,16,0.5625,43.603424,3.899263
2026-04-19,09:01:48,2026-04-19T09:01:48+02:00,STATION,"Charles Flahault",1,7,8,0.125,43.622038,3.86672
2026-04-19,09:01:48,2026-04-19T09:01:48+02:00,STATION,"Voltaire",7,1,8,0.875,43.603767,3.888659
2026-04-19,09:01:48,2026-04-19T09:01:48+02:00,STATION,"Prés d Arènes",4,4,8,0.5,43.59048,3.884611
2026-04-19,09:01:48,2026-04-19T09:01:48+02:00,STATION,"Garcia Lorca",6,2,8,0.75,43.590757,3.890616
2026-04-19,09:01:48,2026-04-19T09:01:48+02:00,STATION,"Vert Bois",2,14,16,0.125,43.63543,3.871179
2026-04-19,09:01:48,2026-04-19T09:01:48+02:00,STATION,"Malbosc",1,7,8,0.125,43.633679,3.832861
2026-04-19,09:01:48,2026-04-19T09:01:48+02:00,STATION,"Occitanie",21,11,32,0.65625,43.635689,3.849597
2026-04-19,09:01:48,2026-04-19T09:01:48+02:00,STATION,"Fac des Sciences",6,18,24,0.25,43.631318,3.861299
2026-04-19,09:01:48,2026-04-19T09:01:48+02:00,STATION,"Fac de Lettres",4,8,12,0.3333333333333333,43.630437,3.869539
2026-04-19,09:01:48,2026-04-19T09:01:48+02:00,STATION,"Aiguelongue",6,1,8,0.875,43.626163,3.882492
2026-04-19,09:01:48,2026-04-19T09:01:48+02:00,STATION,"Jeu de Mail des Abbés",7,1,8,0.875,43.619701,3.883831
2026-04-19,09:01:48,2026-04-19T09:01:48+02:00,STATION,"Euromédecine",2,6,8,0.25,43.639119,3.828199
2026-04-19,09:01:48,2026-04-19T09:01:48+02:00,STATION,"Marie Caizergues",1,7,8,0.125,43.619871,3.873812
2026-04-19,09:01:48,2026-04-19T09:01:48+02:00,STATION,"Sabines",3,5,8,0.375,43.584211,3.860031
2026-04-19,09:01:48,2026-04-19T09:01:48+02:00,STATION,"Celleneuve",0,8,8,0.0,43.61467,3.832624
2026-04-19,09:01:48,2026-04-19T09:01:48+02:00,STATION,"Jardin de la Lironde",5,3,8,0.625,43.60585,3.911576
2026-04-19,09:01:48,2026-04-19T09:01:48+02:00,STATION,"Père Soulas",4,4,8,0.5,43.621983,3.855603
2026-04-19,09:01:48,2026-04-19T09:01:48+02:00,STATION,"Place Viala",6,1,8,0.875,43.616812,3.855075
2026-04-19,09:01:48,2026-04-19T09:01:48+02:00,STATION,"Hôtel du Département",2,6,8,0.25,43.621682,3.83477
2026-04-19,09:01:48,2026-04-19T09:01:48+02:00,STATION,"Tonnelles",1,7,8,0.125,43.615155,3.839466
2026-04-19,09:01:48,2026-04-19T09:01:48+02:00,STATION,"Parvis Jules Ferry - Gare Saint-Roch",2,6,8,0.25,43.603889,3.879362
2026-04-19,09:01:48,2026-04-19T09:01:48+02:00,STATION,"Pont de Lattes - Gare Saint-Roch",11,0,12,1.0,43.606036,3.882393
2026-04-19,09:01:48,2026-04-19T09:01:48+02:00,STATION,"Deux Ponts - Gare Saint-Roch",0,8,8,0.0,43.604319,3.880916
2026-04-19,09:01:48,2026-04-19T09:01:48+02:00,STATION,"Providence - Ovalie",2,6,8,0.25,43.588239,3.853421
2026-04-19,09:01:48,2026-04-19T09:01:48+02:00,STATION,"Pérols Etang de l Or",39,29,68,0.5735294117647058,43.558351,3.963412
2026-04-19,09:01:48,2026-04-19T09:01:48+02:00,STATION,"Albert 1er - Cathédrale",3,9,12,0.25,43.614005,3.873218
2026-04-19,09:01:48,2026-04-19T09:01:48+02:00,STATION,"Saint-Guilhem - Courreau",3,5,8,0.375,43.608996,3.872752
2026-04-19,09:01:48,2026-04-19T09:01:48+02:00,STATION,"Sud De France",1,6,8,0.25,43.59562,3.9235
2026-04-19,09:01:48,2026-04-19T09:01:48+02:00,STATION,"Comedie Baudin",0,8,8,0.0,43.608717,3.880787
2026-04-19,09:01:48,2026-04-19T09:01:48+02:00,STATION,"Jean de Beins",1,15,16,0.0625,43.609857,3.883884
2026-04-19,10:14:25,2026-04-19T10:14:25+02:00,STATION,"Rue Jules Ferry - Gare Saint-Roch",3,9,12,0.25,43.605366,3.881346
2026-04-19,10:14:25,2026-04-19T10:14:25+02:00,STATION,"Comédie",2,18,20,0.1,43.608148,3.878778
2026-04-19,10:14:25,2026-04-19T10:14:25+02:00,STATION,"Hôtel de Ville",16,0,16,1.0,43.599088,3.894866
2026-04-19,10:14:25,2026-04-19T10:14:25+02:00,STATION,"Corum",5,7,12,0.4166666666666667,43.613989,3.8816
2026-04-19,10:14:25,2026-04-19T10:14:25+02:00,STATION,"Place Albert 1er - St Charles",3,24,27,0.1111111111111111,43.616768,3.873375
2026-04-19,10:14:25,2026-04-19T10:14:25+02:00,STATION,"Foch",5,3,8,0.625,43.610989,3.873345
2026-04-19,10:14:25,2026-04-19T10:14:25+02:00,STATION,"Halles Castellane",0,12,12,0.0,43.609935,3.877208
2026-04-19,10:14:25,2026-04-19T10:14:25+02:00,STATION,"Observatoire",4,3,8,0.625,43.606301,3.87724
2026-04-19,10:14:25,2026-04-19T10:14:25+02:00,STATION,"Rondelet",1,15,16,0.0625,43.603038,3.875796
2026-04-19,10:14:25,2026-04-19T10:14:25+02:00,STATION,"Plan Cabanes",6,6,12,0.5,43.608491,3.868389
2026-04-19,10:14:25,2026-04-19T10:14:25+02:00,STATION,"Boutonnet",4,7,12,0.4166666666666667,43.622629,3.868375
2026-04-19,10:14:25,2026-04-19T10:14:25+02:00,STATION,"Emile Combes",1,7,8,0.125,43.616742,3.87998
2026-04-19,10:14:25,2026-04-19T10:14:25+02:00,STATION,"Beaux-Arts",2,14,16,0.125,43.616698,3.884981
2026-04-19,10:14:25,2026-04-19T10:14:25+02:00,STATION,"Les Aubes",4,4,8,0.5,43.618692,3.893844
2026-04-19,10:14:25,2026-04-19T10:14:25+02:00,STATION,"Antigone centre",0,12,12,0.0,43.607942,3.890634
2026-04-19,10:14:25,2026-04-19T10:14:25+02:00,STATION,"Médiathèque Emile Zola",8,8,16,0.5,43.608218,3.89314
2026-04-19,10:14:25,2026-04-19T10:14:25+02:00,STATION,"Nombre d Or",6,10,16,0.375,43.607859,3.886644
2026-04-19,10:14:25,2026-04-19T10:14:25+02:00,STATION,"Louis Blanc",5,11,16,0.3125,43.614642,3.877648
2026-04-19,10:14:25,2026-04-19T10:14:25+02:00,STATION,"Gambetta",3,5,8,0.375,43.607106,3.870693
2026-04-19,10:14:25,2026-04-19T10:14:25+02:00,STATION,"Port Marianne",10,6,16,0.625,43.60032,3.89851
2026-04-19,10:14:25,2026-04-19T10:14:25+02:00,STATION,"Les Arceaux",3,5,8,0.375,43.612659,3.867734
2026-04-19,10:14:25,2026-04-19T10:14:25+02:00,STATION,"Cité Mion",1,5,8,0.375,43.601143,3.884373
2026-04-19,10:14:25,2026-04-19T10:14:25+02:00,STATION,"Nouveau Saint-Roch",2,6,8,0.25,43.599817,3.875757
2026-04-19,10:14:25,2026-04-19T10:14:25+02:00,STATION,"Renouvier",2,5,8,0.375,43.603553,3.867884
2026-04-19,10:14:25,2026-04-19T10:14:25+02:00,STATION,"Odysseum",0,8,8,0.0,43.603727,3.918979
2026-04-19,10:14:25,2026-04-19T10:14:25+02:00,STATION,"Saint-Denis",0,8,8,0.0,43.605021,3.875065
2026-04-19,10:14:25,2026-04-19T10:14:25+02:00,STATION,"Richter",11,5,16,0.6875,43.603424,3.899263
2026-04-19,10:14:25,2026-04-19T10:14:25+02:00,STATION,"Charles Flahault",1,7,8,0.125,43.622038,3.86672
2026-04-19,10:14:25,2026-04-19T10:14:25+02:00,STATION,"Voltaire",8,0,8,1.0,43.603767,3.888659
2026-04-19,10:14:25,2026-04-19T10:14:25+02:00,STATION,"Prés d Arènes",4,4,8,0.5,43.59048,3.884611
2026-04-19,10:14:25,2026-04-19T10:14:25+02:00,STATION,"Garcia Lorca",6,2,8,0.75,43.590757,3.890616
2026-04-19,10:14:25,2026-04-19T10:14:25+02:00,STATION,"Vert Bois",2,14,16,0.125,43.63543,3.871179
2026-04-19,10:14:25,2026-04-19T10:14:25+02:00,STATION,"Malbosc",1,7,8,0.125,43.633679,3.832861
2026-04-19,10:14:25,2026-04-19T10:14:25+02:00,STATION,"Occitanie",16,16,32,0.5,43.635689,3.849597
2026-04-19,10:14:25,2026-04-19T10:14:25+02:00,STATION,"Fac des Sciences",5,19,24,0.20833333333333334,43.631318,3.861299
2026-04-19,10:14:25,2026-04-19T10:14:25+02:00,STATION,"Fac de Lettres",3,9,12,0.25,43.630437,3.869539
2026-04-19,10:14:25,2026-04-19T10:14:25+02:00,STATION,"Aiguelongue",6,1,8,0.875,43.626163,3.882492
2026-04-19,10:14:25,2026-04-19T10:14:25+02:00,STATION,"Jeu de Mail des Abbés",4,4,8,0.5,43.619701,3.883831
2026-04-19,10:14:25,2026-04-19T10:14:25+02:00,STATION,"Euromédecine",2,6,8,0.25,43.639119,3.828199
2026-04-19,10:14:25,2026-04-19T10:14:25+02:00,STATION,"Marie Caizergues",2,6,8,0.25,43.619871,3.873812
2026-04-19,10:14:25,2026-04-19T10:14:25+02:00,STATION,"Sabines",3,5,8,0.375,43.584211,3.860031
2026-04-19,10:14:25,2026-04-19T10:14:25+02:00,STATION,"Celleneuve",0,8,8,0.0,43.61467,3.832624
2026-04-19,10:14:25,2026-04-19T10:14:25+02:00,STATION,"Jardin de la Lironde",7,1,8,0.875,43.60585,3.911576
2026-04-19,10:14:25,2026-04-19T10:14:25+02:00,STATION,"Père Soulas",4,4,8,0.5,43.621983,3.855603
2026-04-19,10:14:25,2026-04-19T10:14:25+02:00,STATION,"Place Viala",3,4,8,0.5,43.616812,3.855075
2026-04-19,10:14:25,2026-04-19T10:14:25+02:00,STATION,"Hôtel du Département",2,6,8,0.25,43.621682,3.83477
2026-04-19,10:14:25,2026-04-19T10:14:25+02:00,STATION,"Tonnelles",2,6,8,0.25,43.615155,3.839466
2026-04-19,10:14:25,2026-04-19T10:14:25+02:00,STATION,"Parvis Jules Ferry - Gare Saint-Roch",2,6,8,0.25,43.603889,3.879362
2026-04-19,10:14:25,2026-04-19T10:14:25+02:00,STATION,"Pont de Lattes - Gare Saint-Roch",8,3,12,0.75,43.606036,3.882393
2026-04-19,10:14:25,2026-04-19T10:14:25+02:00,STATION,"Deux Ponts - Gare Saint-Roch",0,8,8,0.0,43.604319,3.880916
2026-04-19,10:14:25,2026-04-19T10:14:25+02:00,STATION,"Providence - Ovalie",2,6,8,0.25,43.588239,3.853421
2026-04-19,10:14:25,2026-04-19T10:14:25+02:00,STATION,"Pérols Etang de l Or",38,30,68,0.5588235294117647,43.558351,3.963412
2026-04-19,10:14:25,2026-04-19T10:14:25+02:00,STATION,"Albert 1er - Cathédrale",3,9,12,0.25,43.614005,3.873218
2026-04-19,10:14:25,2026-04-19T10:14:25+02:00,STATION,"Saint-Guilhem - Courreau",4,4,8,0.5,43.608996,3.872752
2026-04-19,10:14:25,2026-04-19T10:14:25+02:00,STATION,"Sud De France",2,5,8,0.375,43.59562,3.9235
2026-04-19,10:14:25,2026-04-19T10:14:25+02:00,STATION,"Comedie Baudin",0,8,8,0.0,43.608717,3.880787
2026-04-19,10:14:25,2026-04-19T10:14:25+02:00,STATION,"Jean de Beins",2,14,16,0.125,43.609857,3.883884
2026-04-19,11:16:37,2026-04-19T11:16:37+02:00,STATION,"Rue Jules Ferry - Gare Saint-Roch",3,9,12,0.25,43.605366,3.881346
2026-04-19,11:16:37,2026-04-19T11:16:37+02:00,STATION,"Comédie",2,18,20,0.1,43.608148,3.878778
2026-04-19,11:16:37,2026-04-19T11:16:37+02:00,STATION,"Hôtel de Ville",11,5,16,0.6875,43.599088,3.894866
2026-04-19,11:16:37,2026-04-19T11:16:37+02:00,STATION,"Corum",5,7,12,0.4166666666666667,43.613989,3.8816
2026-04-19,11:16:37,2026-04-19T11:16:37+02:00,STATION,"Place Albert 1er - St Charles",3,24,27,0.1111111111111111,43.616768,3.873375
2026-04-19,11:16:37,2026-04-19T11:16:37+02:00,STATION,"Foch",10,0,8,1.0,43.610989,3.873345
2026-04-19,11:16:37,2026-04-19T11:16:37+02:00,STATION,"Halles Castellane",0,12,12,0.0,43.609935,3.877208
2026-04-19,11:16:37,2026-04-19T11:16:37+02:00,STATION,"Observatoire",6,1,8,0.875,43.606301,3.87724
2026-04-19,11:16:37,2026-04-19T11:16:37+02:00,STATION,"Rondelet",1,15,16,0.0625,43.603038,3.875796
2026-04-19,11:16:37,2026-04-19T11:16:37+02:00,STATION,"Plan Cabanes",6,6,12,0.5,43.608491,3.868389
2026-04-19,11:16:37,2026-04-19T11:16:37+02:00,STATION,"Boutonnet",4,7,12,0.4166666666666667,43.622629,3.868375
2026-04-19,11:16:37,2026-04-19T11:16:37+02:00,STATION,"Emile Combes",1,7,8,0.125,43.616742,3.87998
2026-04-19,11:16:37,2026-04-19T11:16:37+02:00,STATION,"Beaux-Arts",2,14,16,0.125,43.616698,3.884981
2026-04-19,11:16:37,2026-04-19T11:16:37+02:00,STATION,"Les Aubes",4,4,8,0.5,43.618692,3.893844
2026-04-19,11:16:37,2026-04-19T11:16:37+02:00,STATION,"Antigone centre",0,12,12,0.0,43.607942,3.890634
2026-04-19,11:16:37,2026-04-19T11:16:37+02:00,STATION,"Médiathèque Emile Zola",9,7,16,0.5625,43.608218,3.89314
2026-04-19,11:16:37,2026-04-19T11:16:37+02:00,STATION,"Nombre d Or",8,8,16,0.5,43.607859,3.886644
2026-04-19,11:16:37,2026-04-19T11:16:37+02:00,STATION,"Louis Blanc",5,11,16,0.3125,43.614642,3.877648
2026-04-19,11:16:37,2026-04-19T11:16:37+02:00,STATION,"Gambetta",3,5,8,0.375,43.607106,3.870693
2026-04-19,11:16:37,2026-04-19T11:16:37+02:00,STATION,"Port Marianne",8,8,16,0.5,43.60032,3.89851
2026-04-19,11:16:37,2026-04-19T11:16:37+02:00,STATION,"Les Arceaux",3,5,8,0.375,43.612659,3.867734
2026-04-19,11:16:37,2026-04-19T11:16:37+02:00,STATION,"Cité Mion",1,5,8,0.375,43.601143,3.884373
2026-04-19,11:16:37,2026-04-19T11:16:37+02:00,STATION,"Nouveau Saint-Roch",2,6,8,0.25,43.599817,3.875757
2026-04-19,11:16:37,2026-04-19T11:16:37+02:00,STATION,"Renouvier",2,5,8,0.375,43.603553,3.867884
2026-04-19,11:16:37,2026-04-19T11:16:37+02:00,STATION,"Odysseum",0,8,8,0.0,43.603727,3.918979
2026-04-19,11:16:37,2026-04-19T11:16:37+02:00,STATION,"Saint-Denis",0,8,8,0.0,43.605021,3.875065
2026-04-19,11:16:37,2026-04-19T11:16:37+02:00,STATION,"Richter",11,5,16,0.6875,43.603424,3.899263
2026-04-19,11:16:37,2026-04-19T11:16:37+02:00,STATION,"Charles Flahault",1,7,8,0.125,43.622038,3.86672
2026-04-19,11:16:37,2026-04-19T11:16:37+02:00,STATION,"Voltaire",8,0,8,1.0,43.603767,3.888659
2026-04-19,11:16:37,2026-04-19T11:16:37+02:00,STATION,"Prés d Arènes",4,4,8,0.5,43.59048,3.884611
2026-04-19,11:16:37,2026-04-19T11:16:37+02:00,STATION,"Garcia Lorca",7,1,8,0.875,43.590757,3.890616
2026-04-19,11:16:37,2026-04-19T11:16:37+02:00,STATION,"Vert Bois",2,14,16,0.125,43.63543,3.871179
2026-04-19,11:16:37,2026-04-19T11:16:37+02:00,STATION,"Malbosc",1,7,8,0.125,43.633679,3.832861
2026-04-19,11:16:37,2026-04-19T11:16:37+02:00,STATION,"Occitanie",9,23,32,0.28125,43.635689,3.849597
2026-04-19,11:16:37,2026-04-19T11:16:37+02:00,STATION,"Fac des Sciences",7,17,24,0.2916666666666667,43.631318,3.861299
2026-04-19,11:16:37,2026-04-19T11:16:37+02:00,STATION,"Fac de Lettres",3,9,12,0.25,43.630437,3.869539
2026-04-19,11:16:37,2026-04-19T11:16:37+02:00,STATION,"Aiguelongue",6,1,8,0.875,43.626163,3.882492
2026-04-19,11:16:37,2026-04-19T11:16:37+02:00,STATION,"Jeu de Mail des Abbés",4,4,8,0.5,43.619701,3.883831
2026-04-19,11:16:37,2026-04-19T11:16:37+02:00,STATION,"Euromédecine",2,6,8,0.25,43.639119,3.828199
2026-04-19,11:16:37,2026-04-19T11:16:37+02:00,STATION,"Marie Caizergues",1,7,8,0.125,43.619871,3.873812
2026-04-19,11:16:37,2026-04-19T11:16:37+02:00,STATION,"Sabines",3,5,8,0.375,43.584211,3.860031
2026-04-19,11:16:37,2026-04-19T11:16:37+02:00,STATION,"Celleneuve",0,8,8,0.0,43.61467,3.832624
2026-04-19,11:16:37,2026-04-19T11:16:37+02:00,STATION,"Jardin de la Lironde",6,2,8,0.75,43.60585,3.911576
2026-04-19,11:16:37,2026-04-19T11:16:37+02:00,STATION,"Père Soulas",4,4,8,0.5,43.621983,3.855603
2026-04-19,11:16:37,2026-04-19T11:16:37+02:00,STATION,"Place Viala",3,4,8,0.5,43.616812,3.855075
2026-04-19,11:16:37,2026-04-19T11:16:37+02:00,STATION,"Hôtel du Département",2,6,8,0.25,43.621682,3.83477
2026-04-19,11:16:37,2026-04-19T11:16:37+02:00,STATION,"Tonnelles",2,6,8,0.25,43.615155,3.839466
2026-04-19,11:16:37,2026-04-19T11:16:37+02:00,STATION,"Parvis Jules Ferry - Gare Saint-Roch",6,2,8,0.75,43.603889,3.879362
2026-04-19,11:16:37,2026-04-19T11:16:37+02:00,STATION,"Pont de Lattes - Gare Saint-Roch",7,4,12,0.6666666666666666,43.606036,3.882393
2026-04-19,11:16:37,2026-04-19T11:16:37+02:00,STATION,"Deux Ponts - Gare Saint-Roch",0,8,8,0.0,43.604319,3.880916
2026-04-19,11:16:37,2026-04-19T11:16:37+02:00,STATION,"Providence - Ovalie",2,6,8,0.25,43.588239,3.853421
2026-04-19,11:16:37,2026-04-19T11:16:37+02:00,STATION,"Pérols Etang de l Or",33,35,68,0.4852941176470588,43.558351,3.963412
2026-04-19,11:16:37,2026-04-19T11:16:37+02:00,STATION,"Albert 1er - Cathédrale",3,9,12,0.25,43.614005,3.873218
2026-04-19,11:16:37,2026-04-19T11:16:37+02:00,STATION,"Saint-Guilhem - Courreau",9,0,8,1.0,43.608996,3.872752
2026-04-19,11:16:37,2026-04-19T11:16:37+02:00,STATION,"Sud De France",2,5,8,0.375,43.59562,3.9235
2026-04-19,11:16:37,2026-04-19T11:16:37+02:00,STATION,"Comedie Baudin",0,8,8,0.0,43.608717,3.880787
2026-04-19,11:16:37,2026-04-19T11:16:37+02:00,STATION,"Jean de Beins",2,14,16,0.125,43.609857,3.883884
2026-04-19,12:11:15,2026-04-19T12:11:15+02:00,STATION,"Rue Jules Ferry - Gare Saint-Roch",3,9,12,0.25,43.605366,3.881346
2026-04-19,12:11:15,2026-04-19T12:11:15+02:00,STATION,"Comédie",1,19,20,0.05,43.608148,3.878778
2026-04-19,12:11:15,2026-04-19T12:11:15+02:00,STATION,"Hôtel de Ville",11,5,16,0.6875,43.599088,3.894866
2026-04-19,12:11:15,2026-04-19T12:11:15+02:00,STATION,"Corum",4,8,12,0.3333333333333333,43.613989,3.8816
2026-04-19,12:11:15,2026-04-19T12:11:15+02:00,STATION,"Place Albert 1er - St Charles",2,25,27,0.07407407407407407,43.616768,3.873375
2026-04-19,12:11:15,2026-04-19T12:11:15+02:00,STATION,"Foch",10,0,8,1.0,43.610989,3.873345
2026-04-19,12:11:15,2026-04-19T12:11:15+02:00,STATION,"Halles Castellane",0,12,12,0.0,43.609935,3.877208
2026-04-19,12:11:15,2026-04-19T12:11:15+02:00,STATION,"Observatoire",9,0,8,1.0,43.606301,3.87724
2026-04-19,12:11:15,2026-04-19T12:11:15+02:00,STATION,"Rondelet",1,15,16,0.0625,43.603038,3.875796
2026-04-19,12:11:15,2026-04-19T12:11:15+02:00,STATION,"Plan Cabanes",7,5,12,0.5833333333333334,43.608491,3.868389
2026-04-19,12:11:15,2026-04-19T12:11:15+02:00,STATION,"Boutonnet",2,9,12,0.25,43.622629,3.868375
2026-04-19,12:11:15,2026-04-19T12:11:15+02:00,STATION,"Emile Combes",1,7,8,0.125,43.616742,3.87998
2026-04-19,12:11:15,2026-04-19T12:11:15+02:00,STATION,"Beaux-Arts",2,14,16,0.125,43.616698,3.884981
2026-04-19,12:11:15,2026-04-19T12:11:15+02:00,STATION,"Les Aubes",4,4,8,0.5,43.618692,3.893844
2026-04-19,12:11:15,2026-04-19T12:11:15+02:00,STATION,"Antigone centre",0,12,12,0.0,43.607942,3.890634
2026-04-19,12:11:15,2026-04-19T12:11:15+02:00,STATION,"Médiathèque Emile Zola",8,8,16,0.5,43.608218,3.89314
2026-04-19,12:11:15,2026-04-19T12:11:15+02:00,STATION,"Nombre d Or",10,6,16,0.625,43.607859,3.886644
2026-04-19,12:11:15,2026-04-19T12:11:15+02:00,STATION,"Louis Blanc",6,10,16,0.375,43.614642,3.877648
2026-04-19,12:11:15,2026-04-19T12:11:15+02:00,STATION,"Gambetta",3,5,8,0.375,43.607106,3.870693
2026-04-19,12:11:15,2026-04-19T12:11:15+02:00,STATION,"Port Marianne",9,7,16,0.5625,43.60032,3.89851
2026-04-19,12:11:15,2026-04-19T12:11:15+02:00,STATION,"Les Arceaux",2,6,8,0.25,43.612659,3.867734
2026-04-19,12:11:15,2026-04-19T12:11:15+02:00,STATION,"Cité Mion",1,5,8,0.375,43.601143,3.884373
2026-04-19,12:11:15,2026-04-19T12:11:15+02:00,STATION,"Nouveau Saint-Roch",2,6,8,0.25,43.599817,3.875757
2026-04-19,12:11:15,2026-04-19T12:11:15+02:00,STATION,"Renouvier",2,5,8,0.375,43.603553,3.867884
2026-04-19,12:11:15,2026-04-19T12:11:15+02:00,STATION,"Odysseum",0,8,8,0.0,43.603727,3.918979
2026-04-19,12:11:15,2026-04-19T12:11:15+02:00,STATION,"Saint-Denis",0,8,8,0.0,43.605021,3.875065
2026-04-19,12:11:15,2026-04-19T12:11:15+02:00,STATION,"Richter",11,5,16,0.6875,43.603424,3.899263
2026-04-19,12:11:15,2026-04-19T12:11:15+02:00,STATION,"Charles Flahault",1,7,8,0.125,43.622038,3.86672
2026-04-19,12:11:15,2026-04-19T12:11:15+02:00,STATION,"Voltaire",8,0,8,1.0,43.603767,3.888659
2026-04-19,12:11:15,2026-04-19T12:11:15+02:00,STATION,"Prés d Arènes",4,4,8,0.5,43.59048,3.884611
2026-04-19,12:11:15,2026-04-19T12:11:15+02:00,STATION,"Garcia Lorca",5,3,8,0.625,43.590757,3.890616
2026-04-19,12:11:15,2026-04-19T12:11:15+02:00,STATION,"Vert Bois",2,14,16,0.125,43.63543,3.871179
2026-04-19,12:11:15,2026-04-19T12:11:15+02:00,STATION,"Malbosc",1,7,8,0.125,43.633679,3.832861
2026-04-19,12:11:15,2026-04-19T12:11:15+02:00,STATION,"Occitanie",10,22,32,0.3125,43.635689,3.849597
2026-04-19,12:11:15,2026-04-19T12:11:15+02:00,STATION,"Fac des Sciences",5,19,24,0.20833333333333334,43.631318,3.861299
2026-04-19,12:11:15,2026-04-19T12:11:15+02:00,STATION,"Fac de Lettres",1,11,12,0.08333333333333333,43.630437,3.869539
2026-04-19,12:11:15,2026-04-19T12:11:15+02:00,STATION,"Aiguelongue",6,1,8,0.875,43.626163,3.882492
2026-04-19,12:11:15,2026-04-19T12:11:15+02:00,STATION,"Jeu de Mail des Abbés",4,4,8,0.5,43.619701,3.883831
2026-04-19,12:11:15,2026-04-19T12:11:15+02:00,STATION,"Euromédecine",2,6,8,0.25,43.639119,3.828199
2026-04-19,12:11:15,2026-04-19T12:11:15+02:00,STATION,"Marie Caizergues",1,7,8,0.125,43.619871,3.873812
2026-04-19,12:11:15,2026-04-19T12:11:15+02:00,STATION,"Sabines",3,5,8,0.375,43.584211,3.860031
2026-04-19,12:11:15,2026-04-19T12:11:15+02:00,STATION,"Celleneuve",0,8,8,0.0,43.61467,3.832624
2026-04-19,12:11:15,2026-04-19T12:11:15+02:00,STATION,"Jardin de la Lironde",6,2,8,0.75,43.60585,3.911576
2026-04-19,12:11:15,2026-04-19T12:11:15+02:00,STATION,"Père Soulas",2,6,8,0.25,43.621983,3.855603
2026-04-19,12:11:15,2026-04-19T12:11:15+02:00,STATION,"Place Viala",2,5,8,0.375,43.616812,3.855075
2026-04-19,12:11:15,2026-04-19T12:11:15+02:00,STATION,"Hôtel du Département",2,6,8,0.25,43.621682,3.83477
2026-04-19,12:11:15,2026-04-19T12:11:15+02:00,STATION,"Tonnelles",2,6,8,0.25,43.615155,3.839466
2026-04-19,12:11:15,2026-04-19T12:11:15+02:00,STATION,"Parvis Jules Ferry - Gare Saint-Roch",7,1,8,0.875,43.603889,3.879362
2026-04-19,12:11:15,2026-04-19T12:11:15+02:00,STATION,"Pont de Lattes - Gare Saint-Roch",7,4,12,0.6666666666666666,43.606036,3.882393
2026-04-19,12:11:15,2026-04-19T12:11:15+02:00,STATION,"Deux Ponts - Gare Saint-Roch",0,8,8,0.0,43.604319,3.880916
2026-04-19,12:11:15,2026-04-19T12:11:15+02:00,STATION,"Providence - Ovalie",2,6,8,0.25,43.588239,3.853421
2026-04-19,12:11:15,2026-04-19T12:11:15+02:00,STATION,"Pérols Etang de l Or",30,38,68,0.4411764705882353,43.558351,3.963412
2026-04-19,12:11:15,2026-04-19T12:11:15+02:00,STATION,"Albert 1er - Cathédrale",3,9,12,0.25,43.614005,3.873218
2026-04-19,12:11:15,2026-04-19T12:11:15+02:00,STATION,"Saint-Guilhem - Courreau",7,1,8,0.875,43.608996,3.872752
2026-04-19,12:11:15,2026-04-19T12:11:15+02:00,STATION,"Sud De France",2,5,8,0.375,43.59562,3.9235
2026-04-19,12:11:15,2026-04-19T12:11:15+02:00,STATION,"Comedie Baudin",0,8,8,0.0,43.608717,3.880787
2026-04-19,12:11:15,2026-04-19T12:11:15+02:00,STATION,"Jean de Beins",2,14,16,0.125,43.609857,3.883884
2026-04-19,13:11:05,2026-04-19T13:11:05+02:00,STATION,"Rue Jules Ferry - Gare Saint-Roch",3,9,12,0.25,43.605366,3.881346
2026-04-19,13:11:05,2026-04-19T13:11:05+02:00,STATION,"Comédie",1,19,20,0.05,43.608148,3.878778
2026-04-19,13:11:05,2026-04-19T13:11:05+02:00,STATION,"Hôtel de Ville",10,6,16,0.625,43.599088,3.894866
2026-04-19,13:11:05,2026-04-19T13:11:05+02:00,STATION,"Corum",3,9,12,0.25,43.613989,3.8816
2026-04-19,13:11:05,2026-04-19T13:11:05+02:00,STATION,"Place Albert 1er - St Charles",4,23,27,0.14814814814814814,43.616768,3.873375
2026-04-19,13:11:05,2026-04-19T13:11:05+02:00,STATION,"Foch",9,0,8,1.0,43.610989,3.873345
2026-04-19,13:11:05,2026-04-19T13:11:05+02:00,STATION,"Halles Castellane",0,12,12,0.0,43.609935,3.877208
2026-04-19,13:11:05,2026-04-19T13:11:05+02:00,STATION,"Observatoire",8,0,8,1.0,43.606301,3.87724
2026-04-19,13:11:05,2026-04-19T13:11:05+02:00,STATION,"Rondelet",1,15,16,0.0625,43.603038,3.875796
2026-04-19,13:11:05,2026-04-19T13:11:05+02:00,STATION,"Plan Cabanes",6,6,12,0.5,43.608491,3.868389
2026-04-19,13:11:05,2026-04-19T13:11:05+02:00,STATION,"Boutonnet",2,9,12,0.25,43.622629,3.868375
2026-04-19,13:11:05,2026-04-19T13:11:05+02:00,STATION,"Emile Combes",1,7,8,0.125,43.616742,3.87998
2026-04-19,13:11:05,2026-04-19T13:11:05+02:00,STATION,"Beaux-Arts",1,15,16,0.0625,43.616698,3.884981
2026-04-19,13:11:05,2026-04-19T13:11:05+02:00,STATION,"Les Aubes",4,4,8,0.5,43.618692,3.893844
2026-04-19,13:11:05,2026-04-19T13:11:05+02:00,STATION,"Antigone centre",2,10,12,0.16666666666666666,43.607942,3.890634
2026-04-19,13:11:05,2026-04-19T13:11:05+02:00,STATION,"Médiathèque Emile Zola",5,11,16,0.3125,43.608218,3.89314
2026-04-19,13:11:05,2026-04-19T13:11:05+02:00,STATION,"Nombre d Or",11,5,16,0.6875,43.607859,3.886644
2026-04-19,13:11:05,2026-04-19T13:11:05+02:00,STATION,"Louis Blanc",5,11,16,0.3125,43.614642,3.877648
2026-04-19,13:11:05,2026-04-19T13:11:05+02:00,STATION,"Gambetta",3,5,8,0.375,43.607106,3.870693
2026-04-19,13:11:05,2026-04-19T13:11:05+02:00,STATION,"Port Marianne",10,6,16,0.625,43.60032,3.89851
2026-04-19,13:11:05,2026-04-19T13:11:05+02:00,STATION,"Les Arceaux",1,7,8,0.125,43.612659,3.867734
2026-04-19,13:11:05,2026-04-19T13:11:05+02:00,STATION,"Cité Mion",0,6,8,0.25,43.601143,3.884373
2026-04-19,13:11:05,2026-04-19T13:11:05+02:00,STATION,"Nouveau Saint-Roch",2,6,8,0.25,43.599817,3.875757
2026-04-19,13:11:05,2026-04-19T13:11:05+02:00,STATION,"Renouvier",1,6,8,0.25,43.603553,3.867884
2026-04-19,13:11:05,2026-04-19T13:11:05+02:00,STATION,"Odysseum",0,8,8,0.0,43.603727,3.918979
2026-04-19,13:11:05,2026-04-19T13:11:05+02:00,STATION,"Saint-Denis",0,8,8,0.0,43.605021,3.875065
2026-04-19,13:11:05,2026-04-19T13:11:05+02:00,STATION,"Richter",14,2,16,0.875,43.603424,3.899263
2026-04-19,13:11:05,2026-04-19T13:11:05+02:00,STATION,"Charles Flahault",1,7,8,0.125,43.622038,3.86672
2026-04-19,13:11:05,2026-04-19T13:11:05+02:00,STATION,"Voltaire",8,0,8,1.0,43.603767,3.888659
2026-04-19,13:11:05,2026-04-19T13:11:05+02:00,STATION,"Prés d Arènes",4,4,8,0.5,43.59048,3.884611
2026-04-19,13:11:05,2026-04-19T13:11:05+02:00,STATION,"Garcia Lorca",5,3,8,0.625,43.590757,3.890616
2026-04-19,13:11:05,2026-04-19T13:11:05+02:00,STATION,"Vert Bois",2,14,16,0.125,43.63543,3.871179
2026-04-19,13:11:05,2026-04-19T13:11:05+02:00,STATION,"Malbosc",1,7,8,0.125,43.633679,3.832861
2026-04-19,13:11:05,2026-04-19T13:11:05+02:00,STATION,"Occitanie",16,16,32,0.5,43.635689,3.849597
2026-04-19,13:11:05,2026-04-19T13:11:05+02:00,STATION,"Fac des Sciences",4,20,24,0.16666666666666666,43.631318,3.861299
2026-04-19,13:11:05,2026-04-19T13:11:05+02:00,STATION,"Fac de Lettres",1,11,12,0.08333333333333333,43.630437,3.869539
2026-04-19,13:11:05,2026-04-19T13:11:05+02:00,STATION,"Aiguelongue",5,2,8,0.75,43.626163,3.882492
2026-04-19,13:11:05,2026-04-19T13:11:05+02:00,STATION,"Jeu de Mail des Abbés",4,4,8,0.5,43.619701,3.883831
2026-04-19,13:11:05,2026-04-19T13:11:05+02:00,STATION,"Euromédecine",2,6,8,0.25,43.639119,3.828199
2026-04-19,13:11:05,2026-04-19T13:11:05+02:00,STATION,"Marie Caizergues",0,8,8,0.0,43.619871,3.873812
2026-04-19,13:11:05,2026-04-19T13:11:05+02:00,STATION,"Sabines",3,5,8,0.375,43.584211,3.860031
2026-04-19,13:11:05,2026-04-19T13:11:05+02:00,STATION,"Celleneuve",1,7,8,0.125,43.61467,3.832624
2026-04-19,13:11:05,2026-04-19T13:11:05+02:00,STATION,"Jardin de la Lironde",3,5,8,0.375,43.60585,3.911576
2026-04-19,13:11:05,2026-04-19T13:11:05+02:00,STATION,"Père Soulas",2,6,8,0.25,43.621983,3.855603
2026-04-19,13:11:05,2026-04-19T13:11:05+02:00,STATION,"Place Viala",4,3,8,0.625,43.616812,3.855075
2026-04-19,13:11:05,2026-04-19T13:11:05+02:00,STATION,"Hôtel du Département",2,6,8,0.25,43.621682,3.83477
2026-04-19,13:11:05,2026-04-19T13:11:05+02:00,STATION,"Tonnelles",2,6,8,0.25,43.615155,3.839466
2026-04-19,13:11:05,2026-04-19T13:11:05+02:00,STATION,"Parvis Jules Ferry - Gare Saint-Roch",6,2,8,0.75,43.603889,3.879362
2026-04-19,13:11:05,2026-04-19T13:11:05+02:00,STATION,"Pont de Lattes - Gare Saint-Roch",5,6,12,0.5,43.606036,3.882393
2026-04-19,13:11:05,2026-04-19T13:11:05+02:00,STATION,"Deux Ponts - Gare Saint-Roch",0,8,8,0.0,43.604319,3.880916
2026-04-19,13:11:05,2026-04-19T13:11:05+02:00,STATION,"Providence - Ovalie",2,6,8,0.25,43.588239,3.853421
2026-04-19,13:11:05,2026-04-19T13:11:05+02:00,STATION,"Pérols Etang de l Or",24,44,68,0.35294117647058826,43.558351,3.963412
2026-04-19,13:11:05,2026-04-19T13:11:05+02:00,STATION,"Albert 1er - Cathédrale",3,9,12,0.25,43.614005,3.873218
2026-04-19,13:11:05,2026-04-19T13:11:05+02:00,STATION,"Saint-Guilhem - Courreau",8,0,8,1.0,43.608996,3.872752
2026-04-19,13:11:05,2026-04-19T13:11:05+02:00,STATION,"Sud De France",6,1,8,0.875,43.59562,3.9235
2026-04-19,13:11:05,2026-04-19T13:11:05+02:00,STATION,"Comedie Baudin",0,8,8,0.0,43.608717,3.880787
2026-04-19,13:11:05,2026-04-19T13:11:05+02:00,STATION,"Jean de Beins",2,14,16,0.125,43.609857,3.883884
2026-04-19,14:01:26,2026-04-19T14:01:26+02:00,STATION,"Rue Jules Ferry - Gare Saint-Roch",3,9,12,0.25,43.605366,3.881346
2026-04-19,14:01:26,2026-04-19T14:01:26+02:00,STATION,"Comédie",1,19,20,0.05,43.608148,3.878778
2026-04-19,14:01:26,2026-04-19T14:01:26+02:00,STATION,"Hôtel de Ville",10,6,16,0.625,43.599088,3.894866
2026-04-19,14:01:26,2026-04-19T14:01:26+02:00,STATION,"Corum",4,8,12,0.3333333333333333,43.613989,3.8816
2026-04-19,14:01:26,2026-04-19T14:01:26+02:00,STATION,"Place Albert 1er - St Charles",5,22,27,0.18518518518518517,43.616768,3.873375
2026-04-19,14:01:26,2026-04-19T14:01:26+02:00,STATION,"Foch",9,0,8,1.0,43.610989,3.873345
2026-04-19,14:01:26,2026-04-19T14:01:26+02:00,STATION,"Halles Castellane",0,12,12,0.0,43.609935,3.877208
2026-04-19,14:01:26,2026-04-19T14:01:26+02:00,STATION,"Observatoire",8,0,8,1.0,43.606301,3.87724
2026-04-19,14:01:26,2026-04-19T14:01:26+02:00,STATION,"Rondelet",1,15,16,0.0625,43.603038,3.875796
2026-04-19,14:01:26,2026-04-19T14:01:26+02:00,STATION,"Plan Cabanes",6,6,12,0.5,43.608491,3.868389
2026-04-19,14:01:26,2026-04-19T14:01:26+02:00,STATION,"Boutonnet",1,10,12,0.16666666666666666,43.622629,3.868375
2026-04-19,14:01:26,2026-04-19T14:01:26+02:00,STATION,"Emile Combes",1,7,8,0.125,43.616742,3.87998
2026-04-19,14:01:26,2026-04-19T14:01:26+02:00,STATION,"Beaux-Arts",1,15,16,0.0625,43.616698,3.884981
2026-04-19,14:01:26,2026-04-19T14:01:26+02:00,STATION,"Les Aubes",4,4,8,0.5,43.618692,3.893844
2026-04-19,14:01:26,2026-04-19T14:01:26+02:00,STATION,"Antigone centre",2,10,12,0.16666666666666666,43.607942,3.890634
2026-04-19,14:01:26,2026-04-19T14:01:26+02:00,STATION,"Médiathèque Emile Zola",5,11,16,0.3125,43.608218,3.89314
2026-04-19,14:01:26,2026-04-19T14:01:26+02:00,STATION,"Nombre d Or",13,3,16,0.8125,43.607859,3.886644
2026-04-19,14:01:26,2026-04-19T14:01:26+02:00,STATION,"Louis Blanc",7,9,16,0.4375,43.614642,3.877648
2026-04-19,14:01:26,2026-04-19T14:01:26+02:00,STATION,"Gambetta",3,5,8,0.375,43.607106,3.870693
2026-04-19,14:01:26,2026-04-19T14:01:26+02:00,STATION,"Port Marianne",9,7,16,0.5625,43.60032,3.89851
2026-04-19,14:01:26,2026-04-19T14:01:26+02:00,STATION,"Les Arceaux",1,7,8,0.125,43.612659,3.867734
2026-04-19,14:01:26,2026-04-19T14:01:26+02:00,STATION,"Cité Mion",0,6,8,0.25,43.601143,3.884373
2026-04-19,14:01:26,2026-04-19T14:01:26+02:00,STATION,"Nouveau Saint-Roch",2,6,8,0.25,43.599817,3.875757
2026-04-19,14:01:26,2026-04-19T14:01:26+02:00,STATION,"Renouvier",1,6,8,0.25,43.603553,3.867884
2026-04-19,14:01:26,2026-04-19T14:01:26+02:00,STATION,"Odysseum",0,8,8,0.0,43.603727,3.918979
2026-04-19,14:01:26,2026-04-19T14:01:26+02:00,STATION,"Saint-Denis",0,8,8,0.0,43.605021,3.875065
2026-04-19,14:01:26,2026-04-19T14:01:26+02:00,STATION,"Richter",13,3,16,0.8125,43.603424,3.899263
2026-04-19,14:01:26,2026-04-19T14:01:26+02:00,STATION,"Charles Flahault",1,7,8,0.125,43.622038,3.86672
2026-04-19,14:01:26,2026-04-19T14:01:26+02:00,STATION,"Voltaire",8,0,8,1.0,43.603767,3.888659
2026-04-19,14:01:26,2026-04-19T14:01:26+02:00,STATION,"Prés d Arènes",4,4,8,0.5,43.59048,3.884611
2026-04-19,14:01:26,2026-04-19T14:01:26+02:00,STATION,"Garcia Lorca",4,4,8,0.5,43.590757,3.890616
2026-04-19,14:01:26,2026-04-19T14:01:26+02:00,STATION,"Vert Bois",2,14,16,0.125,43.63543,3.871179
2026-04-19,14:01:26,2026-04-19T14:01:26+02:00,STATION,"Malbosc",1,7,8,0.125,43.633679,3.832861
2026-04-19,14:01:26,2026-04-19T14:01:26+02:00,STATION,"Occitanie",16,16,32,0.5,43.635689,3.849597
2026-04-19,14:01:26,2026-04-19T14:01:26+02:00,STATION,"Fac des Sciences",5,19,24,0.20833333333333334,43.631318,3.861299
2026-04-19,14:01:26,2026-04-19T14:01:26+02:00,STATION,"Fac de Lettres",1,11,12,0.08333333333333333,43.630437,3.869539
2026-04-19,14:01:26,2026-04-19T14:01:26+02:00,STATION,"Aiguelongue",5,2,8,0.75,43.626163,3.882492
2026-04-19,14:01:26,2026-04-19T14:01:26+02:00,STATION,"Jeu de Mail des Abbés",4,4,8,0.5,43.619701,3.883831
2026-04-19,14:01:26,2026-04-19T14:01:26+02:00,STATION,"Euromédecine",2,6,8,0.25,43.639119,3.828199
2026-04-19,14:01:26,2026-04-19T14:01:26+02:00,STATION,"Marie Caizergues",1,7,8,0.125,43.619871,3.873812
2026-04-19,14:01:26,2026-04-19T14:01:26+02:00,STATION,"Sabines",3,5,8,0.375,43.584211,3.860031
2026-04-19,14:01:26,2026-04-19T14:01:26+02:00,STATION,"Celleneuve",1,7,8,0.125,43.61467,3.832624
2026-04-19,14:01:26,2026-04-19T14:01:26+02:00,STATION,"Jardin de la Lironde",3,5,8,0.375,43.60585,3.911576
2026-04-19,14:01:26,2026-04-19T14:01:26+02:00,STATION,"Père Soulas",2,6,8,0.25,43.621983,3.855603
2026-04-19,14:01:26,2026-04-19T14:01:26+02:00,STATION,"Place Viala",5,2,8,0.75,43.616812,3.855075
2026-04-19,14:01:26,2026-04-19T14:01:26+02:00,STATION,"Hôtel du Département",2,6,8,0.25,43.621682,3.83477
2026-04-19,14:01:26,2026-04-19T14:01:26+02:00,STATION,"Tonnelles",2,6,8,0.25,43.615155,3.839466
2026-04-19,14:01:26,2026-04-19T14:01:26+02:00,STATION,"Parvis Jules Ferry - Gare Saint-Roch",4,4,8,0.5,43.603889,3.879362
2026-04-19,14:01:26,2026-04-19T14:01:26+02:00,STATION,"Pont de Lattes - Gare Saint-Roch",2,9,12,0.25,43.606036,3.882393
2026-04-19,14:01:26,2026-04-19T14:01:26+02:00,STATION,"Deux Ponts - Gare Saint-Roch",0,8,8,0.0,43.604319,3.880916
2026-04-19,14:01:26,2026-04-19T14:01:26+02:00,STATION,"Providence - Ovalie",2,6,8,0.25,43.588239,3.853421
2026-04-19,14:01:26,2026-04-19T14:01:26+02:00,STATION,"Pérols Etang de l Or",21,47,68,0.3088235294117647,43.558351,3.963412
2026-04-19,14:01:26,2026-04-19T14:01:26+02:00,STATION,"Albert 1er - Cathédrale",3,9,12,0.25,43.614005,3.873218
2026-04-19,14:01:26,2026-04-19T14:01:26+02:00,STATION,"Saint-Guilhem - Courreau",7,1,8,0.875,43.608996,3.872752
2026-04-19,14:01:26,2026-04-19T14:01:26+02:00,STATION,"Sud De France",5,2,8,0.75,43.59562,3.9235
2026-04-19,14:01:26,2026-04-19T14:01:26+02:00,STATION,"Comedie Baudin",0,8,8,0.0,43.608717,3.880787
2026-04-19,14:01:26,2026-04-19T14:01:26+02:00,STATION,"Jean de Beins",2,14,16,0.125,43.609857,3.883884
2026-04-19,15:20:14,2026-04-19T15:20:14+02:00,STATION,"Rue Jules Ferry - Gare Saint-Roch",3,9,12,0.25,43.605366,3.881346
2026-04-19,15:20:14,2026-04-19T15:20:14+02:00,STATION,"Comédie",1,19,20,0.05,43.608148,3.878778
2026-04-19,15:20:14,2026-04-19T15:20:14+02:00,STATION,"Hôtel de Ville",10,6,16,0.625,43.599088,3.894866
2026-04-19,15:20:14,2026-04-19T15:20:14+02:00,STATION,"Corum",5,7,12,0.4166666666666667,43.613989,3.8816
2026-04-19,15:20:14,2026-04-19T15:20:14+02:00,STATION,"Place Albert 1er - St Charles",6,21,27,0.2222222222222222,43.616768,3.873375
2026-04-19,15:20:14,2026-04-19T15:20:14+02:00,STATION,"Foch",9,0,8,1.0,43.610989,3.873345
2026-04-19,15:20:14,2026-04-19T15:20:14+02:00,STATION,"Halles Castellane",0,12,12,0.0,43.609935,3.877208
2026-04-19,15:20:14,2026-04-19T15:20:14+02:00,STATION,"Observatoire",6,1,8,0.875,43.606301,3.87724
2026-04-19,15:20:14,2026-04-19T15:20:14+02:00,STATION,"Rondelet",1,15,16,0.0625,43.603038,3.875796
2026-04-19,15:20:14,2026-04-19T15:20:14+02:00,STATION,"Plan Cabanes",6,6,12,0.5,43.608491,3.868389
2026-04-19,15:20:14,2026-04-19T15:20:14+02:00,STATION,"Boutonnet",1,10,12,0.16666666666666666,43.622629,3.868375
2026-04-19,15:20:14,2026-04-19T15:20:14+02:00,STATION,"Emile Combes",1,7,8,0.125,43.616742,3.87998
2026-04-19,15:20:14,2026-04-19T15:20:14+02:00,STATION,"Beaux-Arts",1,15,16,0.0625,43.616698,3.884981
2026-04-19,15:20:14,2026-04-19T15:20:14+02:00,STATION,"Les Aubes",4,4,8,0.5,43.618692,3.893844
2026-04-19,15:20:14,2026-04-19T15:20:14+02:00,STATION,"Antigone centre",1,11,12,0.08333333333333333,43.607942,3.890634
2026-04-19,15:20:14,2026-04-19T15:20:14+02:00,STATION,"Médiathèque Emile Zola",4,12,16,0.25,43.608218,3.89314
2026-04-19,15:20:14,2026-04-19T15:20:14+02:00,STATION,"Nombre d Or",13,3,16,0.8125,43.607859,3.886644
2026-04-19,15:20:14,2026-04-19T15:20:14+02:00,STATION,"Louis Blanc",5,11,16,0.3125,43.614642,3.877648
2026-04-19,15:20:14,2026-04-19T15:20:14+02:00,STATION,"Gambetta",3,5,8,0.375,43.607106,3.870693
2026-04-19,15:20:14,2026-04-19T15:20:14+02:00,STATION,"Port Marianne",7,9,16,0.4375,43.60032,3.89851
2026-04-19,15:20:14,2026-04-19T15:20:14+02:00,STATION,"Les Arceaux",1,7,8,0.125,43.612659,3.867734
2026-04-19,15:20:14,2026-04-19T15:20:14+02:00,STATION,"Cité Mion",0,6,8,0.25,43.601143,3.884373
2026-04-19,15:20:14,2026-04-19T15:20:14+02:00,STATION,"Nouveau Saint-Roch",2,6,8,0.25,43.599817,3.875757
2026-04-19,15:20:14,2026-04-19T15:20:14+02:00,STATION,"Renouvier",2,5,8,0.375,43.603553,3.867884
2026-04-19,15:20:14,2026-04-19T15:20:14+02:00,STATION,"Odysseum",0,8,8,0.0,43.603727,3.918979
2026-04-19,15:20:14,2026-04-19T15:20:14+02:00,STATION,"Saint-Denis",0,8,8,0.0,43.605021,3.875065
2026-04-19,15:20:14,2026-04-19T15:20:14+02:00,STATION,"Richter",13,3,16,0.8125,43.603424,3.899263
2026-04-19,15:20:14,2026-04-19T15:20:14+02:00,STATION,"Charles Flahault",1,7,8,0.125,43.622038,3.86672
2026-04-19,15:20:14,2026-04-19T15:20:14+02:00,STATION,"Voltaire",7,1,8,0.875,43.603767,3.888659
2026-04-19,15:20:14,2026-04-19T15:20:14+02:00,STATION,"Prés d Arènes",4,4,8,0.5,43.59048,3.884611
2026-04-19,15:20:14,2026-04-19T15:20:14+02:00,STATION,"Garcia Lorca",5,3,8,0.625,43.590757,3.890616
2026-04-19,15:20:14,2026-04-19T15:20:14+02:00,STATION,"Vert Bois",2,14,16,0.125,43.63543,3.871179
2026-04-19,15:20:14,2026-04-19T15:20:14+02:00,STATION,"Malbosc",1,7,8,0.125,43.633679,3.832861
2026-04-19,15:20:14,2026-04-19T15:20:14+02:00,STATION,"Occitanie",17,15,32,0.53125,43.635689,3.849597
2026-04-19,15:20:14,2026-04-19T15:20:14+02:00,STATION,"Fac des Sciences",4,20,24,0.16666666666666666,43.631318,3.861299
2026-04-19,15:20:14,2026-04-19T15:20:14+02:00,STATION,"Fac de Lettres",1,11,12,0.08333333333333333,43.630437,3.869539
2026-04-19,15:20:14,2026-04-19T15:20:14+02:00,STATION,"Aiguelongue",6,1,8,0.875,43.626163,3.882492
2026-04-19,15:20:14,2026-04-19T15:20:14+02:00,STATION,"Jeu de Mail des Abbés",4,4,8,0.5,43.619701,3.883831
2026-04-19,15:20:14,2026-04-19T15:20:14+02:00,STATION,"Euromédecine",1,7,8,0.125,43.639119,3.828199
2026-04-19,15:20:14,2026-04-19T15:20:14+02:00,STATION,"Marie Caizergues",0,8,8,0.0,43.619871,3.873812
2026-04-19,15:20:14,2026-04-19T15:20:14+02:00,STATION,"Sabines",3,5,8,0.375,43.584211,3.860031
2026-04-19,15:20:14,2026-04-19T15:20:14+02:00,STATION,"Celleneuve",1,7,8,0.125,43.61467,3.832624
2026-04-19,15:20:14,2026-04-19T15:20:14+02:00,STATION,"Jardin de la Lironde",5,3,8,0.625,43.60585,3.911576
2026-04-19,15:20:14,2026-04-19T15:20:14+02:00,STATION,"Père Soulas",2,6,8,0.25,43.621983,3.855603
2026-04-19,15:20:14,2026-04-19T15:20:14+02:00,STATION,"Place Viala",4,3,8,0.625,43.616812,3.855075
2026-04-19,15:20:14,2026-04-19T15:20:14+02:00,STATION,"Hôtel du Département",2,6,8,0.25,43.621682,3.83477
2026-04-19,15:20:14,2026-04-19T15:20:14+02:00,STATION,"Tonnelles",2,6,8,0.25,43.615155,3.839466
2026-04-19,15:20:14,2026-04-19T15:20:14+02:00,STATION,"Parvis Jules Ferry - Gare Saint-Roch",4,4,8,0.5,43.603889,3.879362
2026-04-19,15:20:14,2026-04-19T15:20:14+02:00,STATION,"Pont de Lattes - Gare Saint-Roch",2,9,12,0.25,43.606036,3.882393
2026-04-19,15:20:14,2026-04-19T15:20:14+02:00,STATION,"Deux Ponts - Gare Saint-Roch",0,8,8,0.0,43.604319,3.880916
2026-04-19,15:20:14,2026-04-19T15:20:14+02:00,STATION,"Providence - Ovalie",2,6,8,0.25,43.588239,3.853421
2026-04-19,15:20:14,2026-04-19T15:20:14+02:00,STATION,"Pérols Etang de l Or",17,51,68,0.25,43.558351,3.963412
2026-04-19,15:20:14,2026-04-19T15:20:14+02:00,STATION,"Albert 1er - Cathédrale",3,9,12,0.25,43.614005,3.873218
2026-04-19,15:20:14,2026-04-19T15:20:14+02:00,STATION,"Saint-Guilhem - Courreau",8,0,8,1.0,43.608996,3.872752
2026-04-19,15:20:14,2026-04-19T15:20:14+02:00,STATION,"Sud De France",5,2,8,0.75,43.59562,3.9235
2026-04-19,15:20:14,2026-04-19T15:20:14+02:00,STATION,"Comedie Baudin",0,8,8,0.0,43.608717,3.880787
2026-04-19,15:20:14,2026-04-19T15:20:14+02:00,STATION,"Jean de Beins",2,14,16,0.125,43.609857,3.883884
2026-04-19,16:12:54,2026-04-19T16:12:54+02:00,STATION,"Rue Jules Ferry - Gare Saint-Roch",1,11,12,0.08333333333333333,43.605366,3.881346
2026-04-19,16:12:54,2026-04-19T16:12:54+02:00,STATION,"Comédie",1,19,20,0.05,43.608148,3.878778
2026-04-19,16:12:54,2026-04-19T16:12:54+02:00,STATION,"Hôtel de Ville",10,6,16,0.625,43.599088,3.894866
2026-04-19,16:12:54,2026-04-19T16:12:54+02:00,STATION,"Corum",8,4,12,0.6666666666666666,43.613989,3.8816
2026-04-19,16:12:54,2026-04-19T16:12:54+02:00,STATION,"Place Albert 1er - St Charles",3,24,27,0.1111111111111111,43.616768,3.873375
2026-04-19,16:12:54,2026-04-19T16:12:54+02:00,STATION,"Foch",9,0,8,1.0,43.610989,3.873345
2026-04-19,16:12:54,2026-04-19T16:12:54+02:00,STATION,"Halles Castellane",0,12,12,0.0,43.609935,3.877208
2026-04-19,16:12:54,2026-04-19T16:12:54+02:00,STATION,"Observatoire",4,3,8,0.625,43.606301,3.87724
2026-04-19,16:12:54,2026-04-19T16:12:54+02:00,STATION,"Rondelet",1,15,16,0.0625,43.603038,3.875796
2026-04-19,16:12:54,2026-04-19T16:12:54+02:00,STATION,"Plan Cabanes",6,6,12,0.5,43.608491,3.868389
2026-04-19,16:12:54,2026-04-19T16:12:54+02:00,STATION,"Boutonnet",1,10,12,0.16666666666666666,43.622629,3.868375
2026-04-19,16:12:54,2026-04-19T16:12:54+02:00,STATION,"Emile Combes",1,7,8,0.125,43.616742,3.87998
2026-04-19,16:12:54,2026-04-19T16:12:54+02:00,STATION,"Beaux-Arts",1,15,16,0.0625,43.616698,3.884981
2026-04-19,16:12:54,2026-04-19T16:12:54+02:00,STATION,"Les Aubes",4,4,8,0.5,43.618692,3.893844
2026-04-19,16:12:54,2026-04-19T16:12:54+02:00,STATION,"Antigone centre",0,12,12,0.0,43.607942,3.890634
2026-04-19,16:12:54,2026-04-19T16:12:54+02:00,STATION,"Médiathèque Emile Zola",6,10,16,0.375,43.608218,3.89314
2026-04-19,16:12:54,2026-04-19T16:12:54+02:00,STATION,"Nombre d Or",13,3,16,0.8125,43.607859,3.886644
2026-04-19,16:12:54,2026-04-19T16:12:54+02:00,STATION,"Louis Blanc",6,10,16,0.375,43.614642,3.877648
2026-04-19,16:12:54,2026-04-19T16:12:54+02:00,STATION,"Gambetta",3,5,8,0.375,43.607106,3.870693
2026-04-19,16:12:54,2026-04-19T16:12:54+02:00,STATION,"Port Marianne",3,13,16,0.1875,43.60032,3.89851
2026-04-19,16:12:54,2026-04-19T16:12:54+02:00,STATION,"Les Arceaux",2,6,8,0.25,43.612659,3.867734
2026-04-19,16:12:54,2026-04-19T16:12:54+02:00,STATION,"Cité Mion",0,6,8,0.25,43.601143,3.884373
2026-04-19,16:12:54,2026-04-19T16:12:54+02:00,STATION,"Nouveau Saint-Roch",2,6,8,0.25,43.599817,3.875757
2026-04-19,16:12:54,2026-04-19T16:12:54+02:00,STATION,"Renouvier",2,5,8,0.375,43.603553,3.867884
2026-04-19,16:12:54,2026-04-19T16:12:54+02:00,STATION,"Odysseum",0,8,8,0.0,43.603727,3.918979
2026-04-19,16:12:54,2026-04-19T16:12:54+02:00,STATION,"Saint-Denis",0,8,8,0.0,43.605021,3.875065
2026-04-19,16:12:54,2026-04-19T16:12:54+02:00,STATION,"Richter",15,1,16,0.9375,43.603424,3.899263
2026-04-19,16:12:54,2026-04-19T16:12:54+02:00,STATION,"Charles Flahault",1,7,8,0.125,43.622038,3.86672
2026-04-19,16:12:54,2026-04-19T16:12:54+02:00,STATION,"Voltaire",7,1,8,0.875,43.603767,3.888659
2026-04-19,16:12:54,2026-04-19T16:12:54+02:00,STATION,"Prés d Arènes",5,3,8,0.625,43.59048,3.884611
2026-04-19,16:12:54,2026-04-19T16:12:54+02:00,STATION,"Garcia Lorca",5,3,8,0.625,43.590757,3.890616
2026-04-19,16:12:54,2026-04-19T16:12:54+02:00,STATION,"Vert Bois",2,14,16,0.125,43.63543,3.871179
2026-04-19,16:12:54,2026-04-19T16:12:54+02:00,STATION,"Malbosc",1,7,8,0.125,43.633679,3.832861
2026-04-19,16:12:54,2026-04-19T16:12:54+02:00,STATION,"Occitanie",18,14,32,0.5625,43.635689,3.849597
2026-04-19,16:12:54,2026-04-19T16:12:54+02:00,STATION,"Fac des Sciences",4,20,24,0.16666666666666666,43.631318,3.861299
2026-04-19,16:12:54,2026-04-19T16:12:54+02:00,STATION,"Fac de Lettres",1,11,12,0.08333333333333333,43.630437,3.869539
2026-04-19,16:12:54,2026-04-19T16:12:54+02:00,STATION,"Aiguelongue",6,1,8,0.875,43.626163,3.882492
2026-04-19,16:12:54,2026-04-19T16:12:54+02:00,STATION,"Jeu de Mail des Abbés",4,4,8,0.5,43.619701,3.883831
2026-04-19,16:12:54,2026-04-19T16:12:54+02:00,STATION,"Euromédecine",1,7,8,0.125,43.639119,3.828199
2026-04-19,16:12:54,2026-04-19T16:12:54+02:00,STATION,"Marie Caizergues",0,8,8,0.0,43.619871,3.873812
2026-04-19,16:12:54,2026-04-19T16:12:54+02:00,STATION,"Sabines",3,5,8,0.375,43.584211,3.860031
2026-04-19,16:12:54,2026-04-19T16:12:54+02:00,STATION,"Celleneuve",1,7,8,0.125,43.61467,3.832624
2026-04-19,16:12:54,2026-04-19T16:12:54+02:00,STATION,"Jardin de la Lironde",5,3,8,0.625,43.60585,3.911576
2026-04-19,16:12:54,2026-04-19T16:12:54+02:00,STATION,"Père Soulas",2,6,8,0.25,43.621983,3.855603
2026-04-19,16:12:54,2026-04-19T16:12:54+02:00,STATION,"Place Viala",4,3,8,0.625,43.616812,3.855075
2026-04-19,16:12:54,2026-04-19T16:12:54+02:00,STATION,"Hôtel du Département",2,6,8,0.25,43.621682,3.83477
2026-04-19,16:12:54,2026-04-19T16:12:54+02:00,STATION,"Tonnelles",2,6,8,0.25,43.615155,3.839466
2026-04-19,16:12:54,2026-04-19T16:12:54+02:00,STATION,"Parvis Jules Ferry - Gare Saint-Roch",4,4,8,0.5,43.603889,3.879362
2026-04-19,16:12:54,2026-04-19T16:12:54+02:00,STATION,"Pont de Lattes - Gare Saint-Roch",2,9,12,0.25,43.606036,3.882393
2026-04-19,16:12:54,2026-04-19T16:12:54+02:00,STATION,"Deux Ponts - Gare Saint-Roch",0,8,8,0.0,43.604319,3.880916
2026-04-19,16:12:54,2026-04-19T16:12:54+02:00,STATION,"Providence - Ovalie",2,6,8,0.25,43.588239,3.853421
2026-04-19,16:12:54,2026-04-19T16:12:54+02:00,STATION,"Pérols Etang de l Or",18,50,68,0.2647058823529412,43.558351,3.963412
2026-04-19,16:12:54,2026-04-19T16:12:54+02:00,STATION,"Albert 1er - Cathédrale",3,9,12,0.25,43.614005,3.873218
2026-04-19,16:12:54,2026-04-19T16:12:54+02:00,STATION,"Saint-Guilhem - Courreau",5,3,8,0.625,43.608996,3.872752
2026-04-19,16:12:54,2026-04-19T16:12:54+02:00,STATION,"Sud De France",5,2,8,0.75,43.59562,3.9235
2026-04-19,16:12:54,2026-04-19T16:12:54+02:00,STATION,"Comedie Baudin",0,8,8,0.0,43.608717,3.880787
2026-04-19,16:12:54,2026-04-19T16:12:54+02:00,STATION,"Jean de Beins",2,14,16,0.125,43.609857,3.883884
2026-04-19,17:09:36,2026-04-19T17:09:36+02:00,STATION,"Rue Jules Ferry - Gare Saint-Roch",2,10,12,0.16666666666666666,43.605366,3.881346
2026-04-19,17:09:36,2026-04-19T17:09:36+02:00,STATION,"Comédie",5,15,20,0.25,43.608148,3.878778
2026-04-19,17:09:36,2026-04-19T17:09:36+02:00,STATION,"Hôtel de Ville",10,6,16,0.625,43.599088,3.894866
2026-04-19,17:09:36,2026-04-19T17:09:36+02:00,STATION,"Corum",7,5,12,0.5833333333333334,43.613989,3.8816
2026-04-19,17:09:36,2026-04-19T17:09:36+02:00,STATION,"Place Albert 1er - St Charles",2,25,27,0.07407407407407407,43.616768,3.873375
2026-04-19,17:09:36,2026-04-19T17:09:36+02:00,STATION,"Foch",8,0,8,1.0,43.610989,3.873345
2026-04-19,17:09:36,2026-04-19T17:09:36+02:00,STATION,"Halles Castellane",0,12,12,0.0,43.609935,3.877208
2026-04-19,17:09:36,2026-04-19T17:09:36+02:00,STATION,"Observatoire",4,3,8,0.625,43.606301,3.87724
2026-04-19,17:09:36,2026-04-19T17:09:36+02:00,STATION,"Rondelet",1,15,16,0.0625,43.603038,3.875796
2026-04-19,17:09:36,2026-04-19T17:09:36+02:00,STATION,"Plan Cabanes",6,6,12,0.5,43.608491,3.868389
2026-04-19,17:09:36,2026-04-19T17:09:36+02:00,STATION,"Boutonnet",1,10,12,0.16666666666666666,43.622629,3.868375
2026-04-19,17:09:36,2026-04-19T17:09:36+02:00,STATION,"Emile Combes",1,7,8,0.125,43.616742,3.87998
2026-04-19,17:09:36,2026-04-19T17:09:36+02:00,STATION,"Beaux-Arts",1,15,16,0.0625,43.616698,3.884981
2026-04-19,17:09:36,2026-04-19T17:09:36+02:00,STATION,"Les Aubes",4,4,8,0.5,43.618692,3.893844
2026-04-19,17:09:36,2026-04-19T17:09:36+02:00,STATION,"Antigone centre",0,12,12,0.0,43.607942,3.890634
2026-04-19,17:09:36,2026-04-19T17:09:36+02:00,STATION,"Médiathèque Emile Zola",13,3,16,0.8125,43.608218,3.89314
2026-04-19,17:09:36,2026-04-19T17:09:36+02:00,STATION,"Nombre d Or",13,3,16,0.8125,43.607859,3.886644
2026-04-19,17:09:36,2026-04-19T17:09:36+02:00,STATION,"Louis Blanc",5,11,16,0.3125,43.614642,3.877648
2026-04-19,17:09:36,2026-04-19T17:09:36+02:00,STATION,"Gambetta",3,5,8,0.375,43.607106,3.870693
2026-04-19,17:09:36,2026-04-19T17:09:36+02:00,STATION,"Port Marianne",7,9,16,0.4375,43.60032,3.89851
2026-04-19,17:09:36,2026-04-19T17:09:36+02:00,STATION,"Les Arceaux",2,6,8,0.25,43.612659,3.867734
2026-04-19,17:09:36,2026-04-19T17:09:36+02:00,STATION,"Cité Mion",1,5,8,0.375,43.601143,3.884373
2026-04-19,17:09:36,2026-04-19T17:09:36+02:00,STATION,"Nouveau Saint-Roch",2,6,8,0.25,43.599817,3.875757
2026-04-19,17:09:36,2026-04-19T17:09:36+02:00,STATION,"Renouvier",2,5,8,0.375,43.603553,3.867884
2026-04-19,17:09:36,2026-04-19T17:09:36+02:00,STATION,"Odysseum",0,8,8,0.0,43.603727,3.918979
2026-04-19,17:09:36,2026-04-19T17:09:36+02:00,STATION,"Saint-Denis",0,8,8,0.0,43.605021,3.875065
2026-04-19,17:09:36,2026-04-19T17:09:36+02:00,STATION,"Richter",13,3,16,0.8125,43.603424,3.899263
2026-04-19,17:09:36,2026-04-19T17:09:36+02:00,STATION,"Charles Flahault",1,7,8,0.125,43.622038,3.86672
2026-04-19,17:09:36,2026-04-19T17:09:36+02:00,STATION,"Voltaire",7,1,8,0.875,43.603767,3.888659
2026-04-19,17:09:36,2026-04-19T17:09:36+02:00,STATION,"Prés d Arènes",5,3,8,0.625,43.59048,3.884611
2026-04-19,17:09:36,2026-04-19T17:09:36+02:00,STATION,"Garcia Lorca",5,3,8,0.625,43.590757,3.890616
2026-04-19,17:09:36,2026-04-19T17:09:36+02:00,STATION,"Vert Bois",2,14,16,0.125,43.63543,3.871179
2026-04-19,17:09:36,2026-04-19T17:09:36+02:00,STATION,"Malbosc",1,7,8,0.125,43.633679,3.832861
2026-04-19,17:09:36,2026-04-19T17:09:36+02:00,STATION,"Occitanie",18,14,32,0.5625,43.635689,3.849597
2026-04-19,17:09:36,2026-04-19T17:09:36+02:00,STATION,"Fac des Sciences",2,22,24,0.08333333333333333,43.631318,3.861299
2026-04-19,17:09:36,2026-04-19T17:09:36+02:00,STATION,"Fac de Lettres",1,11,12,0.08333333333333333,43.630437,3.869539
2026-04-19,17:09:36,2026-04-19T17:09:36+02:00,STATION,"Aiguelongue",6,1,8,0.875,43.626163,3.882492
2026-04-19,17:09:36,2026-04-19T17:09:36+02:00,STATION,"Jeu de Mail des Abbés",4,4,8,0.5,43.619701,3.883831
2026-04-19,17:09:36,2026-04-19T17:09:36+02:00,STATION,"Euromédecine",1,7,8,0.125,43.639119,3.828199
2026-04-19,17:09:36,2026-04-19T17:09:36+02:00,STATION,"Marie Caizergues",0,8,8,0.0,43.619871,3.873812
2026-04-19,17:09:36,2026-04-19T17:09:36+02:00,STATION,"Sabines",3,5,8,0.375,43.584211,3.860031
2026-04-19,17:09:36,2026-04-19T17:09:36+02:00,STATION,"Celleneuve",2,6,8,0.25,43.61467,3.832624
2026-04-19,17:09:36,2026-04-19T17:09:36+02:00,STATION,"Jardin de la Lironde",7,1,8,0.875,43.60585,3.911576
2026-04-19,17:09:36,2026-04-19T17:09:36+02:00,STATION,"Père Soulas",2,6,8,0.25,43.621983,3.855603
2026-04-19,17:09:36,2026-04-19T17:09:36+02:00,STATION,"Place Viala",4,3,8,0.625,43.616812,3.855075
2026-04-19,17:09:36,2026-04-19T17:09:36+02:00,STATION,"Hôtel du Département",2,6,8,0.25,43.621682,3.83477
2026-04-19,17:09:36,2026-04-19T17:09:36+02:00,STATION,"Tonnelles",2,6,8,0.25,43.615155,3.839466
2026-04-19,17:09:36,2026-04-19T17:09:36+02:00,STATION,"Parvis Jules Ferry - Gare Saint-Roch",4,4,8,0.5,43.603889,3.879362
2026-04-19,17:09:36,2026-04-19T17:09:36+02:00,STATION,"Pont de Lattes - Gare Saint-Roch",2,9,12,0.25,43.606036,3.882393
2026-04-19,17:09:36,2026-04-19T17:09:36+02:00,STATION,"Deux Ponts - Gare Saint-Roch",0,8,8,0.0,43.604319,3.880916
2026-04-19,17:09:36,2026-04-19T17:09:36+02:00,STATION,"Providence - Ovalie",2,6,8,0.25,43.588239,3.853421
2026-04-19,17:09:36,2026-04-19T17:09:36+02:00,STATION,"Pérols Etang de l Or",19,49,68,0.27941176470588236,43.558351,3.963412
2026-04-19,17:09:36,2026-04-19T17:09:36+02:00,STATION,"Albert 1er - Cathédrale",3,9,12,0.25,43.614005,3.873218
2026-04-19,17:09:36,2026-04-19T17:09:36+02:00,STATION,"Saint-Guilhem - Courreau",3,5,8,0.375,43.608996,3.872752
2026-04-19,17:09:36,2026-04-19T17:09:36+02:00,STATION,"Sud De France",5,2,8,0.75,43.59562,3.9235
2026-04-19,17:09:36,2026-04-19T17:09:36+02:00,STATION,"Comedie Baudin",0,8,8,0.0,43.608717,3.880787
2026-04-19,17:09:36,2026-04-19T17:09:36+02:00,STATION,"Jean de Beins",3,13,16,0.1875,43.609857,3.883884
2026-04-19,18:05:16,2026-04-19T18:05:16+02:00,STATION,"Rue Jules Ferry - Gare Saint-Roch",3,9,12,0.25,43.605366,3.881346
2026-04-19,18:05:16,2026-04-19T18:05:16+02:00,STATION,"Comédie",2,18,20,0.1,43.608148,3.878778
2026-04-19,18:05:16,2026-04-19T18:05:16+02:00,STATION,"Hôtel de Ville",10,6,16,0.625,43.599088,3.894866
2026-04-19,18:05:16,2026-04-19T18:05:16+02:00,STATION,"Corum",7,5,12,0.5833333333333334,43.613989,3.8816
2026-04-19,18:05:16,2026-04-19T18:05:16+02:00,STATION,"Place Albert 1er - St Charles",2,25,27,0.07407407407407407,43.616768,3.873375
2026-04-19,18:05:16,2026-04-19T18:05:16+02:00,STATION,"Foch",8,0,8,1.0,43.610989,3.873345
2026-04-19,18:05:16,2026-04-19T18:05:16+02:00,STATION,"Halles Castellane",0,12,12,0.0,43.609935,3.877208
2026-04-19,18:05:16,2026-04-19T18:05:16+02:00,STATION,"Observatoire",4,3,8,0.625,43.606301,3.87724
2026-04-19,18:05:16,2026-04-19T18:05:16+02:00,STATION,"Rondelet",1,15,16,0.0625,43.603038,3.875796
2026-04-19,18:05:16,2026-04-19T18:05:16+02:00,STATION,"Plan Cabanes",6,6,12,0.5,43.608491,3.868389
2026-04-19,18:05:16,2026-04-19T18:05:16+02:00,STATION,"Boutonnet",1,10,12,0.16666666666666666,43.622629,3.868375
2026-04-19,18:05:16,2026-04-19T18:05:16+02:00,STATION,"Emile Combes",1,7,8,0.125,43.616742,3.87998
2026-04-19,18:05:16,2026-04-19T18:05:16+02:00,STATION,"Beaux-Arts",1,15,16,0.0625,43.616698,3.884981
2026-04-19,18:05:16,2026-04-19T18:05:16+02:00,STATION,"Les Aubes",4,4,8,0.5,43.618692,3.893844
2026-04-19,18:05:16,2026-04-19T18:05:16+02:00,STATION,"Antigone centre",0,12,12,0.0,43.607942,3.890634
2026-04-19,18:05:16,2026-04-19T18:05:16+02:00,STATION,"Médiathèque Emile Zola",13,3,16,0.8125,43.608218,3.89314
2026-04-19,18:05:16,2026-04-19T18:05:16+02:00,STATION,"Nombre d Or",10,6,16,0.625,43.607859,3.886644
2026-04-19,18:05:16,2026-04-19T18:05:16+02:00,STATION,"Louis Blanc",5,11,16,0.3125,43.614642,3.877648
2026-04-19,18:05:16,2026-04-19T18:05:16+02:00,STATION,"Gambetta",3,5,8,0.375,43.607106,3.870693
2026-04-19,18:05:16,2026-04-19T18:05:16+02:00,STATION,"Port Marianne",10,6,16,0.625,43.60032,3.89851
2026-04-19,18:05:16,2026-04-19T18:05:16+02:00,STATION,"Les Arceaux",3,5,8,0.375,43.612659,3.867734
2026-04-19,18:05:16,2026-04-19T18:05:16+02:00,STATION,"Cité Mion",3,3,8,0.625,43.601143,3.884373
2026-04-19,18:05:16,2026-04-19T18:05:16+02:00,STATION,"Nouveau Saint-Roch",3,5,8,0.375,43.599817,3.875757
2026-04-19,18:05:16,2026-04-19T18:05:16+02:00,STATION,"Renouvier",2,5,8,0.375,43.603553,3.867884
2026-04-19,18:05:16,2026-04-19T18:05:16+02:00,STATION,"Odysseum",0,8,8,0.0,43.603727,3.918979
2026-04-19,18:05:16,2026-04-19T18:05:16+02:00,STATION,"Saint-Denis",0,8,8,0.0,43.605021,3.875065
2026-04-19,18:05:16,2026-04-19T18:05:16+02:00,STATION,"Richter",14,2,16,0.875,43.603424,3.899263
2026-04-19,18:05:16,2026-04-19T18:05:16+02:00,STATION,"Charles Flahault",2,6,8,0.25,43.622038,3.86672
2026-04-19,18:05:16,2026-04-19T18:05:16+02:00,STATION,"Voltaire",7,1,8,0.875,43.603767,3.888659
2026-04-19,18:05:16,2026-04-19T18:05:16+02:00,STATION,"Prés d Arènes",5,3,8,0.625,43.59048,3.884611
2026-04-19,18:05:16,2026-04-19T18:05:16+02:00,STATION,"Garcia Lorca",5,3,8,0.625,43.590757,3.890616
2026-04-19,18:05:16,2026-04-19T18:05:16+02:00,STATION,"Vert Bois",2,14,16,0.125,43.63543,3.871179
2026-04-19,18:05:16,2026-04-19T18:05:16+02:00,STATION,"Malbosc",1,7,8,0.125,43.633679,3.832861
2026-04-19,18:05:16,2026-04-19T18:05:16+02:00,STATION,"Occitanie",17,15,32,0.53125,43.635689,3.849597
2026-04-19,18:05:16,2026-04-19T18:05:16+02:00,STATION,"Fac des Sciences",2,22,24,0.08333333333333333,43.631318,3.861299
2026-04-19,18:05:16,2026-04-19T18:05:16+02:00,STATION,"Fac de Lettres",0,12,12,0.0,43.630437,3.869539
2026-04-19,18:05:16,2026-04-19T18:05:16+02:00,STATION,"Aiguelongue",6,1,8,0.875,43.626163,3.882492
2026-04-19,18:05:16,2026-04-19T18:05:16+02:00,STATION,"Jeu de Mail des Abbés",4,4,8,0.5,43.619701,3.883831
2026-04-19,18:05:16,2026-04-19T18:05:16+02:00,STATION,"Euromédecine",1,7,8,0.125,43.639119,3.828199
2026-04-19,18:05:16,2026-04-19T18:05:16+02:00,STATION,"Marie Caizergues",0,8,8,0.0,43.619871,3.873812
2026-04-19,18:05:16,2026-04-19T18:05:16+02:00,STATION,"Sabines",3,5,8,0.375,43.584211,3.860031
2026-04-19,18:05:16,2026-04-19T18:05:16+02:00,STATION,"Celleneuve",2,6,8,0.25,43.61467,3.832624
2026-04-19,18:05:16,2026-04-19T18:05:16+02:00,STATION,"Jardin de la Lironde",7,1,8,0.875,43.60585,3.911576
2026-04-19,18:05:16,2026-04-19T18:05:16+02:00,STATION,"Père Soulas",1,7,8,0.125,43.621983,3.855603
2026-04-19,18:05:16,2026-04-19T18:05:16+02:00,STATION,"Place Viala",3,4,8,0.5,43.616812,3.855075
2026-04-19,18:05:16,2026-04-19T18:05:16+02:00,STATION,"Hôtel du Département",1,7,8,0.125,43.621682,3.83477
2026-04-19,18:05:16,2026-04-19T18:05:16+02:00,STATION,"Tonnelles",2,6,8,0.25,43.615155,3.839466
2026-04-19,18:05:16,2026-04-19T18:05:16+02:00,STATION,"Parvis Jules Ferry - Gare Saint-Roch",3,5,8,0.375,43.603889,3.879362
2026-04-19,18:05:16,2026-04-19T18:05:16+02:00,STATION,"Pont de Lattes - Gare Saint-Roch",2,9,12,0.25,43.606036,3.882393
2026-04-19,18:05:16,2026-04-19T18:05:16+02:00,STATION,"Deux Ponts - Gare Saint-Roch",0,8,8,0.0,43.604319,3.880916
2026-04-19,18:05:16,2026-04-19T18:05:16+02:00,STATION,"Providence - Ovalie",2,6,8,0.25,43.588239,3.853421
2026-04-19,18:05:16,2026-04-19T18:05:16+02:00,STATION,"Pérols Etang de l Or",34,34,68,0.5,43.558351,3.963412
2026-04-19,18:05:16,2026-04-19T18:05:16+02:00,STATION,"Albert 1er - Cathédrale",3,9,12,0.25,43.614005,3.873218
2026-04-19,18:05:16,2026-04-19T18:05:16+02:00,STATION,"Saint-Guilhem - Courreau",3,5,8,0.375,43.608996,3.872752
2026-04-19,18:05:16,2026-04-19T18:05:16+02:00,STATION,"Sud De France",5,2,8,0.75,43.59562,3.9235
2026-04-19,18:05:16,2026-04-19T18:05:16+02:00,STATION,"Comedie Baudin",0,8,8,0.0,43.608717,3.880787
2026-04-19,18:05:16,2026-04-19T18:05:16+02:00,STATION,"Jean de Beins",3,13,16,0.1875,43.609857,3.883884
2026-04-19,19:09:00,2026-04-19T19:09:00+02:00,STATION,"Rue Jules Ferry - Gare Saint-Roch",3,9,12,0.25,43.605366,3.881346
2026-04-19,19:09:00,2026-04-19T19:09:00+02:00,STATION,"Comédie",3,17,20,0.15,43.608148,3.878778
2026-04-19,19:09:00,2026-04-19T19:09:00+02:00,STATION,"Hôtel de Ville",10,6,16,0.625,43.599088,3.894866
2026-04-19,19:09:00,2026-04-19T19:09:00+02:00,STATION,"Corum",5,7,12,0.4166666666666667,43.613989,3.8816
2026-04-19,19:09:00,2026-04-19T19:09:00+02:00,STATION,"Place Albert 1er - St Charles",2,25,27,0.07407407407407407,43.616768,3.873375
2026-04-19,19:09:00,2026-04-19T19:09:00+02:00,STATION,"Foch",6,2,8,0.75,43.610989,3.873345
2026-04-19,19:09:00,2026-04-19T19:09:00+02:00,STATION,"Halles Castellane",0,12,12,0.0,43.609935,3.877208
2026-04-19,19:09:00,2026-04-19T19:09:00+02:00,STATION,"Observatoire",4,3,8,0.625,43.606301,3.87724
2026-04-19,19:09:00,2026-04-19T19:09:00+02:00,STATION,"Rondelet",1,15,16,0.0625,43.603038,3.875796
2026-04-19,19:09:00,2026-04-19T19:09:00+02:00,STATION,"Plan Cabanes",6,6,12,0.5,43.608491,3.868389
2026-04-19,19:09:00,2026-04-19T19:09:00+02:00,STATION,"Boutonnet",1,10,12,0.16666666666666666,43.622629,3.868375
2026-04-19,19:09:00,2026-04-19T19:09:00+02:00,STATION,"Emile Combes",1,7,8,0.125,43.616742,3.87998
2026-04-19,19:09:00,2026-04-19T19:09:00+02:00,STATION,"Beaux-Arts",1,15,16,0.0625,43.616698,3.884981
2026-04-19,19:09:00,2026-04-19T19:09:00+02:00,STATION,"Les Aubes",5,3,8,0.625,43.618692,3.893844
2026-04-19,19:09:00,2026-04-19T19:09:00+02:00,STATION,"Antigone centre",0,12,12,0.0,43.607942,3.890634
2026-04-19,19:09:00,2026-04-19T19:09:00+02:00,STATION,"Médiathèque Emile Zola",14,2,16,0.875,43.608218,3.89314
2026-04-19,19:09:00,2026-04-19T19:09:00+02:00,STATION,"Nombre d Or",10,6,16,0.625,43.607859,3.886644
2026-04-19,19:09:00,2026-04-19T19:09:00+02:00,STATION,"Louis Blanc",5,11,16,0.3125,43.614642,3.877648
2026-04-19,19:09:00,2026-04-19T19:09:00+02:00,STATION,"Gambetta",3,5,8,0.375,43.607106,3.870693
2026-04-19,19:09:00,2026-04-19T19:09:00+02:00,STATION,"Port Marianne",17,0,16,1.0,43.60032,3.89851
2026-04-19,19:09:00,2026-04-19T19:09:00+02:00,STATION,"Les Arceaux",3,5,8,0.375,43.612659,3.867734
2026-04-19,19:09:00,2026-04-19T19:09:00+02:00,STATION,"Cité Mion",3,3,8,0.625,43.601143,3.884373
2026-04-19,19:09:00,2026-04-19T19:09:00+02:00,STATION,"Nouveau Saint-Roch",3,5,8,0.375,43.599817,3.875757
2026-04-19,19:09:00,2026-04-19T19:09:00+02:00,STATION,"Renouvier",4,3,8,0.625,43.603553,3.867884
2026-04-19,19:09:00,2026-04-19T19:09:00+02:00,STATION,"Odysseum",0,8,8,0.0,43.603727,3.918979
2026-04-19,19:09:00,2026-04-19T19:09:00+02:00,STATION,"Saint-Denis",0,8,8,0.0,43.605021,3.875065
2026-04-19,19:09:00,2026-04-19T19:09:00+02:00,STATION,"Richter",15,1,16,0.9375,43.603424,3.899263
2026-04-19,19:09:00,2026-04-19T19:09:00+02:00,STATION,"Charles Flahault",2,6,8,0.25,43.622038,3.86672
2026-04-19,19:09:00,2026-04-19T19:09:00+02:00,STATION,"Voltaire",7,1,8,0.875,43.603767,3.888659
2026-04-19,19:09:00,2026-04-19T19:09:00+02:00,STATION,"Prés d Arènes",5,3,8,0.625,43.59048,3.884611
2026-04-19,19:09:00,2026-04-19T19:09:00+02:00,STATION,"Garcia Lorca",6,2,8,0.75,43.590757,3.890616
2026-04-19,19:09:00,2026-04-19T19:09:00+02:00,STATION,"Vert Bois",2,14,16,0.125,43.63543,3.871179
2026-04-19,19:09:00,2026-04-19T19:09:00+02:00,STATION,"Malbosc",1,7,8,0.125,43.633679,3.832861
2026-04-19,19:09:00,2026-04-19T19:09:00+02:00,STATION,"Occitanie",17,15,32,0.53125,43.635689,3.849597
2026-04-19,19:09:00,2026-04-19T19:09:00+02:00,STATION,"Fac des Sciences",2,22,24,0.08333333333333333,43.631318,3.861299
2026-04-19,19:09:00,2026-04-19T19:09:00+02:00,STATION,"Fac de Lettres",2,10,12,0.16666666666666666,43.630437,3.869539
2026-04-19,19:09:00,2026-04-19T19:09:00+02:00,STATION,"Aiguelongue",6,1,8,0.875,43.626163,3.882492
2026-04-19,19:09:00,2026-04-19T19:09:00+02:00,STATION,"Jeu de Mail des Abbés",6,2,8,0.75,43.619701,3.883831
2026-04-19,19:09:00,2026-04-19T19:09:00+02:00,STATION,"Euromédecine",1,7,8,0.125,43.639119,3.828199
2026-04-19,19:09:00,2026-04-19T19:09:00+02:00,STATION,"Marie Caizergues",0,8,8,0.0,43.619871,3.873812
2026-04-19,19:09:00,2026-04-19T19:09:00+02:00,STATION,"Sabines",4,4,8,0.5,43.584211,3.860031
2026-04-19,19:09:00,2026-04-19T19:09:00+02:00,STATION,"Celleneuve",2,6,8,0.25,43.61467,3.832624
2026-04-19,19:09:00,2026-04-19T19:09:00+02:00,STATION,"Jardin de la Lironde",7,1,8,0.875,43.60585,3.911576
2026-04-19,19:09:00,2026-04-19T19:09:00+02:00,STATION,"Père Soulas",1,7,8,0.125,43.621983,3.855603
2026-04-19,19:09:00,2026-04-19T19:09:00+02:00,STATION,"Place Viala",1,6,8,0.25,43.616812,3.855075
2026-04-19,19:09:00,2026-04-19T19:09:00+02:00,STATION,"Hôtel du Département",1,7,8,0.125,43.621682,3.83477
2026-04-19,19:09:00,2026-04-19T19:09:00+02:00,STATION,"Tonnelles",2,6,8,0.25,43.615155,3.839466
2026-04-19,19:09:00,2026-04-19T19:09:00+02:00,STATION,"Parvis Jules Ferry - Gare Saint-Roch",3,5,8,0.375,43.603889,3.879362
2026-04-19,19:09:00,2026-04-19T19:09:00+02:00,STATION,"Pont de Lattes - Gare Saint-Roch",2,9,12,0.25,43.606036,3.882393
2026-04-19,19:09:00,2026-04-19T19:09:00+02:00,STATION,"Deux Ponts - Gare Saint-Roch",0,8,8,0.0,43.604319,3.880916
2026-04-19,19:09:00,2026-04-19T19:09:00+02:00,STATION,"Providence - Ovalie",2,6,8,0.25,43.588239,3.853421
2026-04-19,19:09:00,2026-04-19T19:09:00+02:00,STATION,"Pérols Etang de l Or",36,32,68,0.5294117647058824,43.558351,3.963412
2026-04-19,19:09:00,2026-04-19T19:09:00+02:00,STATION,"Albert 1er - Cathédrale",3,9,12,0.25,43.614005,3.873218
2026-04-19,19:09:00,2026-04-19T19:09:00+02:00,STATION,"Saint-Guilhem - Courreau",3,5,8,0.375,43.608996,3.872752
2026-04-19,19:09:00,2026-04-19T19:09:00+02:00,STATION,"Sud De France",5,2,8,0.75,43.59562,3.9235
2026-04-19,19:09:00,2026-04-19T19:09:00+02:00,STATION,"Comedie Baudin",0,8,8,0.0,43.608717,3.880787
2026-04-19,19:09:00,2026-04-19T19:09:00+02:00,STATION,"Jean de Beins",2,14,16,0.125,43.609857,3.883884
2026-04-19,20:04:54,2026-04-19T20:04:54+02:00,STATION,"Rue Jules Ferry - Gare Saint-Roch",1,11,12,0.08333333333333333,43.605366,3.881346
2026-04-19,20:04:54,2026-04-19T20:04:54+02:00,STATION,"Comédie",2,18,20,0.1,43.608148,3.878778
2026-04-19,20:04:54,2026-04-19T20:04:54+02:00,STATION,"Hôtel de Ville",10,6,16,0.625,43.599088,3.894866
2026-04-19,20:04:54,2026-04-19T20:04:54+02:00,STATION,"Corum",6,6,12,0.5,43.613989,3.8816
2026-04-19,20:04:54,2026-04-19T20:04:54+02:00,STATION,"Place Albert 1er - St Charles",2,25,27,0.07407407407407407,43.616768,3.873375
2026-04-19,20:04:54,2026-04-19T20:04:54+02:00,STATION,"Foch",5,3,8,0.625,43.610989,3.873345
2026-04-19,20:04:54,2026-04-19T20:04:54+02:00,STATION,"Halles Castellane",0,12,12,0.0,43.609935,3.877208
2026-04-19,20:04:54,2026-04-19T20:04:54+02:00,STATION,"Observatoire",6,1,8,0.875,43.606301,3.87724
2026-04-19,20:04:54,2026-04-19T20:04:54+02:00,STATION,"Rondelet",1,15,16,0.0625,43.603038,3.875796
2026-04-19,20:04:54,2026-04-19T20:04:54+02:00,STATION,"Plan Cabanes",5,7,12,0.4166666666666667,43.608491,3.868389
2026-04-19,20:04:54,2026-04-19T20:04:54+02:00,STATION,"Boutonnet",1,10,12,0.16666666666666666,43.622629,3.868375
2026-04-19,20:04:54,2026-04-19T20:04:54+02:00,STATION,"Emile Combes",1,7,8,0.125,43.616742,3.87998
2026-04-19,20:04:54,2026-04-19T20:04:54+02:00,STATION,"Beaux-Arts",1,15,16,0.0625,43.616698,3.884981
2026-04-19,20:04:54,2026-04-19T20:04:54+02:00,STATION,"Les Aubes",5,3,8,0.625,43.618692,3.893844
2026-04-19,20:04:54,2026-04-19T20:04:54+02:00,STATION,"Antigone centre",1,11,12,0.08333333333333333,43.607942,3.890634
2026-04-19,20:04:54,2026-04-19T20:04:54+02:00,STATION,"Médiathèque Emile Zola",14,2,16,0.875,43.608218,3.89314
2026-04-19,20:04:54,2026-04-19T20:04:54+02:00,STATION,"Nombre d Or",14,2,16,0.875,43.607859,3.886644
2026-04-19,20:04:54,2026-04-19T20:04:54+02:00,STATION,"Louis Blanc",5,11,16,0.3125,43.614642,3.877648
2026-04-19,20:04:54,2026-04-19T20:04:54+02:00,STATION,"Gambetta",3,5,8,0.375,43.607106,3.870693
2026-04-19,20:04:54,2026-04-19T20:04:54+02:00,STATION,"Port Marianne",17,0,16,1.0,43.60032,3.89851
2026-04-19,20:04:54,2026-04-19T20:04:54+02:00,STATION,"Les Arceaux",2,6,8,0.25,43.612659,3.867734
2026-04-19,20:04:54,2026-04-19T20:04:54+02:00,STATION,"Cité Mion",3,3,8,0.625,43.601143,3.884373
2026-04-19,20:04:54,2026-04-19T20:04:54+02:00,STATION,"Nouveau Saint-Roch",3,5,8,0.375,43.599817,3.875757
2026-04-19,20:04:54,2026-04-19T20:04:54+02:00,STATION,"Renouvier",4,3,8,0.625,43.603553,3.867884
2026-04-19,20:04:54,2026-04-19T20:04:54+02:00,STATION,"Odysseum",0,8,8,0.0,43.603727,3.918979
2026-04-19,20:04:54,2026-04-19T20:04:54+02:00,STATION,"Saint-Denis",0,8,8,0.0,43.605021,3.875065
2026-04-19,20:04:54,2026-04-19T20:04:54+02:00,STATION,"Richter",15,1,16,0.9375,43.603424,3.899263
2026-04-19,20:04:54,2026-04-19T20:04:54+02:00,STATION,"Charles Flahault",2,6,8,0.25,43.622038,3.86672
2026-04-19,20:04:54,2026-04-19T20:04:54+02:00,STATION,"Voltaire",7,1,8,0.875,43.603767,3.888659
2026-04-19,20:04:54,2026-04-19T20:04:54+02:00,STATION,"Prés d Arènes",5,3,8,0.625,43.59048,3.884611
2026-04-19,20:04:54,2026-04-19T20:04:54+02:00,STATION,"Garcia Lorca",7,1,8,0.875,43.590757,3.890616
2026-04-19,20:04:54,2026-04-19T20:04:54+02:00,STATION,"Vert Bois",2,14,16,0.125,43.63543,3.871179
2026-04-19,20:04:54,2026-04-19T20:04:54+02:00,STATION,"Malbosc",1,7,8,0.125,43.633679,3.832861
2026-04-19,20:04:54,2026-04-19T20:04:54+02:00,STATION,"Occitanie",15,17,32,0.46875,43.635689,3.849597
2026-04-19,20:04:54,2026-04-19T20:04:54+02:00,STATION,"Fac des Sciences",4,20,24,0.16666666666666666,43.631318,3.861299
2026-04-19,20:04:54,2026-04-19T20:04:54+02:00,STATION,"Fac de Lettres",5,7,12,0.4166666666666667,43.630437,3.869539
2026-04-19,20:04:54,2026-04-19T20:04:54+02:00,STATION,"Aiguelongue",6,1,8,0.875,43.626163,3.882492
2026-04-19,20:04:54,2026-04-19T20:04:54+02:00,STATION,"Jeu de Mail des Abbés",6,2,8,0.75,43.619701,3.883831
2026-04-19,20:04:54,2026-04-19T20:04:54+02:00,STATION,"Euromédecine",1,7,8,0.125,43.639119,3.828199
2026-04-19,20:04:54,2026-04-19T20:04:54+02:00,STATION,"Marie Caizergues",0,8,8,0.0,43.619871,3.873812
2026-04-19,20:04:54,2026-04-19T20:04:54+02:00,STATION,"Sabines",5,3,8,0.625,43.584211,3.860031
2026-04-19,20:04:54,2026-04-19T20:04:54+02:00,STATION,"Celleneuve",2,6,8,0.25,43.61467,3.832624
2026-04-19,20:04:54,2026-04-19T20:04:54+02:00,STATION,"Jardin de la Lironde",7,1,8,0.875,43.60585,3.911576
2026-04-19,20:04:54,2026-04-19T20:04:54+02:00,STATION,"Père Soulas",3,5,8,0.375,43.621983,3.855603
2026-04-19,20:04:54,2026-04-19T20:04:54+02:00,STATION,"Place Viala",2,5,8,0.375,43.616812,3.855075
2026-04-19,20:04:54,2026-04-19T20:04:54+02:00,STATION,"Hôtel du Département",1,7,8,0.125,43.621682,3.83477
2026-04-19,20:04:54,2026-04-19T20:04:54+02:00,STATION,"Tonnelles",2,6,8,0.25,43.615155,3.839466
2026-04-19,20:04:54,2026-04-19T20:04:54+02:00,STATION,"Parvis Jules Ferry - Gare Saint-Roch",1,7,8,0.125,43.603889,3.879362
2026-04-19,20:04:54,2026-04-19T20:04:54+02:00,STATION,"Pont de Lattes - Gare Saint-Roch",2,9,12,0.25,43.606036,3.882393
2026-04-19,20:04:54,2026-04-19T20:04:54+02:00,STATION,"Deux Ponts - Gare Saint-Roch",0,8,8,0.0,43.604319,3.880916
2026-04-19,20:04:54,2026-04-19T20:04:54+02:00,STATION,"Providence - Ovalie",2,6,8,0.25,43.588239,3.853421
2026-04-19,20:04:54,2026-04-19T20:04:54+02:00,STATION,"Pérols Etang de l Or",36,32,68,0.5294117647058824,43.558351,3.963412
2026-04-19,20:04:54,2026-04-19T20:04:54+02:00,STATION,"Albert 1er - Cathédrale",3,9,12,0.25,43.614005,3.873218
2026-04-19,20:04:54,2026-04-19T20:04:54+02:00,STATION,"Saint-Guilhem - Courreau",3,5,8,0.375,43.608996,3.872752
2026-04-19,20:04:54,2026-04-19T20:04:54+02:00,STATION,"Sud De France",5,2,8,0.75,43.59562,3.9235
2026-04-19,20:04:54,2026-04-19T20:04:54+02:00,STATION,"Comedie Baudin",0,8,8,0.0,43.608717,3.880787
2026-04-19,20:04:54,2026-04-19T20:04:54+02:00,STATION,"Jean de Beins",1,15,16,0.0625,43.609857,3.883884
2026-04-19,21:25:44,2026-04-19T21:25:44+02:00,STATION,"Rue Jules Ferry - Gare Saint-Roch",1,11,12,0.08333333333333333,43.605366,3.881346
2026-04-19,21:25:44,2026-04-19T21:25:44+02:00,STATION,"Comédie",5,15,20,0.25,43.608148,3.878778
2026-04-19,21:25:44,2026-04-19T21:25:44+02:00,STATION,"Hôtel de Ville",17,0,16,1.0,43.599088,3.894866
2026-04-19,21:25:44,2026-04-19T21:25:44+02:00,STATION,"Corum",6,6,12,0.5,43.613989,3.8816
2026-04-19,21:25:44,2026-04-19T21:25:44+02:00,STATION,"Place Albert 1er - St Charles",2,25,27,0.07407407407407407,43.616768,3.873375
2026-04-19,21:25:44,2026-04-19T21:25:44+02:00,STATION,"Foch",5,3,8,0.625,43.610989,3.873345
2026-04-19,21:25:44,2026-04-19T21:25:44+02:00,STATION,"Halles Castellane",0,12,12,0.0,43.609935,3.877208
2026-04-19,21:25:44,2026-04-19T21:25:44+02:00,STATION,"Observatoire",7,0,8,1.0,43.606301,3.87724
2026-04-19,21:25:44,2026-04-19T21:25:44+02:00,STATION,"Rondelet",2,14,16,0.125,43.603038,3.875796
2026-04-19,21:25:44,2026-04-19T21:25:44+02:00,STATION,"Plan Cabanes",6,6,12,0.5,43.608491,3.868389
2026-04-19,21:25:44,2026-04-19T21:25:44+02:00,STATION,"Boutonnet",2,9,12,0.25,43.622629,3.868375
2026-04-19,21:25:44,2026-04-19T21:25:44+02:00,STATION,"Emile Combes",1,7,8,0.125,43.616742,3.87998
2026-04-19,21:25:44,2026-04-19T21:25:44+02:00,STATION,"Beaux-Arts",0,16,16,0.0,43.616698,3.884981
2026-04-19,21:25:44,2026-04-19T21:25:44+02:00,STATION,"Les Aubes",5,3,8,0.625,43.618692,3.893844
2026-04-19,21:25:44,2026-04-19T21:25:44+02:00,STATION,"Antigone centre",4,8,12,0.3333333333333333,43.607942,3.890634
2026-04-19,21:25:44,2026-04-19T21:25:44+02:00,STATION,"Médiathèque Emile Zola",13,3,16,0.8125,43.608218,3.89314
2026-04-19,21:25:44,2026-04-19T21:25:44+02:00,STATION,"Nombre d Or",16,0,16,1.0,43.607859,3.886644
2026-04-19,21:25:44,2026-04-19T21:25:44+02:00,STATION,"Louis Blanc",6,10,16,0.375,43.614642,3.877648
2026-04-19,21:25:44,2026-04-19T21:25:44+02:00,STATION,"Gambetta",3,5,8,0.375,43.607106,3.870693
2026-04-19,21:25:44,2026-04-19T21:25:44+02:00,STATION,"Port Marianne",17,0,16,1.0,43.60032,3.89851
2026-04-19,21:25:44,2026-04-19T21:25:44+02:00,STATION,"Les Arceaux",2,6,8,0.25,43.612659,3.867734
2026-04-19,21:25:44,2026-04-19T21:25:44+02:00,STATION,"Cité Mion",3,3,8,0.625,43.601143,3.884373
2026-04-19,21:25:44,2026-04-19T21:25:44+02:00,STATION,"Nouveau Saint-Roch",3,5,8,0.375,43.599817,3.875757
2026-04-19,21:25:44,2026-04-19T21:25:44+02:00,STATION,"Renouvier",4,3,8,0.625,43.603553,3.867884
2026-04-19,21:25:44,2026-04-19T21:25:44+02:00,STATION,"Odysseum",0,8,8,0.0,43.603727,3.918979
2026-04-19,21:25:44,2026-04-19T21:25:44+02:00,STATION,"Saint-Denis",0,8,8,0.0,43.605021,3.875065
2026-04-19,21:25:44,2026-04-19T21:25:44+02:00,STATION,"Richter",15,1,16,0.9375,43.603424,3.899263
2026-04-19,21:25:44,2026-04-19T21:25:44+02:00,STATION,"Charles Flahault",2,6,8,0.25,43.622038,3.86672
2026-04-19,21:25:44,2026-04-19T21:25:44+02:00,STATION,"Voltaire",7,1,8,0.875,43.603767,3.888659
2026-04-19,21:25:44,2026-04-19T21:25:44+02:00,STATION,"Prés d Arènes",5,3,8,0.625,43.59048,3.884611
2026-04-19,21:25:44,2026-04-19T21:25:44+02:00,STATION,"Garcia Lorca",7,1,8,0.875,43.590757,3.890616
2026-04-19,21:25:44,2026-04-19T21:25:44+02:00,STATION,"Vert Bois",2,14,16,0.125,43.63543,3.871179
2026-04-19,21:25:44,2026-04-19T21:25:44+02:00,STATION,"Malbosc",1,7,8,0.125,43.633679,3.832861
2026-04-19,21:25:44,2026-04-19T21:25:44+02:00,STATION,"Occitanie",15,17,32,0.46875,43.635689,3.849597
2026-04-19,21:25:44,2026-04-19T21:25:44+02:00,STATION,"Fac des Sciences",4,20,24,0.16666666666666666,43.631318,3.861299
2026-04-19,21:25:44,2026-04-19T21:25:44+02:00,STATION,"Fac de Lettres",5,7,12,0.4166666666666667,43.630437,3.869539
2026-04-19,21:25:44,2026-04-19T21:25:44+02:00,STATION,"Aiguelongue",6,1,8,0.875,43.626163,3.882492
2026-04-19,21:25:44,2026-04-19T21:25:44+02:00,STATION,"Jeu de Mail des Abbés",6,2,8,0.75,43.619701,3.883831
2026-04-19,21:25:44,2026-04-19T21:25:44+02:00,STATION,"Euromédecine",1,7,8,0.125,43.639119,3.828199
2026-04-19,21:25:44,2026-04-19T21:25:44+02:00,STATION,"Marie Caizergues",0,8,8,0.0,43.619871,3.873812
2026-04-19,21:25:44,2026-04-19T21:25:44+02:00,STATION,"Sabines",5,3,8,0.625,43.584211,3.860031
2026-04-19,21:25:44,2026-04-19T21:25:44+02:00,STATION,"Celleneuve",2,6,8,0.25,43.61467,3.832624
2026-04-19,21:25:44,2026-04-19T21:25:44+02:00,STATION,"Jardin de la Lironde",7,1,8,0.875,43.60585,3.911576
2026-04-19,21:25:44,2026-04-19T21:25:44+02:00,STATION,"Père Soulas",2,6,8,0.25,43.621983,3.855603
2026-04-19,21:25:44,2026-04-19T21:25:44+02:00,STATION,"Place Viala",2,5,8,0.375,43.616812,3.855075
2026-04-19,21:25:44,2026-04-19T21:25:44+02:00,STATION,"Hôtel du Département",1,7,8,0.125,43.621682,3.83477
2026-04-19,21:25:44,2026-04-19T21:25:44+02:00,STATION,"Tonnelles",2,6,8,0.25,43.615155,3.839466
2026-04-19,21:25:44,2026-04-19T21:25:44+02:00,STATION,"Parvis Jules Ferry - Gare Saint-Roch",1,7,8,0.125,43.603889,3.879362
2026-04-19,21:25:44,2026-04-19T21:25:44+02:00,STATION,"Pont de Lattes - Gare Saint-Roch",2,9,12,0.25,43.606036,3.882393
2026-04-19,21:25:44,2026-04-19T21:25:44+02:00,STATION,"Deux Ponts - Gare Saint-Roch",0,8,8,0.0,43.604319,3.880916
2026-04-19,21:25:44,2026-04-19T21:25:44+02:00,STATION,"Providence - Ovalie",2,6,8,0.25,43.588239,3.853421
2026-04-19,21:25:44,2026-04-19T21:25:44+02:00,STATION,"Pérols Etang de l Or",38,30,68,0.5588235294117647,43.558351,3.963412
2026-04-19,21:25:44,2026-04-19T21:25:44+02:00,STATION,"Albert 1er - Cathédrale",3,9,12,0.25,43.614005,3.873218
2026-04-19,21:25:44,2026-04-19T21:25:44+02:00,STATION,"Saint-Guilhem - Courreau",3,5,8,0.375,43.608996,3.872752
2026-04-19,21:25:44,2026-04-19T21:25:44+02:00,STATION,"Sud De France",5,2,8,0.75,43.59562,3.9235
2026-04-19,21:25:44,2026-04-19T21:25:44+02:00,STATION,"Comedie Baudin",0,8,8,0.0,43.608717,3.880787
2026-04-19,21:25:44,2026-04-19T21:25:44+02:00,STATION,"Jean de Beins",1,15,16,0.0625,43.609857,3.883884
2026-04-19,22:03:52,2026-04-19T22:03:52+02:00,STATION,"Rue Jules Ferry - Gare Saint-Roch",1,11,12,0.08333333333333333,43.605366,3.881346
2026-04-19,22:03:52,2026-04-19T22:03:52+02:00,STATION,"Comédie",4,16,20,0.2,43.608148,3.878778
2026-04-19,22:03:52,2026-04-19T22:03:52+02:00,STATION,"Hôtel de Ville",17,0,16,1.0,43.599088,3.894866
2026-04-19,22:03:52,2026-04-19T22:03:52+02:00,STATION,"Corum",5,7,12,0.4166666666666667,43.613989,3.8816
2026-04-19,22:03:52,2026-04-19T22:03:52+02:00,STATION,"Place Albert 1er - St Charles",2,25,27,0.07407407407407407,43.616768,3.873375
2026-04-19,22:03:52,2026-04-19T22:03:52+02:00,STATION,"Foch",5,3,8,0.625,43.610989,3.873345
2026-04-19,22:03:52,2026-04-19T22:03:52+02:00,STATION,"Halles Castellane",0,12,12,0.0,43.609935,3.877208
2026-04-19,22:03:52,2026-04-19T22:03:52+02:00,STATION,"Observatoire",7,0,8,1.0,43.606301,3.87724
2026-04-19,22:03:52,2026-04-19T22:03:52+02:00,STATION,"Rondelet",2,14,16,0.125,43.603038,3.875796
2026-04-19,22:03:52,2026-04-19T22:03:52+02:00,STATION,"Plan Cabanes",6,6,12,0.5,43.608491,3.868389
2026-04-19,22:03:52,2026-04-19T22:03:52+02:00,STATION,"Boutonnet",2,9,12,0.25,43.622629,3.868375
2026-04-19,22:03:52,2026-04-19T22:03:52+02:00,STATION,"Emile Combes",2,6,8,0.25,43.616742,3.87998
2026-04-19,22:03:52,2026-04-19T22:03:52+02:00,STATION,"Beaux-Arts",0,16,16,0.0,43.616698,3.884981
2026-04-19,22:03:52,2026-04-19T22:03:52+02:00,STATION,"Les Aubes",7,1,8,0.875,43.618692,3.893844
2026-04-19,22:03:52,2026-04-19T22:03:52+02:00,STATION,"Antigone centre",5,7,12,0.4166666666666667,43.607942,3.890634
2026-04-19,22:03:52,2026-04-19T22:03:52+02:00,STATION,"Médiathèque Emile Zola",13,3,16,0.8125,43.608218,3.89314
2026-04-19,22:03:52,2026-04-19T22:03:52+02:00,STATION,"Nombre d Or",16,0,16,1.0,43.607859,3.886644
2026-04-19,22:03:52,2026-04-19T22:03:52+02:00,STATION,"Louis Blanc",6,10,16,0.375,43.614642,3.877648
2026-04-19,22:03:52,2026-04-19T22:03:52+02:00,STATION,"Gambetta",3,5,8,0.375,43.607106,3.870693
2026-04-19,22:03:52,2026-04-19T22:03:52+02:00,STATION,"Port Marianne",17,0,16,1.0,43.60032,3.89851
2026-04-19,22:03:52,2026-04-19T22:03:52+02:00,STATION,"Les Arceaux",2,6,8,0.25,43.612659,3.867734
2026-04-19,22:03:52,2026-04-19T22:03:52+02:00,STATION,"Cité Mion",2,4,8,0.5,43.601143,3.884373
2026-04-19,22:03:52,2026-04-19T22:03:52+02:00,STATION,"Nouveau Saint-Roch",3,5,8,0.375,43.599817,3.875757
2026-04-19,22:03:52,2026-04-19T22:03:52+02:00,STATION,"Renouvier",4,3,8,0.625,43.603553,3.867884
2026-04-19,22:03:52,2026-04-19T22:03:52+02:00,STATION,"Odysseum",0,8,8,0.0,43.603727,3.918979
2026-04-19,22:03:52,2026-04-19T22:03:52+02:00,STATION,"Saint-Denis",0,8,8,0.0,43.605021,3.875065
2026-04-19,22:03:52,2026-04-19T22:03:52+02:00,STATION,"Richter",15,1,16,0.9375,43.603424,3.899263
2026-04-19,22:03:52,2026-04-19T22:03:52+02:00,STATION,"Charles Flahault",2,6,8,0.25,43.622038,3.86672
2026-04-19,22:03:52,2026-04-19T22:03:52+02:00,STATION,"Voltaire",7,1,8,0.875,43.603767,3.888659
2026-04-19,22:03:52,2026-04-19T22:03:52+02:00,STATION,"Prés d Arènes",4,4,8,0.5,43.59048,3.884611
2026-04-19,22:03:52,2026-04-19T22:03:52+02:00,STATION,"Garcia Lorca",7,1,8,0.875,43.590757,3.890616
2026-04-19,22:03:52,2026-04-19T22:03:52+02:00,STATION,"Vert Bois",3,13,16,0.1875,43.63543,3.871179
2026-04-19,22:03:52,2026-04-19T22:03:52+02:00,STATION,"Malbosc",1,7,8,0.125,43.633679,3.832861
2026-04-19,22:03:52,2026-04-19T22:03:52+02:00,STATION,"Occitanie",15,17,32,0.46875,43.635689,3.849597
2026-04-19,22:03:52,2026-04-19T22:03:52+02:00,STATION,"Fac des Sciences",4,20,24,0.16666666666666666,43.631318,3.861299
2026-04-19,22:03:52,2026-04-19T22:03:52+02:00,STATION,"Fac de Lettres",5,7,12,0.4166666666666667,43.630437,3.869539
2026-04-19,22:03:52,2026-04-19T22:03:52+02:00,STATION,"Aiguelongue",6,1,8,0.875,43.626163,3.882492
2026-04-19,22:03:52,2026-04-19T22:03:52+02:00,STATION,"Jeu de Mail des Abbés",6,2,8,0.75,43.619701,3.883831
2026-04-19,22:03:52,2026-04-19T22:03:52+02:00,STATION,"Euromédecine",1,7,8,0.125,43.639119,3.828199
2026-04-19,22:03:52,2026-04-19T22:03:52+02:00,STATION,"Marie Caizergues",0,8,8,0.0,43.619871,3.873812
2026-04-19,22:03:52,2026-04-19T22:03:52+02:00,STATION,"Sabines",5,3,8,0.625,43.584211,3.860031
2026-04-19,22:03:52,2026-04-19T22:03:52+02:00,STATION,"Celleneuve",2,6,8,0.25,43.61467,3.832624
2026-04-19,22:03:52,2026-04-19T22:03:52+02:00,STATION,"Jardin de la Lironde",7,1,8,0.875,43.60585,3.911576
2026-04-19,22:03:52,2026-04-19T22:03:52+02:00,STATION,"Père Soulas",2,6,8,0.25,43.621983,3.855603
2026-04-19,22:03:52,2026-04-19T22:03:52+02:00,STATION,"Place Viala",2,5,8,0.375,43.616812,3.855075
2026-04-19,22:03:52,2026-04-19T22:03:52+02:00,STATION,"Hôtel du Département",1,7,8,0.125,43.621682,3.83477
2026-04-19,22:03:52,2026-04-19T22:03:52+02:00,STATION,"Tonnelles",2,6,8,0.25,43.615155,3.839466
2026-04-19,22:03:52,2026-04-19T22:03:52+02:00,STATION,"Parvis Jules Ferry - Gare Saint-Roch",1,7,8,0.125,43.603889,3.879362
2026-04-19,22:03:52,2026-04-19T22:03:52+02:00,STATION,"Pont de Lattes - Gare Saint-Roch",2,9,12,0.25,43.606036,3.882393
2026-04-19,22:03:52,2026-04-19T22:03:52+02:00,STATION,"Deux Ponts - Gare Saint-Roch",0,8,8,0.0,43.604319,3.880916
2026-04-19,22:03:52,2026-04-19T22:03:52+02:00,STATION,"Providence - Ovalie",2,6,8,0.25,43.588239,3.853421
2026-04-19,22:03:52,2026-04-19T22:03:52+02:00,STATION,"Pérols Etang de l Or",39,29,68,0.5735294117647058,43.558351,3.963412
2026-04-19,22:03:52,2026-04-19T22:03:52+02:00,STATION,"Albert 1er - Cathédrale",3,9,12,0.25,43.614005,3.873218
2026-04-19,22:03:52,2026-04-19T22:03:52+02:00,STATION,"Saint-Guilhem - Courreau",4,4,8,0.5,43.608996,3.872752
2026-04-19,22:03:52,2026-04-19T22:03:52+02:00,STATION,"Sud De France",5,2,8,0.75,43.59562,3.9235
2026-04-19,22:03:52,2026-04-19T22:03:52+02:00,STATION,"Comedie Baudin",0,8,8,0.0,43.608717,3.880787
2026-04-19,22:03:52,2026-04-19T22:03:52+02:00,STATION,"Jean de Beins",2,14,16,0.125,43.609857,3.883884
2026-04-19,22:52:59,2026-04-19T22:52:59+02:00,STATION,"Rue Jules Ferry - Gare Saint-Roch",1,11,12,0.08333333333333333,43.605366,3.881346
2026-04-19,22:52:59,2026-04-19T22:52:59+02:00,STATION,"Comédie",6,14,20,0.3,43.608148,3.878778
2026-04-19,22:52:59,2026-04-19T22:52:59+02:00,STATION,"Hôtel de Ville",17,0,16,1.0,43.599088,3.894866
2026-04-19,22:52:59,2026-04-19T22:52:59+02:00,STATION,"Corum",5,7,12,0.4166666666666667,43.613989,3.8816
2026-04-19,22:52:59,2026-04-19T22:52:59+02:00,STATION,"Place Albert 1er - St Charles",4,23,27,0.14814814814814814,43.616768,3.873375
2026-04-19,22:52:59,2026-04-19T22:52:59+02:00,STATION,"Foch",5,3,8,0.625,43.610989,3.873345
2026-04-19,22:52:59,2026-04-19T22:52:59+02:00,STATION,"Halles Castellane",0,12,12,0.0,43.609935,3.877208
2026-04-19,22:52:59,2026-04-19T22:52:59+02:00,STATION,"Observatoire",7,0,8,1.0,43.606301,3.87724
2026-04-19,22:52:59,2026-04-19T22:52:59+02:00,STATION,"Rondelet",2,14,16,0.125,43.603038,3.875796
2026-04-19,22:52:59,2026-04-19T22:52:59+02:00,STATION,"Plan Cabanes",5,7,12,0.4166666666666667,43.608491,3.868389
2026-04-19,22:52:59,2026-04-19T22:52:59+02:00,STATION,"Boutonnet",2,9,12,0.25,43.622629,3.868375
2026-04-19,22:52:59,2026-04-19T22:52:59+02:00,STATION,"Emile Combes",1,7,8,0.125,43.616742,3.87998
2026-04-19,22:52:59,2026-04-19T22:52:59+02:00,STATION,"Beaux-Arts",0,16,16,0.0,43.616698,3.884981
2026-04-19,22:52:59,2026-04-19T22:52:59+02:00,STATION,"Les Aubes",7,1,8,0.875,43.618692,3.893844
2026-04-19,22:52:59,2026-04-19T22:52:59+02:00,STATION,"Antigone centre",5,7,12,0.4166666666666667,43.607942,3.890634
2026-04-19,22:52:59,2026-04-19T22:52:59+02:00,STATION,"Médiathèque Emile Zola",13,3,16,0.8125,43.608218,3.89314
2026-04-19,22:52:59,2026-04-19T22:52:59+02:00,STATION,"Nombre d Or",16,0,16,1.0,43.607859,3.886644
2026-04-19,22:52:59,2026-04-19T22:52:59+02:00,STATION,"Louis Blanc",5,11,16,0.3125,43.614642,3.877648
2026-04-19,22:52:59,2026-04-19T22:52:59+02:00,STATION,"Gambetta",3,5,8,0.375,43.607106,3.870693
2026-04-19,22:52:59,2026-04-19T22:52:59+02:00,STATION,"Port Marianne",17,0,16,1.0,43.60032,3.89851
2026-04-19,22:52:59,2026-04-19T22:52:59+02:00,STATION,"Les Arceaux",2,6,8,0.25,43.612659,3.867734
2026-04-19,22:52:59,2026-04-19T22:52:59+02:00,STATION,"Cité Mion",2,4,8,0.5,43.601143,3.884373
2026-04-19,22:52:59,2026-04-19T22:52:59+02:00,STATION,"Nouveau Saint-Roch",3,5,8,0.375,43.599817,3.875757
2026-04-19,22:52:59,2026-04-19T22:52:59+02:00,STATION,"Renouvier",4,3,8,0.625,43.603553,3.867884
2026-04-19,22:52:59,2026-04-19T22:52:59+02:00,STATION,"Odysseum",0,8,8,0.0,43.603727,3.918979
2026-04-19,22:52:59,2026-04-19T22:52:59+02:00,STATION,"Saint-Denis",0,8,8,0.0,43.605021,3.875065
2026-04-19,22:52:59,2026-04-19T22:52:59+02:00,STATION,"Richter",15,1,16,0.9375,43.603424,3.899263
2026-04-19,22:52:59,2026-04-19T22:52:59+02:00,STATION,"Charles Flahault",2,6,8,0.25,43.622038,3.86672
2026-04-19,22:52:59,2026-04-19T22:52:59+02:00,STATION,"Voltaire",7,1,8,0.875,43.603767,3.888659
2026-04-19,22:52:59,2026-04-19T22:52:59+02:00,STATION,"Prés d Arènes",4,4,8,0.5,43.59048,3.884611
2026-04-19,22:52:59,2026-04-19T22:52:59+02:00,STATION,"Garcia Lorca",7,1,8,0.875,43.590757,3.890616
2026-04-19,22:52:59,2026-04-19T22:52:59+02:00,STATION,"Vert Bois",3,13,16,0.1875,43.63543,3.871179
2026-04-19,22:52:59,2026-04-19T22:52:59+02:00,STATION,"Malbosc",1,7,8,0.125,43.633679,3.832861
2026-04-19,22:52:59,2026-04-19T22:52:59+02:00,STATION,"Occitanie",13,19,32,0.40625,43.635689,3.849597
2026-04-19,22:52:59,2026-04-19T22:52:59+02:00,STATION,"Fac des Sciences",4,20,24,0.16666666666666666,43.631318,3.861299
2026-04-19,22:52:59,2026-04-19T22:52:59+02:00,STATION,"Fac de Lettres",5,7,12,0.4166666666666667,43.630437,3.869539
2026-04-19,22:52:59,2026-04-19T22:52:59+02:00,STATION,"Aiguelongue",6,1,8,0.875,43.626163,3.882492
2026-04-19,22:52:59,2026-04-19T22:52:59+02:00,STATION,"Jeu de Mail des Abbés",6,2,8,0.75,43.619701,3.883831
2026-04-19,22:52:59,2026-04-19T22:52:59+02:00,STATION,"Euromédecine",1,7,8,0.125,43.639119,3.828199
2026-04-19,22:52:59,2026-04-19T22:52:59+02:00,STATION,"Marie Caizergues",0,8,8,0.0,43.619871,3.873812
2026-04-19,22:52:59,2026-04-19T22:52:59+02:00,STATION,"Sabines",5,3,8,0.625,43.584211,3.860031
2026-04-19,22:52:59,2026-04-19T22:52:59+02:00,STATION,"Celleneuve",2,6,8,0.25,43.61467,3.832624
2026-04-19,22:52:59,2026-04-19T22:52:59+02:00,STATION,"Jardin de la Lironde",7,1,8,0.875,43.60585,3.911576
2026-04-19,22:52:59,2026-04-19T22:52:59+02:00,STATION,"Père Soulas",2,6,8,0.25,43.621983,3.855603
2026-04-19,22:52:59,2026-04-19T22:52:59+02:00,STATION,"Place Viala",2,5,8,0.375,43.616812,3.855075
2026-04-19,22:52:59,2026-04-19T22:52:59+02:00,STATION,"Hôtel du Département",1,7,8,0.125,43.621682,3.83477
2026-04-19,22:52:59,2026-04-19T22:52:59+02:00,STATION,"Tonnelles",2,6,8,0.25,43.615155,3.839466
2026-04-19,22:52:59,2026-04-19T22:52:59+02:00,STATION,"Parvis Jules Ferry - Gare Saint-Roch",1,7,8,0.125,43.603889,3.879362
2026-04-19,22:52:59,2026-04-19T22:52:59+02:00,STATION,"Pont de Lattes - Gare Saint-Roch",2,9,12,0.25,43.606036,3.882393
2026-04-19,22:52:59,2026-04-19T22:52:59+02:00,STATION,"Deux Ponts - Gare Saint-Roch",0,8,8,0.0,43.604319,3.880916
2026-04-19,22:52:59,2026-04-19T22:52:59+02:00,STATION,"Providence - Ovalie",2,6,8,0.25,43.588239,3.853421
2026-04-19,22:52:59,2026-04-19T22:52:59+02:00,STATION,"Pérols Etang de l Or",39,29,68,0.5735294117647058,43.558351,3.963412
2026-04-19,22:52:59,2026-04-19T22:52:59+02:00,STATION,"Albert 1er - Cathédrale",3,9,12,0.25,43.614005,3.873218
2026-04-19,22:52:59,2026-04-19T22:52:59+02:00,STATION,"Saint-Guilhem - Courreau",4,4,8,0.5,43.608996,3.872752
2026-04-19,22:52:59,2026-04-19T22:52:59+02:00,STATION,"Sud De France",5,2,8,0.75,43.59562,3.9235
2026-04-19,22:52:59,2026-04-19T22:52:59+02:00,STATION,"Comedie Baudin",0,8,8,0.0,43.608717,3.880787
2026-04-19,22:52:59,2026-04-19T22:52:59+02:00,STATION,"Jean de Beins",2,14,16,0.125,43.609857,3.883884
