date,heure,timestamp,type,nom,velos_dispo,bornes_libres,total,taux_occupation_places,lat,lon
2026-04-11,00:40:48,2026-04-11T00:40:48+02:00,STATION,"Rue Jules Ferry - Gare Saint-Roch",3,9,12,0.25,43.605366,3.881346
2026-04-11,00:40:48,2026-04-11T00:40:48+02:00,STATION,"Comédie",11,9,20,0.55,43.608148,3.878778
2026-04-11,00:40:48,2026-04-11T00:40:48+02:00,STATION,"Hôtel de Ville",9,7,16,0.5625,43.599088,3.894866
2026-04-11,00:40:48,2026-04-11T00:40:48+02:00,STATION,"Corum",6,6,12,0.5,43.613989,3.8816
2026-04-11,00:40:48,2026-04-11T00:40:48+02:00,STATION,"Place Albert 1er - St Charles",9,18,27,0.3333333333333333,43.616768,3.873375
2026-04-11,00:40:48,2026-04-11T00:40:48+02:00,STATION,"Foch",2,6,8,0.25,43.610989,3.873345
2026-04-11,00:40:48,2026-04-11T00:40:48+02:00,STATION,"Halles Castellane",0,12,12,0.0,43.609935,3.877208
2026-04-11,00:40:48,2026-04-11T00:40:48+02:00,STATION,"Observatoire",4,3,8,0.625,43.606301,3.87724
2026-04-11,00:40:48,2026-04-11T00:40:48+02:00,STATION,"Rondelet",4,12,16,0.25,43.603038,3.875796
2026-04-11,00:40:48,2026-04-11T00:40:48+02:00,STATION,"Plan Cabanes",5,7,12,0.4166666666666667,43.608491,3.868389
2026-04-11,00:40:48,2026-04-11T00:40:48+02:00,STATION,"Boutonnet",7,5,12,0.5833333333333334,43.622629,3.868375
2026-04-11,00:40:48,2026-04-11T00:40:48+02:00,STATION,"Emile Combes",4,4,8,0.5,43.616742,3.87998
2026-04-11,00:40:48,2026-04-11T00:40:48+02:00,STATION,"Beaux-Arts",2,14,16,0.125,43.616698,3.884981
2026-04-11,00:40:48,2026-04-11T00:40:48+02:00,STATION,"Les Aubes",6,2,8,0.75,43.618692,3.893844
2026-04-11,00:40:48,2026-04-11T00:40:48+02:00,STATION,"Antigone centre",2,10,12,0.16666666666666666,43.607942,3.890634
2026-04-11,00:40:48,2026-04-11T00:40:48+02:00,STATION,"Médiathèque Emile Zola",12,4,16,0.75,43.608218,3.89314
2026-04-11,00:40:48,2026-04-11T00:40:48+02:00,STATION,"Nombre d Or",2,14,16,0.125,43.607859,3.886644
2026-04-11,00:40:48,2026-04-11T00:40:48+02:00,STATION,"Louis Blanc",10,6,16,0.625,43.614642,3.877648
2026-04-11,00:40:48,2026-04-11T00:40:48+02:00,STATION,"Gambetta",0,8,8,0.0,43.607106,3.870693
2026-04-11,00:40:48,2026-04-11T00:40:48+02:00,STATION,"Port Marianne",16,0,16,1.0,43.60032,3.89851
2026-04-11,00:40:48,2026-04-11T00:40:48+02:00,STATION,"Les Arceaux",1,7,8,0.125,43.612659,3.867734
2026-04-11,00:40:48,2026-04-11T00:40:48+02:00,STATION,"Cité Mion",2,4,8,0.5,43.601143,3.884373
2026-04-11,00:40:48,2026-04-11T00:40:48+02:00,STATION,"Nouveau Saint-Roch",5,3,8,0.625,43.599817,3.875757
2026-04-11,00:40:48,2026-04-11T00:40:48+02:00,STATION,"Renouvier",1,6,8,0.25,43.603553,3.867884
2026-04-11,00:40:48,2026-04-11T00:40:48+02:00,STATION,"Odysseum",0,8,8,0.0,43.603727,3.918979
2026-04-11,00:40:48,2026-04-11T00:40:48+02:00,STATION,"Saint-Denis",0,8,8,0.0,43.605021,3.875065
2026-04-11,00:40:48,2026-04-11T00:40:48+02:00,STATION,"Richter",9,7,16,0.5625,43.603424,3.899263
2026-04-11,00:40:48,2026-04-11T00:40:48+02:00,STATION,"Charles Flahault",7,1,8,0.875,43.622038,3.86672
2026-04-11,00:40:48,2026-04-11T00:40:48+02:00,STATION,"Voltaire",5,3,8,0.625,43.603767,3.888659
2026-04-11,00:40:48,2026-04-11T00:40:48+02:00,STATION,"Prés d Arènes",4,4,8,0.5,43.59048,3.884611
2026-04-11,00:40:48,2026-04-11T00:40:48+02:00,STATION,"Garcia Lorca",7,1,8,0.875,43.590757,3.890616
2026-04-11,00:40:48,2026-04-11T00:40:48+02:00,STATION,"Vert Bois",2,14,16,0.125,43.63543,3.871179
2026-04-11,00:40:48,2026-04-11T00:40:48+02:00,STATION,"Malbosc",1,7,8,0.125,43.633679,3.832861
2026-04-11,00:40:48,2026-04-11T00:40:48+02:00,STATION,"Occitanie",5,27,32,0.15625,43.635689,3.849597
2026-04-11,00:40:48,2026-04-11T00:40:48+02:00,STATION,"Fac des Sciences",2,22,24,0.08333333333333333,43.631318,3.861299
2026-04-11,00:40:48,2026-04-11T00:40:48+02:00,STATION,"Fac de Lettres",3,9,12,0.25,43.630437,3.869539
2026-04-11,00:40:48,2026-04-11T00:40:48+02:00,STATION,"Aiguelongue",5,2,8,0.75,43.626163,3.882492
2026-04-11,00:40:48,2026-04-11T00:40:48+02:00,STATION,"Jeu de Mail des Abbés",8,0,8,1.0,43.619701,3.883831
2026-04-11,00:40:48,2026-04-11T00:40:48+02:00,STATION,"Euromédecine",1,7,8,0.125,43.639119,3.828199
2026-04-11,00:40:48,2026-04-11T00:40:48+02:00,STATION,"Marie Caizergues",4,4,8,0.5,43.619871,3.873812
2026-04-11,00:40:48,2026-04-11T00:40:48+02:00,STATION,"Sabines",5,3,8,0.625,43.584211,3.860031
2026-04-11,00:40:48,2026-04-11T00:40:48+02:00,STATION,"Celleneuve",7,1,8,0.875,43.61467,3.832624
2026-04-11,00:40:48,2026-04-11T00:40:48+02:00,STATION,"Jardin de la Lironde",5,3,8,0.625,43.60585,3.911576
2026-04-11,00:40:48,2026-04-11T00:40:48+02:00,STATION,"Père Soulas",5,3,8,0.625,43.621983,3.855603
2026-04-11,00:40:48,2026-04-11T00:40:48+02:00,STATION,"Place Viala",3,5,8,0.375,43.616812,3.855075
2026-04-11,00:40:48,2026-04-11T00:40:48+02:00,STATION,"Hôtel du Département",2,6,8,0.25,43.621682,3.83477
2026-04-11,00:40:48,2026-04-11T00:40:48+02:00,STATION,"Tonnelles",1,7,8,0.125,43.615155,3.839466
2026-04-11,00:40:48,2026-04-11T00:40:48+02:00,STATION,"Parvis Jules Ferry - Gare Saint-Roch",2,6,8,0.25,43.603889,3.879362
2026-04-11,00:40:48,2026-04-11T00:40:48+02:00,STATION,"Pont de Lattes - Gare Saint-Roch",3,8,12,0.3333333333333333,43.606036,3.882393
2026-04-11,00:40:48,2026-04-11T00:40:48+02:00,STATION,"Deux Ponts - Gare Saint-Roch",0,8,8,0.0,43.604319,3.880916
2026-04-11,00:40:48,2026-04-11T00:40:48+02:00,STATION,"Providence - Ovalie",2,6,8,0.25,43.588239,3.853421
2026-04-11,00:40:48,2026-04-11T00:40:48+02:00,STATION,"Pérols Etang de l Or",44,24,68,0.6470588235294118,43.558351,3.963412
2026-04-11,00:40:48,2026-04-11T00:40:48+02:00,STATION,"Albert 1er - Cathédrale",2,10,12,0.16666666666666666,43.614005,3.873218
2026-04-11,00:40:48,2026-04-11T00:40:48+02:00,STATION,"Saint-Guilhem - Courreau",3,5,8,0.375,43.608996,3.872752
2026-04-11,00:40:48,2026-04-11T00:40:48+02:00,STATION,"Sud De France",3,4,8,0.5,43.59562,3.9235
2026-04-11,00:40:48,2026-04-11T00:40:48+02:00,STATION,"Comedie Baudin",0,8,8,0.0,43.608717,3.880787
2026-04-11,00:40:48,2026-04-11T00:40:48+02:00,STATION,"Jean de Beins",6,10,16,0.375,43.609857,3.883884
2026-04-11,01:38:04,2026-04-11T01:38:04+02:00,STATION,"Rue Jules Ferry - Gare Saint-Roch",3,9,12,0.25,43.605366,3.881346
2026-04-11,01:38:04,2026-04-11T01:38:04+02:00,STATION,"Comédie",13,7,20,0.65,43.608148,3.878778
2026-04-11,01:38:04,2026-04-11T01:38:04+02:00,STATION,"Hôtel de Ville",9,7,16,0.5625,43.599088,3.894866
2026-04-11,01:38:04,2026-04-11T01:38:04+02:00,STATION,"Corum",5,7,12,0.4166666666666667,43.613989,3.8816
2026-04-11,01:38:04,2026-04-11T01:38:04+02:00,STATION,"Place Albert 1er - St Charles",9,18,27,0.3333333333333333,43.616768,3.873375
2026-04-11,01:38:04,2026-04-11T01:38:04+02:00,STATION,"Foch",2,6,8,0.25,43.610989,3.873345
2026-04-11,01:38:04,2026-04-11T01:38:04+02:00,STATION,"Halles Castellane",0,12,12,0.0,43.609935,3.877208
2026-04-11,01:38:04,2026-04-11T01:38:04+02:00,STATION,"Observatoire",4,3,8,0.625,43.606301,3.87724
2026-04-11,01:38:04,2026-04-11T01:38:04+02:00,STATION,"Rondelet",4,12,16,0.25,43.603038,3.875796
2026-04-11,01:38:04,2026-04-11T01:38:04+02:00,STATION,"Plan Cabanes",5,7,12,0.4166666666666667,43.608491,3.868389
2026-04-11,01:38:04,2026-04-11T01:38:04+02:00,STATION,"Boutonnet",6,5,12,0.5833333333333334,43.622629,3.868375
2026-04-11,01:38:04,2026-04-11T01:38:04+02:00,STATION,"Emile Combes",4,4,8,0.5,43.616742,3.87998
2026-04-11,01:38:04,2026-04-11T01:38:04+02:00,STATION,"Beaux-Arts",2,14,16,0.125,43.616698,3.884981
2026-04-11,01:38:04,2026-04-11T01:38:04+02:00,STATION,"Les Aubes",6,2,8,0.75,43.618692,3.893844
2026-04-11,01:38:04,2026-04-11T01:38:04+02:00,STATION,"Antigone centre",2,10,12,0.16666666666666666,43.607942,3.890634
2026-04-11,01:38:04,2026-04-11T01:38:04+02:00,STATION,"Médiathèque Emile Zola",9,7,16,0.5625,43.608218,3.89314
2026-04-11,01:38:04,2026-04-11T01:38:04+02:00,STATION,"Nombre d Or",2,14,16,0.125,43.607859,3.886644
2026-04-11,01:38:04,2026-04-11T01:38:04+02:00,STATION,"Louis Blanc",10,6,16,0.625,43.614642,3.877648
2026-04-11,01:38:04,2026-04-11T01:38:04+02:00,STATION,"Gambetta",0,8,8,0.0,43.607106,3.870693
2026-04-11,01:38:04,2026-04-11T01:38:04+02:00,STATION,"Port Marianne",16,0,16,1.0,43.60032,3.89851
2026-04-11,01:38:04,2026-04-11T01:38:04+02:00,STATION,"Les Arceaux",1,7,8,0.125,43.612659,3.867734
2026-04-11,01:38:04,2026-04-11T01:38:04+02:00,STATION,"Cité Mion",2,4,8,0.5,43.601143,3.884373
2026-04-11,01:38:04,2026-04-11T01:38:04+02:00,STATION,"Nouveau Saint-Roch",5,3,8,0.625,43.599817,3.875757
2026-04-11,01:38:04,2026-04-11T01:38:04+02:00,STATION,"Renouvier",1,6,8,0.25,43.603553,3.867884
2026-04-11,01:38:04,2026-04-11T01:38:04+02:00,STATION,"Odysseum",0,8,8,0.0,43.603727,3.918979
2026-04-11,01:38:04,2026-04-11T01:38:04+02:00,STATION,"Saint-Denis",0,8,8,0.0,43.605021,3.875065
2026-04-11,01:38:04,2026-04-11T01:38:04+02:00,STATION,"Richter",10,6,16,0.625,43.603424,3.899263
2026-04-11,01:38:04,2026-04-11T01:38:04+02:00,STATION,"Charles Flahault",5,3,8,0.625,43.622038,3.86672
2026-04-11,01:38:04,2026-04-11T01:38:04+02:00,STATION,"Voltaire",5,3,8,0.625,43.603767,3.888659
2026-04-11,01:38:04,2026-04-11T01:38:04+02:00,STATION,"Prés d Arènes",4,4,8,0.5,43.59048,3.884611
2026-04-11,01:38:04,2026-04-11T01:38:04+02:00,STATION,"Garcia Lorca",7,1,8,0.875,43.590757,3.890616
2026-04-11,01:38:04,2026-04-11T01:38:04+02:00,STATION,"Vert Bois",2,14,16,0.125,43.63543,3.871179
2026-04-11,01:38:04,2026-04-11T01:38:04+02:00,STATION,"Malbosc",1,7,8,0.125,43.633679,3.832861
2026-04-11,01:38:04,2026-04-11T01:38:04+02:00,STATION,"Occitanie",5,27,32,0.15625,43.635689,3.849597
2026-04-11,01:38:04,2026-04-11T01:38:04+02:00,STATION,"Fac des Sciences",4,20,24,0.16666666666666666,43.631318,3.861299
2026-04-11,01:38:04,2026-04-11T01:38:04+02:00,STATION,"Fac de Lettres",3,9,12,0.25,43.630437,3.869539
2026-04-11,01:38:04,2026-04-11T01:38:04+02:00,STATION,"Aiguelongue",5,2,8,0.75,43.626163,3.882492
2026-04-11,01:38:04,2026-04-11T01:38:04+02:00,STATION,"Jeu de Mail des Abbés",8,0,8,1.0,43.619701,3.883831
2026-04-11,01:38:04,2026-04-11T01:38:04+02:00,STATION,"Euromédecine",3,5,8,0.375,43.639119,3.828199
2026-04-11,01:38:04,2026-04-11T01:38:04+02:00,STATION,"Marie Caizergues",4,4,8,0.5,43.619871,3.873812
2026-04-11,01:38:04,2026-04-11T01:38:04+02:00,STATION,"Sabines",5,3,8,0.625,43.584211,3.860031
2026-04-11,01:38:04,2026-04-11T01:38:04+02:00,STATION,"Celleneuve",7,1,8,0.875,43.61467,3.832624
2026-04-11,01:38:04,2026-04-11T01:38:04+02:00,STATION,"Jardin de la Lironde",5,3,8,0.625,43.60585,3.911576
2026-04-11,01:38:04,2026-04-11T01:38:04+02:00,STATION,"Père Soulas",3,5,8,0.375,43.621983,3.855603
2026-04-11,01:38:04,2026-04-11T01:38:04+02:00,STATION,"Place Viala",4,4,8,0.5,43.616812,3.855075
2026-04-11,01:38:04,2026-04-11T01:38:04+02:00,STATION,"Hôtel du Département",2,6,8,0.25,43.621682,3.83477
2026-04-11,01:38:04,2026-04-11T01:38:04+02:00,STATION,"Tonnelles",1,7,8,0.125,43.615155,3.839466
2026-04-11,01:38:04,2026-04-11T01:38:04+02:00,STATION,"Parvis Jules Ferry - Gare Saint-Roch",2,6,8,0.25,43.603889,3.879362
2026-04-11,01:38:04,2026-04-11T01:38:04+02:00,STATION,"Pont de Lattes - Gare Saint-Roch",6,5,12,0.5833333333333334,43.606036,3.882393
2026-04-11,01:38:04,2026-04-11T01:38:04+02:00,STATION,"Deux Ponts - Gare Saint-Roch",0,8,8,0.0,43.604319,3.880916
2026-04-11,01:38:04,2026-04-11T01:38:04+02:00,STATION,"Providence - Ovalie",2,6,8,0.25,43.588239,3.853421
2026-04-11,01:38:04,2026-04-11T01:38:04+02:00,STATION,"Pérols Etang de l Or",44,24,68,0.6470588235294118,43.558351,3.963412
2026-04-11,01:38:04,2026-04-11T01:38:04+02:00,STATION,"Albert 1er - Cathédrale",2,10,12,0.16666666666666666,43.614005,3.873218
2026-04-11,01:38:04,2026-04-11T01:38:04+02:00,STATION,"Saint-Guilhem - Courreau",3,5,8,0.375,43.608996,3.872752
2026-04-11,01:38:04,2026-04-11T01:38:04+02:00,STATION,"Sud De France",3,4,8,0.5,43.59562,3.9235
2026-04-11,01:38:04,2026-04-11T01:38:04+02:00,STATION,"Comedie Baudin",0,8,8,0.0,43.608717,3.880787
2026-04-11,01:38:04,2026-04-11T01:38:04+02:00,STATION,"Jean de Beins",6,10,16,0.375,43.609857,3.883884
2026-04-11,04:15:08,2026-04-11T04:15:08+02:00,STATION,"Rue Jules Ferry - Gare Saint-Roch",1,11,12,0.08333333333333333,43.605366,3.881346
2026-04-11,04:15:08,2026-04-11T04:15:08+02:00,STATION,"Comédie",9,11,20,0.45,43.608148,3.878778
2026-04-11,04:15:08,2026-04-11T04:15:08+02:00,STATION,"Hôtel de Ville",10,6,16,0.625,43.599088,3.894866
2026-04-11,04:15:08,2026-04-11T04:15:08+02:00,STATION,"Corum",3,9,12,0.25,43.613989,3.8816
2026-04-11,04:15:08,2026-04-11T04:15:08+02:00,STATION,"Place Albert 1er - St Charles",5,22,27,0.18518518518518517,43.616768,3.873375
2026-04-11,04:15:08,2026-04-11T04:15:08+02:00,STATION,"Foch",2,6,8,0.25,43.610989,3.873345
2026-04-11,04:15:08,2026-04-11T04:15:08+02:00,STATION,"Halles Castellane",0,12,12,0.0,43.609935,3.877208
2026-04-11,04:15:08,2026-04-11T04:15:08+02:00,STATION,"Observatoire",4,3,8,0.625,43.606301,3.87724
2026-04-11,04:15:08,2026-04-11T04:15:08+02:00,STATION,"Rondelet",2,14,16,0.125,43.603038,3.875796
2026-04-11,04:15:08,2026-04-11T04:15:08+02:00,STATION,"Plan Cabanes",5,7,12,0.4166666666666667,43.608491,3.868389
2026-04-11,04:15:08,2026-04-11T04:15:08+02:00,STATION,"Boutonnet",11,0,12,1.0,43.622629,3.868375
2026-04-11,04:15:08,2026-04-11T04:15:08+02:00,STATION,"Emile Combes",3,5,8,0.375,43.616742,3.87998
2026-04-11,04:15:08,2026-04-11T04:15:08+02:00,STATION,"Beaux-Arts",3,13,16,0.1875,43.616698,3.884981
2026-04-11,04:15:08,2026-04-11T04:15:08+02:00,STATION,"Les Aubes",6,2,8,0.75,43.618692,3.893844
2026-04-11,04:15:08,2026-04-11T04:15:08+02:00,STATION,"Antigone centre",2,10,12,0.16666666666666666,43.607942,3.890634
2026-04-11,04:15:08,2026-04-11T04:15:08+02:00,STATION,"Médiathèque Emile Zola",13,3,16,0.8125,43.608218,3.89314
2026-04-11,04:15:08,2026-04-11T04:15:08+02:00,STATION,"Nombre d Or",3,13,16,0.1875,43.607859,3.886644
2026-04-11,04:15:08,2026-04-11T04:15:08+02:00,STATION,"Louis Blanc",7,9,16,0.4375,43.614642,3.877648
2026-04-11,04:15:08,2026-04-11T04:15:08+02:00,STATION,"Gambetta",0,8,8,0.0,43.607106,3.870693
2026-04-11,04:15:08,2026-04-11T04:15:08+02:00,STATION,"Port Marianne",16,0,16,1.0,43.60032,3.89851
2026-04-11,04:15:08,2026-04-11T04:15:08+02:00,STATION,"Les Arceaux",1,7,8,0.125,43.612659,3.867734
2026-04-11,04:15:08,2026-04-11T04:15:08+02:00,STATION,"Cité Mion",2,4,8,0.5,43.601143,3.884373
2026-04-11,04:15:08,2026-04-11T04:15:08+02:00,STATION,"Nouveau Saint-Roch",6,2,8,0.75,43.599817,3.875757
2026-04-11,04:15:08,2026-04-11T04:15:08+02:00,STATION,"Renouvier",1,6,8,0.25,43.603553,3.867884
2026-04-11,04:15:08,2026-04-11T04:15:08+02:00,STATION,"Odysseum",0,8,8,0.0,43.603727,3.918979
2026-04-11,04:15:08,2026-04-11T04:15:08+02:00,STATION,"Saint-Denis",0,8,8,0.0,43.605021,3.875065
2026-04-11,04:15:08,2026-04-11T04:15:08+02:00,STATION,"Richter",12,4,16,0.75,43.603424,3.899263
2026-04-11,04:15:08,2026-04-11T04:15:08+02:00,STATION,"Charles Flahault",5,3,8,0.625,43.622038,3.86672
2026-04-11,04:15:08,2026-04-11T04:15:08+02:00,STATION,"Voltaire",7,1,8,0.875,43.603767,3.888659
2026-04-11,04:15:08,2026-04-11T04:15:08+02:00,STATION,"Prés d Arènes",7,1,8,0.875,43.59048,3.884611
2026-04-11,04:15:08,2026-04-11T04:15:08+02:00,STATION,"Garcia Lorca",7,1,8,0.875,43.590757,3.890616
2026-04-11,04:15:08,2026-04-11T04:15:08+02:00,STATION,"Vert Bois",3,13,16,0.1875,43.63543,3.871179
2026-04-11,04:15:08,2026-04-11T04:15:08+02:00,STATION,"Malbosc",1,7,8,0.125,43.633679,3.832861
2026-04-11,04:15:08,2026-04-11T04:15:08+02:00,STATION,"Occitanie",5,27,32,0.15625,43.635689,3.849597
2026-04-11,04:15:08,2026-04-11T04:15:08+02:00,STATION,"Fac des Sciences",5,19,24,0.20833333333333334,43.631318,3.861299
2026-04-11,04:15:08,2026-04-11T04:15:08+02:00,STATION,"Fac de Lettres",8,4,12,0.6666666666666666,43.630437,3.869539
2026-04-11,04:15:08,2026-04-11T04:15:08+02:00,STATION,"Aiguelongue",5,2,8,0.75,43.626163,3.882492
2026-04-11,04:15:08,2026-04-11T04:15:08+02:00,STATION,"Jeu de Mail des Abbés",9,0,8,1.0,43.619701,3.883831
2026-04-11,04:15:08,2026-04-11T04:15:08+02:00,STATION,"Euromédecine",3,5,8,0.375,43.639119,3.828199
2026-04-11,04:15:08,2026-04-11T04:15:08+02:00,STATION,"Marie Caizergues",4,4,8,0.5,43.619871,3.873812
2026-04-11,04:15:08,2026-04-11T04:15:08+02:00,STATION,"Sabines",4,4,8,0.5,43.584211,3.860031
2026-04-11,04:15:08,2026-04-11T04:15:08+02:00,STATION,"Celleneuve",7,1,8,0.875,43.61467,3.832624
2026-04-11,04:15:08,2026-04-11T04:15:08+02:00,STATION,"Jardin de la Lironde",7,1,8,0.875,43.60585,3.911576
2026-04-11,04:15:08,2026-04-11T04:15:08+02:00,STATION,"Père Soulas",4,4,8,0.5,43.621983,3.855603
2026-04-11,04:15:08,2026-04-11T04:15:08+02:00,STATION,"Place Viala",4,4,8,0.5,43.616812,3.855075
2026-04-11,04:15:08,2026-04-11T04:15:08+02:00,STATION,"Hôtel du Département",2,6,8,0.25,43.621682,3.83477
2026-04-11,04:15:08,2026-04-11T04:15:08+02:00,STATION,"Tonnelles",1,7,8,0.125,43.615155,3.839466
2026-04-11,04:15:08,2026-04-11T04:15:08+02:00,STATION,"Parvis Jules Ferry - Gare Saint-Roch",1,7,8,0.125,43.603889,3.879362
2026-04-11,04:15:08,2026-04-11T04:15:08+02:00,STATION,"Pont de Lattes - Gare Saint-Roch",5,6,12,0.5,43.606036,3.882393
2026-04-11,04:15:08,2026-04-11T04:15:08+02:00,STATION,"Deux Ponts - Gare Saint-Roch",0,8,8,0.0,43.604319,3.880916
2026-04-11,04:15:08,2026-04-11T04:15:08+02:00,STATION,"Providence - Ovalie",4,4,8,0.5,43.588239,3.853421
2026-04-11,04:15:08,2026-04-11T04:15:08+02:00,STATION,"Pérols Etang de l Or",44,24,68,0.6470588235294118,43.558351,3.963412
2026-04-11,04:15:08,2026-04-11T04:15:08+02:00,STATION,"Albert 1er - Cathédrale",2,10,12,0.16666666666666666,43.614005,3.873218
2026-04-11,04:15:08,2026-04-11T04:15:08+02:00,STATION,"Saint-Guilhem - Courreau",0,8,8,0.0,43.608996,3.872752
2026-04-11,04:15:08,2026-04-11T04:15:08+02:00,STATION,"Sud De France",3,4,8,0.5,43.59562,3.9235
2026-04-11,04:15:08,2026-04-11T04:15:08+02:00,STATION,"Comedie Baudin",0,8,8,0.0,43.608717,3.880787
2026-04-11,04:15:08,2026-04-11T04:15:08+02:00,STATION,"Jean de Beins",6,10,16,0.375,43.609857,3.883884
2026-04-11,06:36:32,2026-04-11T06:36:32+02:00,STATION,"Rue Jules Ferry - Gare Saint-Roch",1,11,12,0.08333333333333333,43.605366,3.881346
2026-04-11,06:36:32,2026-04-11T06:36:32+02:00,STATION,"Comédie",9,11,20,0.45,43.608148,3.878778
2026-04-11,06:36:32,2026-04-11T06:36:32+02:00,STATION,"Hôtel de Ville",10,6,16,0.625,43.599088,3.894866
2026-04-11,06:36:32,2026-04-11T06:36:32+02:00,STATION,"Corum",3,9,12,0.25,43.613989,3.8816
2026-04-11,06:36:32,2026-04-11T06:36:32+02:00,STATION,"Place Albert 1er - St Charles",3,24,27,0.1111111111111111,43.616768,3.873375
2026-04-11,06:36:32,2026-04-11T06:36:32+02:00,STATION,"Foch",2,6,8,0.25,43.610989,3.873345
2026-04-11,06:36:32,2026-04-11T06:36:32+02:00,STATION,"Halles Castellane",0,12,12,0.0,43.609935,3.877208
2026-04-11,06:36:32,2026-04-11T06:36:32+02:00,STATION,"Observatoire",8,0,8,1.0,43.606301,3.87724
2026-04-11,06:36:32,2026-04-11T06:36:32+02:00,STATION,"Rondelet",2,14,16,0.125,43.603038,3.875796
2026-04-11,06:36:32,2026-04-11T06:36:32+02:00,STATION,"Plan Cabanes",5,7,12,0.4166666666666667,43.608491,3.868389
2026-04-11,06:36:32,2026-04-11T06:36:32+02:00,STATION,"Boutonnet",11,0,12,1.0,43.622629,3.868375
2026-04-11,06:36:32,2026-04-11T06:36:32+02:00,STATION,"Emile Combes",3,5,8,0.375,43.616742,3.87998
2026-04-11,06:36:32,2026-04-11T06:36:32+02:00,STATION,"Beaux-Arts",3,13,16,0.1875,43.616698,3.884981
2026-04-11,06:36:32,2026-04-11T06:36:32+02:00,STATION,"Les Aubes",6,2,8,0.75,43.618692,3.893844
2026-04-11,06:36:32,2026-04-11T06:36:32+02:00,STATION,"Antigone centre",2,10,12,0.16666666666666666,43.607942,3.890634
2026-04-11,06:36:32,2026-04-11T06:36:32+02:00,STATION,"Médiathèque Emile Zola",13,3,16,0.8125,43.608218,3.89314
2026-04-11,06:36:32,2026-04-11T06:36:32+02:00,STATION,"Nombre d Or",3,13,16,0.1875,43.607859,3.886644
2026-04-11,06:36:32,2026-04-11T06:36:32+02:00,STATION,"Louis Blanc",6,10,16,0.375,43.614642,3.877648
2026-04-11,06:36:32,2026-04-11T06:36:32+02:00,STATION,"Gambetta",0,8,8,0.0,43.607106,3.870693
2026-04-11,06:36:32,2026-04-11T06:36:32+02:00,STATION,"Port Marianne",16,0,16,1.0,43.60032,3.89851
2026-04-11,06:36:32,2026-04-11T06:36:32+02:00,STATION,"Les Arceaux",1,7,8,0.125,43.612659,3.867734
2026-04-11,06:36:32,2026-04-11T06:36:32+02:00,STATION,"Cité Mion",2,4,8,0.5,43.601143,3.884373
2026-04-11,06:36:32,2026-04-11T06:36:32+02:00,STATION,"Nouveau Saint-Roch",8,0,8,1.0,43.599817,3.875757
2026-04-11,06:36:32,2026-04-11T06:36:32+02:00,STATION,"Renouvier",1,6,8,0.25,43.603553,3.867884
2026-04-11,06:36:32,2026-04-11T06:36:32+02:00,STATION,"Odysseum",0,8,8,0.0,43.603727,3.918979
2026-04-11,06:36:32,2026-04-11T06:36:32+02:00,STATION,"Saint-Denis",0,8,8,0.0,43.605021,3.875065
2026-04-11,06:36:32,2026-04-11T06:36:32+02:00,STATION,"Richter",12,4,16,0.75,43.603424,3.899263
2026-04-11,06:36:32,2026-04-11T06:36:32+02:00,STATION,"Charles Flahault",6,2,8,0.75,43.622038,3.86672
2026-04-11,06:36:32,2026-04-11T06:36:32+02:00,STATION,"Voltaire",7,1,8,0.875,43.603767,3.888659
2026-04-11,06:36:32,2026-04-11T06:36:32+02:00,STATION,"Prés d Arènes",7,1,8,0.875,43.59048,3.884611
2026-04-11,06:36:32,2026-04-11T06:36:32+02:00,STATION,"Garcia Lorca",7,1,8,0.875,43.590757,3.890616
2026-04-11,06:36:32,2026-04-11T06:36:32+02:00,STATION,"Vert Bois",3,13,16,0.1875,43.63543,3.871179
2026-04-11,06:36:32,2026-04-11T06:36:32+02:00,STATION,"Malbosc",1,7,8,0.125,43.633679,3.832861
2026-04-11,06:36:32,2026-04-11T06:36:32+02:00,STATION,"Occitanie",7,25,32,0.21875,43.635689,3.849597
2026-04-11,06:36:32,2026-04-11T06:36:32+02:00,STATION,"Fac des Sciences",9,15,24,0.375,43.631318,3.861299
2026-04-11,06:36:32,2026-04-11T06:36:32+02:00,STATION,"Fac de Lettres",8,4,12,0.6666666666666666,43.630437,3.869539
2026-04-11,06:36:32,2026-04-11T06:36:32+02:00,STATION,"Aiguelongue",5,2,8,0.75,43.626163,3.882492
2026-04-11,06:36:32,2026-04-11T06:36:32+02:00,STATION,"Jeu de Mail des Abbés",9,0,8,1.0,43.619701,3.883831
2026-04-11,06:36:32,2026-04-11T06:36:32+02:00,STATION,"Euromédecine",3,5,8,0.375,43.639119,3.828199
2026-04-11,06:36:32,2026-04-11T06:36:32+02:00,STATION,"Marie Caizergues",4,4,8,0.5,43.619871,3.873812
2026-04-11,06:36:32,2026-04-11T06:36:32+02:00,STATION,"Sabines",4,4,8,0.5,43.584211,3.860031
2026-04-11,06:36:32,2026-04-11T06:36:32+02:00,STATION,"Celleneuve",7,1,8,0.875,43.61467,3.832624
2026-04-11,06:36:32,2026-04-11T06:36:32+02:00,STATION,"Jardin de la Lironde",7,1,8,0.875,43.60585,3.911576
2026-04-11,06:36:32,2026-04-11T06:36:32+02:00,STATION,"Père Soulas",3,5,8,0.375,43.621983,3.855603
2026-04-11,06:36:32,2026-04-11T06:36:32+02:00,STATION,"Place Viala",4,4,8,0.5,43.616812,3.855075
2026-04-11,06:36:32,2026-04-11T06:36:32+02:00,STATION,"Hôtel du Département",2,6,8,0.25,43.621682,3.83477
2026-04-11,06:36:32,2026-04-11T06:36:32+02:00,STATION,"Tonnelles",1,7,8,0.125,43.615155,3.839466
2026-04-11,06:36:32,2026-04-11T06:36:32+02:00,STATION,"Parvis Jules Ferry - Gare Saint-Roch",1,7,8,0.125,43.603889,3.879362
2026-04-11,06:36:32,2026-04-11T06:36:32+02:00,STATION,"Pont de Lattes - Gare Saint-Roch",3,8,12,0.3333333333333333,43.606036,3.882393
2026-04-11,06:36:32,2026-04-11T06:36:32+02:00,STATION,"Deux Ponts - Gare Saint-Roch",0,8,8,0.0,43.604319,3.880916
2026-04-11,06:36:32,2026-04-11T06:36:32+02:00,STATION,"Providence - Ovalie",4,4,8,0.5,43.588239,3.853421
2026-04-11,06:36:32,2026-04-11T06:36:32+02:00,STATION,"Pérols Etang de l Or",44,24,68,0.6470588235294118,43.558351,3.963412
2026-04-11,06:36:32,2026-04-11T06:36:32+02:00,STATION,"Albert 1er - Cathédrale",2,10,12,0.16666666666666666,43.614005,3.873218
2026-04-11,06:36:32,2026-04-11T06:36:32+02:00,STATION,"Saint-Guilhem - Courreau",0,8,8,0.0,43.608996,3.872752
2026-04-11,06:36:32,2026-04-11T06:36:32+02:00,STATION,"Sud De France",3,4,8,0.5,43.59562,3.9235
2026-04-11,06:36:32,2026-04-11T06:36:32+02:00,STATION,"Comedie Baudin",0,8,8,0.0,43.608717,3.880787
2026-04-11,06:36:32,2026-04-11T06:36:32+02:00,STATION,"Jean de Beins",6,10,16,0.375,43.609857,3.883884
2026-04-11,08:03:41,2026-04-11T08:03:41+02:00,STATION,"Rue Jules Ferry - Gare Saint-Roch",7,5,12,0.5833333333333334,43.605366,3.881346
2026-04-11,08:03:41,2026-04-11T08:03:41+02:00,STATION,"Comédie",9,11,20,0.45,43.608148,3.878778
2026-04-11,08:03:41,2026-04-11T08:03:41+02:00,STATION,"Hôtel de Ville",10,6,16,0.625,43.599088,3.894866
2026-04-11,08:03:41,2026-04-11T08:03:41+02:00,STATION,"Corum",5,7,12,0.4166666666666667,43.613989,3.8816
2026-04-11,08:03:41,2026-04-11T08:03:41+02:00,STATION,"Place Albert 1er - St Charles",3,24,27,0.1111111111111111,43.616768,3.873375
2026-04-11,08:03:41,2026-04-11T08:03:41+02:00,STATION,"Foch",2,6,8,0.25,43.610989,3.873345
2026-04-11,08:03:41,2026-04-11T08:03:41+02:00,STATION,"Halles Castellane",0,12,12,0.0,43.609935,3.877208
2026-04-11,08:03:41,2026-04-11T08:03:41+02:00,STATION,"Observatoire",8,0,8,1.0,43.606301,3.87724
2026-04-11,08:03:41,2026-04-11T08:03:41+02:00,STATION,"Rondelet",2,14,16,0.125,43.603038,3.875796
2026-04-11,08:03:41,2026-04-11T08:03:41+02:00,STATION,"Plan Cabanes",5,7,12,0.4166666666666667,43.608491,3.868389
2026-04-11,08:03:41,2026-04-11T08:03:41+02:00,STATION,"Boutonnet",11,0,12,1.0,43.622629,3.868375
2026-04-11,08:03:41,2026-04-11T08:03:41+02:00,STATION,"Emile Combes",3,5,8,0.375,43.616742,3.87998
2026-04-11,08:03:41,2026-04-11T08:03:41+02:00,STATION,"Beaux-Arts",3,13,16,0.1875,43.616698,3.884981
2026-04-11,08:03:41,2026-04-11T08:03:41+02:00,STATION,"Les Aubes",6,2,8,0.75,43.618692,3.893844
2026-04-11,08:03:41,2026-04-11T08:03:41+02:00,STATION,"Antigone centre",2,10,12,0.16666666666666666,43.607942,3.890634
2026-04-11,08:03:41,2026-04-11T08:03:41+02:00,STATION,"Médiathèque Emile Zola",14,2,16,0.875,43.608218,3.89314
2026-04-11,08:03:41,2026-04-11T08:03:41+02:00,STATION,"Nombre d Or",2,14,16,0.125,43.607859,3.886644
2026-04-11,08:03:41,2026-04-11T08:03:41+02:00,STATION,"Louis Blanc",6,10,16,0.375,43.614642,3.877648
2026-04-11,08:03:41,2026-04-11T08:03:41+02:00,STATION,"Gambetta",0,8,8,0.0,43.607106,3.870693
2026-04-11,08:03:41,2026-04-11T08:03:41+02:00,STATION,"Port Marianne",9,7,16,0.5625,43.60032,3.89851
2026-04-11,08:03:41,2026-04-11T08:03:41+02:00,STATION,"Les Arceaux",1,7,8,0.125,43.612659,3.867734
2026-04-11,08:03:41,2026-04-11T08:03:41+02:00,STATION,"Cité Mion",2,4,8,0.5,43.601143,3.884373
2026-04-11,08:03:41,2026-04-11T08:03:41+02:00,STATION,"Nouveau Saint-Roch",8,0,8,1.0,43.599817,3.875757
2026-04-11,08:03:41,2026-04-11T08:03:41+02:00,STATION,"Renouvier",0,7,8,0.125,43.603553,3.867884
2026-04-11,08:03:41,2026-04-11T08:03:41+02:00,STATION,"Odysseum",0,8,8,0.0,43.603727,3.918979
2026-04-11,08:03:41,2026-04-11T08:03:41+02:00,STATION,"Saint-Denis",0,8,8,0.0,43.605021,3.875065
2026-04-11,08:03:41,2026-04-11T08:03:41+02:00,STATION,"Richter",8,8,16,0.5,43.603424,3.899263
2026-04-11,08:03:41,2026-04-11T08:03:41+02:00,STATION,"Charles Flahault",6,2,8,0.75,43.622038,3.86672
2026-04-11,08:03:41,2026-04-11T08:03:41+02:00,STATION,"Voltaire",7,1,8,0.875,43.603767,3.888659
2026-04-11,08:03:41,2026-04-11T08:03:41+02:00,STATION,"Prés d Arènes",7,1,8,0.875,43.59048,3.884611
2026-04-11,08:03:41,2026-04-11T08:03:41+02:00,STATION,"Garcia Lorca",4,4,8,0.5,43.590757,3.890616
2026-04-11,08:03:41,2026-04-11T08:03:41+02:00,STATION,"Vert Bois",2,14,16,0.125,43.63543,3.871179
2026-04-11,08:03:41,2026-04-11T08:03:41+02:00,STATION,"Malbosc",1,7,8,0.125,43.633679,3.832861
2026-04-11,08:03:41,2026-04-11T08:03:41+02:00,STATION,"Occitanie",7,25,32,0.21875,43.635689,3.849597
2026-04-11,08:03:41,2026-04-11T08:03:41+02:00,STATION,"Fac des Sciences",8,16,24,0.3333333333333333,43.631318,3.861299
2026-04-11,08:03:41,2026-04-11T08:03:41+02:00,STATION,"Fac de Lettres",7,5,12,0.5833333333333334,43.630437,3.869539
2026-04-11,08:03:41,2026-04-11T08:03:41+02:00,STATION,"Aiguelongue",4,3,8,0.625,43.626163,3.882492
2026-04-11,08:03:41,2026-04-11T08:03:41+02:00,STATION,"Jeu de Mail des Abbés",9,0,8,1.0,43.619701,3.883831
2026-04-11,08:03:41,2026-04-11T08:03:41+02:00,STATION,"Euromédecine",3,5,8,0.375,43.639119,3.828199
2026-04-11,08:03:41,2026-04-11T08:03:41+02:00,STATION,"Marie Caizergues",4,4,8,0.5,43.619871,3.873812
2026-04-11,08:03:41,2026-04-11T08:03:41+02:00,STATION,"Sabines",4,4,8,0.5,43.584211,3.860031
2026-04-11,08:03:41,2026-04-11T08:03:41+02:00,STATION,"Celleneuve",7,1,8,0.875,43.61467,3.832624
2026-04-11,08:03:41,2026-04-11T08:03:41+02:00,STATION,"Jardin de la Lironde",7,1,8,0.875,43.60585,3.911576
2026-04-11,08:03:41,2026-04-11T08:03:41+02:00,STATION,"Père Soulas",3,5,8,0.375,43.621983,3.855603
2026-04-11,08:03:41,2026-04-11T08:03:41+02:00,STATION,"Place Viala",4,4,8,0.5,43.616812,3.855075
2026-04-11,08:03:41,2026-04-11T08:03:41+02:00,STATION,"Hôtel du Département",2,6,8,0.25,43.621682,3.83477
2026-04-11,08:03:41,2026-04-11T08:03:41+02:00,STATION,"Tonnelles",1,7,8,0.125,43.615155,3.839466
2026-04-11,08:03:41,2026-04-11T08:03:41+02:00,STATION,"Parvis Jules Ferry - Gare Saint-Roch",1,7,8,0.125,43.603889,3.879362
2026-04-11,08:03:41,2026-04-11T08:03:41+02:00,STATION,"Pont de Lattes - Gare Saint-Roch",7,4,12,0.6666666666666666,43.606036,3.882393
2026-04-11,08:03:41,2026-04-11T08:03:41+02:00,STATION,"Deux Ponts - Gare Saint-Roch",0,8,8,0.0,43.604319,3.880916
2026-04-11,08:03:41,2026-04-11T08:03:41+02:00,STATION,"Providence - Ovalie",4,4,8,0.5,43.588239,3.853421
2026-04-11,08:03:41,2026-04-11T08:03:41+02:00,STATION,"Pérols Etang de l Or",44,24,68,0.6470588235294118,43.558351,3.963412
2026-04-11,08:03:41,2026-04-11T08:03:41+02:00,STATION,"Albert 1er - Cathédrale",2,10,12,0.16666666666666666,43.614005,3.873218
2026-04-11,08:03:41,2026-04-11T08:03:41+02:00,STATION,"Saint-Guilhem - Courreau",0,8,8,0.0,43.608996,3.872752
2026-04-11,08:03:41,2026-04-11T08:03:41+02:00,STATION,"Sud De France",3,4,8,0.5,43.59562,3.9235
2026-04-11,08:03:41,2026-04-11T08:03:41+02:00,STATION,"Comedie Baudin",0,8,8,0.0,43.608717,3.880787
2026-04-11,08:03:41,2026-04-11T08:03:41+02:00,STATION,"Jean de Beins",6,10,16,0.375,43.609857,3.883884
2026-04-11,09:35:28,2026-04-11T09:35:28+02:00,STATION,"Rue Jules Ferry - Gare Saint-Roch",7,5,12,0.5833333333333334,43.605366,3.881346
2026-04-11,09:35:28,2026-04-11T09:35:28+02:00,STATION,"Comédie",10,10,20,0.5,43.608148,3.878778
2026-04-11,09:35:28,2026-04-11T09:35:28+02:00,STATION,"Hôtel de Ville",9,7,16,0.5625,43.599088,3.894866
2026-04-11,09:35:28,2026-04-11T09:35:28+02:00,STATION,"Corum",5,7,12,0.4166666666666667,43.613989,3.8816
2026-04-11,09:35:28,2026-04-11T09:35:28+02:00,STATION,"Place Albert 1er - St Charles",3,24,27,0.1111111111111111,43.616768,3.873375
2026-04-11,09:35:28,2026-04-11T09:35:28+02:00,STATION,"Foch",2,6,8,0.25,43.610989,3.873345
2026-04-11,09:35:28,2026-04-11T09:35:28+02:00,STATION,"Halles Castellane",0,12,12,0.0,43.609935,3.877208
2026-04-11,09:35:28,2026-04-11T09:35:28+02:00,STATION,"Observatoire",5,2,8,0.75,43.606301,3.87724
2026-04-11,09:35:28,2026-04-11T09:35:28+02:00,STATION,"Rondelet",2,14,16,0.125,43.603038,3.875796
2026-04-11,09:35:28,2026-04-11T09:35:28+02:00,STATION,"Plan Cabanes",5,7,12,0.4166666666666667,43.608491,3.868389
2026-04-11,09:35:28,2026-04-11T09:35:28+02:00,STATION,"Boutonnet",5,6,12,0.5,43.622629,3.868375
2026-04-11,09:35:28,2026-04-11T09:35:28+02:00,STATION,"Emile Combes",3,5,8,0.375,43.616742,3.87998
2026-04-11,09:35:28,2026-04-11T09:35:28+02:00,STATION,"Beaux-Arts",3,13,16,0.1875,43.616698,3.884981
2026-04-11,09:35:28,2026-04-11T09:35:28+02:00,STATION,"Les Aubes",6,2,8,0.75,43.618692,3.893844
2026-04-11,09:35:28,2026-04-11T09:35:28+02:00,STATION,"Antigone centre",3,9,12,0.25,43.607942,3.890634
2026-04-11,09:35:28,2026-04-11T09:35:28+02:00,STATION,"Médiathèque Emile Zola",14,2,16,0.875,43.608218,3.89314
2026-04-11,09:35:28,2026-04-11T09:35:28+02:00,STATION,"Nombre d Or",3,13,16,0.1875,43.607859,3.886644
2026-04-11,09:35:28,2026-04-11T09:35:28+02:00,STATION,"Louis Blanc",6,10,16,0.375,43.614642,3.877648
2026-04-11,09:35:28,2026-04-11T09:35:28+02:00,STATION,"Gambetta",4,4,8,0.5,43.607106,3.870693
2026-04-11,09:35:28,2026-04-11T09:35:28+02:00,STATION,"Port Marianne",9,7,16,0.5625,43.60032,3.89851
2026-04-11,09:35:28,2026-04-11T09:35:28+02:00,STATION,"Les Arceaux",1,7,8,0.125,43.612659,3.867734
2026-04-11,09:35:28,2026-04-11T09:35:28+02:00,STATION,"Cité Mion",2,4,8,0.5,43.601143,3.884373
2026-04-11,09:35:28,2026-04-11T09:35:28+02:00,STATION,"Nouveau Saint-Roch",8,0,8,1.0,43.599817,3.875757
2026-04-11,09:35:28,2026-04-11T09:35:28+02:00,STATION,"Renouvier",1,6,8,0.25,43.603553,3.867884
2026-04-11,09:35:28,2026-04-11T09:35:28+02:00,STATION,"Odysseum",0,8,8,0.0,43.603727,3.918979
2026-04-11,09:35:28,2026-04-11T09:35:28+02:00,STATION,"Saint-Denis",0,8,8,0.0,43.605021,3.875065
2026-04-11,09:35:28,2026-04-11T09:35:28+02:00,STATION,"Richter",9,7,16,0.5625,43.603424,3.899263
2026-04-11,09:35:28,2026-04-11T09:35:28+02:00,STATION,"Charles Flahault",6,2,8,0.75,43.622038,3.86672
2026-04-11,09:35:28,2026-04-11T09:35:28+02:00,STATION,"Voltaire",7,1,8,0.875,43.603767,3.888659
2026-04-11,09:35:28,2026-04-11T09:35:28+02:00,STATION,"Prés d Arènes",7,1,8,0.875,43.59048,3.884611
2026-04-11,09:35:28,2026-04-11T09:35:28+02:00,STATION,"Garcia Lorca",4,4,8,0.5,43.590757,3.890616
2026-04-11,09:35:28,2026-04-11T09:35:28+02:00,STATION,"Vert Bois",6,10,16,0.375,43.63543,3.871179
2026-04-11,09:35:28,2026-04-11T09:35:28+02:00,STATION,"Malbosc",1,7,8,0.125,43.633679,3.832861
2026-04-11,09:35:28,2026-04-11T09:35:28+02:00,STATION,"Occitanie",7,25,32,0.21875,43.635689,3.849597
2026-04-11,09:35:28,2026-04-11T09:35:28+02:00,STATION,"Fac des Sciences",8,16,24,0.3333333333333333,43.631318,3.861299
2026-04-11,09:35:28,2026-04-11T09:35:28+02:00,STATION,"Fac de Lettres",7,5,12,0.5833333333333334,43.630437,3.869539
2026-04-11,09:35:28,2026-04-11T09:35:28+02:00,STATION,"Aiguelongue",3,4,8,0.5,43.626163,3.882492
2026-04-11,09:35:28,2026-04-11T09:35:28+02:00,STATION,"Jeu de Mail des Abbés",5,3,8,0.625,43.619701,3.883831
2026-04-11,09:35:28,2026-04-11T09:35:28+02:00,STATION,"Euromédecine",3,5,8,0.375,43.639119,3.828199
2026-04-11,09:35:28,2026-04-11T09:35:28+02:00,STATION,"Marie Caizergues",4,4,8,0.5,43.619871,3.873812
2026-04-11,09:35:28,2026-04-11T09:35:28+02:00,STATION,"Sabines",4,4,8,0.5,43.584211,3.860031
2026-04-11,09:35:28,2026-04-11T09:35:28+02:00,STATION,"Celleneuve",6,2,8,0.75,43.61467,3.832624
2026-04-11,09:35:28,2026-04-11T09:35:28+02:00,STATION,"Jardin de la Lironde",7,1,8,0.875,43.60585,3.911576
2026-04-11,09:35:28,2026-04-11T09:35:28+02:00,STATION,"Père Soulas",3,5,8,0.375,43.621983,3.855603
2026-04-11,09:35:28,2026-04-11T09:35:28+02:00,STATION,"Place Viala",4,4,8,0.5,43.616812,3.855075
2026-04-11,09:35:28,2026-04-11T09:35:28+02:00,STATION,"Hôtel du Département",6,2,8,0.75,43.621682,3.83477
2026-04-11,09:35:28,2026-04-11T09:35:28+02:00,STATION,"Tonnelles",1,7,8,0.125,43.615155,3.839466
2026-04-11,09:35:28,2026-04-11T09:35:28+02:00,STATION,"Parvis Jules Ferry - Gare Saint-Roch",1,7,8,0.125,43.603889,3.879362
2026-04-11,09:35:28,2026-04-11T09:35:28+02:00,STATION,"Pont de Lattes - Gare Saint-Roch",7,4,12,0.6666666666666666,43.606036,3.882393
2026-04-11,09:35:28,2026-04-11T09:35:28+02:00,STATION,"Deux Ponts - Gare Saint-Roch",0,8,8,0.0,43.604319,3.880916
2026-04-11,09:35:28,2026-04-11T09:35:28+02:00,STATION,"Providence - Ovalie",4,4,8,0.5,43.588239,3.853421
2026-04-11,09:35:28,2026-04-11T09:35:28+02:00,STATION,"Pérols Etang de l Or",44,24,68,0.6470588235294118,43.558351,3.963412
2026-04-11,09:35:28,2026-04-11T09:35:28+02:00,STATION,"Albert 1er - Cathédrale",2,10,12,0.16666666666666666,43.614005,3.873218
2026-04-11,09:35:28,2026-04-11T09:35:28+02:00,STATION,"Saint-Guilhem - Courreau",5,3,8,0.625,43.608996,3.872752
2026-04-11,09:35:28,2026-04-11T09:35:28+02:00,STATION,"Sud De France",3,4,8,0.5,43.59562,3.9235
2026-04-11,09:35:28,2026-04-11T09:35:28+02:00,STATION,"Comedie Baudin",0,8,8,0.0,43.608717,3.880787
2026-04-11,09:35:28,2026-04-11T09:35:28+02:00,STATION,"Jean de Beins",6,10,16,0.375,43.609857,3.883884
2026-04-11,10:44:51,2026-04-11T10:44:51+02:00,STATION,"Rue Jules Ferry - Gare Saint-Roch",5,7,12,0.4166666666666667,43.605366,3.881346
2026-04-11,10:44:51,2026-04-11T10:44:51+02:00,STATION,"Comédie",10,10,20,0.5,43.608148,3.878778
2026-04-11,10:44:51,2026-04-11T10:44:51+02:00,STATION,"Hôtel de Ville",10,6,16,0.625,43.599088,3.894866
2026-04-11,10:44:51,2026-04-11T10:44:51+02:00,STATION,"Corum",4,8,12,0.3333333333333333,43.613989,3.8816
2026-04-11,10:44:51,2026-04-11T10:44:51+02:00,STATION,"Place Albert 1er - St Charles",4,23,27,0.14814814814814814,43.616768,3.873375
2026-04-11,10:44:51,2026-04-11T10:44:51+02:00,STATION,"Foch",2,6,8,0.25,43.610989,3.873345
2026-04-11,10:44:51,2026-04-11T10:44:51+02:00,STATION,"Halles Castellane",0,12,12,0.0,43.609935,3.877208
2026-04-11,10:44:51,2026-04-11T10:44:51+02:00,STATION,"Observatoire",4,3,8,0.625,43.606301,3.87724
2026-04-11,10:44:51,2026-04-11T10:44:51+02:00,STATION,"Rondelet",3,13,16,0.1875,43.603038,3.875796
2026-04-11,10:44:51,2026-04-11T10:44:51+02:00,STATION,"Plan Cabanes",5,7,12,0.4166666666666667,43.608491,3.868389
2026-04-11,10:44:51,2026-04-11T10:44:51+02:00,STATION,"Boutonnet",5,6,12,0.5,43.622629,3.868375
2026-04-11,10:44:51,2026-04-11T10:44:51+02:00,STATION,"Emile Combes",3,5,8,0.375,43.616742,3.87998
2026-04-11,10:44:51,2026-04-11T10:44:51+02:00,STATION,"Beaux-Arts",3,13,16,0.1875,43.616698,3.884981
2026-04-11,10:44:51,2026-04-11T10:44:51+02:00,STATION,"Les Aubes",6,2,8,0.75,43.618692,3.893844
2026-04-11,10:44:51,2026-04-11T10:44:51+02:00,STATION,"Antigone centre",1,11,12,0.08333333333333333,43.607942,3.890634
2026-04-11,10:44:51,2026-04-11T10:44:51+02:00,STATION,"Médiathèque Emile Zola",14,2,16,0.875,43.608218,3.89314
2026-04-11,10:44:51,2026-04-11T10:44:51+02:00,STATION,"Nombre d Or",4,12,16,0.25,43.607859,3.886644
2026-04-11,10:44:51,2026-04-11T10:44:51+02:00,STATION,"Louis Blanc",7,9,16,0.4375,43.614642,3.877648
2026-04-11,10:44:51,2026-04-11T10:44:51+02:00,STATION,"Gambetta",4,4,8,0.5,43.607106,3.870693
2026-04-11,10:44:51,2026-04-11T10:44:51+02:00,STATION,"Port Marianne",9,7,16,0.5625,43.60032,3.89851
2026-04-11,10:44:51,2026-04-11T10:44:51+02:00,STATION,"Les Arceaux",1,7,8,0.125,43.612659,3.867734
2026-04-11,10:44:51,2026-04-11T10:44:51+02:00,STATION,"Cité Mion",2,4,8,0.5,43.601143,3.884373
2026-04-11,10:44:51,2026-04-11T10:44:51+02:00,STATION,"Nouveau Saint-Roch",8,0,8,1.0,43.599817,3.875757
2026-04-11,10:44:51,2026-04-11T10:44:51+02:00,STATION,"Renouvier",0,7,8,0.125,43.603553,3.867884
2026-04-11,10:44:51,2026-04-11T10:44:51+02:00,STATION,"Odysseum",0,8,8,0.0,43.603727,3.918979
2026-04-11,10:44:51,2026-04-11T10:44:51+02:00,STATION,"Saint-Denis",0,8,8,0.0,43.605021,3.875065
2026-04-11,10:44:51,2026-04-11T10:44:51+02:00,STATION,"Richter",9,7,16,0.5625,43.603424,3.899263
2026-04-11,10:44:51,2026-04-11T10:44:51+02:00,STATION,"Charles Flahault",6,2,8,0.75,43.622038,3.86672
2026-04-11,10:44:51,2026-04-11T10:44:51+02:00,STATION,"Voltaire",7,1,8,0.875,43.603767,3.888659
2026-04-11,10:44:51,2026-04-11T10:44:51+02:00,STATION,"Prés d Arènes",7,1,8,0.875,43.59048,3.884611
2026-04-11,10:44:51,2026-04-11T10:44:51+02:00,STATION,"Garcia Lorca",4,4,8,0.5,43.590757,3.890616
2026-04-11,10:44:51,2026-04-11T10:44:51+02:00,STATION,"Vert Bois",5,11,16,0.3125,43.63543,3.871179
2026-04-11,10:44:51,2026-04-11T10:44:51+02:00,STATION,"Malbosc",1,7,8,0.125,43.633679,3.832861
2026-04-11,10:44:51,2026-04-11T10:44:51+02:00,STATION,"Occitanie",4,28,32,0.125,43.635689,3.849597
2026-04-11,10:44:51,2026-04-11T10:44:51+02:00,STATION,"Fac des Sciences",9,15,24,0.375,43.631318,3.861299
2026-04-11,10:44:51,2026-04-11T10:44:51+02:00,STATION,"Fac de Lettres",7,5,12,0.5833333333333334,43.630437,3.869539
2026-04-11,10:44:51,2026-04-11T10:44:51+02:00,STATION,"Aiguelongue",3,4,8,0.5,43.626163,3.882492
2026-04-11,10:44:51,2026-04-11T10:44:51+02:00,STATION,"Jeu de Mail des Abbés",5,3,8,0.625,43.619701,3.883831
2026-04-11,10:44:51,2026-04-11T10:44:51+02:00,STATION,"Euromédecine",3,5,8,0.375,43.639119,3.828199
2026-04-11,10:44:51,2026-04-11T10:44:51+02:00,STATION,"Marie Caizergues",4,4,8,0.5,43.619871,3.873812
2026-04-11,10:44:51,2026-04-11T10:44:51+02:00,STATION,"Sabines",4,4,8,0.5,43.584211,3.860031
2026-04-11,10:44:51,2026-04-11T10:44:51+02:00,STATION,"Celleneuve",6,2,8,0.75,43.61467,3.832624
2026-04-11,10:44:51,2026-04-11T10:44:51+02:00,STATION,"Jardin de la Lironde",7,1,8,0.875,43.60585,3.911576
2026-04-11,10:44:51,2026-04-11T10:44:51+02:00,STATION,"Père Soulas",3,5,8,0.375,43.621983,3.855603
2026-04-11,10:44:51,2026-04-11T10:44:51+02:00,STATION,"Place Viala",4,4,8,0.5,43.616812,3.855075
2026-04-11,10:44:51,2026-04-11T10:44:51+02:00,STATION,"Hôtel du Département",7,1,8,0.875,43.621682,3.83477
2026-04-11,10:44:51,2026-04-11T10:44:51+02:00,STATION,"Tonnelles",3,5,8,0.375,43.615155,3.839466
2026-04-11,10:44:51,2026-04-11T10:44:51+02:00,STATION,"Parvis Jules Ferry - Gare Saint-Roch",1,7,8,0.125,43.603889,3.879362
2026-04-11,10:44:51,2026-04-11T10:44:51+02:00,STATION,"Pont de Lattes - Gare Saint-Roch",6,5,12,0.5833333333333334,43.606036,3.882393
2026-04-11,10:44:51,2026-04-11T10:44:51+02:00,STATION,"Deux Ponts - Gare Saint-Roch",0,8,8,0.0,43.604319,3.880916
2026-04-11,10:44:51,2026-04-11T10:44:51+02:00,STATION,"Providence - Ovalie",4,4,8,0.5,43.588239,3.853421
2026-04-11,10:44:51,2026-04-11T10:44:51+02:00,STATION,"Pérols Etang de l Or",42,26,68,0.6176470588235294,43.558351,3.963412
2026-04-11,10:44:51,2026-04-11T10:44:51+02:00,STATION,"Albert 1er - Cathédrale",2,10,12,0.16666666666666666,43.614005,3.873218
2026-04-11,10:44:51,2026-04-11T10:44:51+02:00,STATION,"Saint-Guilhem - Courreau",3,5,8,0.375,43.608996,3.872752
2026-04-11,10:44:51,2026-04-11T10:44:51+02:00,STATION,"Sud De France",3,4,8,0.5,43.59562,3.9235
2026-04-11,10:44:51,2026-04-11T10:44:51+02:00,STATION,"Comedie Baudin",0,8,8,0.0,43.608717,3.880787
2026-04-11,10:44:51,2026-04-11T10:44:51+02:00,STATION,"Jean de Beins",6,10,16,0.375,43.609857,3.883884
2026-04-11,11:42:30,2026-04-11T11:42:30+02:00,STATION,"Rue Jules Ferry - Gare Saint-Roch",3,9,12,0.25,43.605366,3.881346
2026-04-11,11:42:30,2026-04-11T11:42:30+02:00,STATION,"Comédie",10,10,20,0.5,43.608148,3.878778
2026-04-11,11:42:30,2026-04-11T11:42:30+02:00,STATION,"Hôtel de Ville",8,8,16,0.5,43.599088,3.894866
2026-04-11,11:42:30,2026-04-11T11:42:30+02:00,STATION,"Corum",4,8,12,0.3333333333333333,43.613989,3.8816
2026-04-11,11:42:30,2026-04-11T11:42:30+02:00,STATION,"Place Albert 1er - St Charles",4,23,27,0.14814814814814814,43.616768,3.873375
2026-04-11,11:42:30,2026-04-11T11:42:30+02:00,STATION,"Foch",2,6,8,0.25,43.610989,3.873345
2026-04-11,11:42:30,2026-04-11T11:42:30+02:00,STATION,"Halles Castellane",0,12,12,0.0,43.609935,3.877208
2026-04-11,11:42:30,2026-04-11T11:42:30+02:00,STATION,"Observatoire",4,3,8,0.625,43.606301,3.87724
2026-04-11,11:42:30,2026-04-11T11:42:30+02:00,STATION,"Rondelet",2,14,16,0.125,43.603038,3.875796
2026-04-11,11:42:30,2026-04-11T11:42:30+02:00,STATION,"Plan Cabanes",5,7,12,0.4166666666666667,43.608491,3.868389
2026-04-11,11:42:30,2026-04-11T11:42:30+02:00,STATION,"Boutonnet",5,6,12,0.5,43.622629,3.868375
2026-04-11,11:42:30,2026-04-11T11:42:30+02:00,STATION,"Emile Combes",3,5,8,0.375,43.616742,3.87998
2026-04-11,11:42:30,2026-04-11T11:42:30+02:00,STATION,"Beaux-Arts",3,13,16,0.1875,43.616698,3.884981
2026-04-11,11:42:30,2026-04-11T11:42:30+02:00,STATION,"Les Aubes",6,2,8,0.75,43.618692,3.893844
2026-04-11,11:42:30,2026-04-11T11:42:30+02:00,STATION,"Antigone centre",2,10,12,0.16666666666666666,43.607942,3.890634
2026-04-11,11:42:30,2026-04-11T11:42:30+02:00,STATION,"Médiathèque Emile Zola",13,3,16,0.8125,43.608218,3.89314
2026-04-11,11:42:30,2026-04-11T11:42:30+02:00,STATION,"Nombre d Or",4,12,16,0.25,43.607859,3.886644
2026-04-11,11:42:30,2026-04-11T11:42:30+02:00,STATION,"Louis Blanc",6,10,16,0.375,43.614642,3.877648
2026-04-11,11:42:30,2026-04-11T11:42:30+02:00,STATION,"Gambetta",4,4,8,0.5,43.607106,3.870693
2026-04-11,11:42:30,2026-04-11T11:42:30+02:00,STATION,"Port Marianne",11,5,16,0.6875,43.60032,3.89851
2026-04-11,11:42:30,2026-04-11T11:42:30+02:00,STATION,"Les Arceaux",4,4,8,0.5,43.612659,3.867734
2026-04-11,11:42:30,2026-04-11T11:42:30+02:00,STATION,"Cité Mion",2,4,8,0.5,43.601143,3.884373
2026-04-11,11:42:30,2026-04-11T11:42:30+02:00,STATION,"Nouveau Saint-Roch",8,0,8,1.0,43.599817,3.875757
2026-04-11,11:42:30,2026-04-11T11:42:30+02:00,STATION,"Renouvier",0,7,8,0.125,43.603553,3.867884
2026-04-11,11:42:30,2026-04-11T11:42:30+02:00,STATION,"Odysseum",0,8,8,0.0,43.603727,3.918979
2026-04-11,11:42:30,2026-04-11T11:42:30+02:00,STATION,"Saint-Denis",0,8,8,0.0,43.605021,3.875065
2026-04-11,11:42:30,2026-04-11T11:42:30+02:00,STATION,"Richter",7,9,16,0.4375,43.603424,3.899263
2026-04-11,11:42:30,2026-04-11T11:42:30+02:00,STATION,"Charles Flahault",6,2,8,0.75,43.622038,3.86672
2026-04-11,11:42:30,2026-04-11T11:42:30+02:00,STATION,"Voltaire",3,5,8,0.375,43.603767,3.888659
2026-04-11,11:42:30,2026-04-11T11:42:30+02:00,STATION,"Prés d Arènes",7,1,8,0.875,43.59048,3.884611
2026-04-11,11:42:30,2026-04-11T11:42:30+02:00,STATION,"Garcia Lorca",5,3,8,0.625,43.590757,3.890616
2026-04-11,11:42:30,2026-04-11T11:42:30+02:00,STATION,"Vert Bois",4,12,16,0.25,43.63543,3.871179
2026-04-11,11:42:30,2026-04-11T11:42:30+02:00,STATION,"Malbosc",1,7,8,0.125,43.633679,3.832861
2026-04-11,11:42:30,2026-04-11T11:42:30+02:00,STATION,"Occitanie",4,28,32,0.125,43.635689,3.849597
2026-04-11,11:42:30,2026-04-11T11:42:30+02:00,STATION,"Fac des Sciences",6,18,24,0.25,43.631318,3.861299
2026-04-11,11:42:30,2026-04-11T11:42:30+02:00,STATION,"Fac de Lettres",9,3,12,0.75,43.630437,3.869539
2026-04-11,11:42:30,2026-04-11T11:42:30+02:00,STATION,"Aiguelongue",3,4,8,0.5,43.626163,3.882492
2026-04-11,11:42:30,2026-04-11T11:42:30+02:00,STATION,"Jeu de Mail des Abbés",5,3,8,0.625,43.619701,3.883831
2026-04-11,11:42:30,2026-04-11T11:42:30+02:00,STATION,"Euromédecine",3,5,8,0.375,43.639119,3.828199
2026-04-11,11:42:30,2026-04-11T11:42:30+02:00,STATION,"Marie Caizergues",2,6,8,0.25,43.619871,3.873812
2026-04-11,11:42:30,2026-04-11T11:42:30+02:00,STATION,"Sabines",4,4,8,0.5,43.584211,3.860031
2026-04-11,11:42:30,2026-04-11T11:42:30+02:00,STATION,"Celleneuve",6,2,8,0.75,43.61467,3.832624
2026-04-11,11:42:30,2026-04-11T11:42:30+02:00,STATION,"Jardin de la Lironde",7,1,8,0.875,43.60585,3.911576
2026-04-11,11:42:30,2026-04-11T11:42:30+02:00,STATION,"Père Soulas",3,5,8,0.375,43.621983,3.855603
2026-04-11,11:42:30,2026-04-11T11:42:30+02:00,STATION,"Place Viala",3,5,8,0.375,43.616812,3.855075
2026-04-11,11:42:30,2026-04-11T11:42:30+02:00,STATION,"Hôtel du Département",7,1,8,0.875,43.621682,3.83477
2026-04-11,11:42:30,2026-04-11T11:42:30+02:00,STATION,"Tonnelles",4,4,8,0.5,43.615155,3.839466
2026-04-11,11:42:30,2026-04-11T11:42:30+02:00,STATION,"Parvis Jules Ferry - Gare Saint-Roch",1,7,8,0.125,43.603889,3.879362
2026-04-11,11:42:30,2026-04-11T11:42:30+02:00,STATION,"Pont de Lattes - Gare Saint-Roch",6,5,12,0.5833333333333334,43.606036,3.882393
2026-04-11,11:42:30,2026-04-11T11:42:30+02:00,STATION,"Deux Ponts - Gare Saint-Roch",0,8,8,0.0,43.604319,3.880916
2026-04-11,11:42:30,2026-04-11T11:42:30+02:00,STATION,"Providence - Ovalie",4,4,8,0.5,43.588239,3.853421
2026-04-11,11:42:30,2026-04-11T11:42:30+02:00,STATION,"Pérols Etang de l Or",39,29,68,0.5735294117647058,43.558351,3.963412
2026-04-11,11:42:30,2026-04-11T11:42:30+02:00,STATION,"Albert 1er - Cathédrale",2,10,12,0.16666666666666666,43.614005,3.873218
2026-04-11,11:42:30,2026-04-11T11:42:30+02:00,STATION,"Saint-Guilhem - Courreau",3,5,8,0.375,43.608996,3.872752
2026-04-11,11:42:30,2026-04-11T11:42:30+02:00,STATION,"Sud De France",3,4,8,0.5,43.59562,3.9235
2026-04-11,11:42:30,2026-04-11T11:42:30+02:00,STATION,"Comedie Baudin",0,8,8,0.0,43.608717,3.880787
2026-04-11,11:42:30,2026-04-11T11:42:30+02:00,STATION,"Jean de Beins",6,10,16,0.375,43.609857,3.883884
2026-04-11,12:36:27,2026-04-11T12:36:27+02:00,STATION,"Rue Jules Ferry - Gare Saint-Roch",3,9,12,0.25,43.605366,3.881346
2026-04-11,12:36:27,2026-04-11T12:36:27+02:00,STATION,"Comédie",8,12,20,0.4,43.608148,3.878778
2026-04-11,12:36:27,2026-04-11T12:36:27+02:00,STATION,"Hôtel de Ville",7,9,16,0.4375,43.599088,3.894866
2026-04-11,12:36:27,2026-04-11T12:36:27+02:00,STATION,"Corum",6,6,12,0.5,43.613989,3.8816
2026-04-11,12:36:27,2026-04-11T12:36:27+02:00,STATION,"Place Albert 1er - St Charles",3,24,27,0.1111111111111111,43.616768,3.873375
2026-04-11,12:36:27,2026-04-11T12:36:27+02:00,STATION,"Foch",2,6,8,0.25,43.610989,3.873345
2026-04-11,12:36:27,2026-04-11T12:36:27+02:00,STATION,"Halles Castellane",0,12,12,0.0,43.609935,3.877208
2026-04-11,12:36:27,2026-04-11T12:36:27+02:00,STATION,"Observatoire",4,3,8,0.625,43.606301,3.87724
2026-04-11,12:36:27,2026-04-11T12:36:27+02:00,STATION,"Rondelet",2,14,16,0.125,43.603038,3.875796
2026-04-11,12:36:27,2026-04-11T12:36:27+02:00,STATION,"Plan Cabanes",4,8,12,0.3333333333333333,43.608491,3.868389
2026-04-11,12:36:27,2026-04-11T12:36:27+02:00,STATION,"Boutonnet",5,6,12,0.5,43.622629,3.868375
2026-04-11,12:36:27,2026-04-11T12:36:27+02:00,STATION,"Emile Combes",3,5,8,0.375,43.616742,3.87998
2026-04-11,12:36:27,2026-04-11T12:36:27+02:00,STATION,"Beaux-Arts",3,13,16,0.1875,43.616698,3.884981
2026-04-11,12:36:27,2026-04-11T12:36:27+02:00,STATION,"Les Aubes",4,4,8,0.5,43.618692,3.893844
2026-04-11,12:36:27,2026-04-11T12:36:27+02:00,STATION,"Antigone centre",1,11,12,0.08333333333333333,43.607942,3.890634
2026-04-11,12:36:27,2026-04-11T12:36:27+02:00,STATION,"Médiathèque Emile Zola",12,4,16,0.75,43.608218,3.89314
2026-04-11,12:36:27,2026-04-11T12:36:27+02:00,STATION,"Nombre d Or",4,12,16,0.25,43.607859,3.886644
2026-04-11,12:36:27,2026-04-11T12:36:27+02:00,STATION,"Louis Blanc",6,10,16,0.375,43.614642,3.877648
2026-04-11,12:36:27,2026-04-11T12:36:27+02:00,STATION,"Gambetta",2,6,8,0.25,43.607106,3.870693
2026-04-11,12:36:27,2026-04-11T12:36:27+02:00,STATION,"Port Marianne",11,5,16,0.6875,43.60032,3.89851
2026-04-11,12:36:27,2026-04-11T12:36:27+02:00,STATION,"Les Arceaux",3,5,8,0.375,43.612659,3.867734
2026-04-11,12:36:27,2026-04-11T12:36:27+02:00,STATION,"Cité Mion",2,4,8,0.5,43.601143,3.884373
2026-04-11,12:36:27,2026-04-11T12:36:27+02:00,STATION,"Nouveau Saint-Roch",8,0,8,1.0,43.599817,3.875757
2026-04-11,12:36:27,2026-04-11T12:36:27+02:00,STATION,"Renouvier",0,7,8,0.125,43.603553,3.867884
2026-04-11,12:36:27,2026-04-11T12:36:27+02:00,STATION,"Odysseum",0,8,8,0.0,43.603727,3.918979
2026-04-11,12:36:27,2026-04-11T12:36:27+02:00,STATION,"Saint-Denis",0,8,8,0.0,43.605021,3.875065
2026-04-11,12:36:27,2026-04-11T12:36:27+02:00,STATION,"Richter",9,7,16,0.5625,43.603424,3.899263
2026-04-11,12:36:27,2026-04-11T12:36:27+02:00,STATION,"Charles Flahault",6,2,8,0.75,43.622038,3.86672
2026-04-11,12:36:27,2026-04-11T12:36:27+02:00,STATION,"Voltaire",3,5,8,0.375,43.603767,3.888659
2026-04-11,12:36:27,2026-04-11T12:36:27+02:00,STATION,"Prés d Arènes",7,1,8,0.875,43.59048,3.884611
2026-04-11,12:36:27,2026-04-11T12:36:27+02:00,STATION,"Garcia Lorca",5,3,8,0.625,43.590757,3.890616
2026-04-11,12:36:27,2026-04-11T12:36:27+02:00,STATION,"Vert Bois",4,12,16,0.25,43.63543,3.871179
2026-04-11,12:36:27,2026-04-11T12:36:27+02:00,STATION,"Malbosc",1,7,8,0.125,43.633679,3.832861
2026-04-11,12:36:27,2026-04-11T12:36:27+02:00,STATION,"Occitanie",4,28,32,0.125,43.635689,3.849597
2026-04-11,12:36:27,2026-04-11T12:36:27+02:00,STATION,"Fac des Sciences",10,14,24,0.4166666666666667,43.631318,3.861299
2026-04-11,12:36:27,2026-04-11T12:36:27+02:00,STATION,"Fac de Lettres",9,3,12,0.75,43.630437,3.869539
2026-04-11,12:36:27,2026-04-11T12:36:27+02:00,STATION,"Aiguelongue",3,4,8,0.5,43.626163,3.882492
2026-04-11,12:36:27,2026-04-11T12:36:27+02:00,STATION,"Jeu de Mail des Abbés",5,3,8,0.625,43.619701,3.883831
2026-04-11,12:36:27,2026-04-11T12:36:27+02:00,STATION,"Euromédecine",3,5,8,0.375,43.639119,3.828199
2026-04-11,12:36:27,2026-04-11T12:36:27+02:00,STATION,"Marie Caizergues",2,6,8,0.25,43.619871,3.873812
2026-04-11,12:36:27,2026-04-11T12:36:27+02:00,STATION,"Sabines",4,4,8,0.5,43.584211,3.860031
2026-04-11,12:36:27,2026-04-11T12:36:27+02:00,STATION,"Celleneuve",6,2,8,0.75,43.61467,3.832624
2026-04-11,12:36:27,2026-04-11T12:36:27+02:00,STATION,"Jardin de la Lironde",7,1,8,0.875,43.60585,3.911576
2026-04-11,12:36:27,2026-04-11T12:36:27+02:00,STATION,"Père Soulas",3,5,8,0.375,43.621983,3.855603
2026-04-11,12:36:27,2026-04-11T12:36:27+02:00,STATION,"Place Viala",3,5,8,0.375,43.616812,3.855075
2026-04-11,12:36:27,2026-04-11T12:36:27+02:00,STATION,"Hôtel du Département",7,1,8,0.875,43.621682,3.83477
2026-04-11,12:36:27,2026-04-11T12:36:27+02:00,STATION,"Tonnelles",3,5,8,0.375,43.615155,3.839466
2026-04-11,12:36:27,2026-04-11T12:36:27+02:00,STATION,"Parvis Jules Ferry - Gare Saint-Roch",1,7,8,0.125,43.603889,3.879362
2026-04-11,12:36:27,2026-04-11T12:36:27+02:00,STATION,"Pont de Lattes - Gare Saint-Roch",6,5,12,0.5833333333333334,43.606036,3.882393
2026-04-11,12:36:27,2026-04-11T12:36:27+02:00,STATION,"Deux Ponts - Gare Saint-Roch",0,8,8,0.0,43.604319,3.880916
2026-04-11,12:36:27,2026-04-11T12:36:27+02:00,STATION,"Providence - Ovalie",4,4,8,0.5,43.588239,3.853421
2026-04-11,12:36:27,2026-04-11T12:36:27+02:00,STATION,"Pérols Etang de l Or",33,35,68,0.4852941176470588,43.558351,3.963412
2026-04-11,12:36:27,2026-04-11T12:36:27+02:00,STATION,"Albert 1er - Cathédrale",2,10,12,0.16666666666666666,43.614005,3.873218
2026-04-11,12:36:27,2026-04-11T12:36:27+02:00,STATION,"Saint-Guilhem - Courreau",3,5,8,0.375,43.608996,3.872752
2026-04-11,12:36:27,2026-04-11T12:36:27+02:00,STATION,"Sud De France",3,4,8,0.5,43.59562,3.9235
2026-04-11,12:36:27,2026-04-11T12:36:27+02:00,STATION,"Comedie Baudin",0,8,8,0.0,43.608717,3.880787
2026-04-11,12:36:27,2026-04-11T12:36:27+02:00,STATION,"Jean de Beins",5,11,16,0.3125,43.609857,3.883884
2026-04-11,13:32:45,2026-04-11T13:32:45+02:00,STATION,"Rue Jules Ferry - Gare Saint-Roch",3,9,12,0.25,43.605366,3.881346
2026-04-11,13:32:45,2026-04-11T13:32:45+02:00,STATION,"Comédie",7,13,20,0.35,43.608148,3.878778
2026-04-11,13:32:45,2026-04-11T13:32:45+02:00,STATION,"Hôtel de Ville",8,8,16,0.5,43.599088,3.894866
2026-04-11,13:32:45,2026-04-11T13:32:45+02:00,STATION,"Corum",4,8,12,0.3333333333333333,43.613989,3.8816
2026-04-11,13:32:45,2026-04-11T13:32:45+02:00,STATION,"Place Albert 1er - St Charles",2,25,27,0.07407407407407407,43.616768,3.873375
2026-04-11,13:32:45,2026-04-11T13:32:45+02:00,STATION,"Foch",2,6,8,0.25,43.610989,3.873345
2026-04-11,13:32:45,2026-04-11T13:32:45+02:00,STATION,"Halles Castellane",0,12,12,0.0,43.609935,3.877208
2026-04-11,13:32:45,2026-04-11T13:32:45+02:00,STATION,"Observatoire",4,3,8,0.625,43.606301,3.87724
2026-04-11,13:32:45,2026-04-11T13:32:45+02:00,STATION,"Rondelet",2,14,16,0.125,43.603038,3.875796
2026-04-11,13:32:45,2026-04-11T13:32:45+02:00,STATION,"Plan Cabanes",4,8,12,0.3333333333333333,43.608491,3.868389
2026-04-11,13:32:45,2026-04-11T13:32:45+02:00,STATION,"Boutonnet",5,6,12,0.5,43.622629,3.868375
2026-04-11,13:32:45,2026-04-11T13:32:45+02:00,STATION,"Emile Combes",4,4,8,0.5,43.616742,3.87998
2026-04-11,13:32:45,2026-04-11T13:32:45+02:00,STATION,"Beaux-Arts",3,13,16,0.1875,43.616698,3.884981
2026-04-11,13:32:45,2026-04-11T13:32:45+02:00,STATION,"Les Aubes",4,4,8,0.5,43.618692,3.893844
2026-04-11,13:32:45,2026-04-11T13:32:45+02:00,STATION,"Antigone centre",1,11,12,0.08333333333333333,43.607942,3.890634
2026-04-11,13:32:45,2026-04-11T13:32:45+02:00,STATION,"Médiathèque Emile Zola",12,4,16,0.75,43.608218,3.89314
2026-04-11,13:32:45,2026-04-11T13:32:45+02:00,STATION,"Nombre d Or",5,11,16,0.3125,43.607859,3.886644
2026-04-11,13:32:45,2026-04-11T13:32:45+02:00,STATION,"Louis Blanc",6,10,16,0.375,43.614642,3.877648
2026-04-11,13:32:45,2026-04-11T13:32:45+02:00,STATION,"Gambetta",2,6,8,0.25,43.607106,3.870693
2026-04-11,13:32:45,2026-04-11T13:32:45+02:00,STATION,"Port Marianne",11,5,16,0.6875,43.60032,3.89851
2026-04-11,13:32:45,2026-04-11T13:32:45+02:00,STATION,"Les Arceaux",3,5,8,0.375,43.612659,3.867734
2026-04-11,13:32:45,2026-04-11T13:32:45+02:00,STATION,"Cité Mion",2,4,8,0.5,43.601143,3.884373
2026-04-11,13:32:45,2026-04-11T13:32:45+02:00,STATION,"Nouveau Saint-Roch",9,0,8,1.0,43.599817,3.875757
2026-04-11,13:32:45,2026-04-11T13:32:45+02:00,STATION,"Renouvier",0,7,8,0.125,43.603553,3.867884
2026-04-11,13:32:45,2026-04-11T13:32:45+02:00,STATION,"Odysseum",0,8,8,0.0,43.603727,3.918979
2026-04-11,13:32:45,2026-04-11T13:32:45+02:00,STATION,"Saint-Denis",0,8,8,0.0,43.605021,3.875065
2026-04-11,13:32:45,2026-04-11T13:32:45+02:00,STATION,"Richter",9,7,16,0.5625,43.603424,3.899263
2026-04-11,13:32:45,2026-04-11T13:32:45+02:00,STATION,"Charles Flahault",6,2,8,0.75,43.622038,3.86672
2026-04-11,13:32:45,2026-04-11T13:32:45+02:00,STATION,"Voltaire",3,5,8,0.375,43.603767,3.888659
2026-04-11,13:32:45,2026-04-11T13:32:45+02:00,STATION,"Prés d Arènes",7,1,8,0.875,43.59048,3.884611
2026-04-11,13:32:45,2026-04-11T13:32:45+02:00,STATION,"Garcia Lorca",5,3,8,0.625,43.590757,3.890616
2026-04-11,13:32:45,2026-04-11T13:32:45+02:00,STATION,"Vert Bois",4,12,16,0.25,43.63543,3.871179
2026-04-11,13:32:45,2026-04-11T13:32:45+02:00,STATION,"Malbosc",1,7,8,0.125,43.633679,3.832861
2026-04-11,13:32:45,2026-04-11T13:32:45+02:00,STATION,"Occitanie",4,28,32,0.125,43.635689,3.849597
2026-04-11,13:32:45,2026-04-11T13:32:45+02:00,STATION,"Fac des Sciences",10,14,24,0.4166666666666667,43.631318,3.861299
2026-04-11,13:32:45,2026-04-11T13:32:45+02:00,STATION,"Fac de Lettres",9,3,12,0.75,43.630437,3.869539
2026-04-11,13:32:45,2026-04-11T13:32:45+02:00,STATION,"Aiguelongue",3,4,8,0.5,43.626163,3.882492
2026-04-11,13:32:45,2026-04-11T13:32:45+02:00,STATION,"Jeu de Mail des Abbés",5,3,8,0.625,43.619701,3.883831
2026-04-11,13:32:45,2026-04-11T13:32:45+02:00,STATION,"Euromédecine",3,5,8,0.375,43.639119,3.828199
2026-04-11,13:32:45,2026-04-11T13:32:45+02:00,STATION,"Marie Caizergues",1,7,8,0.125,43.619871,3.873812
2026-04-11,13:32:45,2026-04-11T13:32:45+02:00,STATION,"Sabines",4,4,8,0.5,43.584211,3.860031
2026-04-11,13:32:45,2026-04-11T13:32:45+02:00,STATION,"Celleneuve",6,2,8,0.75,43.61467,3.832624
2026-04-11,13:32:45,2026-04-11T13:32:45+02:00,STATION,"Jardin de la Lironde",7,1,8,0.875,43.60585,3.911576
2026-04-11,13:32:45,2026-04-11T13:32:45+02:00,STATION,"Père Soulas",3,5,8,0.375,43.621983,3.855603
2026-04-11,13:32:45,2026-04-11T13:32:45+02:00,STATION,"Place Viala",3,5,8,0.375,43.616812,3.855075
2026-04-11,13:32:45,2026-04-11T13:32:45+02:00,STATION,"Hôtel du Département",7,1,8,0.875,43.621682,3.83477
2026-04-11,13:32:45,2026-04-11T13:32:45+02:00,STATION,"Tonnelles",3,5,8,0.375,43.615155,3.839466
2026-04-11,13:32:45,2026-04-11T13:32:45+02:00,STATION,"Parvis Jules Ferry - Gare Saint-Roch",1,7,8,0.125,43.603889,3.879362
2026-04-11,13:32:45,2026-04-11T13:32:45+02:00,STATION,"Pont de Lattes - Gare Saint-Roch",5,6,12,0.5,43.606036,3.882393
2026-04-11,13:32:45,2026-04-11T13:32:45+02:00,STATION,"Deux Ponts - Gare Saint-Roch",0,8,8,0.0,43.604319,3.880916
2026-04-11,13:32:45,2026-04-11T13:32:45+02:00,STATION,"Providence - Ovalie",5,3,8,0.625,43.588239,3.853421
2026-04-11,13:32:45,2026-04-11T13:32:45+02:00,STATION,"Pérols Etang de l Or",32,36,68,0.47058823529411764,43.558351,3.963412
2026-04-11,13:32:45,2026-04-11T13:32:45+02:00,STATION,"Albert 1er - Cathédrale",2,10,12,0.16666666666666666,43.614005,3.873218
2026-04-11,13:32:45,2026-04-11T13:32:45+02:00,STATION,"Saint-Guilhem - Courreau",3,5,8,0.375,43.608996,3.872752
2026-04-11,13:32:45,2026-04-11T13:32:45+02:00,STATION,"Sud De France",2,5,8,0.375,43.59562,3.9235
2026-04-11,13:32:45,2026-04-11T13:32:45+02:00,STATION,"Comedie Baudin",0,8,8,0.0,43.608717,3.880787
2026-04-11,13:32:45,2026-04-11T13:32:45+02:00,STATION,"Jean de Beins",5,11,16,0.3125,43.609857,3.883884
2026-04-11,13:58:51,2026-04-11T13:58:51+02:00,STATION,"Rue Jules Ferry - Gare Saint-Roch",3,9,12,0.25,43.605366,3.881346
2026-04-11,13:58:51,2026-04-11T13:58:51+02:00,STATION,"Comédie",7,13,20,0.35,43.608148,3.878778
2026-04-11,13:58:51,2026-04-11T13:58:51+02:00,STATION,"Hôtel de Ville",8,8,16,0.5,43.599088,3.894866
2026-04-11,13:58:51,2026-04-11T13:58:51+02:00,STATION,"Corum",4,8,12,0.3333333333333333,43.613989,3.8816
2026-04-11,13:58:51,2026-04-11T13:58:51+02:00,STATION,"Place Albert 1er - St Charles",3,24,27,0.1111111111111111,43.616768,3.873375
2026-04-11,13:58:51,2026-04-11T13:58:51+02:00,STATION,"Foch",2,6,8,0.25,43.610989,3.873345
2026-04-11,13:58:51,2026-04-11T13:58:51+02:00,STATION,"Halles Castellane",0,12,12,0.0,43.609935,3.877208
2026-04-11,13:58:51,2026-04-11T13:58:51+02:00,STATION,"Observatoire",4,3,8,0.625,43.606301,3.87724
2026-04-11,13:58:51,2026-04-11T13:58:51+02:00,STATION,"Rondelet",2,14,16,0.125,43.603038,3.875796
2026-04-11,13:58:51,2026-04-11T13:58:51+02:00,STATION,"Plan Cabanes",4,8,12,0.3333333333333333,43.608491,3.868389
2026-04-11,13:58:51,2026-04-11T13:58:51+02:00,STATION,"Boutonnet",4,7,12,0.4166666666666667,43.622629,3.868375
2026-04-11,13:58:51,2026-04-11T13:58:51+02:00,STATION,"Emile Combes",4,4,8,0.5,43.616742,3.87998
2026-04-11,13:58:51,2026-04-11T13:58:51+02:00,STATION,"Beaux-Arts",3,13,16,0.1875,43.616698,3.884981
2026-04-11,13:58:51,2026-04-11T13:58:51+02:00,STATION,"Les Aubes",4,4,8,0.5,43.618692,3.893844
2026-04-11,13:58:51,2026-04-11T13:58:51+02:00,STATION,"Antigone centre",1,11,12,0.08333333333333333,43.607942,3.890634
2026-04-11,13:58:51,2026-04-11T13:58:51+02:00,STATION,"Médiathèque Emile Zola",12,4,16,0.75,43.608218,3.89314
2026-04-11,13:58:51,2026-04-11T13:58:51+02:00,STATION,"Nombre d Or",5,11,16,0.3125,43.607859,3.886644
2026-04-11,13:58:51,2026-04-11T13:58:51+02:00,STATION,"Louis Blanc",7,9,16,0.4375,43.614642,3.877648
2026-04-11,13:58:51,2026-04-11T13:58:51+02:00,STATION,"Gambetta",2,6,8,0.25,43.607106,3.870693
2026-04-11,13:58:51,2026-04-11T13:58:51+02:00,STATION,"Port Marianne",10,6,16,0.625,43.60032,3.89851
2026-04-11,13:58:51,2026-04-11T13:58:51+02:00,STATION,"Les Arceaux",3,5,8,0.375,43.612659,3.867734
2026-04-11,13:58:51,2026-04-11T13:58:51+02:00,STATION,"Cité Mion",2,4,8,0.5,43.601143,3.884373
2026-04-11,13:58:51,2026-04-11T13:58:51+02:00,STATION,"Nouveau Saint-Roch",8,0,8,1.0,43.599817,3.875757
2026-04-11,13:58:51,2026-04-11T13:58:51+02:00,STATION,"Renouvier",0,7,8,0.125,43.603553,3.867884
2026-04-11,13:58:51,2026-04-11T13:58:51+02:00,STATION,"Odysseum",0,8,8,0.0,43.603727,3.918979
2026-04-11,13:58:51,2026-04-11T13:58:51+02:00,STATION,"Saint-Denis",0,8,8,0.0,43.605021,3.875065
2026-04-11,13:58:51,2026-04-11T13:58:51+02:00,STATION,"Richter",9,7,16,0.5625,43.603424,3.899263
2026-04-11,13:58:51,2026-04-11T13:58:51+02:00,STATION,"Charles Flahault",6,2,8,0.75,43.622038,3.86672
2026-04-11,13:58:51,2026-04-11T13:58:51+02:00,STATION,"Voltaire",3,5,8,0.375,43.603767,3.888659
2026-04-11,13:58:51,2026-04-11T13:58:51+02:00,STATION,"Prés d Arènes",7,1,8,0.875,43.59048,3.884611
2026-04-11,13:58:51,2026-04-11T13:58:51+02:00,STATION,"Garcia Lorca",5,3,8,0.625,43.590757,3.890616
2026-04-11,13:58:51,2026-04-11T13:58:51+02:00,STATION,"Vert Bois",3,13,16,0.1875,43.63543,3.871179
2026-04-11,13:58:51,2026-04-11T13:58:51+02:00,STATION,"Malbosc",1,7,8,0.125,43.633679,3.832861
2026-04-11,13:58:51,2026-04-11T13:58:51+02:00,STATION,"Occitanie",4,28,32,0.125,43.635689,3.849597
2026-04-11,13:58:51,2026-04-11T13:58:51+02:00,STATION,"Fac des Sciences",10,14,24,0.4166666666666667,43.631318,3.861299
2026-04-11,13:58:51,2026-04-11T13:58:51+02:00,STATION,"Fac de Lettres",9,3,12,0.75,43.630437,3.869539
2026-04-11,13:58:51,2026-04-11T13:58:51+02:00,STATION,"Aiguelongue",3,4,8,0.5,43.626163,3.882492
2026-04-11,13:58:51,2026-04-11T13:58:51+02:00,STATION,"Jeu de Mail des Abbés",5,3,8,0.625,43.619701,3.883831
2026-04-11,13:58:51,2026-04-11T13:58:51+02:00,STATION,"Euromédecine",3,5,8,0.375,43.639119,3.828199
2026-04-11,13:58:51,2026-04-11T13:58:51+02:00,STATION,"Marie Caizergues",1,7,8,0.125,43.619871,3.873812
2026-04-11,13:58:51,2026-04-11T13:58:51+02:00,STATION,"Sabines",4,4,8,0.5,43.584211,3.860031
2026-04-11,13:58:51,2026-04-11T13:58:51+02:00,STATION,"Celleneuve",6,2,8,0.75,43.61467,3.832624
2026-04-11,13:58:51,2026-04-11T13:58:51+02:00,STATION,"Jardin de la Lironde",7,1,8,0.875,43.60585,3.911576
2026-04-11,13:58:51,2026-04-11T13:58:51+02:00,STATION,"Père Soulas",3,5,8,0.375,43.621983,3.855603
2026-04-11,13:58:51,2026-04-11T13:58:51+02:00,STATION,"Place Viala",3,5,8,0.375,43.616812,3.855075
2026-04-11,13:58:51,2026-04-11T13:58:51+02:00,STATION,"Hôtel du Département",7,1,8,0.875,43.621682,3.83477
2026-04-11,13:58:51,2026-04-11T13:58:51+02:00,STATION,"Tonnelles",4,4,8,0.5,43.615155,3.839466
2026-04-11,13:58:51,2026-04-11T13:58:51+02:00,STATION,"Parvis Jules Ferry - Gare Saint-Roch",1,7,8,0.125,43.603889,3.879362
2026-04-11,13:58:51,2026-04-11T13:58:51+02:00,STATION,"Pont de Lattes - Gare Saint-Roch",5,6,12,0.5,43.606036,3.882393
2026-04-11,13:58:51,2026-04-11T13:58:51+02:00,STATION,"Deux Ponts - Gare Saint-Roch",0,8,8,0.0,43.604319,3.880916
2026-04-11,13:58:51,2026-04-11T13:58:51+02:00,STATION,"Providence - Ovalie",5,3,8,0.625,43.588239,3.853421
2026-04-11,13:58:51,2026-04-11T13:58:51+02:00,STATION,"Pérols Etang de l Or",27,41,68,0.39705882352941174,43.558351,3.963412
2026-04-11,13:58:51,2026-04-11T13:58:51+02:00,STATION,"Albert 1er - Cathédrale",2,10,12,0.16666666666666666,43.614005,3.873218
2026-04-11,13:58:51,2026-04-11T13:58:51+02:00,STATION,"Saint-Guilhem - Courreau",4,4,8,0.5,43.608996,3.872752
2026-04-11,13:58:51,2026-04-11T13:58:51+02:00,STATION,"Sud De France",2,5,8,0.375,43.59562,3.9235
2026-04-11,13:58:51,2026-04-11T13:58:51+02:00,STATION,"Comedie Baudin",0,8,8,0.0,43.608717,3.880787
2026-04-11,13:58:51,2026-04-11T13:58:51+02:00,STATION,"Jean de Beins",5,11,16,0.3125,43.609857,3.883884
2026-04-11,15:02:08,2026-04-11T15:02:08+02:00,STATION,"Rue Jules Ferry - Gare Saint-Roch",2,10,12,0.16666666666666666,43.605366,3.881346
2026-04-11,15:02:08,2026-04-11T15:02:08+02:00,STATION,"Comédie",9,11,20,0.45,43.608148,3.878778
2026-04-11,15:02:08,2026-04-11T15:02:08+02:00,STATION,"Hôtel de Ville",6,10,16,0.375,43.599088,3.894866
2026-04-11,15:02:08,2026-04-11T15:02:08+02:00,STATION,"Corum",4,8,12,0.3333333333333333,43.613989,3.8816
2026-04-11,15:02:08,2026-04-11T15:02:08+02:00,STATION,"Place Albert 1er - St Charles",2,25,27,0.07407407407407407,43.616768,3.873375
2026-04-11,15:02:08,2026-04-11T15:02:08+02:00,STATION,"Foch",2,6,8,0.25,43.610989,3.873345
2026-04-11,15:02:08,2026-04-11T15:02:08+02:00,STATION,"Halles Castellane",0,12,12,0.0,43.609935,3.877208
2026-04-11,15:02:08,2026-04-11T15:02:08+02:00,STATION,"Observatoire",3,4,8,0.5,43.606301,3.87724
2026-04-11,15:02:08,2026-04-11T15:02:08+02:00,STATION,"Rondelet",2,14,16,0.125,43.603038,3.875796
2026-04-11,15:02:08,2026-04-11T15:02:08+02:00,STATION,"Plan Cabanes",4,8,12,0.3333333333333333,43.608491,3.868389
2026-04-11,15:02:08,2026-04-11T15:02:08+02:00,STATION,"Boutonnet",4,7,12,0.4166666666666667,43.622629,3.868375
2026-04-11,15:02:08,2026-04-11T15:02:08+02:00,STATION,"Emile Combes",4,4,8,0.5,43.616742,3.87998
2026-04-11,15:02:08,2026-04-11T15:02:08+02:00,STATION,"Beaux-Arts",3,13,16,0.1875,43.616698,3.884981
2026-04-11,15:02:08,2026-04-11T15:02:08+02:00,STATION,"Les Aubes",4,4,8,0.5,43.618692,3.893844
2026-04-11,15:02:08,2026-04-11T15:02:08+02:00,STATION,"Antigone centre",1,11,12,0.08333333333333333,43.607942,3.890634
2026-04-11,15:02:08,2026-04-11T15:02:08+02:00,STATION,"Médiathèque Emile Zola",11,5,16,0.6875,43.608218,3.89314
2026-04-11,15:02:08,2026-04-11T15:02:08+02:00,STATION,"Nombre d Or",4,12,16,0.25,43.607859,3.886644
2026-04-11,15:02:08,2026-04-11T15:02:08+02:00,STATION,"Louis Blanc",8,8,16,0.5,43.614642,3.877648
2026-04-11,15:02:08,2026-04-11T15:02:08+02:00,STATION,"Gambetta",2,6,8,0.25,43.607106,3.870693
2026-04-11,15:02:08,2026-04-11T15:02:08+02:00,STATION,"Port Marianne",7,9,16,0.4375,43.60032,3.89851
2026-04-11,15:02:08,2026-04-11T15:02:08+02:00,STATION,"Les Arceaux",3,5,8,0.375,43.612659,3.867734
2026-04-11,15:02:08,2026-04-11T15:02:08+02:00,STATION,"Cité Mion",2,4,8,0.5,43.601143,3.884373
2026-04-11,15:02:08,2026-04-11T15:02:08+02:00,STATION,"Nouveau Saint-Roch",6,2,8,0.75,43.599817,3.875757
2026-04-11,15:02:08,2026-04-11T15:02:08+02:00,STATION,"Renouvier",0,7,8,0.125,43.603553,3.867884
2026-04-11,15:02:08,2026-04-11T15:02:08+02:00,STATION,"Odysseum",0,8,8,0.0,43.603727,3.918979
2026-04-11,15:02:08,2026-04-11T15:02:08+02:00,STATION,"Saint-Denis",0,8,8,0.0,43.605021,3.875065
2026-04-11,15:02:08,2026-04-11T15:02:08+02:00,STATION,"Richter",9,7,16,0.5625,43.603424,3.899263
2026-04-11,15:02:08,2026-04-11T15:02:08+02:00,STATION,"Charles Flahault",6,2,8,0.75,43.622038,3.86672
2026-04-11,15:02:08,2026-04-11T15:02:08+02:00,STATION,"Voltaire",3,5,8,0.375,43.603767,3.888659
2026-04-11,15:02:08,2026-04-11T15:02:08+02:00,STATION,"Prés d Arènes",5,3,8,0.625,43.59048,3.884611
2026-04-11,15:02:08,2026-04-11T15:02:08+02:00,STATION,"Garcia Lorca",5,3,8,0.625,43.590757,3.890616
2026-04-11,15:02:08,2026-04-11T15:02:08+02:00,STATION,"Vert Bois",3,13,16,0.1875,43.63543,3.871179
2026-04-11,15:02:08,2026-04-11T15:02:08+02:00,STATION,"Malbosc",1,7,8,0.125,43.633679,3.832861
2026-04-11,15:02:08,2026-04-11T15:02:08+02:00,STATION,"Occitanie",4,28,32,0.125,43.635689,3.849597
2026-04-11,15:02:08,2026-04-11T15:02:08+02:00,STATION,"Fac des Sciences",8,16,24,0.3333333333333333,43.631318,3.861299
2026-04-11,15:02:08,2026-04-11T15:02:08+02:00,STATION,"Fac de Lettres",8,4,12,0.6666666666666666,43.630437,3.869539
2026-04-11,15:02:08,2026-04-11T15:02:08+02:00,STATION,"Aiguelongue",2,5,8,0.375,43.626163,3.882492
2026-04-11,15:02:08,2026-04-11T15:02:08+02:00,STATION,"Jeu de Mail des Abbés",5,3,8,0.625,43.619701,3.883831
2026-04-11,15:02:08,2026-04-11T15:02:08+02:00,STATION,"Euromédecine",3,5,8,0.375,43.639119,3.828199
2026-04-11,15:02:08,2026-04-11T15:02:08+02:00,STATION,"Marie Caizergues",0,8,8,0.0,43.619871,3.873812
2026-04-11,15:02:08,2026-04-11T15:02:08+02:00,STATION,"Sabines",4,4,8,0.5,43.584211,3.860031
2026-04-11,15:02:08,2026-04-11T15:02:08+02:00,STATION,"Celleneuve",6,2,8,0.75,43.61467,3.832624
2026-04-11,15:02:08,2026-04-11T15:02:08+02:00,STATION,"Jardin de la Lironde",3,5,8,0.375,43.60585,3.911576
2026-04-11,15:02:08,2026-04-11T15:02:08+02:00,STATION,"Père Soulas",3,5,8,0.375,43.621983,3.855603
2026-04-11,15:02:08,2026-04-11T15:02:08+02:00,STATION,"Place Viala",3,5,8,0.375,43.616812,3.855075
2026-04-11,15:02:08,2026-04-11T15:02:08+02:00,STATION,"Hôtel du Département",7,1,8,0.875,43.621682,3.83477
2026-04-11,15:02:08,2026-04-11T15:02:08+02:00,STATION,"Tonnelles",4,4,8,0.5,43.615155,3.839466
2026-04-11,15:02:08,2026-04-11T15:02:08+02:00,STATION,"Parvis Jules Ferry - Gare Saint-Roch",2,6,8,0.25,43.603889,3.879362
2026-04-11,15:02:08,2026-04-11T15:02:08+02:00,STATION,"Pont de Lattes - Gare Saint-Roch",4,7,12,0.4166666666666667,43.606036,3.882393
2026-04-11,15:02:08,2026-04-11T15:02:08+02:00,STATION,"Deux Ponts - Gare Saint-Roch",0,8,8,0.0,43.604319,3.880916
2026-04-11,15:02:08,2026-04-11T15:02:08+02:00,STATION,"Providence - Ovalie",5,3,8,0.625,43.588239,3.853421
2026-04-11,15:02:08,2026-04-11T15:02:08+02:00,STATION,"Pérols Etang de l Or",20,48,68,0.29411764705882354,43.558351,3.963412
2026-04-11,15:02:08,2026-04-11T15:02:08+02:00,STATION,"Albert 1er - Cathédrale",1,11,12,0.08333333333333333,43.614005,3.873218
2026-04-11,15:02:08,2026-04-11T15:02:08+02:00,STATION,"Saint-Guilhem - Courreau",6,2,8,0.75,43.608996,3.872752
2026-04-11,15:02:08,2026-04-11T15:02:08+02:00,STATION,"Sud De France",2,5,8,0.375,43.59562,3.9235
2026-04-11,15:02:08,2026-04-11T15:02:08+02:00,STATION,"Comedie Baudin",0,8,8,0.0,43.608717,3.880787
2026-04-11,15:02:08,2026-04-11T15:02:08+02:00,STATION,"Jean de Beins",3,13,16,0.1875,43.609857,3.883884
2026-04-11,16:02:04,2026-04-11T16:02:04+02:00,STATION,"Rue Jules Ferry - Gare Saint-Roch",4,8,12,0.3333333333333333,43.605366,3.881346
2026-04-11,16:02:04,2026-04-11T16:02:04+02:00,STATION,"Comédie",8,12,20,0.4,43.608148,3.878778
2026-04-11,16:02:04,2026-04-11T16:02:04+02:00,STATION,"Hôtel de Ville",6,10,16,0.375,43.599088,3.894866
2026-04-11,16:02:04,2026-04-11T16:02:04+02:00,STATION,"Corum",5,7,12,0.4166666666666667,43.613989,3.8816
2026-04-11,16:02:04,2026-04-11T16:02:04+02:00,STATION,"Place Albert 1er - St Charles",2,25,27,0.07407407407407407,43.616768,3.873375
2026-04-11,16:02:04,2026-04-11T16:02:04+02:00,STATION,"Foch",2,6,8,0.25,43.610989,3.873345
2026-04-11,16:02:04,2026-04-11T16:02:04+02:00,STATION,"Halles Castellane",0,12,12,0.0,43.609935,3.877208
2026-04-11,16:02:04,2026-04-11T16:02:04+02:00,STATION,"Observatoire",3,4,8,0.5,43.606301,3.87724
2026-04-11,16:02:04,2026-04-11T16:02:04+02:00,STATION,"Rondelet",2,14,16,0.125,43.603038,3.875796
2026-04-11,16:02:04,2026-04-11T16:02:04+02:00,STATION,"Plan Cabanes",4,8,12,0.3333333333333333,43.608491,3.868389
2026-04-11,16:02:04,2026-04-11T16:02:04+02:00,STATION,"Boutonnet",5,6,12,0.5,43.622629,3.868375
2026-04-11,16:02:04,2026-04-11T16:02:04+02:00,STATION,"Emile Combes",4,4,8,0.5,43.616742,3.87998
2026-04-11,16:02:04,2026-04-11T16:02:04+02:00,STATION,"Beaux-Arts",3,13,16,0.1875,43.616698,3.884981
2026-04-11,16:02:04,2026-04-11T16:02:04+02:00,STATION,"Les Aubes",4,4,8,0.5,43.618692,3.893844
2026-04-11,16:02:04,2026-04-11T16:02:04+02:00,STATION,"Antigone centre",1,11,12,0.08333333333333333,43.607942,3.890634
2026-04-11,16:02:04,2026-04-11T16:02:04+02:00,STATION,"Médiathèque Emile Zola",12,4,16,0.75,43.608218,3.89314
2026-04-11,16:02:04,2026-04-11T16:02:04+02:00,STATION,"Nombre d Or",2,14,16,0.125,43.607859,3.886644
2026-04-11,16:02:04,2026-04-11T16:02:04+02:00,STATION,"Louis Blanc",8,8,16,0.5,43.614642,3.877648
2026-04-11,16:02:04,2026-04-11T16:02:04+02:00,STATION,"Gambetta",1,7,8,0.125,43.607106,3.870693
2026-04-11,16:02:04,2026-04-11T16:02:04+02:00,STATION,"Port Marianne",4,12,16,0.25,43.60032,3.89851
2026-04-11,16:02:04,2026-04-11T16:02:04+02:00,STATION,"Les Arceaux",3,5,8,0.375,43.612659,3.867734
2026-04-11,16:02:04,2026-04-11T16:02:04+02:00,STATION,"Cité Mion",2,4,8,0.5,43.601143,3.884373
2026-04-11,16:02:04,2026-04-11T16:02:04+02:00,STATION,"Nouveau Saint-Roch",6,2,8,0.75,43.599817,3.875757
2026-04-11,16:02:04,2026-04-11T16:02:04+02:00,STATION,"Renouvier",0,7,8,0.125,43.603553,3.867884
2026-04-11,16:02:04,2026-04-11T16:02:04+02:00,STATION,"Odysseum",0,8,8,0.0,43.603727,3.918979
2026-04-11,16:02:04,2026-04-11T16:02:04+02:00,STATION,"Saint-Denis",0,8,8,0.0,43.605021,3.875065
2026-04-11,16:02:04,2026-04-11T16:02:04+02:00,STATION,"Richter",9,7,16,0.5625,43.603424,3.899263
2026-04-11,16:02:04,2026-04-11T16:02:04+02:00,STATION,"Charles Flahault",6,2,8,0.75,43.622038,3.86672
2026-04-11,16:02:04,2026-04-11T16:02:04+02:00,STATION,"Voltaire",3,5,8,0.375,43.603767,3.888659
2026-04-11,16:02:04,2026-04-11T16:02:04+02:00,STATION,"Prés d Arènes",5,3,8,0.625,43.59048,3.884611
2026-04-11,16:02:04,2026-04-11T16:02:04+02:00,STATION,"Garcia Lorca",6,2,8,0.75,43.590757,3.890616
2026-04-11,16:02:04,2026-04-11T16:02:04+02:00,STATION,"Vert Bois",2,14,16,0.125,43.63543,3.871179
2026-04-11,16:02:04,2026-04-11T16:02:04+02:00,STATION,"Malbosc",1,7,8,0.125,43.633679,3.832861
2026-04-11,16:02:04,2026-04-11T16:02:04+02:00,STATION,"Occitanie",4,28,32,0.125,43.635689,3.849597
2026-04-11,16:02:04,2026-04-11T16:02:04+02:00,STATION,"Fac des Sciences",8,16,24,0.3333333333333333,43.631318,3.861299
2026-04-11,16:02:04,2026-04-11T16:02:04+02:00,STATION,"Fac de Lettres",8,4,12,0.6666666666666666,43.630437,3.869539
2026-04-11,16:02:04,2026-04-11T16:02:04+02:00,STATION,"Aiguelongue",3,4,8,0.5,43.626163,3.882492
2026-04-11,16:02:04,2026-04-11T16:02:04+02:00,STATION,"Jeu de Mail des Abbés",5,3,8,0.625,43.619701,3.883831
2026-04-11,16:02:04,2026-04-11T16:02:04+02:00,STATION,"Euromédecine",3,5,8,0.375,43.639119,3.828199
2026-04-11,16:02:04,2026-04-11T16:02:04+02:00,STATION,"Marie Caizergues",0,8,8,0.0,43.619871,3.873812
2026-04-11,16:02:04,2026-04-11T16:02:04+02:00,STATION,"Sabines",4,4,8,0.5,43.584211,3.860031
2026-04-11,16:02:04,2026-04-11T16:02:04+02:00,STATION,"Celleneuve",6,2,8,0.75,43.61467,3.832624
2026-04-11,16:02:04,2026-04-11T16:02:04+02:00,STATION,"Jardin de la Lironde",3,5,8,0.375,43.60585,3.911576
2026-04-11,16:02:04,2026-04-11T16:02:04+02:00,STATION,"Père Soulas",3,5,8,0.375,43.621983,3.855603
2026-04-11,16:02:04,2026-04-11T16:02:04+02:00,STATION,"Place Viala",2,6,8,0.25,43.616812,3.855075
2026-04-11,16:02:04,2026-04-11T16:02:04+02:00,STATION,"Hôtel du Département",7,1,8,0.875,43.621682,3.83477
2026-04-11,16:02:04,2026-04-11T16:02:04+02:00,STATION,"Tonnelles",4,4,8,0.5,43.615155,3.839466
2026-04-11,16:02:04,2026-04-11T16:02:04+02:00,STATION,"Parvis Jules Ferry - Gare Saint-Roch",3,5,8,0.375,43.603889,3.879362
2026-04-11,16:02:04,2026-04-11T16:02:04+02:00,STATION,"Pont de Lattes - Gare Saint-Roch",3,8,12,0.3333333333333333,43.606036,3.882393
2026-04-11,16:02:04,2026-04-11T16:02:04+02:00,STATION,"Deux Ponts - Gare Saint-Roch",0,8,8,0.0,43.604319,3.880916
2026-04-11,16:02:04,2026-04-11T16:02:04+02:00,STATION,"Providence - Ovalie",5,3,8,0.625,43.588239,3.853421
2026-04-11,16:02:04,2026-04-11T16:02:04+02:00,STATION,"Pérols Etang de l Or",19,49,68,0.27941176470588236,43.558351,3.963412
2026-04-11,16:02:04,2026-04-11T16:02:04+02:00,STATION,"Albert 1er - Cathédrale",1,11,12,0.08333333333333333,43.614005,3.873218
2026-04-11,16:02:04,2026-04-11T16:02:04+02:00,STATION,"Saint-Guilhem - Courreau",6,2,8,0.75,43.608996,3.872752
2026-04-11,16:02:04,2026-04-11T16:02:04+02:00,STATION,"Sud De France",1,6,8,0.25,43.59562,3.9235
2026-04-11,16:02:04,2026-04-11T16:02:04+02:00,STATION,"Comedie Baudin",0,8,8,0.0,43.608717,3.880787
2026-04-11,16:02:04,2026-04-11T16:02:04+02:00,STATION,"Jean de Beins",3,13,16,0.1875,43.609857,3.883884
2026-04-11,16:48:42,2026-04-11T16:48:42+02:00,STATION,"Rue Jules Ferry - Gare Saint-Roch",4,8,12,0.3333333333333333,43.605366,3.881346
2026-04-11,16:48:42,2026-04-11T16:48:42+02:00,STATION,"Comédie",10,10,20,0.5,43.608148,3.878778
2026-04-11,16:48:42,2026-04-11T16:48:42+02:00,STATION,"Hôtel de Ville",8,8,16,0.5,43.599088,3.894866
2026-04-11,16:48:42,2026-04-11T16:48:42+02:00,STATION,"Corum",6,6,12,0.5,43.613989,3.8816
2026-04-11,16:48:42,2026-04-11T16:48:42+02:00,STATION,"Place Albert 1er - St Charles",2,25,27,0.07407407407407407,43.616768,3.873375
2026-04-11,16:48:42,2026-04-11T16:48:42+02:00,STATION,"Foch",2,6,8,0.25,43.610989,3.873345
2026-04-11,16:48:42,2026-04-11T16:48:42+02:00,STATION,"Halles Castellane",0,12,12,0.0,43.609935,3.877208
2026-04-11,16:48:42,2026-04-11T16:48:42+02:00,STATION,"Observatoire",3,4,8,0.5,43.606301,3.87724
2026-04-11,16:48:42,2026-04-11T16:48:42+02:00,STATION,"Rondelet",2,14,16,0.125,43.603038,3.875796
2026-04-11,16:48:42,2026-04-11T16:48:42+02:00,STATION,"Plan Cabanes",4,8,12,0.3333333333333333,43.608491,3.868389
2026-04-11,16:48:42,2026-04-11T16:48:42+02:00,STATION,"Boutonnet",2,9,12,0.25,43.622629,3.868375
2026-04-11,16:48:42,2026-04-11T16:48:42+02:00,STATION,"Emile Combes",4,4,8,0.5,43.616742,3.87998
2026-04-11,16:48:42,2026-04-11T16:48:42+02:00,STATION,"Beaux-Arts",3,13,16,0.1875,43.616698,3.884981
2026-04-11,16:48:42,2026-04-11T16:48:42+02:00,STATION,"Les Aubes",4,4,8,0.5,43.618692,3.893844
2026-04-11,16:48:42,2026-04-11T16:48:42+02:00,STATION,"Antigone centre",1,11,12,0.08333333333333333,43.607942,3.890634
2026-04-11,16:48:42,2026-04-11T16:48:42+02:00,STATION,"Médiathèque Emile Zola",12,4,16,0.75,43.608218,3.89314
2026-04-11,16:48:42,2026-04-11T16:48:42+02:00,STATION,"Nombre d Or",4,12,16,0.25,43.607859,3.886644
2026-04-11,16:48:42,2026-04-11T16:48:42+02:00,STATION,"Louis Blanc",8,8,16,0.5,43.614642,3.877648
2026-04-11,16:48:42,2026-04-11T16:48:42+02:00,STATION,"Gambetta",1,7,8,0.125,43.607106,3.870693
2026-04-11,16:48:42,2026-04-11T16:48:42+02:00,STATION,"Port Marianne",3,13,16,0.1875,43.60032,3.89851
2026-04-11,16:48:42,2026-04-11T16:48:42+02:00,STATION,"Les Arceaux",3,5,8,0.375,43.612659,3.867734
2026-04-11,16:48:42,2026-04-11T16:48:42+02:00,STATION,"Cité Mion",2,4,8,0.5,43.601143,3.884373
2026-04-11,16:48:42,2026-04-11T16:48:42+02:00,STATION,"Nouveau Saint-Roch",6,2,8,0.75,43.599817,3.875757
2026-04-11,16:48:42,2026-04-11T16:48:42+02:00,STATION,"Renouvier",0,7,8,0.125,43.603553,3.867884
2026-04-11,16:48:42,2026-04-11T16:48:42+02:00,STATION,"Odysseum",0,8,8,0.0,43.603727,3.918979
2026-04-11,16:48:42,2026-04-11T16:48:42+02:00,STATION,"Saint-Denis",0,8,8,0.0,43.605021,3.875065
2026-04-11,16:48:42,2026-04-11T16:48:42+02:00,STATION,"Richter",9,7,16,0.5625,43.603424,3.899263
2026-04-11,16:48:42,2026-04-11T16:48:42+02:00,STATION,"Charles Flahault",5,3,8,0.625,43.622038,3.86672
2026-04-11,16:48:42,2026-04-11T16:48:42+02:00,STATION,"Voltaire",3,5,8,0.375,43.603767,3.888659
2026-04-11,16:48:42,2026-04-11T16:48:42+02:00,STATION,"Prés d Arènes",6,2,8,0.75,43.59048,3.884611
2026-04-11,16:48:42,2026-04-11T16:48:42+02:00,STATION,"Garcia Lorca",6,2,8,0.75,43.590757,3.890616
2026-04-11,16:48:42,2026-04-11T16:48:42+02:00,STATION,"Vert Bois",2,14,16,0.125,43.63543,3.871179
2026-04-11,16:48:42,2026-04-11T16:48:42+02:00,STATION,"Malbosc",1,7,8,0.125,43.633679,3.832861
2026-04-11,16:48:42,2026-04-11T16:48:42+02:00,STATION,"Occitanie",4,28,32,0.125,43.635689,3.849597
2026-04-11,16:48:42,2026-04-11T16:48:42+02:00,STATION,"Fac des Sciences",8,16,24,0.3333333333333333,43.631318,3.861299
2026-04-11,16:48:42,2026-04-11T16:48:42+02:00,STATION,"Fac de Lettres",7,5,12,0.5833333333333334,43.630437,3.869539
2026-04-11,16:48:42,2026-04-11T16:48:42+02:00,STATION,"Aiguelongue",4,3,8,0.625,43.626163,3.882492
2026-04-11,16:48:42,2026-04-11T16:48:42+02:00,STATION,"Jeu de Mail des Abbés",7,1,8,0.875,43.619701,3.883831
2026-04-11,16:48:42,2026-04-11T16:48:42+02:00,STATION,"Euromédecine",3,5,8,0.375,43.639119,3.828199
2026-04-11,16:48:42,2026-04-11T16:48:42+02:00,STATION,"Marie Caizergues",1,7,8,0.125,43.619871,3.873812
2026-04-11,16:48:42,2026-04-11T16:48:42+02:00,STATION,"Sabines",5,3,8,0.625,43.584211,3.860031
2026-04-11,16:48:42,2026-04-11T16:48:42+02:00,STATION,"Celleneuve",6,2,8,0.75,43.61467,3.832624
2026-04-11,16:48:42,2026-04-11T16:48:42+02:00,STATION,"Jardin de la Lironde",3,5,8,0.375,43.60585,3.911576
2026-04-11,16:48:42,2026-04-11T16:48:42+02:00,STATION,"Père Soulas",3,5,8,0.375,43.621983,3.855603
2026-04-11,16:48:42,2026-04-11T16:48:42+02:00,STATION,"Place Viala",2,6,8,0.25,43.616812,3.855075
2026-04-11,16:48:42,2026-04-11T16:48:42+02:00,STATION,"Hôtel du Département",7,1,8,0.875,43.621682,3.83477
2026-04-11,16:48:42,2026-04-11T16:48:42+02:00,STATION,"Tonnelles",4,4,8,0.5,43.615155,3.839466
2026-04-11,16:48:42,2026-04-11T16:48:42+02:00,STATION,"Parvis Jules Ferry - Gare Saint-Roch",2,6,8,0.25,43.603889,3.879362
2026-04-11,16:48:42,2026-04-11T16:48:42+02:00,STATION,"Pont de Lattes - Gare Saint-Roch",4,7,12,0.4166666666666667,43.606036,3.882393
2026-04-11,16:48:42,2026-04-11T16:48:42+02:00,STATION,"Deux Ponts - Gare Saint-Roch",0,8,8,0.0,43.604319,3.880916
2026-04-11,16:48:42,2026-04-11T16:48:42+02:00,STATION,"Providence - Ovalie",5,3,8,0.625,43.588239,3.853421
2026-04-11,16:48:42,2026-04-11T16:48:42+02:00,STATION,"Pérols Etang de l Or",26,42,68,0.38235294117647056,43.558351,3.963412
2026-04-11,16:48:42,2026-04-11T16:48:42+02:00,STATION,"Albert 1er - Cathédrale",1,11,12,0.08333333333333333,43.614005,3.873218
2026-04-11,16:48:42,2026-04-11T16:48:42+02:00,STATION,"Saint-Guilhem - Courreau",6,2,8,0.75,43.608996,3.872752
2026-04-11,16:48:42,2026-04-11T16:48:42+02:00,STATION,"Sud De France",1,6,8,0.25,43.59562,3.9235
2026-04-11,16:48:42,2026-04-11T16:48:42+02:00,STATION,"Comedie Baudin",0,8,8,0.0,43.608717,3.880787
2026-04-11,16:48:42,2026-04-11T16:48:42+02:00,STATION,"Jean de Beins",1,15,16,0.0625,43.609857,3.883884
2026-04-11,17:37:01,2026-04-11T17:37:01+02:00,STATION,"Rue Jules Ferry - Gare Saint-Roch",4,8,12,0.3333333333333333,43.605366,3.881346
2026-04-11,17:37:01,2026-04-11T17:37:01+02:00,STATION,"Comédie",7,13,20,0.35,43.608148,3.878778
2026-04-11,17:37:01,2026-04-11T17:37:01+02:00,STATION,"Hôtel de Ville",10,6,16,0.625,43.599088,3.894866
2026-04-11,17:37:01,2026-04-11T17:37:01+02:00,STATION,"Corum",6,6,12,0.5,43.613989,3.8816
2026-04-11,17:37:01,2026-04-11T17:37:01+02:00,STATION,"Place Albert 1er - St Charles",2,25,27,0.07407407407407407,43.616768,3.873375
2026-04-11,17:37:01,2026-04-11T17:37:01+02:00,STATION,"Foch",2,6,8,0.25,43.610989,3.873345
2026-04-11,17:37:01,2026-04-11T17:37:01+02:00,STATION,"Halles Castellane",0,12,12,0.0,43.609935,3.877208
2026-04-11,17:37:01,2026-04-11T17:37:01+02:00,STATION,"Observatoire",3,4,8,0.5,43.606301,3.87724
2026-04-11,17:37:01,2026-04-11T17:37:01+02:00,STATION,"Rondelet",3,13,16,0.1875,43.603038,3.875796
2026-04-11,17:37:01,2026-04-11T17:37:01+02:00,STATION,"Plan Cabanes",4,8,12,0.3333333333333333,43.608491,3.868389
2026-04-11,17:37:01,2026-04-11T17:37:01+02:00,STATION,"Boutonnet",2,9,12,0.25,43.622629,3.868375
2026-04-11,17:37:01,2026-04-11T17:37:01+02:00,STATION,"Emile Combes",4,4,8,0.5,43.616742,3.87998
2026-04-11,17:37:01,2026-04-11T17:37:01+02:00,STATION,"Beaux-Arts",3,13,16,0.1875,43.616698,3.884981
2026-04-11,17:37:01,2026-04-11T17:37:01+02:00,STATION,"Les Aubes",4,4,8,0.5,43.618692,3.893844
2026-04-11,17:37:01,2026-04-11T17:37:01+02:00,STATION,"Antigone centre",1,11,12,0.08333333333333333,43.607942,3.890634
2026-04-11,17:37:01,2026-04-11T17:37:01+02:00,STATION,"Médiathèque Emile Zola",12,4,16,0.75,43.608218,3.89314
2026-04-11,17:37:01,2026-04-11T17:37:01+02:00,STATION,"Nombre d Or",4,12,16,0.25,43.607859,3.886644
2026-04-11,17:37:01,2026-04-11T17:37:01+02:00,STATION,"Louis Blanc",8,8,16,0.5,43.614642,3.877648
2026-04-11,17:37:01,2026-04-11T17:37:01+02:00,STATION,"Gambetta",0,8,8,0.0,43.607106,3.870693
2026-04-11,17:37:01,2026-04-11T17:37:01+02:00,STATION,"Port Marianne",2,14,16,0.125,43.60032,3.89851
2026-04-11,17:37:01,2026-04-11T17:37:01+02:00,STATION,"Les Arceaux",3,5,8,0.375,43.612659,3.867734
2026-04-11,17:37:01,2026-04-11T17:37:01+02:00,STATION,"Cité Mion",2,4,8,0.5,43.601143,3.884373
2026-04-11,17:37:01,2026-04-11T17:37:01+02:00,STATION,"Nouveau Saint-Roch",6,2,8,0.75,43.599817,3.875757
2026-04-11,17:37:01,2026-04-11T17:37:01+02:00,STATION,"Renouvier",0,7,8,0.125,43.603553,3.867884
2026-04-11,17:37:01,2026-04-11T17:37:01+02:00,STATION,"Odysseum",0,8,8,0.0,43.603727,3.918979
2026-04-11,17:37:01,2026-04-11T17:37:01+02:00,STATION,"Saint-Denis",0,8,8,0.0,43.605021,3.875065
2026-04-11,17:37:01,2026-04-11T17:37:01+02:00,STATION,"Richter",9,7,16,0.5625,43.603424,3.899263
2026-04-11,17:37:01,2026-04-11T17:37:01+02:00,STATION,"Charles Flahault",5,3,8,0.625,43.622038,3.86672
2026-04-11,17:37:01,2026-04-11T17:37:01+02:00,STATION,"Voltaire",3,5,8,0.375,43.603767,3.888659
2026-04-11,17:37:01,2026-04-11T17:37:01+02:00,STATION,"Prés d Arènes",6,2,8,0.75,43.59048,3.884611
2026-04-11,17:37:01,2026-04-11T17:37:01+02:00,STATION,"Garcia Lorca",6,2,8,0.75,43.590757,3.890616
2026-04-11,17:37:01,2026-04-11T17:37:01+02:00,STATION,"Vert Bois",2,14,16,0.125,43.63543,3.871179
2026-04-11,17:37:01,2026-04-11T17:37:01+02:00,STATION,"Malbosc",1,7,8,0.125,43.633679,3.832861
2026-04-11,17:37:01,2026-04-11T17:37:01+02:00,STATION,"Occitanie",4,28,32,0.125,43.635689,3.849597
2026-04-11,17:37:01,2026-04-11T17:37:01+02:00,STATION,"Fac des Sciences",8,16,24,0.3333333333333333,43.631318,3.861299
2026-04-11,17:37:01,2026-04-11T17:37:01+02:00,STATION,"Fac de Lettres",7,5,12,0.5833333333333334,43.630437,3.869539
2026-04-11,17:37:01,2026-04-11T17:37:01+02:00,STATION,"Aiguelongue",4,3,8,0.625,43.626163,3.882492
2026-04-11,17:37:01,2026-04-11T17:37:01+02:00,STATION,"Jeu de Mail des Abbés",8,0,8,1.0,43.619701,3.883831
2026-04-11,17:37:01,2026-04-11T17:37:01+02:00,STATION,"Euromédecine",3,5,8,0.375,43.639119,3.828199
2026-04-11,17:37:01,2026-04-11T17:37:01+02:00,STATION,"Marie Caizergues",1,7,8,0.125,43.619871,3.873812
2026-04-11,17:37:01,2026-04-11T17:37:01+02:00,STATION,"Sabines",5,3,8,0.625,43.584211,3.860031
2026-04-11,17:37:01,2026-04-11T17:37:01+02:00,STATION,"Celleneuve",6,2,8,0.75,43.61467,3.832624
2026-04-11,17:37:01,2026-04-11T17:37:01+02:00,STATION,"Jardin de la Lironde",7,1,8,0.875,43.60585,3.911576
2026-04-11,17:37:01,2026-04-11T17:37:01+02:00,STATION,"Père Soulas",3,5,8,0.375,43.621983,3.855603
2026-04-11,17:37:01,2026-04-11T17:37:01+02:00,STATION,"Place Viala",2,6,8,0.25,43.616812,3.855075
2026-04-11,17:37:01,2026-04-11T17:37:01+02:00,STATION,"Hôtel du Département",7,1,8,0.875,43.621682,3.83477
2026-04-11,17:37:01,2026-04-11T17:37:01+02:00,STATION,"Tonnelles",4,4,8,0.5,43.615155,3.839466
2026-04-11,17:37:01,2026-04-11T17:37:01+02:00,STATION,"Parvis Jules Ferry - Gare Saint-Roch",1,7,8,0.125,43.603889,3.879362
2026-04-11,17:37:01,2026-04-11T17:37:01+02:00,STATION,"Pont de Lattes - Gare Saint-Roch",4,7,12,0.4166666666666667,43.606036,3.882393
2026-04-11,17:37:01,2026-04-11T17:37:01+02:00,STATION,"Deux Ponts - Gare Saint-Roch",0,8,8,0.0,43.604319,3.880916
2026-04-11,17:37:01,2026-04-11T17:37:01+02:00,STATION,"Providence - Ovalie",5,3,8,0.625,43.588239,3.853421
2026-04-11,17:37:01,2026-04-11T17:37:01+02:00,STATION,"Pérols Etang de l Or",31,37,68,0.45588235294117646,43.558351,3.963412
2026-04-11,17:37:01,2026-04-11T17:37:01+02:00,STATION,"Albert 1er - Cathédrale",1,11,12,0.08333333333333333,43.614005,3.873218
2026-04-11,17:37:01,2026-04-11T17:37:01+02:00,STATION,"Saint-Guilhem - Courreau",0,8,8,0.0,43.608996,3.872752
2026-04-11,17:37:01,2026-04-11T17:37:01+02:00,STATION,"Sud De France",1,6,8,0.25,43.59562,3.9235
2026-04-11,17:37:01,2026-04-11T17:37:01+02:00,STATION,"Comedie Baudin",0,8,8,0.0,43.608717,3.880787
2026-04-11,17:37:01,2026-04-11T17:37:01+02:00,STATION,"Jean de Beins",1,15,16,0.0625,43.609857,3.883884
2026-04-11,18:40:28,2026-04-11T18:40:28+02:00,STATION,"Rue Jules Ferry - Gare Saint-Roch",3,9,12,0.25,43.605366,3.881346
2026-04-11,18:40:28,2026-04-11T18:40:28+02:00,STATION,"Comédie",7,13,20,0.35,43.608148,3.878778
2026-04-11,18:40:28,2026-04-11T18:40:28+02:00,STATION,"Hôtel de Ville",10,6,16,0.625,43.599088,3.894866
2026-04-11,18:40:28,2026-04-11T18:40:28+02:00,STATION,"Corum",8,4,12,0.6666666666666666,43.613989,3.8816
2026-04-11,18:40:28,2026-04-11T18:40:28+02:00,STATION,"Place Albert 1er - St Charles",4,23,27,0.14814814814814814,43.616768,3.873375
2026-04-11,18:40:28,2026-04-11T18:40:28+02:00,STATION,"Foch",2,6,8,0.25,43.610989,3.873345
2026-04-11,18:40:28,2026-04-11T18:40:28+02:00,STATION,"Halles Castellane",0,12,12,0.0,43.609935,3.877208
2026-04-11,18:40:28,2026-04-11T18:40:28+02:00,STATION,"Observatoire",3,4,8,0.5,43.606301,3.87724
2026-04-11,18:40:28,2026-04-11T18:40:28+02:00,STATION,"Rondelet",3,13,16,0.1875,43.603038,3.875796
2026-04-11,18:40:28,2026-04-11T18:40:28+02:00,STATION,"Plan Cabanes",4,8,12,0.3333333333333333,43.608491,3.868389
2026-04-11,18:40:28,2026-04-11T18:40:28+02:00,STATION,"Boutonnet",2,9,12,0.25,43.622629,3.868375
2026-04-11,18:40:28,2026-04-11T18:40:28+02:00,STATION,"Emile Combes",4,4,8,0.5,43.616742,3.87998
2026-04-11,18:40:28,2026-04-11T18:40:28+02:00,STATION,"Beaux-Arts",3,13,16,0.1875,43.616698,3.884981
2026-04-11,18:40:28,2026-04-11T18:40:28+02:00,STATION,"Les Aubes",4,4,8,0.5,43.618692,3.893844
2026-04-11,18:40:28,2026-04-11T18:40:28+02:00,STATION,"Antigone centre",1,11,12,0.08333333333333333,43.607942,3.890634
2026-04-11,18:40:28,2026-04-11T18:40:28+02:00,STATION,"Médiathèque Emile Zola",11,5,16,0.6875,43.608218,3.89314
2026-04-11,18:40:28,2026-04-11T18:40:28+02:00,STATION,"Nombre d Or",7,9,16,0.4375,43.607859,3.886644
2026-04-11,18:40:28,2026-04-11T18:40:28+02:00,STATION,"Louis Blanc",8,8,16,0.5,43.614642,3.877648
2026-04-11,18:40:28,2026-04-11T18:40:28+02:00,STATION,"Gambetta",0,8,8,0.0,43.607106,3.870693
2026-04-11,18:40:28,2026-04-11T18:40:28+02:00,STATION,"Port Marianne",5,11,16,0.3125,43.60032,3.89851
2026-04-11,18:40:28,2026-04-11T18:40:28+02:00,STATION,"Les Arceaux",3,5,8,0.375,43.612659,3.867734
2026-04-11,18:40:28,2026-04-11T18:40:28+02:00,STATION,"Cité Mion",2,4,8,0.5,43.601143,3.884373
2026-04-11,18:40:28,2026-04-11T18:40:28+02:00,STATION,"Nouveau Saint-Roch",6,2,8,0.75,43.599817,3.875757
2026-04-11,18:40:28,2026-04-11T18:40:28+02:00,STATION,"Renouvier",1,6,8,0.25,43.603553,3.867884
2026-04-11,18:40:28,2026-04-11T18:40:28+02:00,STATION,"Odysseum",0,8,8,0.0,43.603727,3.918979
2026-04-11,18:40:28,2026-04-11T18:40:28+02:00,STATION,"Saint-Denis",0,8,8,0.0,43.605021,3.875065
2026-04-11,18:40:28,2026-04-11T18:40:28+02:00,STATION,"Richter",9,7,16,0.5625,43.603424,3.899263
2026-04-11,18:40:28,2026-04-11T18:40:28+02:00,STATION,"Charles Flahault",5,3,8,0.625,43.622038,3.86672
2026-04-11,18:40:28,2026-04-11T18:40:28+02:00,STATION,"Voltaire",8,0,8,1.0,43.603767,3.888659
2026-04-11,18:40:28,2026-04-11T18:40:28+02:00,STATION,"Prés d Arènes",6,2,8,0.75,43.59048,3.884611
2026-04-11,18:40:28,2026-04-11T18:40:28+02:00,STATION,"Garcia Lorca",6,2,8,0.75,43.590757,3.890616
2026-04-11,18:40:28,2026-04-11T18:40:28+02:00,STATION,"Vert Bois",2,14,16,0.125,43.63543,3.871179
2026-04-11,18:40:28,2026-04-11T18:40:28+02:00,STATION,"Malbosc",1,7,8,0.125,43.633679,3.832861
2026-04-11,18:40:28,2026-04-11T18:40:28+02:00,STATION,"Occitanie",7,25,32,0.21875,43.635689,3.849597
2026-04-11,18:40:28,2026-04-11T18:40:28+02:00,STATION,"Fac des Sciences",7,17,24,0.2916666666666667,43.631318,3.861299
2026-04-11,18:40:28,2026-04-11T18:40:28+02:00,STATION,"Fac de Lettres",4,8,12,0.3333333333333333,43.630437,3.869539
2026-04-11,18:40:28,2026-04-11T18:40:28+02:00,STATION,"Aiguelongue",4,3,8,0.625,43.626163,3.882492
2026-04-11,18:40:28,2026-04-11T18:40:28+02:00,STATION,"Jeu de Mail des Abbés",8,0,8,1.0,43.619701,3.883831
2026-04-11,18:40:28,2026-04-11T18:40:28+02:00,STATION,"Euromédecine",3,5,8,0.375,43.639119,3.828199
2026-04-11,18:40:28,2026-04-11T18:40:28+02:00,STATION,"Marie Caizergues",1,7,8,0.125,43.619871,3.873812
2026-04-11,18:40:28,2026-04-11T18:40:28+02:00,STATION,"Sabines",5,3,8,0.625,43.584211,3.860031
2026-04-11,18:40:28,2026-04-11T18:40:28+02:00,STATION,"Celleneuve",6,2,8,0.75,43.61467,3.832624
2026-04-11,18:40:28,2026-04-11T18:40:28+02:00,STATION,"Jardin de la Lironde",6,2,8,0.75,43.60585,3.911576
2026-04-11,18:40:28,2026-04-11T18:40:28+02:00,STATION,"Père Soulas",3,5,8,0.375,43.621983,3.855603
2026-04-11,18:40:28,2026-04-11T18:40:28+02:00,STATION,"Place Viala",2,6,8,0.25,43.616812,3.855075
2026-04-11,18:40:28,2026-04-11T18:40:28+02:00,STATION,"Hôtel du Département",7,1,8,0.875,43.621682,3.83477
2026-04-11,18:40:28,2026-04-11T18:40:28+02:00,STATION,"Tonnelles",4,4,8,0.5,43.615155,3.839466
2026-04-11,18:40:28,2026-04-11T18:40:28+02:00,STATION,"Parvis Jules Ferry - Gare Saint-Roch",1,7,8,0.125,43.603889,3.879362
2026-04-11,18:40:28,2026-04-11T18:40:28+02:00,STATION,"Pont de Lattes - Gare Saint-Roch",5,6,12,0.5,43.606036,3.882393
2026-04-11,18:40:28,2026-04-11T18:40:28+02:00,STATION,"Deux Ponts - Gare Saint-Roch",0,8,8,0.0,43.604319,3.880916
2026-04-11,18:40:28,2026-04-11T18:40:28+02:00,STATION,"Providence - Ovalie",5,3,8,0.625,43.588239,3.853421
2026-04-11,18:40:28,2026-04-11T18:40:28+02:00,STATION,"Pérols Etang de l Or",31,37,68,0.45588235294117646,43.558351,3.963412
2026-04-11,18:40:28,2026-04-11T18:40:28+02:00,STATION,"Albert 1er - Cathédrale",1,11,12,0.08333333333333333,43.614005,3.873218
2026-04-11,18:40:28,2026-04-11T18:40:28+02:00,STATION,"Saint-Guilhem - Courreau",0,8,8,0.0,43.608996,3.872752
2026-04-11,18:40:28,2026-04-11T18:40:28+02:00,STATION,"Sud De France",2,5,8,0.375,43.59562,3.9235
2026-04-11,18:40:28,2026-04-11T18:40:28+02:00,STATION,"Comedie Baudin",0,8,8,0.0,43.608717,3.880787
2026-04-11,18:40:28,2026-04-11T18:40:28+02:00,STATION,"Jean de Beins",1,15,16,0.0625,43.609857,3.883884
2026-04-11,19:34:14,2026-04-11T19:34:14+02:00,STATION,"Rue Jules Ferry - Gare Saint-Roch",3,9,12,0.25,43.605366,3.881346
2026-04-11,19:34:14,2026-04-11T19:34:14+02:00,STATION,"Comédie",11,9,20,0.55,43.608148,3.878778
2026-04-11,19:34:14,2026-04-11T19:34:14+02:00,STATION,"Hôtel de Ville",9,7,16,0.5625,43.599088,3.894866
2026-04-11,19:34:14,2026-04-11T19:34:14+02:00,STATION,"Corum",8,4,12,0.6666666666666666,43.613989,3.8816
2026-04-11,19:34:14,2026-04-11T19:34:14+02:00,STATION,"Place Albert 1er - St Charles",5,22,27,0.18518518518518517,43.616768,3.873375
2026-04-11,19:34:14,2026-04-11T19:34:14+02:00,STATION,"Foch",2,6,8,0.25,43.610989,3.873345
2026-04-11,19:34:14,2026-04-11T19:34:14+02:00,STATION,"Halles Castellane",0,12,12,0.0,43.609935,3.877208
2026-04-11,19:34:14,2026-04-11T19:34:14+02:00,STATION,"Observatoire",3,4,8,0.5,43.606301,3.87724
2026-04-11,19:34:14,2026-04-11T19:34:14+02:00,STATION,"Rondelet",3,13,16,0.1875,43.603038,3.875796
2026-04-11,19:34:14,2026-04-11T19:34:14+02:00,STATION,"Plan Cabanes",4,8,12,0.3333333333333333,43.608491,3.868389
2026-04-11,19:34:14,2026-04-11T19:34:14+02:00,STATION,"Boutonnet",4,7,12,0.4166666666666667,43.622629,3.868375
2026-04-11,19:34:14,2026-04-11T19:34:14+02:00,STATION,"Emile Combes",4,4,8,0.5,43.616742,3.87998
2026-04-11,19:34:14,2026-04-11T19:34:14+02:00,STATION,"Beaux-Arts",3,13,16,0.1875,43.616698,3.884981
2026-04-11,19:34:14,2026-04-11T19:34:14+02:00,STATION,"Les Aubes",4,4,8,0.5,43.618692,3.893844
2026-04-11,19:34:14,2026-04-11T19:34:14+02:00,STATION,"Antigone centre",1,11,12,0.08333333333333333,43.607942,3.890634
2026-04-11,19:34:14,2026-04-11T19:34:14+02:00,STATION,"Médiathèque Emile Zola",13,3,16,0.8125,43.608218,3.89314
2026-04-11,19:34:14,2026-04-11T19:34:14+02:00,STATION,"Nombre d Or",5,11,16,0.3125,43.607859,3.886644
2026-04-11,19:34:14,2026-04-11T19:34:14+02:00,STATION,"Louis Blanc",7,9,16,0.4375,43.614642,3.877648
2026-04-11,19:34:14,2026-04-11T19:34:14+02:00,STATION,"Gambetta",1,7,8,0.125,43.607106,3.870693
2026-04-11,19:34:14,2026-04-11T19:34:14+02:00,STATION,"Port Marianne",5,11,16,0.3125,43.60032,3.89851
2026-04-11,19:34:14,2026-04-11T19:34:14+02:00,STATION,"Les Arceaux",4,4,8,0.5,43.612659,3.867734
2026-04-11,19:34:14,2026-04-11T19:34:14+02:00,STATION,"Cité Mion",2,4,8,0.5,43.601143,3.884373
2026-04-11,19:34:14,2026-04-11T19:34:14+02:00,STATION,"Nouveau Saint-Roch",6,2,8,0.75,43.599817,3.875757
2026-04-11,19:34:14,2026-04-11T19:34:14+02:00,STATION,"Renouvier",1,6,8,0.25,43.603553,3.867884
2026-04-11,19:34:14,2026-04-11T19:34:14+02:00,STATION,"Odysseum",0,8,8,0.0,43.603727,3.918979
2026-04-11,19:34:14,2026-04-11T19:34:14+02:00,STATION,"Saint-Denis",0,8,8,0.0,43.605021,3.875065
2026-04-11,19:34:14,2026-04-11T19:34:14+02:00,STATION,"Richter",10,6,16,0.625,43.603424,3.899263
2026-04-11,19:34:14,2026-04-11T19:34:14+02:00,STATION,"Charles Flahault",4,4,8,0.5,43.622038,3.86672
2026-04-11,19:34:14,2026-04-11T19:34:14+02:00,STATION,"Voltaire",8,0,8,1.0,43.603767,3.888659
2026-04-11,19:34:14,2026-04-11T19:34:14+02:00,STATION,"Prés d Arènes",6,2,8,0.75,43.59048,3.884611
2026-04-11,19:34:14,2026-04-11T19:34:14+02:00,STATION,"Garcia Lorca",6,2,8,0.75,43.590757,3.890616
2026-04-11,19:34:14,2026-04-11T19:34:14+02:00,STATION,"Vert Bois",2,14,16,0.125,43.63543,3.871179
2026-04-11,19:34:14,2026-04-11T19:34:14+02:00,STATION,"Malbosc",1,7,8,0.125,43.633679,3.832861
2026-04-11,19:34:14,2026-04-11T19:34:14+02:00,STATION,"Occitanie",6,26,32,0.1875,43.635689,3.849597
2026-04-11,19:34:14,2026-04-11T19:34:14+02:00,STATION,"Fac des Sciences",7,17,24,0.2916666666666667,43.631318,3.861299
2026-04-11,19:34:14,2026-04-11T19:34:14+02:00,STATION,"Fac de Lettres",4,8,12,0.3333333333333333,43.630437,3.869539
2026-04-11,19:34:14,2026-04-11T19:34:14+02:00,STATION,"Aiguelongue",4,3,8,0.625,43.626163,3.882492
2026-04-11,19:34:14,2026-04-11T19:34:14+02:00,STATION,"Jeu de Mail des Abbés",8,0,8,1.0,43.619701,3.883831
2026-04-11,19:34:14,2026-04-11T19:34:14+02:00,STATION,"Euromédecine",3,5,8,0.375,43.639119,3.828199
2026-04-11,19:34:14,2026-04-11T19:34:14+02:00,STATION,"Marie Caizergues",1,7,8,0.125,43.619871,3.873812
2026-04-11,19:34:14,2026-04-11T19:34:14+02:00,STATION,"Sabines",4,4,8,0.5,43.584211,3.860031
2026-04-11,19:34:14,2026-04-11T19:34:14+02:00,STATION,"Celleneuve",6,2,8,0.75,43.61467,3.832624
2026-04-11,19:34:14,2026-04-11T19:34:14+02:00,STATION,"Jardin de la Lironde",6,2,8,0.75,43.60585,3.911576
2026-04-11,19:34:14,2026-04-11T19:34:14+02:00,STATION,"Père Soulas",3,5,8,0.375,43.621983,3.855603
2026-04-11,19:34:14,2026-04-11T19:34:14+02:00,STATION,"Place Viala",4,4,8,0.5,43.616812,3.855075
2026-04-11,19:34:14,2026-04-11T19:34:14+02:00,STATION,"Hôtel du Département",7,1,8,0.875,43.621682,3.83477
2026-04-11,19:34:14,2026-04-11T19:34:14+02:00,STATION,"Tonnelles",4,4,8,0.5,43.615155,3.839466
2026-04-11,19:34:14,2026-04-11T19:34:14+02:00,STATION,"Parvis Jules Ferry - Gare Saint-Roch",1,7,8,0.125,43.603889,3.879362
2026-04-11,19:34:14,2026-04-11T19:34:14+02:00,STATION,"Pont de Lattes - Gare Saint-Roch",5,6,12,0.5,43.606036,3.882393
2026-04-11,19:34:14,2026-04-11T19:34:14+02:00,STATION,"Deux Ponts - Gare Saint-Roch",0,8,8,0.0,43.604319,3.880916
2026-04-11,19:34:14,2026-04-11T19:34:14+02:00,STATION,"Providence - Ovalie",5,3,8,0.625,43.588239,3.853421
2026-04-11,19:34:14,2026-04-11T19:34:14+02:00,STATION,"Pérols Etang de l Or",40,28,68,0.5882352941176471,43.558351,3.963412
2026-04-11,19:34:14,2026-04-11T19:34:14+02:00,STATION,"Albert 1er - Cathédrale",1,11,12,0.08333333333333333,43.614005,3.873218
2026-04-11,19:34:14,2026-04-11T19:34:14+02:00,STATION,"Saint-Guilhem - Courreau",0,8,8,0.0,43.608996,3.872752
2026-04-11,19:34:14,2026-04-11T19:34:14+02:00,STATION,"Sud De France",2,5,8,0.375,43.59562,3.9235
2026-04-11,19:34:14,2026-04-11T19:34:14+02:00,STATION,"Comedie Baudin",0,8,8,0.0,43.608717,3.880787
2026-04-11,19:34:14,2026-04-11T19:34:14+02:00,STATION,"Jean de Beins",1,15,16,0.0625,43.609857,3.883884
2026-04-11,20:46:28,2026-04-11T20:46:28+02:00,STATION,"Rue Jules Ferry - Gare Saint-Roch",1,11,12,0.08333333333333333,43.605366,3.881346
2026-04-11,20:46:28,2026-04-11T20:46:28+02:00,STATION,"Comédie",11,9,20,0.55,43.608148,3.878778
2026-04-11,20:46:28,2026-04-11T20:46:28+02:00,STATION,"Hôtel de Ville",5,11,16,0.3125,43.599088,3.894866
2026-04-11,20:46:28,2026-04-11T20:46:28+02:00,STATION,"Corum",10,2,12,0.8333333333333334,43.613989,3.8816
2026-04-11,20:46:28,2026-04-11T20:46:28+02:00,STATION,"Place Albert 1er - St Charles",5,22,27,0.18518518518518517,43.616768,3.873375
2026-04-11,20:46:28,2026-04-11T20:46:28+02:00,STATION,"Foch",2,6,8,0.25,43.610989,3.873345
2026-04-11,20:46:28,2026-04-11T20:46:28+02:00,STATION,"Halles Castellane",0,12,12,0.0,43.609935,3.877208
2026-04-11,20:46:28,2026-04-11T20:46:28+02:00,STATION,"Observatoire",3,4,8,0.5,43.606301,3.87724
2026-04-11,20:46:28,2026-04-11T20:46:28+02:00,STATION,"Rondelet",3,13,16,0.1875,43.603038,3.875796
2026-04-11,20:46:28,2026-04-11T20:46:28+02:00,STATION,"Plan Cabanes",4,8,12,0.3333333333333333,43.608491,3.868389
2026-04-11,20:46:28,2026-04-11T20:46:28+02:00,STATION,"Boutonnet",4,7,12,0.4166666666666667,43.622629,3.868375
2026-04-11,20:46:28,2026-04-11T20:46:28+02:00,STATION,"Emile Combes",5,3,8,0.625,43.616742,3.87998
2026-04-11,20:46:28,2026-04-11T20:46:28+02:00,STATION,"Beaux-Arts",3,13,16,0.1875,43.616698,3.884981
2026-04-11,20:46:28,2026-04-11T20:46:28+02:00,STATION,"Les Aubes",5,3,8,0.625,43.618692,3.893844
2026-04-11,20:46:28,2026-04-11T20:46:28+02:00,STATION,"Antigone centre",2,10,12,0.16666666666666666,43.607942,3.890634
2026-04-11,20:46:28,2026-04-11T20:46:28+02:00,STATION,"Médiathèque Emile Zola",14,2,16,0.875,43.608218,3.89314
2026-04-11,20:46:28,2026-04-11T20:46:28+02:00,STATION,"Nombre d Or",6,10,16,0.375,43.607859,3.886644
2026-04-11,20:46:28,2026-04-11T20:46:28+02:00,STATION,"Louis Blanc",7,9,16,0.4375,43.614642,3.877648
2026-04-11,20:46:28,2026-04-11T20:46:28+02:00,STATION,"Gambetta",1,7,8,0.125,43.607106,3.870693
2026-04-11,20:46:28,2026-04-11T20:46:28+02:00,STATION,"Port Marianne",7,9,16,0.4375,43.60032,3.89851
2026-04-11,20:46:28,2026-04-11T20:46:28+02:00,STATION,"Les Arceaux",4,4,8,0.5,43.612659,3.867734
2026-04-11,20:46:28,2026-04-11T20:46:28+02:00,STATION,"Cité Mion",2,4,8,0.5,43.601143,3.884373
2026-04-11,20:46:28,2026-04-11T20:46:28+02:00,STATION,"Nouveau Saint-Roch",6,2,8,0.75,43.599817,3.875757
2026-04-11,20:46:28,2026-04-11T20:46:28+02:00,STATION,"Renouvier",2,5,8,0.375,43.603553,3.867884
2026-04-11,20:46:28,2026-04-11T20:46:28+02:00,STATION,"Odysseum",0,8,8,0.0,43.603727,3.918979
2026-04-11,20:46:28,2026-04-11T20:46:28+02:00,STATION,"Saint-Denis",0,8,8,0.0,43.605021,3.875065
2026-04-11,20:46:28,2026-04-11T20:46:28+02:00,STATION,"Richter",9,7,16,0.5625,43.603424,3.899263
2026-04-11,20:46:28,2026-04-11T20:46:28+02:00,STATION,"Charles Flahault",4,4,8,0.5,43.622038,3.86672
2026-04-11,20:46:28,2026-04-11T20:46:28+02:00,STATION,"Voltaire",9,0,8,1.0,43.603767,3.888659
2026-04-11,20:46:28,2026-04-11T20:46:28+02:00,STATION,"Prés d Arènes",7,1,8,0.875,43.59048,3.884611
2026-04-11,20:46:28,2026-04-11T20:46:28+02:00,STATION,"Garcia Lorca",6,2,8,0.75,43.590757,3.890616
2026-04-11,20:46:28,2026-04-11T20:46:28+02:00,STATION,"Vert Bois",2,14,16,0.125,43.63543,3.871179
2026-04-11,20:46:28,2026-04-11T20:46:28+02:00,STATION,"Malbosc",1,7,8,0.125,43.633679,3.832861
2026-04-11,20:46:28,2026-04-11T20:46:28+02:00,STATION,"Occitanie",9,23,32,0.28125,43.635689,3.849597
2026-04-11,20:46:28,2026-04-11T20:46:28+02:00,STATION,"Fac des Sciences",2,21,24,0.125,43.631318,3.861299
2026-04-11,20:46:28,2026-04-11T20:46:28+02:00,STATION,"Fac de Lettres",4,8,12,0.3333333333333333,43.630437,3.869539
2026-04-11,20:46:28,2026-04-11T20:46:28+02:00,STATION,"Aiguelongue",4,3,8,0.625,43.626163,3.882492
2026-04-11,20:46:28,2026-04-11T20:46:28+02:00,STATION,"Jeu de Mail des Abbés",8,0,8,1.0,43.619701,3.883831
2026-04-11,20:46:28,2026-04-11T20:46:28+02:00,STATION,"Euromédecine",3,5,8,0.375,43.639119,3.828199
2026-04-11,20:46:28,2026-04-11T20:46:28+02:00,STATION,"Marie Caizergues",1,7,8,0.125,43.619871,3.873812
2026-04-11,20:46:28,2026-04-11T20:46:28+02:00,STATION,"Sabines",4,4,8,0.5,43.584211,3.860031
2026-04-11,20:46:28,2026-04-11T20:46:28+02:00,STATION,"Celleneuve",6,2,8,0.75,43.61467,3.832624
2026-04-11,20:46:28,2026-04-11T20:46:28+02:00,STATION,"Jardin de la Lironde",6,2,8,0.75,43.60585,3.911576
2026-04-11,20:46:28,2026-04-11T20:46:28+02:00,STATION,"Père Soulas",2,6,8,0.25,43.621983,3.855603
2026-04-11,20:46:28,2026-04-11T20:46:28+02:00,STATION,"Place Viala",4,4,8,0.5,43.616812,3.855075
2026-04-11,20:46:28,2026-04-11T20:46:28+02:00,STATION,"Hôtel du Département",7,1,8,0.875,43.621682,3.83477
2026-04-11,20:46:28,2026-04-11T20:46:28+02:00,STATION,"Tonnelles",4,4,8,0.5,43.615155,3.839466
2026-04-11,20:46:28,2026-04-11T20:46:28+02:00,STATION,"Parvis Jules Ferry - Gare Saint-Roch",2,6,8,0.25,43.603889,3.879362
2026-04-11,20:46:28,2026-04-11T20:46:28+02:00,STATION,"Pont de Lattes - Gare Saint-Roch",5,6,12,0.5,43.606036,3.882393
2026-04-11,20:46:28,2026-04-11T20:46:28+02:00,STATION,"Deux Ponts - Gare Saint-Roch",0,8,8,0.0,43.604319,3.880916
2026-04-11,20:46:28,2026-04-11T20:46:28+02:00,STATION,"Providence - Ovalie",5,3,8,0.625,43.588239,3.853421
2026-04-11,20:46:28,2026-04-11T20:46:28+02:00,STATION,"Pérols Etang de l Or",44,24,68,0.6470588235294118,43.558351,3.963412
2026-04-11,20:46:28,2026-04-11T20:46:28+02:00,STATION,"Albert 1er - Cathédrale",1,11,12,0.08333333333333333,43.614005,3.873218
2026-04-11,20:46:28,2026-04-11T20:46:28+02:00,STATION,"Saint-Guilhem - Courreau",1,7,8,0.125,43.608996,3.872752
2026-04-11,20:46:28,2026-04-11T20:46:28+02:00,STATION,"Sud De France",2,5,8,0.375,43.59562,3.9235
2026-04-11,20:46:28,2026-04-11T20:46:28+02:00,STATION,"Comedie Baudin",0,8,8,0.0,43.608717,3.880787
2026-04-11,20:46:28,2026-04-11T20:46:28+02:00,STATION,"Jean de Beins",1,15,16,0.0625,43.609857,3.883884
2026-04-11,21:37:55,2026-04-11T21:37:55+02:00,STATION,"Rue Jules Ferry - Gare Saint-Roch",3,9,12,0.25,43.605366,3.881346
2026-04-11,21:37:55,2026-04-11T21:37:55+02:00,STATION,"Comédie",5,15,20,0.25,43.608148,3.878778
2026-04-11,21:37:55,2026-04-11T21:37:55+02:00,STATION,"Hôtel de Ville",7,9,16,0.4375,43.599088,3.894866
2026-04-11,21:37:55,2026-04-11T21:37:55+02:00,STATION,"Corum",10,2,12,0.8333333333333334,43.613989,3.8816
2026-04-11,21:37:55,2026-04-11T21:37:55+02:00,STATION,"Place Albert 1er - St Charles",5,22,27,0.18518518518518517,43.616768,3.873375
2026-04-11,21:37:55,2026-04-11T21:37:55+02:00,STATION,"Foch",2,6,8,0.25,43.610989,3.873345
2026-04-11,21:37:55,2026-04-11T21:37:55+02:00,STATION,"Halles Castellane",0,12,12,0.0,43.609935,3.877208
2026-04-11,21:37:55,2026-04-11T21:37:55+02:00,STATION,"Observatoire",3,4,8,0.5,43.606301,3.87724
2026-04-11,21:37:55,2026-04-11T21:37:55+02:00,STATION,"Rondelet",3,13,16,0.1875,43.603038,3.875796
2026-04-11,21:37:55,2026-04-11T21:37:55+02:00,STATION,"Plan Cabanes",4,8,12,0.3333333333333333,43.608491,3.868389
2026-04-11,21:37:55,2026-04-11T21:37:55+02:00,STATION,"Boutonnet",4,7,12,0.4166666666666667,43.622629,3.868375
2026-04-11,21:37:55,2026-04-11T21:37:55+02:00,STATION,"Emile Combes",6,2,8,0.75,43.616742,3.87998
2026-04-11,21:37:55,2026-04-11T21:37:55+02:00,STATION,"Beaux-Arts",3,13,16,0.1875,43.616698,3.884981
2026-04-11,21:37:55,2026-04-11T21:37:55+02:00,STATION,"Les Aubes",5,3,8,0.625,43.618692,3.893844
2026-04-11,21:37:55,2026-04-11T21:37:55+02:00,STATION,"Antigone centre",2,10,12,0.16666666666666666,43.607942,3.890634
2026-04-11,21:37:55,2026-04-11T21:37:55+02:00,STATION,"Médiathèque Emile Zola",13,3,16,0.8125,43.608218,3.89314
2026-04-11,21:37:55,2026-04-11T21:37:55+02:00,STATION,"Nombre d Or",6,10,16,0.375,43.607859,3.886644
2026-04-11,21:37:55,2026-04-11T21:37:55+02:00,STATION,"Louis Blanc",9,7,16,0.5625,43.614642,3.877648
2026-04-11,21:37:55,2026-04-11T21:37:55+02:00,STATION,"Gambetta",1,7,8,0.125,43.607106,3.870693
2026-04-11,21:37:55,2026-04-11T21:37:55+02:00,STATION,"Port Marianne",9,7,16,0.5625,43.60032,3.89851
2026-04-11,21:37:55,2026-04-11T21:37:55+02:00,STATION,"Les Arceaux",4,4,8,0.5,43.612659,3.867734
2026-04-11,21:37:55,2026-04-11T21:37:55+02:00,STATION,"Cité Mion",2,4,8,0.5,43.601143,3.884373
2026-04-11,21:37:55,2026-04-11T21:37:55+02:00,STATION,"Nouveau Saint-Roch",5,3,8,0.625,43.599817,3.875757
2026-04-11,21:37:55,2026-04-11T21:37:55+02:00,STATION,"Renouvier",4,3,8,0.625,43.603553,3.867884
2026-04-11,21:37:55,2026-04-11T21:37:55+02:00,STATION,"Odysseum",0,8,8,0.0,43.603727,3.918979
2026-04-11,21:37:55,2026-04-11T21:37:55+02:00,STATION,"Saint-Denis",0,8,8,0.0,43.605021,3.875065
2026-04-11,21:37:55,2026-04-11T21:37:55+02:00,STATION,"Richter",9,7,16,0.5625,43.603424,3.899263
2026-04-11,21:37:55,2026-04-11T21:37:55+02:00,STATION,"Charles Flahault",3,5,8,0.375,43.622038,3.86672
2026-04-11,21:37:55,2026-04-11T21:37:55+02:00,STATION,"Voltaire",9,0,8,1.0,43.603767,3.888659
2026-04-11,21:37:55,2026-04-11T21:37:55+02:00,STATION,"Prés d Arènes",7,1,8,0.875,43.59048,3.884611
2026-04-11,21:37:55,2026-04-11T21:37:55+02:00,STATION,"Garcia Lorca",7,1,8,0.875,43.590757,3.890616
2026-04-11,21:37:55,2026-04-11T21:37:55+02:00,STATION,"Vert Bois",2,14,16,0.125,43.63543,3.871179
2026-04-11,21:37:55,2026-04-11T21:37:55+02:00,STATION,"Malbosc",1,7,8,0.125,43.633679,3.832861
2026-04-11,21:37:55,2026-04-11T21:37:55+02:00,STATION,"Occitanie",9,23,32,0.28125,43.635689,3.849597
2026-04-11,21:37:55,2026-04-11T21:37:55+02:00,STATION,"Fac des Sciences",2,22,24,0.08333333333333333,43.631318,3.861299
2026-04-11,21:37:55,2026-04-11T21:37:55+02:00,STATION,"Fac de Lettres",4,8,12,0.3333333333333333,43.630437,3.869539
2026-04-11,21:37:55,2026-04-11T21:37:55+02:00,STATION,"Aiguelongue",4,3,8,0.625,43.626163,3.882492
2026-04-11,21:37:55,2026-04-11T21:37:55+02:00,STATION,"Jeu de Mail des Abbés",8,0,8,1.0,43.619701,3.883831
2026-04-11,21:37:55,2026-04-11T21:37:55+02:00,STATION,"Euromédecine",3,5,8,0.375,43.639119,3.828199
2026-04-11,21:37:55,2026-04-11T21:37:55+02:00,STATION,"Marie Caizergues",1,7,8,0.125,43.619871,3.873812
2026-04-11,21:37:55,2026-04-11T21:37:55+02:00,STATION,"Sabines",4,4,8,0.5,43.584211,3.860031
2026-04-11,21:37:55,2026-04-11T21:37:55+02:00,STATION,"Celleneuve",6,2,8,0.75,43.61467,3.832624
2026-04-11,21:37:55,2026-04-11T21:37:55+02:00,STATION,"Jardin de la Lironde",6,2,8,0.75,43.60585,3.911576
2026-04-11,21:37:55,2026-04-11T21:37:55+02:00,STATION,"Père Soulas",2,6,8,0.25,43.621983,3.855603
2026-04-11,21:37:55,2026-04-11T21:37:55+02:00,STATION,"Place Viala",4,4,8,0.5,43.616812,3.855075
2026-04-11,21:37:55,2026-04-11T21:37:55+02:00,STATION,"Hôtel du Département",7,1,8,0.875,43.621682,3.83477
2026-04-11,21:37:55,2026-04-11T21:37:55+02:00,STATION,"Tonnelles",4,4,8,0.5,43.615155,3.839466
2026-04-11,21:37:55,2026-04-11T21:37:55+02:00,STATION,"Parvis Jules Ferry - Gare Saint-Roch",2,6,8,0.25,43.603889,3.879362
2026-04-11,21:37:55,2026-04-11T21:37:55+02:00,STATION,"Pont de Lattes - Gare Saint-Roch",3,8,12,0.3333333333333333,43.606036,3.882393
2026-04-11,21:37:55,2026-04-11T21:37:55+02:00,STATION,"Deux Ponts - Gare Saint-Roch",0,8,8,0.0,43.604319,3.880916
2026-04-11,21:37:55,2026-04-11T21:37:55+02:00,STATION,"Providence - Ovalie",5,3,8,0.625,43.588239,3.853421
2026-04-11,21:37:55,2026-04-11T21:37:55+02:00,STATION,"Pérols Etang de l Or",42,26,68,0.6176470588235294,43.558351,3.963412
2026-04-11,21:37:55,2026-04-11T21:37:55+02:00,STATION,"Albert 1er - Cathédrale",1,11,12,0.08333333333333333,43.614005,3.873218
2026-04-11,21:37:55,2026-04-11T21:37:55+02:00,STATION,"Saint-Guilhem - Courreau",1,7,8,0.125,43.608996,3.872752
2026-04-11,21:37:55,2026-04-11T21:37:55+02:00,STATION,"Sud De France",4,3,8,0.625,43.59562,3.9235
2026-04-11,21:37:55,2026-04-11T21:37:55+02:00,STATION,"Comedie Baudin",0,8,8,0.0,43.608717,3.880787
2026-04-11,21:37:55,2026-04-11T21:37:55+02:00,STATION,"Jean de Beins",1,15,16,0.0625,43.609857,3.883884
2026-04-11,22:36:50,2026-04-11T22:36:50+02:00,STATION,"Rue Jules Ferry - Gare Saint-Roch",5,7,12,0.4166666666666667,43.605366,3.881346
2026-04-11,22:36:50,2026-04-11T22:36:50+02:00,STATION,"Comédie",6,14,20,0.3,43.608148,3.878778
2026-04-11,22:36:50,2026-04-11T22:36:50+02:00,STATION,"Hôtel de Ville",7,9,16,0.4375,43.599088,3.894866
2026-04-11,22:36:50,2026-04-11T22:36:50+02:00,STATION,"Corum",10,2,12,0.8333333333333334,43.613989,3.8816
2026-04-11,22:36:50,2026-04-11T22:36:50+02:00,STATION,"Place Albert 1er - St Charles",7,20,27,0.25925925925925924,43.616768,3.873375
2026-04-11,22:36:50,2026-04-11T22:36:50+02:00,STATION,"Foch",2,6,8,0.25,43.610989,3.873345
2026-04-11,22:36:50,2026-04-11T22:36:50+02:00,STATION,"Halles Castellane",0,12,12,0.0,43.609935,3.877208
2026-04-11,22:36:50,2026-04-11T22:36:50+02:00,STATION,"Observatoire",3,4,8,0.5,43.606301,3.87724
2026-04-11,22:36:50,2026-04-11T22:36:50+02:00,STATION,"Rondelet",3,13,16,0.1875,43.603038,3.875796
2026-04-11,22:36:50,2026-04-11T22:36:50+02:00,STATION,"Plan Cabanes",4,8,12,0.3333333333333333,43.608491,3.868389
2026-04-11,22:36:50,2026-04-11T22:36:50+02:00,STATION,"Boutonnet",4,7,12,0.4166666666666667,43.622629,3.868375
2026-04-11,22:36:50,2026-04-11T22:36:50+02:00,STATION,"Emile Combes",6,2,8,0.75,43.616742,3.87998
2026-04-11,22:36:50,2026-04-11T22:36:50+02:00,STATION,"Beaux-Arts",3,13,16,0.1875,43.616698,3.884981
2026-04-11,22:36:50,2026-04-11T22:36:50+02:00,STATION,"Les Aubes",5,3,8,0.625,43.618692,3.893844
2026-04-11,22:36:50,2026-04-11T22:36:50+02:00,STATION,"Antigone centre",2,10,12,0.16666666666666666,43.607942,3.890634
2026-04-11,22:36:50,2026-04-11T22:36:50+02:00,STATION,"Médiathèque Emile Zola",17,0,16,1.0,43.608218,3.89314
2026-04-11,22:36:50,2026-04-11T22:36:50+02:00,STATION,"Nombre d Or",4,12,16,0.25,43.607859,3.886644
2026-04-11,22:36:50,2026-04-11T22:36:50+02:00,STATION,"Louis Blanc",8,8,16,0.5,43.614642,3.877648
2026-04-11,22:36:50,2026-04-11T22:36:50+02:00,STATION,"Gambetta",1,7,8,0.125,43.607106,3.870693
2026-04-11,22:36:50,2026-04-11T22:36:50+02:00,STATION,"Port Marianne",10,6,16,0.625,43.60032,3.89851
2026-04-11,22:36:50,2026-04-11T22:36:50+02:00,STATION,"Les Arceaux",4,4,8,0.5,43.612659,3.867734
2026-04-11,22:36:50,2026-04-11T22:36:50+02:00,STATION,"Cité Mion",2,4,8,0.5,43.601143,3.884373
2026-04-11,22:36:50,2026-04-11T22:36:50+02:00,STATION,"Nouveau Saint-Roch",3,5,8,0.375,43.599817,3.875757
2026-04-11,22:36:50,2026-04-11T22:36:50+02:00,STATION,"Renouvier",4,3,8,0.625,43.603553,3.867884
2026-04-11,22:36:50,2026-04-11T22:36:50+02:00,STATION,"Odysseum",0,8,8,0.0,43.603727,3.918979
2026-04-11,22:36:50,2026-04-11T22:36:50+02:00,STATION,"Saint-Denis",0,8,8,0.0,43.605021,3.875065
2026-04-11,22:36:50,2026-04-11T22:36:50+02:00,STATION,"Richter",9,7,16,0.5625,43.603424,3.899263
2026-04-11,22:36:50,2026-04-11T22:36:50+02:00,STATION,"Charles Flahault",3,5,8,0.375,43.622038,3.86672
2026-04-11,22:36:50,2026-04-11T22:36:50+02:00,STATION,"Voltaire",9,0,8,1.0,43.603767,3.888659
2026-04-11,22:36:50,2026-04-11T22:36:50+02:00,STATION,"Prés d Arènes",7,1,8,0.875,43.59048,3.884611
2026-04-11,22:36:50,2026-04-11T22:36:50+02:00,STATION,"Garcia Lorca",8,0,8,1.0,43.590757,3.890616
2026-04-11,22:36:50,2026-04-11T22:36:50+02:00,STATION,"Vert Bois",2,14,16,0.125,43.63543,3.871179
2026-04-11,22:36:50,2026-04-11T22:36:50+02:00,STATION,"Malbosc",1,7,8,0.125,43.633679,3.832861
2026-04-11,22:36:50,2026-04-11T22:36:50+02:00,STATION,"Occitanie",9,23,32,0.28125,43.635689,3.849597
2026-04-11,22:36:50,2026-04-11T22:36:50+02:00,STATION,"Fac des Sciences",3,21,24,0.125,43.631318,3.861299
2026-04-11,22:36:50,2026-04-11T22:36:50+02:00,STATION,"Fac de Lettres",2,10,12,0.16666666666666666,43.630437,3.869539
2026-04-11,22:36:50,2026-04-11T22:36:50+02:00,STATION,"Aiguelongue",4,3,8,0.625,43.626163,3.882492
2026-04-11,22:36:50,2026-04-11T22:36:50+02:00,STATION,"Jeu de Mail des Abbés",8,0,8,1.0,43.619701,3.883831
2026-04-11,22:36:50,2026-04-11T22:36:50+02:00,STATION,"Euromédecine",3,5,8,0.375,43.639119,3.828199
2026-04-11,22:36:50,2026-04-11T22:36:50+02:00,STATION,"Marie Caizergues",1,7,8,0.125,43.619871,3.873812
2026-04-11,22:36:50,2026-04-11T22:36:50+02:00,STATION,"Sabines",4,4,8,0.5,43.584211,3.860031
2026-04-11,22:36:50,2026-04-11T22:36:50+02:00,STATION,"Celleneuve",6,2,8,0.75,43.61467,3.832624
2026-04-11,22:36:50,2026-04-11T22:36:50+02:00,STATION,"Jardin de la Lironde",6,2,8,0.75,43.60585,3.911576
2026-04-11,22:36:50,2026-04-11T22:36:50+02:00,STATION,"Père Soulas",2,6,8,0.25,43.621983,3.855603
2026-04-11,22:36:50,2026-04-11T22:36:50+02:00,STATION,"Place Viala",6,2,8,0.75,43.616812,3.855075
2026-04-11,22:36:50,2026-04-11T22:36:50+02:00,STATION,"Hôtel du Département",7,1,8,0.875,43.621682,3.83477
2026-04-11,22:36:50,2026-04-11T22:36:50+02:00,STATION,"Tonnelles",4,4,8,0.5,43.615155,3.839466
2026-04-11,22:36:50,2026-04-11T22:36:50+02:00,STATION,"Parvis Jules Ferry - Gare Saint-Roch",1,7,8,0.125,43.603889,3.879362
2026-04-11,22:36:50,2026-04-11T22:36:50+02:00,STATION,"Pont de Lattes - Gare Saint-Roch",3,8,12,0.3333333333333333,43.606036,3.882393
2026-04-11,22:36:50,2026-04-11T22:36:50+02:00,STATION,"Deux Ponts - Gare Saint-Roch",0,8,8,0.0,43.604319,3.880916
2026-04-11,22:36:50,2026-04-11T22:36:50+02:00,STATION,"Providence - Ovalie",5,3,8,0.625,43.588239,3.853421
2026-04-11,22:36:50,2026-04-11T22:36:50+02:00,STATION,"Pérols Etang de l Or",40,28,68,0.5882352941176471,43.558351,3.963412
2026-04-11,22:36:50,2026-04-11T22:36:50+02:00,STATION,"Albert 1er - Cathédrale",1,11,12,0.08333333333333333,43.614005,3.873218
2026-04-11,22:36:50,2026-04-11T22:36:50+02:00,STATION,"Saint-Guilhem - Courreau",1,7,8,0.125,43.608996,3.872752
2026-04-11,22:36:50,2026-04-11T22:36:50+02:00,STATION,"Sud De France",4,3,8,0.625,43.59562,3.9235
2026-04-11,22:36:50,2026-04-11T22:36:50+02:00,STATION,"Comedie Baudin",0,8,8,0.0,43.608717,3.880787
2026-04-11,22:36:50,2026-04-11T22:36:50+02:00,STATION,"Jean de Beins",1,15,16,0.0625,43.609857,3.883884
