date,heure,timestamp,type,nom,velos_dispo,bornes_libres,total,taux_occupation_places,lat,lon
2026-03-28,00:34:58,2026-03-28T00:34:58+01:00,STATION,"Rue Jules Ferry - Gare Saint-Roch",3,9,12,0.25,43.605366,3.881346
2026-03-28,00:34:58,2026-03-28T00:34:58+01:00,STATION,"Comédie",14,6,20,0.7,43.608148,3.878778
2026-03-28,00:34:58,2026-03-28T00:34:58+01:00,STATION,"Hôtel de Ville",12,4,16,0.75,43.599088,3.894866
2026-03-28,00:34:58,2026-03-28T00:34:58+01:00,STATION,"Corum",8,3,12,0.75,43.613989,3.8816
2026-03-28,00:34:58,2026-03-28T00:34:58+01:00,STATION,"Place Albert 1er - St Charles",3,24,27,0.1111111111111111,43.616768,3.873375
2026-03-28,00:34:58,2026-03-28T00:34:58+01:00,STATION,"Foch",3,5,8,0.375,43.610989,3.873345
2026-03-28,00:34:58,2026-03-28T00:34:58+01:00,STATION,"Halles Castellane",0,12,12,0.0,43.609935,3.877208
2026-03-28,00:34:58,2026-03-28T00:34:58+01:00,STATION,"Observatoire",4,3,8,0.625,43.606301,3.87724
2026-03-28,00:34:58,2026-03-28T00:34:58+01:00,STATION,"Rondelet",6,10,16,0.375,43.603038,3.875796
2026-03-28,00:34:58,2026-03-28T00:34:58+01:00,STATION,"Plan Cabanes",3,9,12,0.25,43.608491,3.868389
2026-03-28,00:34:58,2026-03-28T00:34:58+01:00,STATION,"Boutonnet",11,1,12,0.9166666666666666,43.622629,3.868375
2026-03-28,00:34:58,2026-03-28T00:34:58+01:00,STATION,"Emile Combes",8,0,8,1.0,43.616742,3.87998
2026-03-28,00:34:58,2026-03-28T00:34:58+01:00,STATION,"Beaux-Arts",6,10,16,0.375,43.616698,3.884981
2026-03-28,00:34:58,2026-03-28T00:34:58+01:00,STATION,"Les Aubes",2,6,8,0.25,43.618692,3.893844
2026-03-28,00:34:58,2026-03-28T00:34:58+01:00,STATION,"Antigone centre",6,6,12,0.5,43.607942,3.890634
2026-03-28,00:34:58,2026-03-28T00:34:58+01:00,STATION,"Médiathèque Emile Zola",5,11,16,0.3125,43.608218,3.89314
2026-03-28,00:34:58,2026-03-28T00:34:58+01:00,STATION,"Nombre d Or",4,12,16,0.25,43.607859,3.886644
2026-03-28,00:34:58,2026-03-28T00:34:58+01:00,STATION,"Louis Blanc",9,7,16,0.5625,43.614642,3.877648
2026-03-28,00:34:58,2026-03-28T00:34:58+01:00,STATION,"Gambetta",6,2,8,0.75,43.607106,3.870693
2026-03-28,00:34:58,2026-03-28T00:34:58+01:00,STATION,"Port Marianne",12,4,16,0.75,43.60032,3.89851
2026-03-28,00:34:58,2026-03-28T00:34:58+01:00,STATION,"Les Arceaux",8,0,8,1.0,43.612659,3.867734
2026-03-28,00:34:58,2026-03-28T00:34:58+01:00,STATION,"Cité Mion",1,5,8,0.375,43.601143,3.884373
2026-03-28,00:34:58,2026-03-28T00:34:58+01:00,STATION,"Nouveau Saint-Roch",7,1,8,0.875,43.599817,3.875757
2026-03-28,00:34:58,2026-03-28T00:34:58+01:00,STATION,"Renouvier",4,3,8,0.625,43.603553,3.867884
2026-03-28,00:34:58,2026-03-28T00:34:58+01:00,STATION,"Odysseum",0,8,8,0.0,43.603727,3.918979
2026-03-28,00:34:58,2026-03-28T00:34:58+01:00,STATION,"Saint-Denis",0,8,8,0.0,43.605021,3.875065
2026-03-28,00:34:58,2026-03-28T00:34:58+01:00,STATION,"Richter",9,7,16,0.5625,43.603424,3.899263
2026-03-28,00:34:58,2026-03-28T00:34:58+01:00,STATION,"Charles Flahault",1,7,8,0.125,43.622038,3.86672
2026-03-28,00:34:58,2026-03-28T00:34:58+01:00,STATION,"Voltaire",4,4,8,0.5,43.603767,3.888659
2026-03-28,00:34:58,2026-03-28T00:34:58+01:00,STATION,"Prés d Arènes",4,4,8,0.5,43.59048,3.884611
2026-03-28,00:34:58,2026-03-28T00:34:58+01:00,STATION,"Garcia Lorca",8,0,8,1.0,43.590757,3.890616
2026-03-28,00:34:58,2026-03-28T00:34:58+01:00,STATION,"Vert Bois",5,11,16,0.3125,43.63543,3.871179
2026-03-28,00:34:58,2026-03-28T00:34:58+01:00,STATION,"Malbosc",2,6,8,0.25,43.633679,3.832861
2026-03-28,00:34:58,2026-03-28T00:34:58+01:00,STATION,"Occitanie",9,23,32,0.28125,43.635689,3.849597
2026-03-28,00:34:58,2026-03-28T00:34:58+01:00,STATION,"Fac des Sciences",6,18,24,0.25,43.631318,3.861299
2026-03-28,00:34:58,2026-03-28T00:34:58+01:00,STATION,"Fac de Lettres",6,6,12,0.5,43.630437,3.869539
2026-03-28,00:34:58,2026-03-28T00:34:58+01:00,STATION,"Aiguelongue",7,0,8,1.0,43.626163,3.882492
2026-03-28,00:34:58,2026-03-28T00:34:58+01:00,STATION,"Jeu de Mail des Abbés",5,3,8,0.625,43.619701,3.883831
2026-03-28,00:34:58,2026-03-28T00:34:58+01:00,STATION,"Euromédecine",0,8,8,0.0,43.639119,3.828199
2026-03-28,00:34:58,2026-03-28T00:34:58+01:00,STATION,"Marie Caizergues",5,3,8,0.625,43.619871,3.873812
2026-03-28,00:34:58,2026-03-28T00:34:58+01:00,STATION,"Sabines",7,1,8,0.875,43.584211,3.860031
2026-03-28,00:34:58,2026-03-28T00:34:58+01:00,STATION,"Celleneuve",0,8,8,0.0,43.61467,3.832624
2026-03-28,00:34:58,2026-03-28T00:34:58+01:00,STATION,"Jardin de la Lironde",3,5,8,0.375,43.60585,3.911576
2026-03-28,00:34:58,2026-03-28T00:34:58+01:00,STATION,"Père Soulas",6,2,8,0.75,43.621983,3.855603
2026-03-28,00:34:58,2026-03-28T00:34:58+01:00,STATION,"Place Viala",2,6,8,0.25,43.616812,3.855075
2026-03-28,00:34:58,2026-03-28T00:34:58+01:00,STATION,"Hôtel du Département",2,6,8,0.25,43.621682,3.83477
2026-03-28,00:34:58,2026-03-28T00:34:58+01:00,STATION,"Tonnelles",2,6,8,0.25,43.615155,3.839466
2026-03-28,00:34:58,2026-03-28T00:34:58+01:00,STATION,"Parvis Jules Ferry - Gare Saint-Roch",5,3,8,0.625,43.603889,3.879362
2026-03-28,00:34:58,2026-03-28T00:34:58+01:00,STATION,"Pont de Lattes - Gare Saint-Roch",8,4,12,0.6666666666666666,43.606036,3.882393
2026-03-28,00:34:58,2026-03-28T00:34:58+01:00,STATION,"Deux Ponts - Gare Saint-Roch",0,8,8,0.0,43.604319,3.880916
2026-03-28,00:34:58,2026-03-28T00:34:58+01:00,STATION,"Providence - Ovalie",5,3,8,0.625,43.588239,3.853421
2026-03-28,00:34:58,2026-03-28T00:34:58+01:00,STATION,"Pérols Etang de l Or",31,37,68,0.45588235294117646,43.558351,3.963412
2026-03-28,00:34:58,2026-03-28T00:34:58+01:00,STATION,"Albert 1er - Cathédrale",8,4,12,0.6666666666666666,43.614005,3.873218
2026-03-28,00:34:58,2026-03-28T00:34:58+01:00,STATION,"Saint-Guilhem - Courreau",0,8,8,0.0,43.608996,3.872752
2026-03-28,00:34:58,2026-03-28T00:34:58+01:00,STATION,"Sud De France",1,7,8,0.125,43.59562,3.9235
2026-03-28,00:34:58,2026-03-28T00:34:58+01:00,STATION,"Comedie Baudin",0,8,8,0.0,43.608717,3.880787
2026-03-28,00:34:58,2026-03-28T00:34:58+01:00,STATION,"Jean de Beins",14,2,16,0.875,43.609857,3.883884
2026-03-28,03:09:54,2026-03-28T03:09:54+01:00,STATION,"Rue Jules Ferry - Gare Saint-Roch",3,9,12,0.25,43.605366,3.881346
2026-03-28,03:09:54,2026-03-28T03:09:54+01:00,STATION,"Comédie",9,11,20,0.45,43.608148,3.878778
2026-03-28,03:09:54,2026-03-28T03:09:54+01:00,STATION,"Hôtel de Ville",12,4,16,0.75,43.599088,3.894866
2026-03-28,03:09:54,2026-03-28T03:09:54+01:00,STATION,"Corum",9,2,12,0.8333333333333334,43.613989,3.8816
2026-03-28,03:09:54,2026-03-28T03:09:54+01:00,STATION,"Place Albert 1er - St Charles",3,24,27,0.1111111111111111,43.616768,3.873375
2026-03-28,03:09:54,2026-03-28T03:09:54+01:00,STATION,"Foch",3,5,8,0.375,43.610989,3.873345
2026-03-28,03:09:54,2026-03-28T03:09:54+01:00,STATION,"Halles Castellane",0,12,12,0.0,43.609935,3.877208
2026-03-28,03:09:54,2026-03-28T03:09:54+01:00,STATION,"Observatoire",3,4,8,0.5,43.606301,3.87724
2026-03-28,03:09:54,2026-03-28T03:09:54+01:00,STATION,"Rondelet",5,11,16,0.3125,43.603038,3.875796
2026-03-28,03:09:54,2026-03-28T03:09:54+01:00,STATION,"Plan Cabanes",3,9,12,0.25,43.608491,3.868389
2026-03-28,03:09:54,2026-03-28T03:09:54+01:00,STATION,"Boutonnet",11,1,12,0.9166666666666666,43.622629,3.868375
2026-03-28,03:09:54,2026-03-28T03:09:54+01:00,STATION,"Emile Combes",7,1,8,0.875,43.616742,3.87998
2026-03-28,03:09:54,2026-03-28T03:09:54+01:00,STATION,"Beaux-Arts",6,10,16,0.375,43.616698,3.884981
2026-03-28,03:09:54,2026-03-28T03:09:54+01:00,STATION,"Les Aubes",2,6,8,0.25,43.618692,3.893844
2026-03-28,03:09:54,2026-03-28T03:09:54+01:00,STATION,"Antigone centre",7,5,12,0.5833333333333334,43.607942,3.890634
2026-03-28,03:09:54,2026-03-28T03:09:54+01:00,STATION,"Médiathèque Emile Zola",6,10,16,0.375,43.608218,3.89314
2026-03-28,03:09:54,2026-03-28T03:09:54+01:00,STATION,"Nombre d Or",4,12,16,0.25,43.607859,3.886644
2026-03-28,03:09:54,2026-03-28T03:09:54+01:00,STATION,"Louis Blanc",8,8,16,0.5,43.614642,3.877648
2026-03-28,03:09:54,2026-03-28T03:09:54+01:00,STATION,"Gambetta",3,5,8,0.375,43.607106,3.870693
2026-03-28,03:09:54,2026-03-28T03:09:54+01:00,STATION,"Port Marianne",12,4,16,0.75,43.60032,3.89851
2026-03-28,03:09:54,2026-03-28T03:09:54+01:00,STATION,"Les Arceaux",8,0,8,1.0,43.612659,3.867734
2026-03-28,03:09:54,2026-03-28T03:09:54+01:00,STATION,"Cité Mion",1,5,8,0.375,43.601143,3.884373
2026-03-28,03:09:54,2026-03-28T03:09:54+01:00,STATION,"Nouveau Saint-Roch",7,1,8,0.875,43.599817,3.875757
2026-03-28,03:09:54,2026-03-28T03:09:54+01:00,STATION,"Renouvier",4,3,8,0.625,43.603553,3.867884
2026-03-28,03:09:54,2026-03-28T03:09:54+01:00,STATION,"Odysseum",0,8,8,0.0,43.603727,3.918979
2026-03-28,03:09:54,2026-03-28T03:09:54+01:00,STATION,"Saint-Denis",0,8,8,0.0,43.605021,3.875065
2026-03-28,03:09:54,2026-03-28T03:09:54+01:00,STATION,"Richter",9,7,16,0.5625,43.603424,3.899263
2026-03-28,03:09:54,2026-03-28T03:09:54+01:00,STATION,"Charles Flahault",1,7,8,0.125,43.622038,3.86672
2026-03-28,03:09:54,2026-03-28T03:09:54+01:00,STATION,"Voltaire",4,4,8,0.5,43.603767,3.888659
2026-03-28,03:09:54,2026-03-28T03:09:54+01:00,STATION,"Prés d Arènes",5,3,8,0.625,43.59048,3.884611
2026-03-28,03:09:54,2026-03-28T03:09:54+01:00,STATION,"Garcia Lorca",9,0,8,1.0,43.590757,3.890616
2026-03-28,03:09:54,2026-03-28T03:09:54+01:00,STATION,"Vert Bois",5,11,16,0.3125,43.63543,3.871179
2026-03-28,03:09:54,2026-03-28T03:09:54+01:00,STATION,"Malbosc",2,6,8,0.25,43.633679,3.832861
2026-03-28,03:09:54,2026-03-28T03:09:54+01:00,STATION,"Occitanie",12,20,32,0.375,43.635689,3.849597
2026-03-28,03:09:54,2026-03-28T03:09:54+01:00,STATION,"Fac des Sciences",5,19,24,0.20833333333333334,43.631318,3.861299
2026-03-28,03:09:54,2026-03-28T03:09:54+01:00,STATION,"Fac de Lettres",5,7,12,0.4166666666666667,43.630437,3.869539
2026-03-28,03:09:54,2026-03-28T03:09:54+01:00,STATION,"Aiguelongue",7,0,8,1.0,43.626163,3.882492
2026-03-28,03:09:54,2026-03-28T03:09:54+01:00,STATION,"Jeu de Mail des Abbés",5,3,8,0.625,43.619701,3.883831
2026-03-28,03:09:54,2026-03-28T03:09:54+01:00,STATION,"Euromédecine",0,8,8,0.0,43.639119,3.828199
2026-03-28,03:09:54,2026-03-28T03:09:54+01:00,STATION,"Marie Caizergues",5,3,8,0.625,43.619871,3.873812
2026-03-28,03:09:54,2026-03-28T03:09:54+01:00,STATION,"Sabines",7,1,8,0.875,43.584211,3.860031
2026-03-28,03:09:54,2026-03-28T03:09:54+01:00,STATION,"Celleneuve",0,8,8,0.0,43.61467,3.832624
2026-03-28,03:09:54,2026-03-28T03:09:54+01:00,STATION,"Jardin de la Lironde",3,5,8,0.375,43.60585,3.911576
2026-03-28,03:09:54,2026-03-28T03:09:54+01:00,STATION,"Père Soulas",6,2,8,0.75,43.621983,3.855603
2026-03-28,03:09:54,2026-03-28T03:09:54+01:00,STATION,"Place Viala",2,6,8,0.25,43.616812,3.855075
2026-03-28,03:09:54,2026-03-28T03:09:54+01:00,STATION,"Hôtel du Département",2,6,8,0.25,43.621682,3.83477
2026-03-28,03:09:54,2026-03-28T03:09:54+01:00,STATION,"Tonnelles",2,6,8,0.25,43.615155,3.839466
2026-03-28,03:09:54,2026-03-28T03:09:54+01:00,STATION,"Parvis Jules Ferry - Gare Saint-Roch",5,3,8,0.625,43.603889,3.879362
2026-03-28,03:09:54,2026-03-28T03:09:54+01:00,STATION,"Pont de Lattes - Gare Saint-Roch",8,4,12,0.6666666666666666,43.606036,3.882393
2026-03-28,03:09:54,2026-03-28T03:09:54+01:00,STATION,"Deux Ponts - Gare Saint-Roch",0,8,8,0.0,43.604319,3.880916
2026-03-28,03:09:54,2026-03-28T03:09:54+01:00,STATION,"Providence - Ovalie",5,3,8,0.625,43.588239,3.853421
2026-03-28,03:09:54,2026-03-28T03:09:54+01:00,STATION,"Pérols Etang de l Or",31,37,68,0.45588235294117646,43.558351,3.963412
2026-03-28,03:09:54,2026-03-28T03:09:54+01:00,STATION,"Albert 1er - Cathédrale",8,4,12,0.6666666666666666,43.614005,3.873218
2026-03-28,03:09:54,2026-03-28T03:09:54+01:00,STATION,"Saint-Guilhem - Courreau",0,8,8,0.0,43.608996,3.872752
2026-03-28,03:09:54,2026-03-28T03:09:54+01:00,STATION,"Sud De France",1,7,8,0.125,43.59562,3.9235
2026-03-28,03:09:54,2026-03-28T03:09:54+01:00,STATION,"Comedie Baudin",0,8,8,0.0,43.608717,3.880787
2026-03-28,03:09:54,2026-03-28T03:09:54+01:00,STATION,"Jean de Beins",14,2,16,0.875,43.609857,3.883884
2026-03-28,05:35:02,2026-03-28T05:35:02+01:00,STATION,"Rue Jules Ferry - Gare Saint-Roch",3,9,12,0.25,43.605366,3.881346
2026-03-28,05:35:02,2026-03-28T05:35:02+01:00,STATION,"Comédie",7,13,20,0.35,43.608148,3.878778
2026-03-28,05:35:02,2026-03-28T05:35:02+01:00,STATION,"Hôtel de Ville",13,3,16,0.8125,43.599088,3.894866
2026-03-28,05:35:02,2026-03-28T05:35:02+01:00,STATION,"Corum",6,5,12,0.5833333333333334,43.613989,3.8816
2026-03-28,05:35:02,2026-03-28T05:35:02+01:00,STATION,"Place Albert 1er - St Charles",4,23,27,0.14814814814814814,43.616768,3.873375
2026-03-28,05:35:02,2026-03-28T05:35:02+01:00,STATION,"Foch",3,5,8,0.375,43.610989,3.873345
2026-03-28,05:35:02,2026-03-28T05:35:02+01:00,STATION,"Halles Castellane",0,12,12,0.0,43.609935,3.877208
2026-03-28,05:35:02,2026-03-28T05:35:02+01:00,STATION,"Observatoire",2,5,8,0.375,43.606301,3.87724
2026-03-28,05:35:02,2026-03-28T05:35:02+01:00,STATION,"Rondelet",3,13,16,0.1875,43.603038,3.875796
2026-03-28,05:35:02,2026-03-28T05:35:02+01:00,STATION,"Plan Cabanes",3,9,12,0.25,43.608491,3.868389
2026-03-28,05:35:02,2026-03-28T05:35:02+01:00,STATION,"Boutonnet",12,0,12,1.0,43.622629,3.868375
2026-03-28,05:35:02,2026-03-28T05:35:02+01:00,STATION,"Emile Combes",7,1,8,0.875,43.616742,3.87998
2026-03-28,05:35:02,2026-03-28T05:35:02+01:00,STATION,"Beaux-Arts",6,10,16,0.375,43.616698,3.884981
2026-03-28,05:35:02,2026-03-28T05:35:02+01:00,STATION,"Les Aubes",3,5,8,0.375,43.618692,3.893844
2026-03-28,05:35:02,2026-03-28T05:35:02+01:00,STATION,"Antigone centre",7,5,12,0.5833333333333334,43.607942,3.890634
2026-03-28,05:35:02,2026-03-28T05:35:02+01:00,STATION,"Médiathèque Emile Zola",5,11,16,0.3125,43.608218,3.89314
2026-03-28,05:35:02,2026-03-28T05:35:02+01:00,STATION,"Nombre d Or",3,13,16,0.1875,43.607859,3.886644
2026-03-28,05:35:02,2026-03-28T05:35:02+01:00,STATION,"Louis Blanc",9,7,16,0.5625,43.614642,3.877648
2026-03-28,05:35:02,2026-03-28T05:35:02+01:00,STATION,"Gambetta",3,5,8,0.375,43.607106,3.870693
2026-03-28,05:35:02,2026-03-28T05:35:02+01:00,STATION,"Port Marianne",12,4,16,0.75,43.60032,3.89851
2026-03-28,05:35:02,2026-03-28T05:35:02+01:00,STATION,"Les Arceaux",8,0,8,1.0,43.612659,3.867734
2026-03-28,05:35:02,2026-03-28T05:35:02+01:00,STATION,"Cité Mion",1,5,8,0.375,43.601143,3.884373
2026-03-28,05:35:02,2026-03-28T05:35:02+01:00,STATION,"Nouveau Saint-Roch",7,1,8,0.875,43.599817,3.875757
2026-03-28,05:35:02,2026-03-28T05:35:02+01:00,STATION,"Renouvier",3,4,8,0.5,43.603553,3.867884
2026-03-28,05:35:02,2026-03-28T05:35:02+01:00,STATION,"Odysseum",0,8,8,0.0,43.603727,3.918979
2026-03-28,05:35:02,2026-03-28T05:35:02+01:00,STATION,"Saint-Denis",0,8,8,0.0,43.605021,3.875065
2026-03-28,05:35:02,2026-03-28T05:35:02+01:00,STATION,"Richter",9,7,16,0.5625,43.603424,3.899263
2026-03-28,05:35:02,2026-03-28T05:35:02+01:00,STATION,"Charles Flahault",1,7,8,0.125,43.622038,3.86672
2026-03-28,05:35:02,2026-03-28T05:35:02+01:00,STATION,"Voltaire",4,4,8,0.5,43.603767,3.888659
2026-03-28,05:35:02,2026-03-28T05:35:02+01:00,STATION,"Prés d Arènes",6,2,8,0.75,43.59048,3.884611
2026-03-28,05:35:02,2026-03-28T05:35:02+01:00,STATION,"Garcia Lorca",9,0,8,1.0,43.590757,3.890616
2026-03-28,05:35:02,2026-03-28T05:35:02+01:00,STATION,"Vert Bois",5,11,16,0.3125,43.63543,3.871179
2026-03-28,05:35:02,2026-03-28T05:35:02+01:00,STATION,"Malbosc",2,6,8,0.25,43.633679,3.832861
2026-03-28,05:35:02,2026-03-28T05:35:02+01:00,STATION,"Occitanie",11,21,32,0.34375,43.635689,3.849597
2026-03-28,05:35:02,2026-03-28T05:35:02+01:00,STATION,"Fac des Sciences",9,15,24,0.375,43.631318,3.861299
2026-03-28,05:35:02,2026-03-28T05:35:02+01:00,STATION,"Fac de Lettres",5,7,12,0.4166666666666667,43.630437,3.869539
2026-03-28,05:35:02,2026-03-28T05:35:02+01:00,STATION,"Aiguelongue",7,0,8,1.0,43.626163,3.882492
2026-03-28,05:35:02,2026-03-28T05:35:02+01:00,STATION,"Jeu de Mail des Abbés",5,3,8,0.625,43.619701,3.883831
2026-03-28,05:35:02,2026-03-28T05:35:02+01:00,STATION,"Euromédecine",1,7,8,0.125,43.639119,3.828199
2026-03-28,05:35:02,2026-03-28T05:35:02+01:00,STATION,"Marie Caizergues",8,0,8,1.0,43.619871,3.873812
2026-03-28,05:35:02,2026-03-28T05:35:02+01:00,STATION,"Sabines",7,1,8,0.875,43.584211,3.860031
2026-03-28,05:35:02,2026-03-28T05:35:02+01:00,STATION,"Celleneuve",0,8,8,0.0,43.61467,3.832624
2026-03-28,05:35:02,2026-03-28T05:35:02+01:00,STATION,"Jardin de la Lironde",5,3,8,0.625,43.60585,3.911576
2026-03-28,05:35:02,2026-03-28T05:35:02+01:00,STATION,"Père Soulas",6,2,8,0.75,43.621983,3.855603
2026-03-28,05:35:02,2026-03-28T05:35:02+01:00,STATION,"Place Viala",4,4,8,0.5,43.616812,3.855075
2026-03-28,05:35:02,2026-03-28T05:35:02+01:00,STATION,"Hôtel du Département",2,6,8,0.25,43.621682,3.83477
2026-03-28,05:35:02,2026-03-28T05:35:02+01:00,STATION,"Tonnelles",2,6,8,0.25,43.615155,3.839466
2026-03-28,05:35:02,2026-03-28T05:35:02+01:00,STATION,"Parvis Jules Ferry - Gare Saint-Roch",4,4,8,0.5,43.603889,3.879362
2026-03-28,05:35:02,2026-03-28T05:35:02+01:00,STATION,"Pont de Lattes - Gare Saint-Roch",8,4,12,0.6666666666666666,43.606036,3.882393
2026-03-28,05:35:02,2026-03-28T05:35:02+01:00,STATION,"Deux Ponts - Gare Saint-Roch",0,8,8,0.0,43.604319,3.880916
2026-03-28,05:35:02,2026-03-28T05:35:02+01:00,STATION,"Providence - Ovalie",6,2,8,0.75,43.588239,3.853421
2026-03-28,05:35:02,2026-03-28T05:35:02+01:00,STATION,"Pérols Etang de l Or",31,37,68,0.45588235294117646,43.558351,3.963412
2026-03-28,05:35:02,2026-03-28T05:35:02+01:00,STATION,"Albert 1er - Cathédrale",5,7,12,0.4166666666666667,43.614005,3.873218
2026-03-28,05:35:02,2026-03-28T05:35:02+01:00,STATION,"Saint-Guilhem - Courreau",0,8,8,0.0,43.608996,3.872752
2026-03-28,05:35:02,2026-03-28T05:35:02+01:00,STATION,"Sud De France",1,7,8,0.125,43.59562,3.9235
2026-03-28,05:35:02,2026-03-28T05:35:02+01:00,STATION,"Comedie Baudin",0,8,8,0.0,43.608717,3.880787
2026-03-28,05:35:02,2026-03-28T05:35:02+01:00,STATION,"Jean de Beins",14,2,16,0.875,43.609857,3.883884
2026-03-28,06:59:08,2026-03-28T06:59:08+01:00,STATION,"Rue Jules Ferry - Gare Saint-Roch",3,9,12,0.25,43.605366,3.881346
2026-03-28,06:59:08,2026-03-28T06:59:08+01:00,STATION,"Comédie",7,13,20,0.35,43.608148,3.878778
2026-03-28,06:59:08,2026-03-28T06:59:08+01:00,STATION,"Hôtel de Ville",13,3,16,0.8125,43.599088,3.894866
2026-03-28,06:59:08,2026-03-28T06:59:08+01:00,STATION,"Corum",6,5,12,0.5833333333333334,43.613989,3.8816
2026-03-28,06:59:08,2026-03-28T06:59:08+01:00,STATION,"Place Albert 1er - St Charles",5,22,27,0.18518518518518517,43.616768,3.873375
2026-03-28,06:59:08,2026-03-28T06:59:08+01:00,STATION,"Foch",3,5,8,0.375,43.610989,3.873345
2026-03-28,06:59:08,2026-03-28T06:59:08+01:00,STATION,"Halles Castellane",0,12,12,0.0,43.609935,3.877208
2026-03-28,06:59:08,2026-03-28T06:59:08+01:00,STATION,"Observatoire",2,5,8,0.375,43.606301,3.87724
2026-03-28,06:59:08,2026-03-28T06:59:08+01:00,STATION,"Rondelet",4,12,16,0.25,43.603038,3.875796
2026-03-28,06:59:08,2026-03-28T06:59:08+01:00,STATION,"Plan Cabanes",3,9,12,0.25,43.608491,3.868389
2026-03-28,06:59:08,2026-03-28T06:59:08+01:00,STATION,"Boutonnet",12,0,12,1.0,43.622629,3.868375
2026-03-28,06:59:08,2026-03-28T06:59:08+01:00,STATION,"Emile Combes",7,1,8,0.875,43.616742,3.87998
2026-03-28,06:59:08,2026-03-28T06:59:08+01:00,STATION,"Beaux-Arts",6,10,16,0.375,43.616698,3.884981
2026-03-28,06:59:08,2026-03-28T06:59:08+01:00,STATION,"Les Aubes",3,5,8,0.375,43.618692,3.893844
2026-03-28,06:59:08,2026-03-28T06:59:08+01:00,STATION,"Antigone centre",5,7,12,0.4166666666666667,43.607942,3.890634
2026-03-28,06:59:08,2026-03-28T06:59:08+01:00,STATION,"Médiathèque Emile Zola",5,11,16,0.3125,43.608218,3.89314
2026-03-28,06:59:08,2026-03-28T06:59:08+01:00,STATION,"Nombre d Or",4,12,16,0.25,43.607859,3.886644
2026-03-28,06:59:08,2026-03-28T06:59:08+01:00,STATION,"Louis Blanc",9,7,16,0.5625,43.614642,3.877648
2026-03-28,06:59:08,2026-03-28T06:59:08+01:00,STATION,"Gambetta",3,5,8,0.375,43.607106,3.870693
2026-03-28,06:59:08,2026-03-28T06:59:08+01:00,STATION,"Port Marianne",12,4,16,0.75,43.60032,3.89851
2026-03-28,06:59:08,2026-03-28T06:59:08+01:00,STATION,"Les Arceaux",8,0,8,1.0,43.612659,3.867734
2026-03-28,06:59:08,2026-03-28T06:59:08+01:00,STATION,"Cité Mion",1,5,8,0.375,43.601143,3.884373
2026-03-28,06:59:08,2026-03-28T06:59:08+01:00,STATION,"Nouveau Saint-Roch",8,0,8,1.0,43.599817,3.875757
2026-03-28,06:59:08,2026-03-28T06:59:08+01:00,STATION,"Renouvier",3,4,8,0.5,43.603553,3.867884
2026-03-28,06:59:08,2026-03-28T06:59:08+01:00,STATION,"Odysseum",0,8,8,0.0,43.603727,3.918979
2026-03-28,06:59:08,2026-03-28T06:59:08+01:00,STATION,"Saint-Denis",0,8,8,0.0,43.605021,3.875065
2026-03-28,06:59:08,2026-03-28T06:59:08+01:00,STATION,"Richter",9,7,16,0.5625,43.603424,3.899263
2026-03-28,06:59:08,2026-03-28T06:59:08+01:00,STATION,"Charles Flahault",1,7,8,0.125,43.622038,3.86672
2026-03-28,06:59:08,2026-03-28T06:59:08+01:00,STATION,"Voltaire",4,4,8,0.5,43.603767,3.888659
2026-03-28,06:59:08,2026-03-28T06:59:08+01:00,STATION,"Prés d Arènes",4,4,8,0.5,43.59048,3.884611
2026-03-28,06:59:08,2026-03-28T06:59:08+01:00,STATION,"Garcia Lorca",9,0,8,1.0,43.590757,3.890616
2026-03-28,06:59:08,2026-03-28T06:59:08+01:00,STATION,"Vert Bois",5,11,16,0.3125,43.63543,3.871179
2026-03-28,06:59:08,2026-03-28T06:59:08+01:00,STATION,"Malbosc",2,6,8,0.25,43.633679,3.832861
2026-03-28,06:59:08,2026-03-28T06:59:08+01:00,STATION,"Occitanie",12,20,32,0.375,43.635689,3.849597
2026-03-28,06:59:08,2026-03-28T06:59:08+01:00,STATION,"Fac des Sciences",9,15,24,0.375,43.631318,3.861299
2026-03-28,06:59:08,2026-03-28T06:59:08+01:00,STATION,"Fac de Lettres",5,7,12,0.4166666666666667,43.630437,3.869539
2026-03-28,06:59:08,2026-03-28T06:59:08+01:00,STATION,"Aiguelongue",7,0,8,1.0,43.626163,3.882492
2026-03-28,06:59:08,2026-03-28T06:59:08+01:00,STATION,"Jeu de Mail des Abbés",5,3,8,0.625,43.619701,3.883831
2026-03-28,06:59:08,2026-03-28T06:59:08+01:00,STATION,"Euromédecine",1,7,8,0.125,43.639119,3.828199
2026-03-28,06:59:08,2026-03-28T06:59:08+01:00,STATION,"Marie Caizergues",8,0,8,1.0,43.619871,3.873812
2026-03-28,06:59:08,2026-03-28T06:59:08+01:00,STATION,"Sabines",7,1,8,0.875,43.584211,3.860031
2026-03-28,06:59:08,2026-03-28T06:59:08+01:00,STATION,"Celleneuve",0,8,8,0.0,43.61467,3.832624
2026-03-28,06:59:08,2026-03-28T06:59:08+01:00,STATION,"Jardin de la Lironde",5,3,8,0.625,43.60585,3.911576
2026-03-28,06:59:08,2026-03-28T06:59:08+01:00,STATION,"Père Soulas",6,2,8,0.75,43.621983,3.855603
2026-03-28,06:59:08,2026-03-28T06:59:08+01:00,STATION,"Place Viala",4,4,8,0.5,43.616812,3.855075
2026-03-28,06:59:08,2026-03-28T06:59:08+01:00,STATION,"Hôtel du Département",2,6,8,0.25,43.621682,3.83477
2026-03-28,06:59:08,2026-03-28T06:59:08+01:00,STATION,"Tonnelles",2,6,8,0.25,43.615155,3.839466
2026-03-28,06:59:08,2026-03-28T06:59:08+01:00,STATION,"Parvis Jules Ferry - Gare Saint-Roch",4,4,8,0.5,43.603889,3.879362
2026-03-28,06:59:08,2026-03-28T06:59:08+01:00,STATION,"Pont de Lattes - Gare Saint-Roch",8,4,12,0.6666666666666666,43.606036,3.882393
2026-03-28,06:59:08,2026-03-28T06:59:08+01:00,STATION,"Deux Ponts - Gare Saint-Roch",0,8,8,0.0,43.604319,3.880916
2026-03-28,06:59:08,2026-03-28T06:59:08+01:00,STATION,"Providence - Ovalie",6,2,8,0.75,43.588239,3.853421
2026-03-28,06:59:08,2026-03-28T06:59:08+01:00,STATION,"Pérols Etang de l Or",31,37,68,0.45588235294117646,43.558351,3.963412
2026-03-28,06:59:08,2026-03-28T06:59:08+01:00,STATION,"Albert 1er - Cathédrale",5,7,12,0.4166666666666667,43.614005,3.873218
2026-03-28,06:59:08,2026-03-28T06:59:08+01:00,STATION,"Saint-Guilhem - Courreau",0,8,8,0.0,43.608996,3.872752
2026-03-28,06:59:08,2026-03-28T06:59:08+01:00,STATION,"Sud De France",1,7,8,0.125,43.59562,3.9235
2026-03-28,06:59:08,2026-03-28T06:59:08+01:00,STATION,"Comedie Baudin",0,8,8,0.0,43.608717,3.880787
2026-03-28,06:59:08,2026-03-28T06:59:08+01:00,STATION,"Jean de Beins",14,2,16,0.875,43.609857,3.883884
2026-03-28,08:05:57,2026-03-28T08:05:57+01:00,STATION,"Rue Jules Ferry - Gare Saint-Roch",3,9,12,0.25,43.605366,3.881346
2026-03-28,08:05:57,2026-03-28T08:05:57+01:00,STATION,"Comédie",7,13,20,0.35,43.608148,3.878778
2026-03-28,08:05:57,2026-03-28T08:05:57+01:00,STATION,"Hôtel de Ville",13,3,16,0.8125,43.599088,3.894866
2026-03-28,08:05:57,2026-03-28T08:05:57+01:00,STATION,"Corum",6,5,12,0.5833333333333334,43.613989,3.8816
2026-03-28,08:05:57,2026-03-28T08:05:57+01:00,STATION,"Place Albert 1er - St Charles",5,22,27,0.18518518518518517,43.616768,3.873375
2026-03-28,08:05:57,2026-03-28T08:05:57+01:00,STATION,"Foch",3,5,8,0.375,43.610989,3.873345
2026-03-28,08:05:57,2026-03-28T08:05:57+01:00,STATION,"Halles Castellane",0,12,12,0.0,43.609935,3.877208
2026-03-28,08:05:57,2026-03-28T08:05:57+01:00,STATION,"Observatoire",2,5,8,0.375,43.606301,3.87724
2026-03-28,08:05:57,2026-03-28T08:05:57+01:00,STATION,"Rondelet",4,12,16,0.25,43.603038,3.875796
2026-03-28,08:05:57,2026-03-28T08:05:57+01:00,STATION,"Plan Cabanes",3,9,12,0.25,43.608491,3.868389
2026-03-28,08:05:57,2026-03-28T08:05:57+01:00,STATION,"Boutonnet",12,0,12,1.0,43.622629,3.868375
2026-03-28,08:05:57,2026-03-28T08:05:57+01:00,STATION,"Emile Combes",7,1,8,0.875,43.616742,3.87998
2026-03-28,08:05:57,2026-03-28T08:05:57+01:00,STATION,"Beaux-Arts",6,10,16,0.375,43.616698,3.884981
2026-03-28,08:05:57,2026-03-28T08:05:57+01:00,STATION,"Les Aubes",3,5,8,0.375,43.618692,3.893844
2026-03-28,08:05:57,2026-03-28T08:05:57+01:00,STATION,"Antigone centre",4,8,12,0.3333333333333333,43.607942,3.890634
2026-03-28,08:05:57,2026-03-28T08:05:57+01:00,STATION,"Médiathèque Emile Zola",5,11,16,0.3125,43.608218,3.89314
2026-03-28,08:05:57,2026-03-28T08:05:57+01:00,STATION,"Nombre d Or",4,12,16,0.25,43.607859,3.886644
2026-03-28,08:05:57,2026-03-28T08:05:57+01:00,STATION,"Louis Blanc",9,7,16,0.5625,43.614642,3.877648
2026-03-28,08:05:57,2026-03-28T08:05:57+01:00,STATION,"Gambetta",3,5,8,0.375,43.607106,3.870693
2026-03-28,08:05:57,2026-03-28T08:05:57+01:00,STATION,"Port Marianne",12,4,16,0.75,43.60032,3.89851
2026-03-28,08:05:57,2026-03-28T08:05:57+01:00,STATION,"Les Arceaux",8,0,8,1.0,43.612659,3.867734
2026-03-28,08:05:57,2026-03-28T08:05:57+01:00,STATION,"Cité Mion",1,5,8,0.375,43.601143,3.884373
2026-03-28,08:05:57,2026-03-28T08:05:57+01:00,STATION,"Nouveau Saint-Roch",8,0,8,1.0,43.599817,3.875757
2026-03-28,08:05:57,2026-03-28T08:05:57+01:00,STATION,"Renouvier",3,4,8,0.5,43.603553,3.867884
2026-03-28,08:05:57,2026-03-28T08:05:57+01:00,STATION,"Odysseum",0,8,8,0.0,43.603727,3.918979
2026-03-28,08:05:57,2026-03-28T08:05:57+01:00,STATION,"Saint-Denis",0,8,8,0.0,43.605021,3.875065
2026-03-28,08:05:57,2026-03-28T08:05:57+01:00,STATION,"Richter",9,7,16,0.5625,43.603424,3.899263
2026-03-28,08:05:57,2026-03-28T08:05:57+01:00,STATION,"Charles Flahault",1,7,8,0.125,43.622038,3.86672
2026-03-28,08:05:57,2026-03-28T08:05:57+01:00,STATION,"Voltaire",4,4,8,0.5,43.603767,3.888659
2026-03-28,08:05:57,2026-03-28T08:05:57+01:00,STATION,"Prés d Arènes",4,4,8,0.5,43.59048,3.884611
2026-03-28,08:05:57,2026-03-28T08:05:57+01:00,STATION,"Garcia Lorca",9,0,8,1.0,43.590757,3.890616
2026-03-28,08:05:57,2026-03-28T08:05:57+01:00,STATION,"Vert Bois",5,11,16,0.3125,43.63543,3.871179
2026-03-28,08:05:57,2026-03-28T08:05:57+01:00,STATION,"Malbosc",2,6,8,0.25,43.633679,3.832861
2026-03-28,08:05:57,2026-03-28T08:05:57+01:00,STATION,"Occitanie",11,21,32,0.34375,43.635689,3.849597
2026-03-28,08:05:57,2026-03-28T08:05:57+01:00,STATION,"Fac des Sciences",9,15,24,0.375,43.631318,3.861299
2026-03-28,08:05:57,2026-03-28T08:05:57+01:00,STATION,"Fac de Lettres",5,7,12,0.4166666666666667,43.630437,3.869539
2026-03-28,08:05:57,2026-03-28T08:05:57+01:00,STATION,"Aiguelongue",7,0,8,1.0,43.626163,3.882492
2026-03-28,08:05:57,2026-03-28T08:05:57+01:00,STATION,"Jeu de Mail des Abbés",5,3,8,0.625,43.619701,3.883831
2026-03-28,08:05:57,2026-03-28T08:05:57+01:00,STATION,"Euromédecine",1,7,8,0.125,43.639119,3.828199
2026-03-28,08:05:57,2026-03-28T08:05:57+01:00,STATION,"Marie Caizergues",8,0,8,1.0,43.619871,3.873812
2026-03-28,08:05:57,2026-03-28T08:05:57+01:00,STATION,"Sabines",4,4,8,0.5,43.584211,3.860031
2026-03-28,08:05:57,2026-03-28T08:05:57+01:00,STATION,"Celleneuve",0,8,8,0.0,43.61467,3.832624
2026-03-28,08:05:57,2026-03-28T08:05:57+01:00,STATION,"Jardin de la Lironde",5,3,8,0.625,43.60585,3.911576
2026-03-28,08:05:57,2026-03-28T08:05:57+01:00,STATION,"Père Soulas",6,2,8,0.75,43.621983,3.855603
2026-03-28,08:05:57,2026-03-28T08:05:57+01:00,STATION,"Place Viala",4,4,8,0.5,43.616812,3.855075
2026-03-28,08:05:57,2026-03-28T08:05:57+01:00,STATION,"Hôtel du Département",2,6,8,0.25,43.621682,3.83477
2026-03-28,08:05:57,2026-03-28T08:05:57+01:00,STATION,"Tonnelles",2,6,8,0.25,43.615155,3.839466
2026-03-28,08:05:57,2026-03-28T08:05:57+01:00,STATION,"Parvis Jules Ferry - Gare Saint-Roch",4,4,8,0.5,43.603889,3.879362
2026-03-28,08:05:57,2026-03-28T08:05:57+01:00,STATION,"Pont de Lattes - Gare Saint-Roch",8,4,12,0.6666666666666666,43.606036,3.882393
2026-03-28,08:05:57,2026-03-28T08:05:57+01:00,STATION,"Deux Ponts - Gare Saint-Roch",0,8,8,0.0,43.604319,3.880916
2026-03-28,08:05:57,2026-03-28T08:05:57+01:00,STATION,"Providence - Ovalie",4,4,8,0.5,43.588239,3.853421
2026-03-28,08:05:57,2026-03-28T08:05:57+01:00,STATION,"Pérols Etang de l Or",31,37,68,0.45588235294117646,43.558351,3.963412
2026-03-28,08:05:57,2026-03-28T08:05:57+01:00,STATION,"Albert 1er - Cathédrale",5,7,12,0.4166666666666667,43.614005,3.873218
2026-03-28,08:05:57,2026-03-28T08:05:57+01:00,STATION,"Saint-Guilhem - Courreau",0,8,8,0.0,43.608996,3.872752
2026-03-28,08:05:57,2026-03-28T08:05:57+01:00,STATION,"Sud De France",1,7,8,0.125,43.59562,3.9235
2026-03-28,08:05:57,2026-03-28T08:05:57+01:00,STATION,"Comedie Baudin",0,8,8,0.0,43.608717,3.880787
2026-03-28,08:05:57,2026-03-28T08:05:57+01:00,STATION,"Jean de Beins",14,2,16,0.875,43.609857,3.883884
2026-03-28,09:02:32,2026-03-28T09:02:32+01:00,STATION,"Rue Jules Ferry - Gare Saint-Roch",3,9,12,0.25,43.605366,3.881346
2026-03-28,09:02:32,2026-03-28T09:02:32+01:00,STATION,"Comédie",7,13,20,0.35,43.608148,3.878778
2026-03-28,09:02:32,2026-03-28T09:02:32+01:00,STATION,"Hôtel de Ville",13,3,16,0.8125,43.599088,3.894866
2026-03-28,09:02:32,2026-03-28T09:02:32+01:00,STATION,"Corum",6,5,12,0.5833333333333334,43.613989,3.8816
2026-03-28,09:02:32,2026-03-28T09:02:32+01:00,STATION,"Place Albert 1er - St Charles",4,23,27,0.14814814814814814,43.616768,3.873375
2026-03-28,09:02:32,2026-03-28T09:02:32+01:00,STATION,"Foch",5,3,8,0.625,43.610989,3.873345
2026-03-28,09:02:32,2026-03-28T09:02:32+01:00,STATION,"Halles Castellane",0,12,12,0.0,43.609935,3.877208
2026-03-28,09:02:32,2026-03-28T09:02:32+01:00,STATION,"Observatoire",2,5,8,0.375,43.606301,3.87724
2026-03-28,09:02:32,2026-03-28T09:02:32+01:00,STATION,"Rondelet",4,12,16,0.25,43.603038,3.875796
2026-03-28,09:02:32,2026-03-28T09:02:32+01:00,STATION,"Plan Cabanes",3,9,12,0.25,43.608491,3.868389
2026-03-28,09:02:32,2026-03-28T09:02:32+01:00,STATION,"Boutonnet",6,6,12,0.5,43.622629,3.868375
2026-03-28,09:02:32,2026-03-28T09:02:32+01:00,STATION,"Emile Combes",7,1,8,0.875,43.616742,3.87998
2026-03-28,09:02:32,2026-03-28T09:02:32+01:00,STATION,"Beaux-Arts",6,10,16,0.375,43.616698,3.884981
2026-03-28,09:02:32,2026-03-28T09:02:32+01:00,STATION,"Les Aubes",3,5,8,0.375,43.618692,3.893844
2026-03-28,09:02:32,2026-03-28T09:02:32+01:00,STATION,"Antigone centre",5,7,12,0.4166666666666667,43.607942,3.890634
2026-03-28,09:02:32,2026-03-28T09:02:32+01:00,STATION,"Médiathèque Emile Zola",5,11,16,0.3125,43.608218,3.89314
2026-03-28,09:02:32,2026-03-28T09:02:32+01:00,STATION,"Nombre d Or",4,12,16,0.25,43.607859,3.886644
2026-03-28,09:02:32,2026-03-28T09:02:32+01:00,STATION,"Louis Blanc",9,7,16,0.5625,43.614642,3.877648
2026-03-28,09:02:32,2026-03-28T09:02:32+01:00,STATION,"Gambetta",3,5,8,0.375,43.607106,3.870693
2026-03-28,09:02:32,2026-03-28T09:02:32+01:00,STATION,"Port Marianne",12,4,16,0.75,43.60032,3.89851
2026-03-28,09:02:32,2026-03-28T09:02:32+01:00,STATION,"Les Arceaux",7,1,8,0.875,43.612659,3.867734
2026-03-28,09:02:32,2026-03-28T09:02:32+01:00,STATION,"Cité Mion",1,5,8,0.375,43.601143,3.884373
2026-03-28,09:02:32,2026-03-28T09:02:32+01:00,STATION,"Nouveau Saint-Roch",8,0,8,1.0,43.599817,3.875757
2026-03-28,09:02:32,2026-03-28T09:02:32+01:00,STATION,"Renouvier",3,4,8,0.5,43.603553,3.867884
2026-03-28,09:02:32,2026-03-28T09:02:32+01:00,STATION,"Odysseum",0,8,8,0.0,43.603727,3.918979
2026-03-28,09:02:32,2026-03-28T09:02:32+01:00,STATION,"Saint-Denis",0,8,8,0.0,43.605021,3.875065
2026-03-28,09:02:32,2026-03-28T09:02:32+01:00,STATION,"Richter",9,7,16,0.5625,43.603424,3.899263
2026-03-28,09:02:32,2026-03-28T09:02:32+01:00,STATION,"Charles Flahault",1,7,8,0.125,43.622038,3.86672
2026-03-28,09:02:32,2026-03-28T09:02:32+01:00,STATION,"Voltaire",4,4,8,0.5,43.603767,3.888659
2026-03-28,09:02:32,2026-03-28T09:02:32+01:00,STATION,"Prés d Arènes",4,4,8,0.5,43.59048,3.884611
2026-03-28,09:02:32,2026-03-28T09:02:32+01:00,STATION,"Garcia Lorca",9,0,8,1.0,43.590757,3.890616
2026-03-28,09:02:32,2026-03-28T09:02:32+01:00,STATION,"Vert Bois",5,11,16,0.3125,43.63543,3.871179
2026-03-28,09:02:32,2026-03-28T09:02:32+01:00,STATION,"Malbosc",2,6,8,0.25,43.633679,3.832861
2026-03-28,09:02:32,2026-03-28T09:02:32+01:00,STATION,"Occitanie",11,21,32,0.34375,43.635689,3.849597
2026-03-28,09:02:32,2026-03-28T09:02:32+01:00,STATION,"Fac des Sciences",9,15,24,0.375,43.631318,3.861299
2026-03-28,09:02:32,2026-03-28T09:02:32+01:00,STATION,"Fac de Lettres",5,7,12,0.4166666666666667,43.630437,3.869539
2026-03-28,09:02:32,2026-03-28T09:02:32+01:00,STATION,"Aiguelongue",7,0,8,1.0,43.626163,3.882492
2026-03-28,09:02:32,2026-03-28T09:02:32+01:00,STATION,"Jeu de Mail des Abbés",5,3,8,0.625,43.619701,3.883831
2026-03-28,09:02:32,2026-03-28T09:02:32+01:00,STATION,"Euromédecine",1,7,8,0.125,43.639119,3.828199
2026-03-28,09:02:32,2026-03-28T09:02:32+01:00,STATION,"Marie Caizergues",8,0,8,1.0,43.619871,3.873812
2026-03-28,09:02:32,2026-03-28T09:02:32+01:00,STATION,"Sabines",4,4,8,0.5,43.584211,3.860031
2026-03-28,09:02:32,2026-03-28T09:02:32+01:00,STATION,"Celleneuve",5,3,8,0.625,43.61467,3.832624
2026-03-28,09:02:32,2026-03-28T09:02:32+01:00,STATION,"Jardin de la Lironde",5,3,8,0.625,43.60585,3.911576
2026-03-28,09:02:32,2026-03-28T09:02:32+01:00,STATION,"Père Soulas",6,2,8,0.75,43.621983,3.855603
2026-03-28,09:02:32,2026-03-28T09:02:32+01:00,STATION,"Place Viala",4,4,8,0.5,43.616812,3.855075
2026-03-28,09:02:32,2026-03-28T09:02:32+01:00,STATION,"Hôtel du Département",5,3,8,0.625,43.621682,3.83477
2026-03-28,09:02:32,2026-03-28T09:02:32+01:00,STATION,"Tonnelles",5,3,8,0.625,43.615155,3.839466
2026-03-28,09:02:32,2026-03-28T09:02:32+01:00,STATION,"Parvis Jules Ferry - Gare Saint-Roch",4,4,8,0.5,43.603889,3.879362
2026-03-28,09:02:32,2026-03-28T09:02:32+01:00,STATION,"Pont de Lattes - Gare Saint-Roch",8,4,12,0.6666666666666666,43.606036,3.882393
2026-03-28,09:02:32,2026-03-28T09:02:32+01:00,STATION,"Deux Ponts - Gare Saint-Roch",0,8,8,0.0,43.604319,3.880916
2026-03-28,09:02:32,2026-03-28T09:02:32+01:00,STATION,"Providence - Ovalie",4,4,8,0.5,43.588239,3.853421
2026-03-28,09:02:32,2026-03-28T09:02:32+01:00,STATION,"Pérols Etang de l Or",31,37,68,0.45588235294117646,43.558351,3.963412
2026-03-28,09:02:32,2026-03-28T09:02:32+01:00,STATION,"Albert 1er - Cathédrale",5,7,12,0.4166666666666667,43.614005,3.873218
2026-03-28,09:02:32,2026-03-28T09:02:32+01:00,STATION,"Saint-Guilhem - Courreau",0,8,8,0.0,43.608996,3.872752
2026-03-28,09:02:32,2026-03-28T09:02:32+01:00,STATION,"Sud De France",1,7,8,0.125,43.59562,3.9235
2026-03-28,09:02:32,2026-03-28T09:02:32+01:00,STATION,"Comedie Baudin",0,8,8,0.0,43.608717,3.880787
2026-03-28,09:02:32,2026-03-28T09:02:32+01:00,STATION,"Jean de Beins",14,2,16,0.875,43.609857,3.883884
2026-03-28,09:56:20,2026-03-28T09:56:20+01:00,STATION,"Rue Jules Ferry - Gare Saint-Roch",3,9,12,0.25,43.605366,3.881346
2026-03-28,09:56:20,2026-03-28T09:56:20+01:00,STATION,"Comédie",7,13,20,0.35,43.608148,3.878778
2026-03-28,09:56:20,2026-03-28T09:56:20+01:00,STATION,"Hôtel de Ville",13,3,16,0.8125,43.599088,3.894866
2026-03-28,09:56:20,2026-03-28T09:56:20+01:00,STATION,"Corum",7,4,12,0.6666666666666666,43.613989,3.8816
2026-03-28,09:56:20,2026-03-28T09:56:20+01:00,STATION,"Place Albert 1er - St Charles",4,23,27,0.14814814814814814,43.616768,3.873375
2026-03-28,09:56:20,2026-03-28T09:56:20+01:00,STATION,"Foch",5,3,8,0.625,43.610989,3.873345
2026-03-28,09:56:20,2026-03-28T09:56:20+01:00,STATION,"Halles Castellane",0,12,12,0.0,43.609935,3.877208
2026-03-28,09:56:20,2026-03-28T09:56:20+01:00,STATION,"Observatoire",2,5,8,0.375,43.606301,3.87724
2026-03-28,09:56:20,2026-03-28T09:56:20+01:00,STATION,"Rondelet",3,13,16,0.1875,43.603038,3.875796
2026-03-28,09:56:20,2026-03-28T09:56:20+01:00,STATION,"Plan Cabanes",3,9,12,0.25,43.608491,3.868389
2026-03-28,09:56:20,2026-03-28T09:56:20+01:00,STATION,"Boutonnet",6,6,12,0.5,43.622629,3.868375
2026-03-28,09:56:20,2026-03-28T09:56:20+01:00,STATION,"Emile Combes",7,1,8,0.875,43.616742,3.87998
2026-03-28,09:56:20,2026-03-28T09:56:20+01:00,STATION,"Beaux-Arts",6,10,16,0.375,43.616698,3.884981
2026-03-28,09:56:20,2026-03-28T09:56:20+01:00,STATION,"Les Aubes",3,5,8,0.375,43.618692,3.893844
2026-03-28,09:56:20,2026-03-28T09:56:20+01:00,STATION,"Antigone centre",5,7,12,0.4166666666666667,43.607942,3.890634
2026-03-28,09:56:20,2026-03-28T09:56:20+01:00,STATION,"Médiathèque Emile Zola",6,10,16,0.375,43.608218,3.89314
2026-03-28,09:56:20,2026-03-28T09:56:20+01:00,STATION,"Nombre d Or",4,12,16,0.25,43.607859,3.886644
2026-03-28,09:56:20,2026-03-28T09:56:20+01:00,STATION,"Louis Blanc",9,7,16,0.5625,43.614642,3.877648
2026-03-28,09:56:20,2026-03-28T09:56:20+01:00,STATION,"Gambetta",3,5,8,0.375,43.607106,3.870693
2026-03-28,09:56:20,2026-03-28T09:56:20+01:00,STATION,"Port Marianne",12,4,16,0.75,43.60032,3.89851
2026-03-28,09:56:20,2026-03-28T09:56:20+01:00,STATION,"Les Arceaux",7,1,8,0.875,43.612659,3.867734
2026-03-28,09:56:20,2026-03-28T09:56:20+01:00,STATION,"Cité Mion",1,5,8,0.375,43.601143,3.884373
2026-03-28,09:56:20,2026-03-28T09:56:20+01:00,STATION,"Nouveau Saint-Roch",8,0,8,1.0,43.599817,3.875757
2026-03-28,09:56:20,2026-03-28T09:56:20+01:00,STATION,"Renouvier",3,4,8,0.5,43.603553,3.867884
2026-03-28,09:56:20,2026-03-28T09:56:20+01:00,STATION,"Odysseum",0,8,8,0.0,43.603727,3.918979
2026-03-28,09:56:20,2026-03-28T09:56:20+01:00,STATION,"Saint-Denis",0,8,8,0.0,43.605021,3.875065
2026-03-28,09:56:20,2026-03-28T09:56:20+01:00,STATION,"Richter",9,7,16,0.5625,43.603424,3.899263
2026-03-28,09:56:20,2026-03-28T09:56:20+01:00,STATION,"Charles Flahault",1,7,8,0.125,43.622038,3.86672
2026-03-28,09:56:20,2026-03-28T09:56:20+01:00,STATION,"Voltaire",4,4,8,0.5,43.603767,3.888659
2026-03-28,09:56:20,2026-03-28T09:56:20+01:00,STATION,"Prés d Arènes",4,4,8,0.5,43.59048,3.884611
2026-03-28,09:56:20,2026-03-28T09:56:20+01:00,STATION,"Garcia Lorca",9,0,8,1.0,43.590757,3.890616
2026-03-28,09:56:20,2026-03-28T09:56:20+01:00,STATION,"Vert Bois",4,12,16,0.25,43.63543,3.871179
2026-03-28,09:56:20,2026-03-28T09:56:20+01:00,STATION,"Malbosc",2,6,8,0.25,43.633679,3.832861
2026-03-28,09:56:20,2026-03-28T09:56:20+01:00,STATION,"Occitanie",11,21,32,0.34375,43.635689,3.849597
2026-03-28,09:56:20,2026-03-28T09:56:20+01:00,STATION,"Fac des Sciences",9,15,24,0.375,43.631318,3.861299
2026-03-28,09:56:20,2026-03-28T09:56:20+01:00,STATION,"Fac de Lettres",5,7,12,0.4166666666666667,43.630437,3.869539
2026-03-28,09:56:20,2026-03-28T09:56:20+01:00,STATION,"Aiguelongue",7,0,8,1.0,43.626163,3.882492
2026-03-28,09:56:20,2026-03-28T09:56:20+01:00,STATION,"Jeu de Mail des Abbés",5,3,8,0.625,43.619701,3.883831
2026-03-28,09:56:20,2026-03-28T09:56:20+01:00,STATION,"Euromédecine",1,7,8,0.125,43.639119,3.828199
2026-03-28,09:56:20,2026-03-28T09:56:20+01:00,STATION,"Marie Caizergues",8,0,8,1.0,43.619871,3.873812
2026-03-28,09:56:20,2026-03-28T09:56:20+01:00,STATION,"Sabines",4,4,8,0.5,43.584211,3.860031
2026-03-28,09:56:20,2026-03-28T09:56:20+01:00,STATION,"Celleneuve",5,3,8,0.625,43.61467,3.832624
2026-03-28,09:56:20,2026-03-28T09:56:20+01:00,STATION,"Jardin de la Lironde",5,3,8,0.625,43.60585,3.911576
2026-03-28,09:56:20,2026-03-28T09:56:20+01:00,STATION,"Père Soulas",6,2,8,0.75,43.621983,3.855603
2026-03-28,09:56:20,2026-03-28T09:56:20+01:00,STATION,"Place Viala",4,4,8,0.5,43.616812,3.855075
2026-03-28,09:56:20,2026-03-28T09:56:20+01:00,STATION,"Hôtel du Département",4,4,8,0.5,43.621682,3.83477
2026-03-28,09:56:20,2026-03-28T09:56:20+01:00,STATION,"Tonnelles",5,3,8,0.625,43.615155,3.839466
2026-03-28,09:56:20,2026-03-28T09:56:20+01:00,STATION,"Parvis Jules Ferry - Gare Saint-Roch",4,4,8,0.5,43.603889,3.879362
2026-03-28,09:56:20,2026-03-28T09:56:20+01:00,STATION,"Pont de Lattes - Gare Saint-Roch",9,3,12,0.75,43.606036,3.882393
2026-03-28,09:56:20,2026-03-28T09:56:20+01:00,STATION,"Deux Ponts - Gare Saint-Roch",0,8,8,0.0,43.604319,3.880916
2026-03-28,09:56:20,2026-03-28T09:56:20+01:00,STATION,"Providence - Ovalie",4,4,8,0.5,43.588239,3.853421
2026-03-28,09:56:20,2026-03-28T09:56:20+01:00,STATION,"Pérols Etang de l Or",31,37,68,0.45588235294117646,43.558351,3.963412
2026-03-28,09:56:20,2026-03-28T09:56:20+01:00,STATION,"Albert 1er - Cathédrale",5,7,12,0.4166666666666667,43.614005,3.873218
2026-03-28,09:56:20,2026-03-28T09:56:20+01:00,STATION,"Saint-Guilhem - Courreau",0,8,8,0.0,43.608996,3.872752
2026-03-28,09:56:20,2026-03-28T09:56:20+01:00,STATION,"Sud De France",1,7,8,0.125,43.59562,3.9235
2026-03-28,09:56:20,2026-03-28T09:56:20+01:00,STATION,"Comedie Baudin",0,8,8,0.0,43.608717,3.880787
2026-03-28,09:56:20,2026-03-28T09:56:20+01:00,STATION,"Jean de Beins",6,10,16,0.375,43.609857,3.883884
2026-03-28,10:39:59,2026-03-28T10:39:59+01:00,STATION,"Rue Jules Ferry - Gare Saint-Roch",2,10,12,0.16666666666666666,43.605366,3.881346
2026-03-28,10:39:59,2026-03-28T10:39:59+01:00,STATION,"Comédie",7,13,20,0.35,43.608148,3.878778
2026-03-28,10:39:59,2026-03-28T10:39:59+01:00,STATION,"Hôtel de Ville",12,4,16,0.75,43.599088,3.894866
2026-03-28,10:39:59,2026-03-28T10:39:59+01:00,STATION,"Corum",7,4,12,0.6666666666666666,43.613989,3.8816
2026-03-28,10:39:59,2026-03-28T10:39:59+01:00,STATION,"Place Albert 1er - St Charles",3,24,27,0.1111111111111111,43.616768,3.873375
2026-03-28,10:39:59,2026-03-28T10:39:59+01:00,STATION,"Foch",5,3,8,0.625,43.610989,3.873345
2026-03-28,10:39:59,2026-03-28T10:39:59+01:00,STATION,"Halles Castellane",0,12,12,0.0,43.609935,3.877208
2026-03-28,10:39:59,2026-03-28T10:39:59+01:00,STATION,"Observatoire",2,5,8,0.375,43.606301,3.87724
2026-03-28,10:39:59,2026-03-28T10:39:59+01:00,STATION,"Rondelet",3,13,16,0.1875,43.603038,3.875796
2026-03-28,10:39:59,2026-03-28T10:39:59+01:00,STATION,"Plan Cabanes",3,9,12,0.25,43.608491,3.868389
2026-03-28,10:39:59,2026-03-28T10:39:59+01:00,STATION,"Boutonnet",6,6,12,0.5,43.622629,3.868375
2026-03-28,10:39:59,2026-03-28T10:39:59+01:00,STATION,"Emile Combes",7,1,8,0.875,43.616742,3.87998
2026-03-28,10:39:59,2026-03-28T10:39:59+01:00,STATION,"Beaux-Arts",6,10,16,0.375,43.616698,3.884981
2026-03-28,10:39:59,2026-03-28T10:39:59+01:00,STATION,"Les Aubes",3,5,8,0.375,43.618692,3.893844
2026-03-28,10:39:59,2026-03-28T10:39:59+01:00,STATION,"Antigone centre",5,7,12,0.4166666666666667,43.607942,3.890634
2026-03-28,10:39:59,2026-03-28T10:39:59+01:00,STATION,"Médiathèque Emile Zola",6,10,16,0.375,43.608218,3.89314
2026-03-28,10:39:59,2026-03-28T10:39:59+01:00,STATION,"Nombre d Or",3,13,16,0.1875,43.607859,3.886644
2026-03-28,10:39:59,2026-03-28T10:39:59+01:00,STATION,"Louis Blanc",7,9,16,0.4375,43.614642,3.877648
2026-03-28,10:39:59,2026-03-28T10:39:59+01:00,STATION,"Gambetta",3,5,8,0.375,43.607106,3.870693
2026-03-28,10:39:59,2026-03-28T10:39:59+01:00,STATION,"Port Marianne",11,5,16,0.6875,43.60032,3.89851
2026-03-28,10:39:59,2026-03-28T10:39:59+01:00,STATION,"Les Arceaux",7,1,8,0.875,43.612659,3.867734
2026-03-28,10:39:59,2026-03-28T10:39:59+01:00,STATION,"Cité Mion",1,5,8,0.375,43.601143,3.884373
2026-03-28,10:39:59,2026-03-28T10:39:59+01:00,STATION,"Nouveau Saint-Roch",8,0,8,1.0,43.599817,3.875757
2026-03-28,10:39:59,2026-03-28T10:39:59+01:00,STATION,"Renouvier",3,4,8,0.5,43.603553,3.867884
2026-03-28,10:39:59,2026-03-28T10:39:59+01:00,STATION,"Odysseum",0,8,8,0.0,43.603727,3.918979
2026-03-28,10:39:59,2026-03-28T10:39:59+01:00,STATION,"Saint-Denis",0,8,8,0.0,43.605021,3.875065
2026-03-28,10:39:59,2026-03-28T10:39:59+01:00,STATION,"Richter",9,7,16,0.5625,43.603424,3.899263
2026-03-28,10:39:59,2026-03-28T10:39:59+01:00,STATION,"Charles Flahault",1,7,8,0.125,43.622038,3.86672
2026-03-28,10:39:59,2026-03-28T10:39:59+01:00,STATION,"Voltaire",2,6,8,0.25,43.603767,3.888659
2026-03-28,10:39:59,2026-03-28T10:39:59+01:00,STATION,"Prés d Arènes",4,4,8,0.5,43.59048,3.884611
2026-03-28,10:39:59,2026-03-28T10:39:59+01:00,STATION,"Garcia Lorca",9,0,8,1.0,43.590757,3.890616
2026-03-28,10:39:59,2026-03-28T10:39:59+01:00,STATION,"Vert Bois",4,12,16,0.25,43.63543,3.871179
2026-03-28,10:39:59,2026-03-28T10:39:59+01:00,STATION,"Malbosc",2,6,8,0.25,43.633679,3.832861
2026-03-28,10:39:59,2026-03-28T10:39:59+01:00,STATION,"Occitanie",11,21,32,0.34375,43.635689,3.849597
2026-03-28,10:39:59,2026-03-28T10:39:59+01:00,STATION,"Fac des Sciences",9,15,24,0.375,43.631318,3.861299
2026-03-28,10:39:59,2026-03-28T10:39:59+01:00,STATION,"Fac de Lettres",4,8,12,0.3333333333333333,43.630437,3.869539
2026-03-28,10:39:59,2026-03-28T10:39:59+01:00,STATION,"Aiguelongue",8,0,8,1.0,43.626163,3.882492
2026-03-28,10:39:59,2026-03-28T10:39:59+01:00,STATION,"Jeu de Mail des Abbés",5,3,8,0.625,43.619701,3.883831
2026-03-28,10:39:59,2026-03-28T10:39:59+01:00,STATION,"Euromédecine",1,7,8,0.125,43.639119,3.828199
2026-03-28,10:39:59,2026-03-28T10:39:59+01:00,STATION,"Marie Caizergues",8,0,8,1.0,43.619871,3.873812
2026-03-28,10:39:59,2026-03-28T10:39:59+01:00,STATION,"Sabines",4,4,8,0.5,43.584211,3.860031
2026-03-28,10:39:59,2026-03-28T10:39:59+01:00,STATION,"Celleneuve",5,3,8,0.625,43.61467,3.832624
2026-03-28,10:39:59,2026-03-28T10:39:59+01:00,STATION,"Jardin de la Lironde",5,3,8,0.625,43.60585,3.911576
2026-03-28,10:39:59,2026-03-28T10:39:59+01:00,STATION,"Père Soulas",6,2,8,0.75,43.621983,3.855603
2026-03-28,10:39:59,2026-03-28T10:39:59+01:00,STATION,"Place Viala",4,4,8,0.5,43.616812,3.855075
2026-03-28,10:39:59,2026-03-28T10:39:59+01:00,STATION,"Hôtel du Département",4,4,8,0.5,43.621682,3.83477
2026-03-28,10:39:59,2026-03-28T10:39:59+01:00,STATION,"Tonnelles",5,3,8,0.625,43.615155,3.839466
2026-03-28,10:39:59,2026-03-28T10:39:59+01:00,STATION,"Parvis Jules Ferry - Gare Saint-Roch",4,4,8,0.5,43.603889,3.879362
2026-03-28,10:39:59,2026-03-28T10:39:59+01:00,STATION,"Pont de Lattes - Gare Saint-Roch",9,3,12,0.75,43.606036,3.882393
2026-03-28,10:39:59,2026-03-28T10:39:59+01:00,STATION,"Deux Ponts - Gare Saint-Roch",0,8,8,0.0,43.604319,3.880916
2026-03-28,10:39:59,2026-03-28T10:39:59+01:00,STATION,"Providence - Ovalie",4,4,8,0.5,43.588239,3.853421
2026-03-28,10:39:59,2026-03-28T10:39:59+01:00,STATION,"Pérols Etang de l Or",29,39,68,0.4264705882352941,43.558351,3.963412
2026-03-28,10:39:59,2026-03-28T10:39:59+01:00,STATION,"Albert 1er - Cathédrale",4,8,12,0.3333333333333333,43.614005,3.873218
2026-03-28,10:39:59,2026-03-28T10:39:59+01:00,STATION,"Saint-Guilhem - Courreau",0,8,8,0.0,43.608996,3.872752
2026-03-28,10:39:59,2026-03-28T10:39:59+01:00,STATION,"Sud De France",1,7,8,0.125,43.59562,3.9235
2026-03-28,10:39:59,2026-03-28T10:39:59+01:00,STATION,"Comedie Baudin",0,8,8,0.0,43.608717,3.880787
2026-03-28,10:39:59,2026-03-28T10:39:59+01:00,STATION,"Jean de Beins",6,10,16,0.375,43.609857,3.883884
2026-03-28,11:34:24,2026-03-28T11:34:24+01:00,STATION,"Rue Jules Ferry - Gare Saint-Roch",2,10,12,0.16666666666666666,43.605366,3.881346
2026-03-28,11:34:24,2026-03-28T11:34:24+01:00,STATION,"Comédie",10,10,20,0.5,43.608148,3.878778
2026-03-28,11:34:24,2026-03-28T11:34:24+01:00,STATION,"Hôtel de Ville",11,5,16,0.6875,43.599088,3.894866
2026-03-28,11:34:24,2026-03-28T11:34:24+01:00,STATION,"Corum",6,5,12,0.5833333333333334,43.613989,3.8816
2026-03-28,11:34:24,2026-03-28T11:34:24+01:00,STATION,"Place Albert 1er - St Charles",3,24,27,0.1111111111111111,43.616768,3.873375
2026-03-28,11:34:24,2026-03-28T11:34:24+01:00,STATION,"Foch",5,3,8,0.625,43.610989,3.873345
2026-03-28,11:34:24,2026-03-28T11:34:24+01:00,STATION,"Halles Castellane",0,12,12,0.0,43.609935,3.877208
2026-03-28,11:34:24,2026-03-28T11:34:24+01:00,STATION,"Observatoire",4,3,8,0.625,43.606301,3.87724
2026-03-28,11:34:24,2026-03-28T11:34:24+01:00,STATION,"Rondelet",4,12,16,0.25,43.603038,3.875796
2026-03-28,11:34:24,2026-03-28T11:34:24+01:00,STATION,"Plan Cabanes",1,11,12,0.08333333333333333,43.608491,3.868389
2026-03-28,11:34:24,2026-03-28T11:34:24+01:00,STATION,"Boutonnet",6,6,12,0.5,43.622629,3.868375
2026-03-28,11:34:24,2026-03-28T11:34:24+01:00,STATION,"Emile Combes",7,1,8,0.875,43.616742,3.87998
2026-03-28,11:34:24,2026-03-28T11:34:24+01:00,STATION,"Beaux-Arts",6,10,16,0.375,43.616698,3.884981
2026-03-28,11:34:24,2026-03-28T11:34:24+01:00,STATION,"Les Aubes",3,5,8,0.375,43.618692,3.893844
2026-03-28,11:34:24,2026-03-28T11:34:24+01:00,STATION,"Antigone centre",4,8,12,0.3333333333333333,43.607942,3.890634
2026-03-28,11:34:24,2026-03-28T11:34:24+01:00,STATION,"Médiathèque Emile Zola",5,11,16,0.3125,43.608218,3.89314
2026-03-28,11:34:24,2026-03-28T11:34:24+01:00,STATION,"Nombre d Or",3,13,16,0.1875,43.607859,3.886644
2026-03-28,11:34:24,2026-03-28T11:34:24+01:00,STATION,"Louis Blanc",8,8,16,0.5,43.614642,3.877648
2026-03-28,11:34:24,2026-03-28T11:34:24+01:00,STATION,"Gambetta",1,7,8,0.125,43.607106,3.870693
2026-03-28,11:34:24,2026-03-28T11:34:24+01:00,STATION,"Port Marianne",11,5,16,0.6875,43.60032,3.89851
2026-03-28,11:34:24,2026-03-28T11:34:24+01:00,STATION,"Les Arceaux",7,1,8,0.875,43.612659,3.867734
2026-03-28,11:34:24,2026-03-28T11:34:24+01:00,STATION,"Cité Mion",1,5,8,0.375,43.601143,3.884373
2026-03-28,11:34:24,2026-03-28T11:34:24+01:00,STATION,"Nouveau Saint-Roch",6,2,8,0.75,43.599817,3.875757
2026-03-28,11:34:24,2026-03-28T11:34:24+01:00,STATION,"Renouvier",3,4,8,0.5,43.603553,3.867884
2026-03-28,11:34:24,2026-03-28T11:34:24+01:00,STATION,"Odysseum",0,8,8,0.0,43.603727,3.918979
2026-03-28,11:34:24,2026-03-28T11:34:24+01:00,STATION,"Saint-Denis",0,8,8,0.0,43.605021,3.875065
2026-03-28,11:34:24,2026-03-28T11:34:24+01:00,STATION,"Richter",9,7,16,0.5625,43.603424,3.899263
2026-03-28,11:34:24,2026-03-28T11:34:24+01:00,STATION,"Charles Flahault",1,7,8,0.125,43.622038,3.86672
2026-03-28,11:34:24,2026-03-28T11:34:24+01:00,STATION,"Voltaire",2,6,8,0.25,43.603767,3.888659
2026-03-28,11:34:24,2026-03-28T11:34:24+01:00,STATION,"Prés d Arènes",5,3,8,0.625,43.59048,3.884611
2026-03-28,11:34:24,2026-03-28T11:34:24+01:00,STATION,"Garcia Lorca",9,0,8,1.0,43.590757,3.890616
2026-03-28,11:34:24,2026-03-28T11:34:24+01:00,STATION,"Vert Bois",5,11,16,0.3125,43.63543,3.871179
2026-03-28,11:34:24,2026-03-28T11:34:24+01:00,STATION,"Malbosc",2,6,8,0.25,43.633679,3.832861
2026-03-28,11:34:24,2026-03-28T11:34:24+01:00,STATION,"Occitanie",11,21,32,0.34375,43.635689,3.849597
2026-03-28,11:34:24,2026-03-28T11:34:24+01:00,STATION,"Fac des Sciences",9,15,24,0.375,43.631318,3.861299
2026-03-28,11:34:24,2026-03-28T11:34:24+01:00,STATION,"Fac de Lettres",5,7,12,0.4166666666666667,43.630437,3.869539
2026-03-28,11:34:24,2026-03-28T11:34:24+01:00,STATION,"Aiguelongue",7,0,8,1.0,43.626163,3.882492
2026-03-28,11:34:24,2026-03-28T11:34:24+01:00,STATION,"Jeu de Mail des Abbés",5,3,8,0.625,43.619701,3.883831
2026-03-28,11:34:24,2026-03-28T11:34:24+01:00,STATION,"Euromédecine",2,6,8,0.25,43.639119,3.828199
2026-03-28,11:34:24,2026-03-28T11:34:24+01:00,STATION,"Marie Caizergues",8,0,8,1.0,43.619871,3.873812
2026-03-28,11:34:24,2026-03-28T11:34:24+01:00,STATION,"Sabines",4,4,8,0.5,43.584211,3.860031
2026-03-28,11:34:24,2026-03-28T11:34:24+01:00,STATION,"Celleneuve",5,3,8,0.625,43.61467,3.832624
2026-03-28,11:34:24,2026-03-28T11:34:24+01:00,STATION,"Jardin de la Lironde",5,3,8,0.625,43.60585,3.911576
2026-03-28,11:34:24,2026-03-28T11:34:24+01:00,STATION,"Père Soulas",6,2,8,0.75,43.621983,3.855603
2026-03-28,11:34:24,2026-03-28T11:34:24+01:00,STATION,"Place Viala",3,5,8,0.375,43.616812,3.855075
2026-03-28,11:34:24,2026-03-28T11:34:24+01:00,STATION,"Hôtel du Département",4,4,8,0.5,43.621682,3.83477
2026-03-28,11:34:24,2026-03-28T11:34:24+01:00,STATION,"Tonnelles",5,3,8,0.625,43.615155,3.839466
2026-03-28,11:34:24,2026-03-28T11:34:24+01:00,STATION,"Parvis Jules Ferry - Gare Saint-Roch",4,4,8,0.5,43.603889,3.879362
2026-03-28,11:34:24,2026-03-28T11:34:24+01:00,STATION,"Pont de Lattes - Gare Saint-Roch",9,3,12,0.75,43.606036,3.882393
2026-03-28,11:34:24,2026-03-28T11:34:24+01:00,STATION,"Deux Ponts - Gare Saint-Roch",0,8,8,0.0,43.604319,3.880916
2026-03-28,11:34:24,2026-03-28T11:34:24+01:00,STATION,"Providence - Ovalie",4,4,8,0.5,43.588239,3.853421
2026-03-28,11:34:24,2026-03-28T11:34:24+01:00,STATION,"Pérols Etang de l Or",31,37,68,0.45588235294117646,43.558351,3.963412
2026-03-28,11:34:24,2026-03-28T11:34:24+01:00,STATION,"Albert 1er - Cathédrale",4,8,12,0.3333333333333333,43.614005,3.873218
2026-03-28,11:34:24,2026-03-28T11:34:24+01:00,STATION,"Saint-Guilhem - Courreau",1,7,8,0.125,43.608996,3.872752
2026-03-28,11:34:24,2026-03-28T11:34:24+01:00,STATION,"Sud De France",1,7,8,0.125,43.59562,3.9235
2026-03-28,11:34:24,2026-03-28T11:34:24+01:00,STATION,"Comedie Baudin",0,8,8,0.0,43.608717,3.880787
2026-03-28,11:34:24,2026-03-28T11:34:24+01:00,STATION,"Jean de Beins",5,11,16,0.3125,43.609857,3.883884
2026-03-28,12:30:15,2026-03-28T12:30:15+01:00,STATION,"Rue Jules Ferry - Gare Saint-Roch",2,10,12,0.16666666666666666,43.605366,3.881346
2026-03-28,12:30:15,2026-03-28T12:30:15+01:00,STATION,"Comédie",10,10,20,0.5,43.608148,3.878778
2026-03-28,12:30:15,2026-03-28T12:30:15+01:00,STATION,"Hôtel de Ville",11,5,16,0.6875,43.599088,3.894866
2026-03-28,12:30:15,2026-03-28T12:30:15+01:00,STATION,"Corum",6,5,12,0.5833333333333334,43.613989,3.8816
2026-03-28,12:30:15,2026-03-28T12:30:15+01:00,STATION,"Place Albert 1er - St Charles",2,25,27,0.07407407407407407,43.616768,3.873375
2026-03-28,12:30:15,2026-03-28T12:30:15+01:00,STATION,"Foch",5,3,8,0.625,43.610989,3.873345
2026-03-28,12:30:15,2026-03-28T12:30:15+01:00,STATION,"Halles Castellane",0,12,12,0.0,43.609935,3.877208
2026-03-28,12:30:15,2026-03-28T12:30:15+01:00,STATION,"Observatoire",5,2,8,0.75,43.606301,3.87724
2026-03-28,12:30:15,2026-03-28T12:30:15+01:00,STATION,"Rondelet",5,11,16,0.3125,43.603038,3.875796
2026-03-28,12:30:15,2026-03-28T12:30:15+01:00,STATION,"Plan Cabanes",1,11,12,0.08333333333333333,43.608491,3.868389
2026-03-28,12:30:15,2026-03-28T12:30:15+01:00,STATION,"Boutonnet",6,6,12,0.5,43.622629,3.868375
2026-03-28,12:30:15,2026-03-28T12:30:15+01:00,STATION,"Emile Combes",7,1,8,0.875,43.616742,3.87998
2026-03-28,12:30:15,2026-03-28T12:30:15+01:00,STATION,"Beaux-Arts",6,10,16,0.375,43.616698,3.884981
2026-03-28,12:30:15,2026-03-28T12:30:15+01:00,STATION,"Les Aubes",3,5,8,0.375,43.618692,3.893844
2026-03-28,12:30:15,2026-03-28T12:30:15+01:00,STATION,"Antigone centre",4,8,12,0.3333333333333333,43.607942,3.890634
2026-03-28,12:30:15,2026-03-28T12:30:15+01:00,STATION,"Médiathèque Emile Zola",5,11,16,0.3125,43.608218,3.89314
2026-03-28,12:30:15,2026-03-28T12:30:15+01:00,STATION,"Nombre d Or",3,13,16,0.1875,43.607859,3.886644
2026-03-28,12:30:15,2026-03-28T12:30:15+01:00,STATION,"Louis Blanc",8,8,16,0.5,43.614642,3.877648
2026-03-28,12:30:15,2026-03-28T12:30:15+01:00,STATION,"Gambetta",1,7,8,0.125,43.607106,3.870693
2026-03-28,12:30:15,2026-03-28T12:30:15+01:00,STATION,"Port Marianne",11,5,16,0.6875,43.60032,3.89851
2026-03-28,12:30:15,2026-03-28T12:30:15+01:00,STATION,"Les Arceaux",5,3,8,0.625,43.612659,3.867734
2026-03-28,12:30:15,2026-03-28T12:30:15+01:00,STATION,"Cité Mion",1,5,8,0.375,43.601143,3.884373
2026-03-28,12:30:15,2026-03-28T12:30:15+01:00,STATION,"Nouveau Saint-Roch",6,2,8,0.75,43.599817,3.875757
2026-03-28,12:30:15,2026-03-28T12:30:15+01:00,STATION,"Renouvier",3,4,8,0.5,43.603553,3.867884
2026-03-28,12:30:15,2026-03-28T12:30:15+01:00,STATION,"Odysseum",0,8,8,0.0,43.603727,3.918979
2026-03-28,12:30:15,2026-03-28T12:30:15+01:00,STATION,"Saint-Denis",0,8,8,0.0,43.605021,3.875065
2026-03-28,12:30:15,2026-03-28T12:30:15+01:00,STATION,"Richter",9,7,16,0.5625,43.603424,3.899263
2026-03-28,12:30:15,2026-03-28T12:30:15+01:00,STATION,"Charles Flahault",1,7,8,0.125,43.622038,3.86672
2026-03-28,12:30:15,2026-03-28T12:30:15+01:00,STATION,"Voltaire",2,6,8,0.25,43.603767,3.888659
2026-03-28,12:30:15,2026-03-28T12:30:15+01:00,STATION,"Prés d Arènes",4,4,8,0.5,43.59048,3.884611
2026-03-28,12:30:15,2026-03-28T12:30:15+01:00,STATION,"Garcia Lorca",9,0,8,1.0,43.590757,3.890616
2026-03-28,12:30:15,2026-03-28T12:30:15+01:00,STATION,"Vert Bois",5,11,16,0.3125,43.63543,3.871179
2026-03-28,12:30:15,2026-03-28T12:30:15+01:00,STATION,"Malbosc",2,6,8,0.25,43.633679,3.832861
2026-03-28,12:30:15,2026-03-28T12:30:15+01:00,STATION,"Occitanie",7,25,32,0.21875,43.635689,3.849597
2026-03-28,12:30:15,2026-03-28T12:30:15+01:00,STATION,"Fac des Sciences",10,14,24,0.4166666666666667,43.631318,3.861299
2026-03-28,12:30:15,2026-03-28T12:30:15+01:00,STATION,"Fac de Lettres",5,7,12,0.4166666666666667,43.630437,3.869539
2026-03-28,12:30:15,2026-03-28T12:30:15+01:00,STATION,"Aiguelongue",7,0,8,1.0,43.626163,3.882492
2026-03-28,12:30:15,2026-03-28T12:30:15+01:00,STATION,"Jeu de Mail des Abbés",5,3,8,0.625,43.619701,3.883831
2026-03-28,12:30:15,2026-03-28T12:30:15+01:00,STATION,"Euromédecine",2,6,8,0.25,43.639119,3.828199
2026-03-28,12:30:15,2026-03-28T12:30:15+01:00,STATION,"Marie Caizergues",7,1,8,0.875,43.619871,3.873812
2026-03-28,12:30:15,2026-03-28T12:30:15+01:00,STATION,"Sabines",4,4,8,0.5,43.584211,3.860031
2026-03-28,12:30:15,2026-03-28T12:30:15+01:00,STATION,"Celleneuve",5,3,8,0.625,43.61467,3.832624
2026-03-28,12:30:15,2026-03-28T12:30:15+01:00,STATION,"Jardin de la Lironde",5,3,8,0.625,43.60585,3.911576
2026-03-28,12:30:15,2026-03-28T12:30:15+01:00,STATION,"Père Soulas",6,2,8,0.75,43.621983,3.855603
2026-03-28,12:30:15,2026-03-28T12:30:15+01:00,STATION,"Place Viala",3,5,8,0.375,43.616812,3.855075
2026-03-28,12:30:15,2026-03-28T12:30:15+01:00,STATION,"Hôtel du Département",4,4,8,0.5,43.621682,3.83477
2026-03-28,12:30:15,2026-03-28T12:30:15+01:00,STATION,"Tonnelles",5,3,8,0.625,43.615155,3.839466
2026-03-28,12:30:15,2026-03-28T12:30:15+01:00,STATION,"Parvis Jules Ferry - Gare Saint-Roch",4,4,8,0.5,43.603889,3.879362
2026-03-28,12:30:15,2026-03-28T12:30:15+01:00,STATION,"Pont de Lattes - Gare Saint-Roch",6,6,12,0.5,43.606036,3.882393
2026-03-28,12:30:15,2026-03-28T12:30:15+01:00,STATION,"Deux Ponts - Gare Saint-Roch",0,8,8,0.0,43.604319,3.880916
2026-03-28,12:30:15,2026-03-28T12:30:15+01:00,STATION,"Providence - Ovalie",4,4,8,0.5,43.588239,3.853421
2026-03-28,12:30:15,2026-03-28T12:30:15+01:00,STATION,"Pérols Etang de l Or",24,44,68,0.35294117647058826,43.558351,3.963412
2026-03-28,12:30:15,2026-03-28T12:30:15+01:00,STATION,"Albert 1er - Cathédrale",4,8,12,0.3333333333333333,43.614005,3.873218
2026-03-28,12:30:15,2026-03-28T12:30:15+01:00,STATION,"Saint-Guilhem - Courreau",0,8,8,0.0,43.608996,3.872752
2026-03-28,12:30:15,2026-03-28T12:30:15+01:00,STATION,"Sud De France",0,8,8,0.0,43.59562,3.9235
2026-03-28,12:30:15,2026-03-28T12:30:15+01:00,STATION,"Comedie Baudin",0,8,8,0.0,43.608717,3.880787
2026-03-28,12:30:15,2026-03-28T12:30:15+01:00,STATION,"Jean de Beins",5,11,16,0.3125,43.609857,3.883884
2026-03-28,12:55:24,2026-03-28T12:55:24+01:00,STATION,"Rue Jules Ferry - Gare Saint-Roch",2,10,12,0.16666666666666666,43.605366,3.881346
2026-03-28,12:55:24,2026-03-28T12:55:24+01:00,STATION,"Comédie",10,10,20,0.5,43.608148,3.878778
2026-03-28,12:55:24,2026-03-28T12:55:24+01:00,STATION,"Hôtel de Ville",11,5,16,0.6875,43.599088,3.894866
2026-03-28,12:55:24,2026-03-28T12:55:24+01:00,STATION,"Corum",6,5,12,0.5833333333333334,43.613989,3.8816
2026-03-28,12:55:24,2026-03-28T12:55:24+01:00,STATION,"Place Albert 1er - St Charles",2,25,27,0.07407407407407407,43.616768,3.873375
2026-03-28,12:55:24,2026-03-28T12:55:24+01:00,STATION,"Foch",5,3,8,0.625,43.610989,3.873345
2026-03-28,12:55:24,2026-03-28T12:55:24+01:00,STATION,"Halles Castellane",0,12,12,0.0,43.609935,3.877208
2026-03-28,12:55:24,2026-03-28T12:55:24+01:00,STATION,"Observatoire",7,0,8,1.0,43.606301,3.87724
2026-03-28,12:55:24,2026-03-28T12:55:24+01:00,STATION,"Rondelet",5,11,16,0.3125,43.603038,3.875796
2026-03-28,12:55:24,2026-03-28T12:55:24+01:00,STATION,"Plan Cabanes",1,11,12,0.08333333333333333,43.608491,3.868389
2026-03-28,12:55:24,2026-03-28T12:55:24+01:00,STATION,"Boutonnet",7,5,12,0.5833333333333334,43.622629,3.868375
2026-03-28,12:55:24,2026-03-28T12:55:24+01:00,STATION,"Emile Combes",7,1,8,0.875,43.616742,3.87998
2026-03-28,12:55:24,2026-03-28T12:55:24+01:00,STATION,"Beaux-Arts",6,10,16,0.375,43.616698,3.884981
2026-03-28,12:55:24,2026-03-28T12:55:24+01:00,STATION,"Les Aubes",3,5,8,0.375,43.618692,3.893844
2026-03-28,12:55:24,2026-03-28T12:55:24+01:00,STATION,"Antigone centre",4,8,12,0.3333333333333333,43.607942,3.890634
2026-03-28,12:55:24,2026-03-28T12:55:24+01:00,STATION,"Médiathèque Emile Zola",5,11,16,0.3125,43.608218,3.89314
2026-03-28,12:55:24,2026-03-28T12:55:24+01:00,STATION,"Nombre d Or",4,12,16,0.25,43.607859,3.886644
2026-03-28,12:55:24,2026-03-28T12:55:24+01:00,STATION,"Louis Blanc",9,7,16,0.5625,43.614642,3.877648
2026-03-28,12:55:24,2026-03-28T12:55:24+01:00,STATION,"Gambetta",1,7,8,0.125,43.607106,3.870693
2026-03-28,12:55:24,2026-03-28T12:55:24+01:00,STATION,"Port Marianne",11,5,16,0.6875,43.60032,3.89851
2026-03-28,12:55:24,2026-03-28T12:55:24+01:00,STATION,"Les Arceaux",5,3,8,0.625,43.612659,3.867734
2026-03-28,12:55:24,2026-03-28T12:55:24+01:00,STATION,"Cité Mion",1,5,8,0.375,43.601143,3.884373
2026-03-28,12:55:24,2026-03-28T12:55:24+01:00,STATION,"Nouveau Saint-Roch",6,2,8,0.75,43.599817,3.875757
2026-03-28,12:55:24,2026-03-28T12:55:24+01:00,STATION,"Renouvier",3,4,8,0.5,43.603553,3.867884
2026-03-28,12:55:24,2026-03-28T12:55:24+01:00,STATION,"Odysseum",0,8,8,0.0,43.603727,3.918979
2026-03-28,12:55:24,2026-03-28T12:55:24+01:00,STATION,"Saint-Denis",0,8,8,0.0,43.605021,3.875065
2026-03-28,12:55:24,2026-03-28T12:55:24+01:00,STATION,"Richter",9,7,16,0.5625,43.603424,3.899263
2026-03-28,12:55:24,2026-03-28T12:55:24+01:00,STATION,"Charles Flahault",1,7,8,0.125,43.622038,3.86672
2026-03-28,12:55:24,2026-03-28T12:55:24+01:00,STATION,"Voltaire",2,6,8,0.25,43.603767,3.888659
2026-03-28,12:55:24,2026-03-28T12:55:24+01:00,STATION,"Prés d Arènes",4,4,8,0.5,43.59048,3.884611
2026-03-28,12:55:24,2026-03-28T12:55:24+01:00,STATION,"Garcia Lorca",9,0,8,1.0,43.590757,3.890616
2026-03-28,12:55:24,2026-03-28T12:55:24+01:00,STATION,"Vert Bois",5,11,16,0.3125,43.63543,3.871179
2026-03-28,12:55:24,2026-03-28T12:55:24+01:00,STATION,"Malbosc",2,6,8,0.25,43.633679,3.832861
2026-03-28,12:55:24,2026-03-28T12:55:24+01:00,STATION,"Occitanie",7,25,32,0.21875,43.635689,3.849597
2026-03-28,12:55:24,2026-03-28T12:55:24+01:00,STATION,"Fac des Sciences",10,14,24,0.4166666666666667,43.631318,3.861299
2026-03-28,12:55:24,2026-03-28T12:55:24+01:00,STATION,"Fac de Lettres",5,7,12,0.4166666666666667,43.630437,3.869539
2026-03-28,12:55:24,2026-03-28T12:55:24+01:00,STATION,"Aiguelongue",5,2,8,0.75,43.626163,3.882492
2026-03-28,12:55:24,2026-03-28T12:55:24+01:00,STATION,"Jeu de Mail des Abbés",5,3,8,0.625,43.619701,3.883831
2026-03-28,12:55:24,2026-03-28T12:55:24+01:00,STATION,"Euromédecine",2,6,8,0.25,43.639119,3.828199
2026-03-28,12:55:24,2026-03-28T12:55:24+01:00,STATION,"Marie Caizergues",7,1,8,0.875,43.619871,3.873812
2026-03-28,12:55:24,2026-03-28T12:55:24+01:00,STATION,"Sabines",4,4,8,0.5,43.584211,3.860031
2026-03-28,12:55:24,2026-03-28T12:55:24+01:00,STATION,"Celleneuve",5,3,8,0.625,43.61467,3.832624
2026-03-28,12:55:24,2026-03-28T12:55:24+01:00,STATION,"Jardin de la Lironde",5,3,8,0.625,43.60585,3.911576
2026-03-28,12:55:24,2026-03-28T12:55:24+01:00,STATION,"Père Soulas",6,2,8,0.75,43.621983,3.855603
2026-03-28,12:55:24,2026-03-28T12:55:24+01:00,STATION,"Place Viala",3,5,8,0.375,43.616812,3.855075
2026-03-28,12:55:24,2026-03-28T12:55:24+01:00,STATION,"Hôtel du Département",4,4,8,0.5,43.621682,3.83477
2026-03-28,12:55:24,2026-03-28T12:55:24+01:00,STATION,"Tonnelles",5,3,8,0.625,43.615155,3.839466
2026-03-28,12:55:24,2026-03-28T12:55:24+01:00,STATION,"Parvis Jules Ferry - Gare Saint-Roch",4,4,8,0.5,43.603889,3.879362
2026-03-28,12:55:24,2026-03-28T12:55:24+01:00,STATION,"Pont de Lattes - Gare Saint-Roch",6,6,12,0.5,43.606036,3.882393
2026-03-28,12:55:24,2026-03-28T12:55:24+01:00,STATION,"Deux Ponts - Gare Saint-Roch",0,8,8,0.0,43.604319,3.880916
2026-03-28,12:55:24,2026-03-28T12:55:24+01:00,STATION,"Providence - Ovalie",4,4,8,0.5,43.588239,3.853421
2026-03-28,12:55:24,2026-03-28T12:55:24+01:00,STATION,"Pérols Etang de l Or",26,42,68,0.38235294117647056,43.558351,3.963412
2026-03-28,12:55:24,2026-03-28T12:55:24+01:00,STATION,"Albert 1er - Cathédrale",4,8,12,0.3333333333333333,43.614005,3.873218
2026-03-28,12:55:24,2026-03-28T12:55:24+01:00,STATION,"Saint-Guilhem - Courreau",0,8,8,0.0,43.608996,3.872752
2026-03-28,12:55:24,2026-03-28T12:55:24+01:00,STATION,"Sud De France",0,8,8,0.0,43.59562,3.9235
2026-03-28,12:55:24,2026-03-28T12:55:24+01:00,STATION,"Comedie Baudin",0,8,8,0.0,43.608717,3.880787
2026-03-28,12:55:24,2026-03-28T12:55:24+01:00,STATION,"Jean de Beins",5,11,16,0.3125,43.609857,3.883884
2026-03-28,13:57:43,2026-03-28T13:57:43+01:00,STATION,"Rue Jules Ferry - Gare Saint-Roch",2,10,12,0.16666666666666666,43.605366,3.881346
2026-03-28,13:57:43,2026-03-28T13:57:43+01:00,STATION,"Comédie",10,10,20,0.5,43.608148,3.878778
2026-03-28,13:57:43,2026-03-28T13:57:43+01:00,STATION,"Hôtel de Ville",12,4,16,0.75,43.599088,3.894866
2026-03-28,13:57:43,2026-03-28T13:57:43+01:00,STATION,"Corum",6,5,12,0.5833333333333334,43.613989,3.8816
2026-03-28,13:57:43,2026-03-28T13:57:43+01:00,STATION,"Place Albert 1er - St Charles",3,24,27,0.1111111111111111,43.616768,3.873375
2026-03-28,13:57:43,2026-03-28T13:57:43+01:00,STATION,"Foch",5,3,8,0.625,43.610989,3.873345
2026-03-28,13:57:43,2026-03-28T13:57:43+01:00,STATION,"Halles Castellane",0,12,12,0.0,43.609935,3.877208
2026-03-28,13:57:43,2026-03-28T13:57:43+01:00,STATION,"Observatoire",8,0,8,1.0,43.606301,3.87724
2026-03-28,13:57:43,2026-03-28T13:57:43+01:00,STATION,"Rondelet",5,11,16,0.3125,43.603038,3.875796
2026-03-28,13:57:43,2026-03-28T13:57:43+01:00,STATION,"Plan Cabanes",1,11,12,0.08333333333333333,43.608491,3.868389
2026-03-28,13:57:43,2026-03-28T13:57:43+01:00,STATION,"Boutonnet",8,4,12,0.6666666666666666,43.622629,3.868375
2026-03-28,13:57:43,2026-03-28T13:57:43+01:00,STATION,"Emile Combes",7,1,8,0.875,43.616742,3.87998
2026-03-28,13:57:43,2026-03-28T13:57:43+01:00,STATION,"Beaux-Arts",6,10,16,0.375,43.616698,3.884981
2026-03-28,13:57:43,2026-03-28T13:57:43+01:00,STATION,"Les Aubes",3,5,8,0.375,43.618692,3.893844
2026-03-28,13:57:43,2026-03-28T13:57:43+01:00,STATION,"Antigone centre",4,8,12,0.3333333333333333,43.607942,3.890634
2026-03-28,13:57:43,2026-03-28T13:57:43+01:00,STATION,"Médiathèque Emile Zola",7,9,16,0.4375,43.608218,3.89314
2026-03-28,13:57:43,2026-03-28T13:57:43+01:00,STATION,"Nombre d Or",5,11,16,0.3125,43.607859,3.886644
2026-03-28,13:57:43,2026-03-28T13:57:43+01:00,STATION,"Louis Blanc",11,5,16,0.6875,43.614642,3.877648
2026-03-28,13:57:43,2026-03-28T13:57:43+01:00,STATION,"Gambetta",1,7,8,0.125,43.607106,3.870693
2026-03-28,13:57:43,2026-03-28T13:57:43+01:00,STATION,"Port Marianne",11,5,16,0.6875,43.60032,3.89851
2026-03-28,13:57:43,2026-03-28T13:57:43+01:00,STATION,"Les Arceaux",5,3,8,0.625,43.612659,3.867734
2026-03-28,13:57:43,2026-03-28T13:57:43+01:00,STATION,"Cité Mion",1,5,8,0.375,43.601143,3.884373
2026-03-28,13:57:43,2026-03-28T13:57:43+01:00,STATION,"Nouveau Saint-Roch",6,2,8,0.75,43.599817,3.875757
2026-03-28,13:57:43,2026-03-28T13:57:43+01:00,STATION,"Renouvier",3,4,8,0.5,43.603553,3.867884
2026-03-28,13:57:43,2026-03-28T13:57:43+01:00,STATION,"Odysseum",0,8,8,0.0,43.603727,3.918979
2026-03-28,13:57:43,2026-03-28T13:57:43+01:00,STATION,"Saint-Denis",0,8,8,0.0,43.605021,3.875065
2026-03-28,13:57:43,2026-03-28T13:57:43+01:00,STATION,"Richter",9,7,16,0.5625,43.603424,3.899263
2026-03-28,13:57:43,2026-03-28T13:57:43+01:00,STATION,"Charles Flahault",1,7,8,0.125,43.622038,3.86672
2026-03-28,13:57:43,2026-03-28T13:57:43+01:00,STATION,"Voltaire",2,6,8,0.25,43.603767,3.888659
2026-03-28,13:57:43,2026-03-28T13:57:43+01:00,STATION,"Prés d Arènes",4,4,8,0.5,43.59048,3.884611
2026-03-28,13:57:43,2026-03-28T13:57:43+01:00,STATION,"Garcia Lorca",9,0,8,1.0,43.590757,3.890616
2026-03-28,13:57:43,2026-03-28T13:57:43+01:00,STATION,"Vert Bois",5,11,16,0.3125,43.63543,3.871179
2026-03-28,13:57:43,2026-03-28T13:57:43+01:00,STATION,"Malbosc",2,6,8,0.25,43.633679,3.832861
2026-03-28,13:57:43,2026-03-28T13:57:43+01:00,STATION,"Occitanie",7,25,32,0.21875,43.635689,3.849597
2026-03-28,13:57:43,2026-03-28T13:57:43+01:00,STATION,"Fac des Sciences",10,14,24,0.4166666666666667,43.631318,3.861299
2026-03-28,13:57:43,2026-03-28T13:57:43+01:00,STATION,"Fac de Lettres",5,7,12,0.4166666666666667,43.630437,3.869539
2026-03-28,13:57:43,2026-03-28T13:57:43+01:00,STATION,"Aiguelongue",5,2,8,0.75,43.626163,3.882492
2026-03-28,13:57:43,2026-03-28T13:57:43+01:00,STATION,"Jeu de Mail des Abbés",5,3,8,0.625,43.619701,3.883831
2026-03-28,13:57:43,2026-03-28T13:57:43+01:00,STATION,"Euromédecine",2,6,8,0.25,43.639119,3.828199
2026-03-28,13:57:43,2026-03-28T13:57:43+01:00,STATION,"Marie Caizergues",7,1,8,0.875,43.619871,3.873812
2026-03-28,13:57:43,2026-03-28T13:57:43+01:00,STATION,"Sabines",4,4,8,0.5,43.584211,3.860031
2026-03-28,13:57:43,2026-03-28T13:57:43+01:00,STATION,"Celleneuve",5,3,8,0.625,43.61467,3.832624
2026-03-28,13:57:43,2026-03-28T13:57:43+01:00,STATION,"Jardin de la Lironde",5,3,8,0.625,43.60585,3.911576
2026-03-28,13:57:43,2026-03-28T13:57:43+01:00,STATION,"Père Soulas",6,2,8,0.75,43.621983,3.855603
2026-03-28,13:57:43,2026-03-28T13:57:43+01:00,STATION,"Place Viala",3,5,8,0.375,43.616812,3.855075
2026-03-28,13:57:43,2026-03-28T13:57:43+01:00,STATION,"Hôtel du Département",4,4,8,0.5,43.621682,3.83477
2026-03-28,13:57:43,2026-03-28T13:57:43+01:00,STATION,"Tonnelles",5,3,8,0.625,43.615155,3.839466
2026-03-28,13:57:43,2026-03-28T13:57:43+01:00,STATION,"Parvis Jules Ferry - Gare Saint-Roch",4,4,8,0.5,43.603889,3.879362
2026-03-28,13:57:43,2026-03-28T13:57:43+01:00,STATION,"Pont de Lattes - Gare Saint-Roch",6,6,12,0.5,43.606036,3.882393
2026-03-28,13:57:43,2026-03-28T13:57:43+01:00,STATION,"Deux Ponts - Gare Saint-Roch",0,8,8,0.0,43.604319,3.880916
2026-03-28,13:57:43,2026-03-28T13:57:43+01:00,STATION,"Providence - Ovalie",4,4,8,0.5,43.588239,3.853421
2026-03-28,13:57:43,2026-03-28T13:57:43+01:00,STATION,"Pérols Etang de l Or",26,42,68,0.38235294117647056,43.558351,3.963412
2026-03-28,13:57:43,2026-03-28T13:57:43+01:00,STATION,"Albert 1er - Cathédrale",4,8,12,0.3333333333333333,43.614005,3.873218
2026-03-28,13:57:43,2026-03-28T13:57:43+01:00,STATION,"Saint-Guilhem - Courreau",0,8,8,0.0,43.608996,3.872752
2026-03-28,13:57:43,2026-03-28T13:57:43+01:00,STATION,"Sud De France",0,8,8,0.0,43.59562,3.9235
2026-03-28,13:57:43,2026-03-28T13:57:43+01:00,STATION,"Comedie Baudin",0,8,8,0.0,43.608717,3.880787
2026-03-28,13:57:43,2026-03-28T13:57:43+01:00,STATION,"Jean de Beins",5,11,16,0.3125,43.609857,3.883884
2026-03-28,14:54:00,2026-03-28T14:54:00+01:00,STATION,"Rue Jules Ferry - Gare Saint-Roch",2,10,12,0.16666666666666666,43.605366,3.881346
2026-03-28,14:54:00,2026-03-28T14:54:00+01:00,STATION,"Comédie",10,10,20,0.5,43.608148,3.878778
2026-03-28,14:54:00,2026-03-28T14:54:00+01:00,STATION,"Hôtel de Ville",13,3,16,0.8125,43.599088,3.894866
2026-03-28,14:54:00,2026-03-28T14:54:00+01:00,STATION,"Corum",6,5,12,0.5833333333333334,43.613989,3.8816
2026-03-28,14:54:00,2026-03-28T14:54:00+01:00,STATION,"Place Albert 1er - St Charles",2,25,27,0.07407407407407407,43.616768,3.873375
2026-03-28,14:54:00,2026-03-28T14:54:00+01:00,STATION,"Foch",5,3,8,0.625,43.610989,3.873345
2026-03-28,14:54:00,2026-03-28T14:54:00+01:00,STATION,"Halles Castellane",0,12,12,0.0,43.609935,3.877208
2026-03-28,14:54:00,2026-03-28T14:54:00+01:00,STATION,"Observatoire",8,0,8,1.0,43.606301,3.87724
2026-03-28,14:54:00,2026-03-28T14:54:00+01:00,STATION,"Rondelet",5,11,16,0.3125,43.603038,3.875796
2026-03-28,14:54:00,2026-03-28T14:54:00+01:00,STATION,"Plan Cabanes",1,11,12,0.08333333333333333,43.608491,3.868389
2026-03-28,14:54:00,2026-03-28T14:54:00+01:00,STATION,"Boutonnet",8,4,12,0.6666666666666666,43.622629,3.868375
2026-03-28,14:54:00,2026-03-28T14:54:00+01:00,STATION,"Emile Combes",7,1,8,0.875,43.616742,3.87998
2026-03-28,14:54:00,2026-03-28T14:54:00+01:00,STATION,"Beaux-Arts",6,10,16,0.375,43.616698,3.884981
2026-03-28,14:54:00,2026-03-28T14:54:00+01:00,STATION,"Les Aubes",2,6,8,0.25,43.618692,3.893844
2026-03-28,14:54:00,2026-03-28T14:54:00+01:00,STATION,"Antigone centre",4,8,12,0.3333333333333333,43.607942,3.890634
2026-03-28,14:54:00,2026-03-28T14:54:00+01:00,STATION,"Médiathèque Emile Zola",8,8,16,0.5,43.608218,3.89314
2026-03-28,14:54:00,2026-03-28T14:54:00+01:00,STATION,"Nombre d Or",3,13,16,0.1875,43.607859,3.886644
2026-03-28,14:54:00,2026-03-28T14:54:00+01:00,STATION,"Louis Blanc",11,5,16,0.6875,43.614642,3.877648
2026-03-28,14:54:00,2026-03-28T14:54:00+01:00,STATION,"Gambetta",1,7,8,0.125,43.607106,3.870693
2026-03-28,14:54:00,2026-03-28T14:54:00+01:00,STATION,"Port Marianne",11,5,16,0.6875,43.60032,3.89851
2026-03-28,14:54:00,2026-03-28T14:54:00+01:00,STATION,"Les Arceaux",5,3,8,0.625,43.612659,3.867734
2026-03-28,14:54:00,2026-03-28T14:54:00+01:00,STATION,"Cité Mion",1,5,8,0.375,43.601143,3.884373
2026-03-28,14:54:00,2026-03-28T14:54:00+01:00,STATION,"Nouveau Saint-Roch",6,2,8,0.75,43.599817,3.875757
2026-03-28,14:54:00,2026-03-28T14:54:00+01:00,STATION,"Renouvier",3,4,8,0.5,43.603553,3.867884
2026-03-28,14:54:00,2026-03-28T14:54:00+01:00,STATION,"Odysseum",0,8,8,0.0,43.603727,3.918979
2026-03-28,14:54:00,2026-03-28T14:54:00+01:00,STATION,"Saint-Denis",0,8,8,0.0,43.605021,3.875065
2026-03-28,14:54:00,2026-03-28T14:54:00+01:00,STATION,"Richter",4,12,16,0.25,43.603424,3.899263
2026-03-28,14:54:00,2026-03-28T14:54:00+01:00,STATION,"Charles Flahault",1,7,8,0.125,43.622038,3.86672
2026-03-28,14:54:00,2026-03-28T14:54:00+01:00,STATION,"Voltaire",2,6,8,0.25,43.603767,3.888659
2026-03-28,14:54:00,2026-03-28T14:54:00+01:00,STATION,"Prés d Arènes",4,4,8,0.5,43.59048,3.884611
2026-03-28,14:54:00,2026-03-28T14:54:00+01:00,STATION,"Garcia Lorca",9,0,8,1.0,43.590757,3.890616
2026-03-28,14:54:00,2026-03-28T14:54:00+01:00,STATION,"Vert Bois",5,11,16,0.3125,43.63543,3.871179
2026-03-28,14:54:00,2026-03-28T14:54:00+01:00,STATION,"Malbosc",2,6,8,0.25,43.633679,3.832861
2026-03-28,14:54:00,2026-03-28T14:54:00+01:00,STATION,"Occitanie",7,25,32,0.21875,43.635689,3.849597
2026-03-28,14:54:00,2026-03-28T14:54:00+01:00,STATION,"Fac des Sciences",10,14,24,0.4166666666666667,43.631318,3.861299
2026-03-28,14:54:00,2026-03-28T14:54:00+01:00,STATION,"Fac de Lettres",7,5,12,0.5833333333333334,43.630437,3.869539
2026-03-28,14:54:00,2026-03-28T14:54:00+01:00,STATION,"Aiguelongue",5,2,8,0.75,43.626163,3.882492
2026-03-28,14:54:00,2026-03-28T14:54:00+01:00,STATION,"Jeu de Mail des Abbés",5,3,8,0.625,43.619701,3.883831
2026-03-28,14:54:00,2026-03-28T14:54:00+01:00,STATION,"Euromédecine",2,6,8,0.25,43.639119,3.828199
2026-03-28,14:54:00,2026-03-28T14:54:00+01:00,STATION,"Marie Caizergues",6,2,8,0.75,43.619871,3.873812
2026-03-28,14:54:00,2026-03-28T14:54:00+01:00,STATION,"Sabines",4,4,8,0.5,43.584211,3.860031
2026-03-28,14:54:00,2026-03-28T14:54:00+01:00,STATION,"Celleneuve",5,3,8,0.625,43.61467,3.832624
2026-03-28,14:54:00,2026-03-28T14:54:00+01:00,STATION,"Jardin de la Lironde",5,3,8,0.625,43.60585,3.911576
2026-03-28,14:54:00,2026-03-28T14:54:00+01:00,STATION,"Père Soulas",6,2,8,0.75,43.621983,3.855603
2026-03-28,14:54:00,2026-03-28T14:54:00+01:00,STATION,"Place Viala",3,5,8,0.375,43.616812,3.855075
2026-03-28,14:54:00,2026-03-28T14:54:00+01:00,STATION,"Hôtel du Département",4,4,8,0.5,43.621682,3.83477
2026-03-28,14:54:00,2026-03-28T14:54:00+01:00,STATION,"Tonnelles",5,3,8,0.625,43.615155,3.839466
2026-03-28,14:54:00,2026-03-28T14:54:00+01:00,STATION,"Parvis Jules Ferry - Gare Saint-Roch",4,4,8,0.5,43.603889,3.879362
2026-03-28,14:54:00,2026-03-28T14:54:00+01:00,STATION,"Pont de Lattes - Gare Saint-Roch",7,5,12,0.5833333333333334,43.606036,3.882393
2026-03-28,14:54:00,2026-03-28T14:54:00+01:00,STATION,"Deux Ponts - Gare Saint-Roch",0,8,8,0.0,43.604319,3.880916
2026-03-28,14:54:00,2026-03-28T14:54:00+01:00,STATION,"Providence - Ovalie",4,4,8,0.5,43.588239,3.853421
2026-03-28,14:54:00,2026-03-28T14:54:00+01:00,STATION,"Pérols Etang de l Or",26,42,68,0.38235294117647056,43.558351,3.963412
2026-03-28,14:54:00,2026-03-28T14:54:00+01:00,STATION,"Albert 1er - Cathédrale",4,8,12,0.3333333333333333,43.614005,3.873218
2026-03-28,14:54:00,2026-03-28T14:54:00+01:00,STATION,"Saint-Guilhem - Courreau",0,8,8,0.0,43.608996,3.872752
2026-03-28,14:54:00,2026-03-28T14:54:00+01:00,STATION,"Sud De France",0,8,8,0.0,43.59562,3.9235
2026-03-28,14:54:00,2026-03-28T14:54:00+01:00,STATION,"Comedie Baudin",0,8,8,0.0,43.608717,3.880787
2026-03-28,14:54:00,2026-03-28T14:54:00+01:00,STATION,"Jean de Beins",5,11,16,0.3125,43.609857,3.883884
2026-03-28,15:33:52,2026-03-28T15:33:52+01:00,STATION,"Rue Jules Ferry - Gare Saint-Roch",8,4,12,0.6666666666666666,43.605366,3.881346
2026-03-28,15:33:52,2026-03-28T15:33:52+01:00,STATION,"Comédie",10,10,20,0.5,43.608148,3.878778
2026-03-28,15:33:52,2026-03-28T15:33:52+01:00,STATION,"Hôtel de Ville",9,7,16,0.5625,43.599088,3.894866
2026-03-28,15:33:52,2026-03-28T15:33:52+01:00,STATION,"Corum",7,4,12,0.6666666666666666,43.613989,3.8816
2026-03-28,15:33:52,2026-03-28T15:33:52+01:00,STATION,"Place Albert 1er - St Charles",3,24,27,0.1111111111111111,43.616768,3.873375
2026-03-28,15:33:52,2026-03-28T15:33:52+01:00,STATION,"Foch",5,3,8,0.625,43.610989,3.873345
2026-03-28,15:33:52,2026-03-28T15:33:52+01:00,STATION,"Halles Castellane",0,12,12,0.0,43.609935,3.877208
2026-03-28,15:33:52,2026-03-28T15:33:52+01:00,STATION,"Observatoire",8,0,8,1.0,43.606301,3.87724
2026-03-28,15:33:52,2026-03-28T15:33:52+01:00,STATION,"Rondelet",3,13,16,0.1875,43.603038,3.875796
2026-03-28,15:33:52,2026-03-28T15:33:52+01:00,STATION,"Plan Cabanes",1,11,12,0.08333333333333333,43.608491,3.868389
2026-03-28,15:33:52,2026-03-28T15:33:52+01:00,STATION,"Boutonnet",6,6,12,0.5,43.622629,3.868375
2026-03-28,15:33:52,2026-03-28T15:33:52+01:00,STATION,"Emile Combes",7,1,8,0.875,43.616742,3.87998
2026-03-28,15:33:52,2026-03-28T15:33:52+01:00,STATION,"Beaux-Arts",6,10,16,0.375,43.616698,3.884981
2026-03-28,15:33:52,2026-03-28T15:33:52+01:00,STATION,"Les Aubes",2,6,8,0.25,43.618692,3.893844
2026-03-28,15:33:52,2026-03-28T15:33:52+01:00,STATION,"Antigone centre",5,7,12,0.4166666666666667,43.607942,3.890634
2026-03-28,15:33:52,2026-03-28T15:33:52+01:00,STATION,"Médiathèque Emile Zola",8,8,16,0.5,43.608218,3.89314
2026-03-28,15:33:52,2026-03-28T15:33:52+01:00,STATION,"Nombre d Or",3,13,16,0.1875,43.607859,3.886644
2026-03-28,15:33:52,2026-03-28T15:33:52+01:00,STATION,"Louis Blanc",11,5,16,0.6875,43.614642,3.877648
2026-03-28,15:33:52,2026-03-28T15:33:52+01:00,STATION,"Gambetta",1,7,8,0.125,43.607106,3.870693
2026-03-28,15:33:52,2026-03-28T15:33:52+01:00,STATION,"Port Marianne",11,5,16,0.6875,43.60032,3.89851
2026-03-28,15:33:52,2026-03-28T15:33:52+01:00,STATION,"Les Arceaux",5,3,8,0.625,43.612659,3.867734
2026-03-28,15:33:52,2026-03-28T15:33:52+01:00,STATION,"Cité Mion",1,5,8,0.375,43.601143,3.884373
2026-03-28,15:33:52,2026-03-28T15:33:52+01:00,STATION,"Nouveau Saint-Roch",6,2,8,0.75,43.599817,3.875757
2026-03-28,15:33:52,2026-03-28T15:33:52+01:00,STATION,"Renouvier",3,4,8,0.5,43.603553,3.867884
2026-03-28,15:33:52,2026-03-28T15:33:52+01:00,STATION,"Odysseum",0,8,8,0.0,43.603727,3.918979
2026-03-28,15:33:52,2026-03-28T15:33:52+01:00,STATION,"Saint-Denis",0,8,8,0.0,43.605021,3.875065
2026-03-28,15:33:52,2026-03-28T15:33:52+01:00,STATION,"Richter",2,14,16,0.125,43.603424,3.899263
2026-03-28,15:33:52,2026-03-28T15:33:52+01:00,STATION,"Charles Flahault",1,7,8,0.125,43.622038,3.86672
2026-03-28,15:33:52,2026-03-28T15:33:52+01:00,STATION,"Voltaire",5,3,8,0.625,43.603767,3.888659
2026-03-28,15:33:52,2026-03-28T15:33:52+01:00,STATION,"Prés d Arènes",4,4,8,0.5,43.59048,3.884611
2026-03-28,15:33:52,2026-03-28T15:33:52+01:00,STATION,"Garcia Lorca",9,0,8,1.0,43.590757,3.890616
2026-03-28,15:33:52,2026-03-28T15:33:52+01:00,STATION,"Vert Bois",5,11,16,0.3125,43.63543,3.871179
2026-03-28,15:33:52,2026-03-28T15:33:52+01:00,STATION,"Malbosc",2,6,8,0.25,43.633679,3.832861
2026-03-28,15:33:52,2026-03-28T15:33:52+01:00,STATION,"Occitanie",7,25,32,0.21875,43.635689,3.849597
2026-03-28,15:33:52,2026-03-28T15:33:52+01:00,STATION,"Fac des Sciences",10,14,24,0.4166666666666667,43.631318,3.861299
2026-03-28,15:33:52,2026-03-28T15:33:52+01:00,STATION,"Fac de Lettres",7,5,12,0.5833333333333334,43.630437,3.869539
2026-03-28,15:33:52,2026-03-28T15:33:52+01:00,STATION,"Aiguelongue",5,2,8,0.75,43.626163,3.882492
2026-03-28,15:33:52,2026-03-28T15:33:52+01:00,STATION,"Jeu de Mail des Abbés",5,3,8,0.625,43.619701,3.883831
2026-03-28,15:33:52,2026-03-28T15:33:52+01:00,STATION,"Euromédecine",2,6,8,0.25,43.639119,3.828199
2026-03-28,15:33:52,2026-03-28T15:33:52+01:00,STATION,"Marie Caizergues",6,2,8,0.75,43.619871,3.873812
2026-03-28,15:33:52,2026-03-28T15:33:52+01:00,STATION,"Sabines",4,4,8,0.5,43.584211,3.860031
2026-03-28,15:33:52,2026-03-28T15:33:52+01:00,STATION,"Celleneuve",5,3,8,0.625,43.61467,3.832624
2026-03-28,15:33:52,2026-03-28T15:33:52+01:00,STATION,"Jardin de la Lironde",5,3,8,0.625,43.60585,3.911576
2026-03-28,15:33:52,2026-03-28T15:33:52+01:00,STATION,"Père Soulas",6,2,8,0.75,43.621983,3.855603
2026-03-28,15:33:52,2026-03-28T15:33:52+01:00,STATION,"Place Viala",3,5,8,0.375,43.616812,3.855075
2026-03-28,15:33:52,2026-03-28T15:33:52+01:00,STATION,"Hôtel du Département",4,4,8,0.5,43.621682,3.83477
2026-03-28,15:33:52,2026-03-28T15:33:52+01:00,STATION,"Tonnelles",5,3,8,0.625,43.615155,3.839466
2026-03-28,15:33:52,2026-03-28T15:33:52+01:00,STATION,"Parvis Jules Ferry - Gare Saint-Roch",2,6,8,0.25,43.603889,3.879362
2026-03-28,15:33:52,2026-03-28T15:33:52+01:00,STATION,"Pont de Lattes - Gare Saint-Roch",9,3,12,0.75,43.606036,3.882393
2026-03-28,15:33:52,2026-03-28T15:33:52+01:00,STATION,"Deux Ponts - Gare Saint-Roch",0,8,8,0.0,43.604319,3.880916
2026-03-28,15:33:52,2026-03-28T15:33:52+01:00,STATION,"Providence - Ovalie",4,4,8,0.5,43.588239,3.853421
2026-03-28,15:33:52,2026-03-28T15:33:52+01:00,STATION,"Pérols Etang de l Or",26,42,68,0.38235294117647056,43.558351,3.963412
2026-03-28,15:33:52,2026-03-28T15:33:52+01:00,STATION,"Albert 1er - Cathédrale",4,8,12,0.3333333333333333,43.614005,3.873218
2026-03-28,15:33:52,2026-03-28T15:33:52+01:00,STATION,"Saint-Guilhem - Courreau",4,4,8,0.5,43.608996,3.872752
2026-03-28,15:33:52,2026-03-28T15:33:52+01:00,STATION,"Sud De France",0,8,8,0.0,43.59562,3.9235
2026-03-28,15:33:52,2026-03-28T15:33:52+01:00,STATION,"Comedie Baudin",0,8,8,0.0,43.608717,3.880787
2026-03-28,15:33:52,2026-03-28T15:33:52+01:00,STATION,"Jean de Beins",5,11,16,0.3125,43.609857,3.883884
2026-03-28,16:34:37,2026-03-28T16:34:37+01:00,STATION,"Rue Jules Ferry - Gare Saint-Roch",6,6,12,0.5,43.605366,3.881346
2026-03-28,16:34:37,2026-03-28T16:34:37+01:00,STATION,"Comédie",10,10,20,0.5,43.608148,3.878778
2026-03-28,16:34:37,2026-03-28T16:34:37+01:00,STATION,"Hôtel de Ville",8,8,16,0.5,43.599088,3.894866
2026-03-28,16:34:37,2026-03-28T16:34:37+01:00,STATION,"Corum",9,2,12,0.8333333333333334,43.613989,3.8816
2026-03-28,16:34:37,2026-03-28T16:34:37+01:00,STATION,"Place Albert 1er - St Charles",3,24,27,0.1111111111111111,43.616768,3.873375
2026-03-28,16:34:37,2026-03-28T16:34:37+01:00,STATION,"Foch",5,3,8,0.625,43.610989,3.873345
2026-03-28,16:34:37,2026-03-28T16:34:37+01:00,STATION,"Halles Castellane",0,12,12,0.0,43.609935,3.877208
2026-03-28,16:34:37,2026-03-28T16:34:37+01:00,STATION,"Observatoire",8,0,8,1.0,43.606301,3.87724
2026-03-28,16:34:37,2026-03-28T16:34:37+01:00,STATION,"Rondelet",3,13,16,0.1875,43.603038,3.875796
2026-03-28,16:34:37,2026-03-28T16:34:37+01:00,STATION,"Plan Cabanes",1,11,12,0.08333333333333333,43.608491,3.868389
2026-03-28,16:34:37,2026-03-28T16:34:37+01:00,STATION,"Boutonnet",6,6,12,0.5,43.622629,3.868375
2026-03-28,16:34:37,2026-03-28T16:34:37+01:00,STATION,"Emile Combes",7,1,8,0.875,43.616742,3.87998
2026-03-28,16:34:37,2026-03-28T16:34:37+01:00,STATION,"Beaux-Arts",6,10,16,0.375,43.616698,3.884981
2026-03-28,16:34:37,2026-03-28T16:34:37+01:00,STATION,"Les Aubes",3,5,8,0.375,43.618692,3.893844
2026-03-28,16:34:37,2026-03-28T16:34:37+01:00,STATION,"Antigone centre",5,7,12,0.4166666666666667,43.607942,3.890634
2026-03-28,16:34:37,2026-03-28T16:34:37+01:00,STATION,"Médiathèque Emile Zola",8,8,16,0.5,43.608218,3.89314
2026-03-28,16:34:37,2026-03-28T16:34:37+01:00,STATION,"Nombre d Or",3,13,16,0.1875,43.607859,3.886644
2026-03-28,16:34:37,2026-03-28T16:34:37+01:00,STATION,"Louis Blanc",11,5,16,0.6875,43.614642,3.877648
2026-03-28,16:34:37,2026-03-28T16:34:37+01:00,STATION,"Gambetta",1,7,8,0.125,43.607106,3.870693
2026-03-28,16:34:37,2026-03-28T16:34:37+01:00,STATION,"Port Marianne",11,5,16,0.6875,43.60032,3.89851
2026-03-28,16:34:37,2026-03-28T16:34:37+01:00,STATION,"Les Arceaux",5,3,8,0.625,43.612659,3.867734
2026-03-28,16:34:37,2026-03-28T16:34:37+01:00,STATION,"Cité Mion",1,5,8,0.375,43.601143,3.884373
2026-03-28,16:34:37,2026-03-28T16:34:37+01:00,STATION,"Nouveau Saint-Roch",6,2,8,0.75,43.599817,3.875757
2026-03-28,16:34:37,2026-03-28T16:34:37+01:00,STATION,"Renouvier",3,4,8,0.5,43.603553,3.867884
2026-03-28,16:34:37,2026-03-28T16:34:37+01:00,STATION,"Odysseum",0,8,8,0.0,43.603727,3.918979
2026-03-28,16:34:37,2026-03-28T16:34:37+01:00,STATION,"Saint-Denis",0,8,8,0.0,43.605021,3.875065
2026-03-28,16:34:37,2026-03-28T16:34:37+01:00,STATION,"Richter",3,13,16,0.1875,43.603424,3.899263
2026-03-28,16:34:37,2026-03-28T16:34:37+01:00,STATION,"Charles Flahault",1,7,8,0.125,43.622038,3.86672
2026-03-28,16:34:37,2026-03-28T16:34:37+01:00,STATION,"Voltaire",5,3,8,0.625,43.603767,3.888659
2026-03-28,16:34:37,2026-03-28T16:34:37+01:00,STATION,"Prés d Arènes",4,4,8,0.5,43.59048,3.884611
2026-03-28,16:34:37,2026-03-28T16:34:37+01:00,STATION,"Garcia Lorca",8,0,8,1.0,43.590757,3.890616
2026-03-28,16:34:37,2026-03-28T16:34:37+01:00,STATION,"Vert Bois",3,13,16,0.1875,43.63543,3.871179
2026-03-28,16:34:37,2026-03-28T16:34:37+01:00,STATION,"Malbosc",2,6,8,0.25,43.633679,3.832861
2026-03-28,16:34:37,2026-03-28T16:34:37+01:00,STATION,"Occitanie",7,25,32,0.21875,43.635689,3.849597
2026-03-28,16:34:37,2026-03-28T16:34:37+01:00,STATION,"Fac des Sciences",6,18,24,0.25,43.631318,3.861299
2026-03-28,16:34:37,2026-03-28T16:34:37+01:00,STATION,"Fac de Lettres",7,5,12,0.5833333333333334,43.630437,3.869539
2026-03-28,16:34:37,2026-03-28T16:34:37+01:00,STATION,"Aiguelongue",5,2,8,0.75,43.626163,3.882492
2026-03-28,16:34:37,2026-03-28T16:34:37+01:00,STATION,"Jeu de Mail des Abbés",5,3,8,0.625,43.619701,3.883831
2026-03-28,16:34:37,2026-03-28T16:34:37+01:00,STATION,"Euromédecine",2,6,8,0.25,43.639119,3.828199
2026-03-28,16:34:37,2026-03-28T16:34:37+01:00,STATION,"Marie Caizergues",6,2,8,0.75,43.619871,3.873812
2026-03-28,16:34:37,2026-03-28T16:34:37+01:00,STATION,"Sabines",5,3,8,0.625,43.584211,3.860031
2026-03-28,16:34:37,2026-03-28T16:34:37+01:00,STATION,"Celleneuve",5,3,8,0.625,43.61467,3.832624
2026-03-28,16:34:37,2026-03-28T16:34:37+01:00,STATION,"Jardin de la Lironde",4,4,8,0.5,43.60585,3.911576
2026-03-28,16:34:37,2026-03-28T16:34:37+01:00,STATION,"Père Soulas",6,2,8,0.75,43.621983,3.855603
2026-03-28,16:34:37,2026-03-28T16:34:37+01:00,STATION,"Place Viala",3,5,8,0.375,43.616812,3.855075
2026-03-28,16:34:37,2026-03-28T16:34:37+01:00,STATION,"Hôtel du Département",4,4,8,0.5,43.621682,3.83477
2026-03-28,16:34:37,2026-03-28T16:34:37+01:00,STATION,"Tonnelles",5,3,8,0.625,43.615155,3.839466
2026-03-28,16:34:37,2026-03-28T16:34:37+01:00,STATION,"Parvis Jules Ferry - Gare Saint-Roch",2,6,8,0.25,43.603889,3.879362
2026-03-28,16:34:37,2026-03-28T16:34:37+01:00,STATION,"Pont de Lattes - Gare Saint-Roch",9,3,12,0.75,43.606036,3.882393
2026-03-28,16:34:37,2026-03-28T16:34:37+01:00,STATION,"Deux Ponts - Gare Saint-Roch",0,8,8,0.0,43.604319,3.880916
2026-03-28,16:34:37,2026-03-28T16:34:37+01:00,STATION,"Providence - Ovalie",4,4,8,0.5,43.588239,3.853421
2026-03-28,16:34:37,2026-03-28T16:34:37+01:00,STATION,"Pérols Etang de l Or",26,42,68,0.38235294117647056,43.558351,3.963412
2026-03-28,16:34:37,2026-03-28T16:34:37+01:00,STATION,"Albert 1er - Cathédrale",4,8,12,0.3333333333333333,43.614005,3.873218
2026-03-28,16:34:37,2026-03-28T16:34:37+01:00,STATION,"Saint-Guilhem - Courreau",4,4,8,0.5,43.608996,3.872752
2026-03-28,16:34:37,2026-03-28T16:34:37+01:00,STATION,"Sud De France",0,8,8,0.0,43.59562,3.9235
2026-03-28,16:34:37,2026-03-28T16:34:37+01:00,STATION,"Comedie Baudin",0,8,8,0.0,43.608717,3.880787
2026-03-28,16:34:37,2026-03-28T16:34:37+01:00,STATION,"Jean de Beins",5,11,16,0.3125,43.609857,3.883884
2026-03-28,17:36:41,2026-03-28T17:36:41+01:00,STATION,"Rue Jules Ferry - Gare Saint-Roch",8,4,12,0.6666666666666666,43.605366,3.881346
2026-03-28,17:36:41,2026-03-28T17:36:41+01:00,STATION,"Comédie",15,5,20,0.75,43.608148,3.878778
2026-03-28,17:36:41,2026-03-28T17:36:41+01:00,STATION,"Hôtel de Ville",10,6,16,0.625,43.599088,3.894866
2026-03-28,17:36:41,2026-03-28T17:36:41+01:00,STATION,"Corum",9,2,12,0.8333333333333334,43.613989,3.8816
2026-03-28,17:36:41,2026-03-28T17:36:41+01:00,STATION,"Place Albert 1er - St Charles",3,24,27,0.1111111111111111,43.616768,3.873375
2026-03-28,17:36:41,2026-03-28T17:36:41+01:00,STATION,"Foch",4,4,8,0.5,43.610989,3.873345
2026-03-28,17:36:41,2026-03-28T17:36:41+01:00,STATION,"Halles Castellane",0,12,12,0.0,43.609935,3.877208
2026-03-28,17:36:41,2026-03-28T17:36:41+01:00,STATION,"Observatoire",8,0,8,1.0,43.606301,3.87724
2026-03-28,17:36:41,2026-03-28T17:36:41+01:00,STATION,"Rondelet",3,13,16,0.1875,43.603038,3.875796
2026-03-28,17:36:41,2026-03-28T17:36:41+01:00,STATION,"Plan Cabanes",1,11,12,0.08333333333333333,43.608491,3.868389
2026-03-28,17:36:41,2026-03-28T17:36:41+01:00,STATION,"Boutonnet",6,6,12,0.5,43.622629,3.868375
2026-03-28,17:36:41,2026-03-28T17:36:41+01:00,STATION,"Emile Combes",7,1,8,0.875,43.616742,3.87998
2026-03-28,17:36:41,2026-03-28T17:36:41+01:00,STATION,"Beaux-Arts",6,10,16,0.375,43.616698,3.884981
2026-03-28,17:36:41,2026-03-28T17:36:41+01:00,STATION,"Les Aubes",1,7,8,0.125,43.618692,3.893844
2026-03-28,17:36:41,2026-03-28T17:36:41+01:00,STATION,"Antigone centre",5,7,12,0.4166666666666667,43.607942,3.890634
2026-03-28,17:36:41,2026-03-28T17:36:41+01:00,STATION,"Médiathèque Emile Zola",8,8,16,0.5,43.608218,3.89314
2026-03-28,17:36:41,2026-03-28T17:36:41+01:00,STATION,"Nombre d Or",3,13,16,0.1875,43.607859,3.886644
2026-03-28,17:36:41,2026-03-28T17:36:41+01:00,STATION,"Louis Blanc",11,5,16,0.6875,43.614642,3.877648
2026-03-28,17:36:41,2026-03-28T17:36:41+01:00,STATION,"Gambetta",1,7,8,0.125,43.607106,3.870693
2026-03-28,17:36:41,2026-03-28T17:36:41+01:00,STATION,"Port Marianne",11,5,16,0.6875,43.60032,3.89851
2026-03-28,17:36:41,2026-03-28T17:36:41+01:00,STATION,"Les Arceaux",5,3,8,0.625,43.612659,3.867734
2026-03-28,17:36:41,2026-03-28T17:36:41+01:00,STATION,"Cité Mion",1,5,8,0.375,43.601143,3.884373
2026-03-28,17:36:41,2026-03-28T17:36:41+01:00,STATION,"Nouveau Saint-Roch",6,2,8,0.75,43.599817,3.875757
2026-03-28,17:36:41,2026-03-28T17:36:41+01:00,STATION,"Renouvier",3,4,8,0.5,43.603553,3.867884
2026-03-28,17:36:41,2026-03-28T17:36:41+01:00,STATION,"Odysseum",0,8,8,0.0,43.603727,3.918979
2026-03-28,17:36:41,2026-03-28T17:36:41+01:00,STATION,"Saint-Denis",0,8,8,0.0,43.605021,3.875065
2026-03-28,17:36:41,2026-03-28T17:36:41+01:00,STATION,"Richter",3,13,16,0.1875,43.603424,3.899263
2026-03-28,17:36:41,2026-03-28T17:36:41+01:00,STATION,"Charles Flahault",1,7,8,0.125,43.622038,3.86672
2026-03-28,17:36:41,2026-03-28T17:36:41+01:00,STATION,"Voltaire",5,3,8,0.625,43.603767,3.888659
2026-03-28,17:36:41,2026-03-28T17:36:41+01:00,STATION,"Prés d Arènes",4,4,8,0.5,43.59048,3.884611
2026-03-28,17:36:41,2026-03-28T17:36:41+01:00,STATION,"Garcia Lorca",9,0,8,1.0,43.590757,3.890616
2026-03-28,17:36:41,2026-03-28T17:36:41+01:00,STATION,"Vert Bois",3,13,16,0.1875,43.63543,3.871179
2026-03-28,17:36:41,2026-03-28T17:36:41+01:00,STATION,"Malbosc",2,6,8,0.25,43.633679,3.832861
2026-03-28,17:36:41,2026-03-28T17:36:41+01:00,STATION,"Occitanie",7,25,32,0.21875,43.635689,3.849597
2026-03-28,17:36:41,2026-03-28T17:36:41+01:00,STATION,"Fac des Sciences",6,18,24,0.25,43.631318,3.861299
2026-03-28,17:36:41,2026-03-28T17:36:41+01:00,STATION,"Fac de Lettres",7,5,12,0.5833333333333334,43.630437,3.869539
2026-03-28,17:36:41,2026-03-28T17:36:41+01:00,STATION,"Aiguelongue",5,2,8,0.75,43.626163,3.882492
2026-03-28,17:36:41,2026-03-28T17:36:41+01:00,STATION,"Jeu de Mail des Abbés",5,3,8,0.625,43.619701,3.883831
2026-03-28,17:36:41,2026-03-28T17:36:41+01:00,STATION,"Euromédecine",2,6,8,0.25,43.639119,3.828199
2026-03-28,17:36:41,2026-03-28T17:36:41+01:00,STATION,"Marie Caizergues",7,1,8,0.875,43.619871,3.873812
2026-03-28,17:36:41,2026-03-28T17:36:41+01:00,STATION,"Sabines",6,2,8,0.75,43.584211,3.860031
2026-03-28,17:36:41,2026-03-28T17:36:41+01:00,STATION,"Celleneuve",5,3,8,0.625,43.61467,3.832624
2026-03-28,17:36:41,2026-03-28T17:36:41+01:00,STATION,"Jardin de la Lironde",4,4,8,0.5,43.60585,3.911576
2026-03-28,17:36:41,2026-03-28T17:36:41+01:00,STATION,"Père Soulas",6,2,8,0.75,43.621983,3.855603
2026-03-28,17:36:41,2026-03-28T17:36:41+01:00,STATION,"Place Viala",3,5,8,0.375,43.616812,3.855075
2026-03-28,17:36:41,2026-03-28T17:36:41+01:00,STATION,"Hôtel du Département",4,4,8,0.5,43.621682,3.83477
2026-03-28,17:36:41,2026-03-28T17:36:41+01:00,STATION,"Tonnelles",5,3,8,0.625,43.615155,3.839466
2026-03-28,17:36:41,2026-03-28T17:36:41+01:00,STATION,"Parvis Jules Ferry - Gare Saint-Roch",2,6,8,0.25,43.603889,3.879362
2026-03-28,17:36:41,2026-03-28T17:36:41+01:00,STATION,"Pont de Lattes - Gare Saint-Roch",9,3,12,0.75,43.606036,3.882393
2026-03-28,17:36:41,2026-03-28T17:36:41+01:00,STATION,"Deux Ponts - Gare Saint-Roch",0,8,8,0.0,43.604319,3.880916
2026-03-28,17:36:41,2026-03-28T17:36:41+01:00,STATION,"Providence - Ovalie",4,4,8,0.5,43.588239,3.853421
2026-03-28,17:36:41,2026-03-28T17:36:41+01:00,STATION,"Pérols Etang de l Or",27,41,68,0.39705882352941174,43.558351,3.963412
2026-03-28,17:36:41,2026-03-28T17:36:41+01:00,STATION,"Albert 1er - Cathédrale",4,8,12,0.3333333333333333,43.614005,3.873218
2026-03-28,17:36:41,2026-03-28T17:36:41+01:00,STATION,"Saint-Guilhem - Courreau",4,4,8,0.5,43.608996,3.872752
2026-03-28,17:36:41,2026-03-28T17:36:41+01:00,STATION,"Sud De France",0,8,8,0.0,43.59562,3.9235
2026-03-28,17:36:41,2026-03-28T17:36:41+01:00,STATION,"Comedie Baudin",0,8,8,0.0,43.608717,3.880787
2026-03-28,17:36:41,2026-03-28T17:36:41+01:00,STATION,"Jean de Beins",5,11,16,0.3125,43.609857,3.883884
2026-03-28,18:31:41,2026-03-28T18:31:41+01:00,STATION,"Rue Jules Ferry - Gare Saint-Roch",8,4,12,0.6666666666666666,43.605366,3.881346
2026-03-28,18:31:41,2026-03-28T18:31:41+01:00,STATION,"Comédie",15,5,20,0.75,43.608148,3.878778
2026-03-28,18:31:41,2026-03-28T18:31:41+01:00,STATION,"Hôtel de Ville",10,6,16,0.625,43.599088,3.894866
2026-03-28,18:31:41,2026-03-28T18:31:41+01:00,STATION,"Corum",5,6,12,0.5,43.613989,3.8816
2026-03-28,18:31:41,2026-03-28T18:31:41+01:00,STATION,"Place Albert 1er - St Charles",5,22,27,0.18518518518518517,43.616768,3.873375
2026-03-28,18:31:41,2026-03-28T18:31:41+01:00,STATION,"Foch",4,4,8,0.5,43.610989,3.873345
2026-03-28,18:31:41,2026-03-28T18:31:41+01:00,STATION,"Halles Castellane",0,12,12,0.0,43.609935,3.877208
2026-03-28,18:31:41,2026-03-28T18:31:41+01:00,STATION,"Observatoire",8,0,8,1.0,43.606301,3.87724
2026-03-28,18:31:41,2026-03-28T18:31:41+01:00,STATION,"Rondelet",3,13,16,0.1875,43.603038,3.875796
2026-03-28,18:31:41,2026-03-28T18:31:41+01:00,STATION,"Plan Cabanes",1,11,12,0.08333333333333333,43.608491,3.868389
2026-03-28,18:31:41,2026-03-28T18:31:41+01:00,STATION,"Boutonnet",6,6,12,0.5,43.622629,3.868375
2026-03-28,18:31:41,2026-03-28T18:31:41+01:00,STATION,"Emile Combes",7,1,8,0.875,43.616742,3.87998
2026-03-28,18:31:41,2026-03-28T18:31:41+01:00,STATION,"Beaux-Arts",6,10,16,0.375,43.616698,3.884981
2026-03-28,18:31:41,2026-03-28T18:31:41+01:00,STATION,"Les Aubes",1,7,8,0.125,43.618692,3.893844
2026-03-28,18:31:41,2026-03-28T18:31:41+01:00,STATION,"Antigone centre",5,7,12,0.4166666666666667,43.607942,3.890634
2026-03-28,18:31:41,2026-03-28T18:31:41+01:00,STATION,"Médiathèque Emile Zola",8,8,16,0.5,43.608218,3.89314
2026-03-28,18:31:41,2026-03-28T18:31:41+01:00,STATION,"Nombre d Or",1,15,16,0.0625,43.607859,3.886644
2026-03-28,18:31:41,2026-03-28T18:31:41+01:00,STATION,"Louis Blanc",11,5,16,0.6875,43.614642,3.877648
2026-03-28,18:31:41,2026-03-28T18:31:41+01:00,STATION,"Gambetta",1,7,8,0.125,43.607106,3.870693
2026-03-28,18:31:41,2026-03-28T18:31:41+01:00,STATION,"Port Marianne",11,5,16,0.6875,43.60032,3.89851
2026-03-28,18:31:41,2026-03-28T18:31:41+01:00,STATION,"Les Arceaux",5,3,8,0.625,43.612659,3.867734
2026-03-28,18:31:41,2026-03-28T18:31:41+01:00,STATION,"Cité Mion",1,5,8,0.375,43.601143,3.884373
2026-03-28,18:31:41,2026-03-28T18:31:41+01:00,STATION,"Nouveau Saint-Roch",7,1,8,0.875,43.599817,3.875757
2026-03-28,18:31:41,2026-03-28T18:31:41+01:00,STATION,"Renouvier",3,4,8,0.5,43.603553,3.867884
2026-03-28,18:31:41,2026-03-28T18:31:41+01:00,STATION,"Odysseum",0,8,8,0.0,43.603727,3.918979
2026-03-28,18:31:41,2026-03-28T18:31:41+01:00,STATION,"Saint-Denis",0,8,8,0.0,43.605021,3.875065
2026-03-28,18:31:41,2026-03-28T18:31:41+01:00,STATION,"Richter",4,12,16,0.25,43.603424,3.899263
2026-03-28,18:31:41,2026-03-28T18:31:41+01:00,STATION,"Charles Flahault",1,7,8,0.125,43.622038,3.86672
2026-03-28,18:31:41,2026-03-28T18:31:41+01:00,STATION,"Voltaire",5,3,8,0.625,43.603767,3.888659
2026-03-28,18:31:41,2026-03-28T18:31:41+01:00,STATION,"Prés d Arènes",4,4,8,0.5,43.59048,3.884611
2026-03-28,18:31:41,2026-03-28T18:31:41+01:00,STATION,"Garcia Lorca",9,0,8,1.0,43.590757,3.890616
2026-03-28,18:31:41,2026-03-28T18:31:41+01:00,STATION,"Vert Bois",3,13,16,0.1875,43.63543,3.871179
2026-03-28,18:31:41,2026-03-28T18:31:41+01:00,STATION,"Malbosc",2,6,8,0.25,43.633679,3.832861
2026-03-28,18:31:41,2026-03-28T18:31:41+01:00,STATION,"Occitanie",7,25,32,0.21875,43.635689,3.849597
2026-03-28,18:31:41,2026-03-28T18:31:41+01:00,STATION,"Fac des Sciences",6,18,24,0.25,43.631318,3.861299
2026-03-28,18:31:41,2026-03-28T18:31:41+01:00,STATION,"Fac de Lettres",6,6,12,0.5,43.630437,3.869539
2026-03-28,18:31:41,2026-03-28T18:31:41+01:00,STATION,"Aiguelongue",5,2,8,0.75,43.626163,3.882492
2026-03-28,18:31:41,2026-03-28T18:31:41+01:00,STATION,"Jeu de Mail des Abbés",5,3,8,0.625,43.619701,3.883831
2026-03-28,18:31:41,2026-03-28T18:31:41+01:00,STATION,"Euromédecine",2,6,8,0.25,43.639119,3.828199
2026-03-28,18:31:41,2026-03-28T18:31:41+01:00,STATION,"Marie Caizergues",7,1,8,0.875,43.619871,3.873812
2026-03-28,18:31:41,2026-03-28T18:31:41+01:00,STATION,"Sabines",5,3,8,0.625,43.584211,3.860031
2026-03-28,18:31:41,2026-03-28T18:31:41+01:00,STATION,"Celleneuve",5,3,8,0.625,43.61467,3.832624
2026-03-28,18:31:41,2026-03-28T18:31:41+01:00,STATION,"Jardin de la Lironde",4,4,8,0.5,43.60585,3.911576
2026-03-28,18:31:41,2026-03-28T18:31:41+01:00,STATION,"Père Soulas",6,2,8,0.75,43.621983,3.855603
2026-03-28,18:31:41,2026-03-28T18:31:41+01:00,STATION,"Place Viala",5,3,8,0.625,43.616812,3.855075
2026-03-28,18:31:41,2026-03-28T18:31:41+01:00,STATION,"Hôtel du Département",3,5,8,0.375,43.621682,3.83477
2026-03-28,18:31:41,2026-03-28T18:31:41+01:00,STATION,"Tonnelles",5,3,8,0.625,43.615155,3.839466
2026-03-28,18:31:41,2026-03-28T18:31:41+01:00,STATION,"Parvis Jules Ferry - Gare Saint-Roch",2,6,8,0.25,43.603889,3.879362
2026-03-28,18:31:41,2026-03-28T18:31:41+01:00,STATION,"Pont de Lattes - Gare Saint-Roch",7,5,12,0.5833333333333334,43.606036,3.882393
2026-03-28,18:31:41,2026-03-28T18:31:41+01:00,STATION,"Deux Ponts - Gare Saint-Roch",0,8,8,0.0,43.604319,3.880916
2026-03-28,18:31:41,2026-03-28T18:31:41+01:00,STATION,"Providence - Ovalie",4,4,8,0.5,43.588239,3.853421
2026-03-28,18:31:41,2026-03-28T18:31:41+01:00,STATION,"Pérols Etang de l Or",35,33,68,0.5147058823529411,43.558351,3.963412
2026-03-28,18:31:41,2026-03-28T18:31:41+01:00,STATION,"Albert 1er - Cathédrale",4,8,12,0.3333333333333333,43.614005,3.873218
2026-03-28,18:31:41,2026-03-28T18:31:41+01:00,STATION,"Saint-Guilhem - Courreau",2,6,8,0.25,43.608996,3.872752
2026-03-28,18:31:41,2026-03-28T18:31:41+01:00,STATION,"Sud De France",0,8,8,0.0,43.59562,3.9235
2026-03-28,18:31:41,2026-03-28T18:31:41+01:00,STATION,"Comedie Baudin",0,8,8,0.0,43.608717,3.880787
2026-03-28,18:31:41,2026-03-28T18:31:41+01:00,STATION,"Jean de Beins",5,11,16,0.3125,43.609857,3.883884
2026-03-28,18:58:49,2026-03-28T18:58:49+01:00,STATION,"Rue Jules Ferry - Gare Saint-Roch",8,4,12,0.6666666666666666,43.605366,3.881346
2026-03-28,18:58:49,2026-03-28T18:58:49+01:00,STATION,"Comédie",16,4,20,0.8,43.608148,3.878778
2026-03-28,18:58:49,2026-03-28T18:58:49+01:00,STATION,"Hôtel de Ville",12,4,16,0.75,43.599088,3.894866
2026-03-28,18:58:49,2026-03-28T18:58:49+01:00,STATION,"Corum",6,5,12,0.5833333333333334,43.613989,3.8816
2026-03-28,18:58:49,2026-03-28T18:58:49+01:00,STATION,"Place Albert 1er - St Charles",5,22,27,0.18518518518518517,43.616768,3.873375
2026-03-28,18:58:49,2026-03-28T18:58:49+01:00,STATION,"Foch",4,4,8,0.5,43.610989,3.873345
2026-03-28,18:58:49,2026-03-28T18:58:49+01:00,STATION,"Halles Castellane",0,12,12,0.0,43.609935,3.877208
2026-03-28,18:58:49,2026-03-28T18:58:49+01:00,STATION,"Observatoire",8,0,8,1.0,43.606301,3.87724
2026-03-28,18:58:49,2026-03-28T18:58:49+01:00,STATION,"Rondelet",3,13,16,0.1875,43.603038,3.875796
2026-03-28,18:58:49,2026-03-28T18:58:49+01:00,STATION,"Plan Cabanes",1,11,12,0.08333333333333333,43.608491,3.868389
2026-03-28,18:58:49,2026-03-28T18:58:49+01:00,STATION,"Boutonnet",6,6,12,0.5,43.622629,3.868375
2026-03-28,18:58:49,2026-03-28T18:58:49+01:00,STATION,"Emile Combes",7,1,8,0.875,43.616742,3.87998
2026-03-28,18:58:49,2026-03-28T18:58:49+01:00,STATION,"Beaux-Arts",6,10,16,0.375,43.616698,3.884981
2026-03-28,18:58:49,2026-03-28T18:58:49+01:00,STATION,"Les Aubes",1,7,8,0.125,43.618692,3.893844
2026-03-28,18:58:49,2026-03-28T18:58:49+01:00,STATION,"Antigone centre",5,7,12,0.4166666666666667,43.607942,3.890634
2026-03-28,18:58:49,2026-03-28T18:58:49+01:00,STATION,"Médiathèque Emile Zola",8,8,16,0.5,43.608218,3.89314
2026-03-28,18:58:49,2026-03-28T18:58:49+01:00,STATION,"Nombre d Or",1,15,16,0.0625,43.607859,3.886644
2026-03-28,18:58:49,2026-03-28T18:58:49+01:00,STATION,"Louis Blanc",10,6,16,0.625,43.614642,3.877648
2026-03-28,18:58:49,2026-03-28T18:58:49+01:00,STATION,"Gambetta",1,7,8,0.125,43.607106,3.870693
2026-03-28,18:58:49,2026-03-28T18:58:49+01:00,STATION,"Port Marianne",11,5,16,0.6875,43.60032,3.89851
2026-03-28,18:58:49,2026-03-28T18:58:49+01:00,STATION,"Les Arceaux",5,3,8,0.625,43.612659,3.867734
2026-03-28,18:58:49,2026-03-28T18:58:49+01:00,STATION,"Cité Mion",1,5,8,0.375,43.601143,3.884373
2026-03-28,18:58:49,2026-03-28T18:58:49+01:00,STATION,"Nouveau Saint-Roch",7,1,8,0.875,43.599817,3.875757
2026-03-28,18:58:49,2026-03-28T18:58:49+01:00,STATION,"Renouvier",3,4,8,0.5,43.603553,3.867884
2026-03-28,18:58:49,2026-03-28T18:58:49+01:00,STATION,"Odysseum",0,8,8,0.0,43.603727,3.918979
2026-03-28,18:58:49,2026-03-28T18:58:49+01:00,STATION,"Saint-Denis",0,8,8,0.0,43.605021,3.875065
2026-03-28,18:58:49,2026-03-28T18:58:49+01:00,STATION,"Richter",3,13,16,0.1875,43.603424,3.899263
2026-03-28,18:58:49,2026-03-28T18:58:49+01:00,STATION,"Charles Flahault",1,7,8,0.125,43.622038,3.86672
2026-03-28,18:58:49,2026-03-28T18:58:49+01:00,STATION,"Voltaire",5,3,8,0.625,43.603767,3.888659
2026-03-28,18:58:49,2026-03-28T18:58:49+01:00,STATION,"Prés d Arènes",4,4,8,0.5,43.59048,3.884611
2026-03-28,18:58:49,2026-03-28T18:58:49+01:00,STATION,"Garcia Lorca",9,0,8,1.0,43.590757,3.890616
2026-03-28,18:58:49,2026-03-28T18:58:49+01:00,STATION,"Vert Bois",3,13,16,0.1875,43.63543,3.871179
2026-03-28,18:58:49,2026-03-28T18:58:49+01:00,STATION,"Malbosc",2,6,8,0.25,43.633679,3.832861
2026-03-28,18:58:49,2026-03-28T18:58:49+01:00,STATION,"Occitanie",8,24,32,0.25,43.635689,3.849597
2026-03-28,18:58:49,2026-03-28T18:58:49+01:00,STATION,"Fac des Sciences",6,18,24,0.25,43.631318,3.861299
2026-03-28,18:58:49,2026-03-28T18:58:49+01:00,STATION,"Fac de Lettres",6,6,12,0.5,43.630437,3.869539
2026-03-28,18:58:49,2026-03-28T18:58:49+01:00,STATION,"Aiguelongue",5,2,8,0.75,43.626163,3.882492
2026-03-28,18:58:49,2026-03-28T18:58:49+01:00,STATION,"Jeu de Mail des Abbés",5,3,8,0.625,43.619701,3.883831
2026-03-28,18:58:49,2026-03-28T18:58:49+01:00,STATION,"Euromédecine",2,6,8,0.25,43.639119,3.828199
2026-03-28,18:58:49,2026-03-28T18:58:49+01:00,STATION,"Marie Caizergues",7,1,8,0.875,43.619871,3.873812
2026-03-28,18:58:49,2026-03-28T18:58:49+01:00,STATION,"Sabines",5,3,8,0.625,43.584211,3.860031
2026-03-28,18:58:49,2026-03-28T18:58:49+01:00,STATION,"Celleneuve",5,3,8,0.625,43.61467,3.832624
2026-03-28,18:58:49,2026-03-28T18:58:49+01:00,STATION,"Jardin de la Lironde",4,4,8,0.5,43.60585,3.911576
2026-03-28,18:58:49,2026-03-28T18:58:49+01:00,STATION,"Père Soulas",6,2,8,0.75,43.621983,3.855603
2026-03-28,18:58:49,2026-03-28T18:58:49+01:00,STATION,"Place Viala",5,3,8,0.625,43.616812,3.855075
2026-03-28,18:58:49,2026-03-28T18:58:49+01:00,STATION,"Hôtel du Département",3,5,8,0.375,43.621682,3.83477
2026-03-28,18:58:49,2026-03-28T18:58:49+01:00,STATION,"Tonnelles",5,3,8,0.625,43.615155,3.839466
2026-03-28,18:58:49,2026-03-28T18:58:49+01:00,STATION,"Parvis Jules Ferry - Gare Saint-Roch",2,6,8,0.25,43.603889,3.879362
2026-03-28,18:58:49,2026-03-28T18:58:49+01:00,STATION,"Pont de Lattes - Gare Saint-Roch",7,5,12,0.5833333333333334,43.606036,3.882393
2026-03-28,18:58:49,2026-03-28T18:58:49+01:00,STATION,"Deux Ponts - Gare Saint-Roch",0,8,8,0.0,43.604319,3.880916
2026-03-28,18:58:49,2026-03-28T18:58:49+01:00,STATION,"Providence - Ovalie",4,4,8,0.5,43.588239,3.853421
2026-03-28,18:58:49,2026-03-28T18:58:49+01:00,STATION,"Pérols Etang de l Or",38,30,68,0.5588235294117647,43.558351,3.963412
2026-03-28,18:58:49,2026-03-28T18:58:49+01:00,STATION,"Albert 1er - Cathédrale",4,8,12,0.3333333333333333,43.614005,3.873218
2026-03-28,18:58:49,2026-03-28T18:58:49+01:00,STATION,"Saint-Guilhem - Courreau",1,7,8,0.125,43.608996,3.872752
2026-03-28,18:58:49,2026-03-28T18:58:49+01:00,STATION,"Sud De France",0,8,8,0.0,43.59562,3.9235
2026-03-28,18:58:49,2026-03-28T18:58:49+01:00,STATION,"Comedie Baudin",0,8,8,0.0,43.608717,3.880787
2026-03-28,18:58:49,2026-03-28T18:58:49+01:00,STATION,"Jean de Beins",5,11,16,0.3125,43.609857,3.883884
2026-03-28,19:46:45,2026-03-28T19:46:45+01:00,STATION,"Rue Jules Ferry - Gare Saint-Roch",8,4,12,0.6666666666666666,43.605366,3.881346
2026-03-28,19:46:45,2026-03-28T19:46:45+01:00,STATION,"Comédie",14,6,20,0.7,43.608148,3.878778
2026-03-28,19:46:45,2026-03-28T19:46:45+01:00,STATION,"Hôtel de Ville",12,4,16,0.75,43.599088,3.894866
2026-03-28,19:46:45,2026-03-28T19:46:45+01:00,STATION,"Corum",7,4,12,0.6666666666666666,43.613989,3.8816
2026-03-28,19:46:45,2026-03-28T19:46:45+01:00,STATION,"Place Albert 1er - St Charles",5,22,27,0.18518518518518517,43.616768,3.873375
2026-03-28,19:46:45,2026-03-28T19:46:45+01:00,STATION,"Foch",4,4,8,0.5,43.610989,3.873345
2026-03-28,19:46:45,2026-03-28T19:46:45+01:00,STATION,"Halles Castellane",0,12,12,0.0,43.609935,3.877208
2026-03-28,19:46:45,2026-03-28T19:46:45+01:00,STATION,"Observatoire",8,0,8,1.0,43.606301,3.87724
2026-03-28,19:46:45,2026-03-28T19:46:45+01:00,STATION,"Rondelet",3,13,16,0.1875,43.603038,3.875796
2026-03-28,19:46:45,2026-03-28T19:46:45+01:00,STATION,"Plan Cabanes",1,11,12,0.08333333333333333,43.608491,3.868389
2026-03-28,19:46:45,2026-03-28T19:46:45+01:00,STATION,"Boutonnet",6,6,12,0.5,43.622629,3.868375
2026-03-28,19:46:45,2026-03-28T19:46:45+01:00,STATION,"Emile Combes",7,1,8,0.875,43.616742,3.87998
2026-03-28,19:46:45,2026-03-28T19:46:45+01:00,STATION,"Beaux-Arts",7,9,16,0.4375,43.616698,3.884981
2026-03-28,19:46:45,2026-03-28T19:46:45+01:00,STATION,"Les Aubes",1,7,8,0.125,43.618692,3.893844
2026-03-28,19:46:45,2026-03-28T19:46:45+01:00,STATION,"Antigone centre",5,7,12,0.4166666666666667,43.607942,3.890634
2026-03-28,19:46:45,2026-03-28T19:46:45+01:00,STATION,"Médiathèque Emile Zola",8,8,16,0.5,43.608218,3.89314
2026-03-28,19:46:45,2026-03-28T19:46:45+01:00,STATION,"Nombre d Or",1,15,16,0.0625,43.607859,3.886644
2026-03-28,19:46:45,2026-03-28T19:46:45+01:00,STATION,"Louis Blanc",12,4,16,0.75,43.614642,3.877648
2026-03-28,19:46:45,2026-03-28T19:46:45+01:00,STATION,"Gambetta",1,7,8,0.125,43.607106,3.870693
2026-03-28,19:46:45,2026-03-28T19:46:45+01:00,STATION,"Port Marianne",11,5,16,0.6875,43.60032,3.89851
2026-03-28,19:46:45,2026-03-28T19:46:45+01:00,STATION,"Les Arceaux",5,3,8,0.625,43.612659,3.867734
2026-03-28,19:46:45,2026-03-28T19:46:45+01:00,STATION,"Cité Mion",1,5,8,0.375,43.601143,3.884373
2026-03-28,19:46:45,2026-03-28T19:46:45+01:00,STATION,"Nouveau Saint-Roch",7,1,8,0.875,43.599817,3.875757
2026-03-28,19:46:45,2026-03-28T19:46:45+01:00,STATION,"Renouvier",3,4,8,0.5,43.603553,3.867884
2026-03-28,19:46:45,2026-03-28T19:46:45+01:00,STATION,"Odysseum",0,8,8,0.0,43.603727,3.918979
2026-03-28,19:46:45,2026-03-28T19:46:45+01:00,STATION,"Saint-Denis",0,8,8,0.0,43.605021,3.875065
2026-03-28,19:46:45,2026-03-28T19:46:45+01:00,STATION,"Richter",3,13,16,0.1875,43.603424,3.899263
2026-03-28,19:46:45,2026-03-28T19:46:45+01:00,STATION,"Charles Flahault",0,8,8,0.0,43.622038,3.86672
2026-03-28,19:46:45,2026-03-28T19:46:45+01:00,STATION,"Voltaire",5,3,8,0.625,43.603767,3.888659
2026-03-28,19:46:45,2026-03-28T19:46:45+01:00,STATION,"Prés d Arènes",4,4,8,0.5,43.59048,3.884611
2026-03-28,19:46:45,2026-03-28T19:46:45+01:00,STATION,"Garcia Lorca",8,0,8,1.0,43.590757,3.890616
2026-03-28,19:46:45,2026-03-28T19:46:45+01:00,STATION,"Vert Bois",3,13,16,0.1875,43.63543,3.871179
2026-03-28,19:46:45,2026-03-28T19:46:45+01:00,STATION,"Malbosc",2,6,8,0.25,43.633679,3.832861
2026-03-28,19:46:45,2026-03-28T19:46:45+01:00,STATION,"Occitanie",8,24,32,0.25,43.635689,3.849597
2026-03-28,19:46:45,2026-03-28T19:46:45+01:00,STATION,"Fac des Sciences",6,18,24,0.25,43.631318,3.861299
2026-03-28,19:46:45,2026-03-28T19:46:45+01:00,STATION,"Fac de Lettres",6,6,12,0.5,43.630437,3.869539
2026-03-28,19:46:45,2026-03-28T19:46:45+01:00,STATION,"Aiguelongue",5,2,8,0.75,43.626163,3.882492
2026-03-28,19:46:45,2026-03-28T19:46:45+01:00,STATION,"Jeu de Mail des Abbés",5,3,8,0.625,43.619701,3.883831
2026-03-28,19:46:45,2026-03-28T19:46:45+01:00,STATION,"Euromédecine",2,6,8,0.25,43.639119,3.828199
2026-03-28,19:46:45,2026-03-28T19:46:45+01:00,STATION,"Marie Caizergues",7,1,8,0.875,43.619871,3.873812
2026-03-28,19:46:45,2026-03-28T19:46:45+01:00,STATION,"Sabines",5,3,8,0.625,43.584211,3.860031
2026-03-28,19:46:45,2026-03-28T19:46:45+01:00,STATION,"Celleneuve",5,3,8,0.625,43.61467,3.832624
2026-03-28,19:46:45,2026-03-28T19:46:45+01:00,STATION,"Jardin de la Lironde",7,1,8,0.875,43.60585,3.911576
2026-03-28,19:46:45,2026-03-28T19:46:45+01:00,STATION,"Père Soulas",6,2,8,0.75,43.621983,3.855603
2026-03-28,19:46:45,2026-03-28T19:46:45+01:00,STATION,"Place Viala",5,3,8,0.625,43.616812,3.855075
2026-03-28,19:46:45,2026-03-28T19:46:45+01:00,STATION,"Hôtel du Département",3,5,8,0.375,43.621682,3.83477
2026-03-28,19:46:45,2026-03-28T19:46:45+01:00,STATION,"Tonnelles",5,3,8,0.625,43.615155,3.839466
2026-03-28,19:46:45,2026-03-28T19:46:45+01:00,STATION,"Parvis Jules Ferry - Gare Saint-Roch",2,6,8,0.25,43.603889,3.879362
2026-03-28,19:46:45,2026-03-28T19:46:45+01:00,STATION,"Pont de Lattes - Gare Saint-Roch",6,6,12,0.5,43.606036,3.882393
2026-03-28,19:46:45,2026-03-28T19:46:45+01:00,STATION,"Deux Ponts - Gare Saint-Roch",0,8,8,0.0,43.604319,3.880916
2026-03-28,19:46:45,2026-03-28T19:46:45+01:00,STATION,"Providence - Ovalie",4,4,8,0.5,43.588239,3.853421
2026-03-28,19:46:45,2026-03-28T19:46:45+01:00,STATION,"Pérols Etang de l Or",38,30,68,0.5588235294117647,43.558351,3.963412
2026-03-28,19:46:45,2026-03-28T19:46:45+01:00,STATION,"Albert 1er - Cathédrale",4,8,12,0.3333333333333333,43.614005,3.873218
2026-03-28,19:46:45,2026-03-28T19:46:45+01:00,STATION,"Saint-Guilhem - Courreau",2,6,8,0.25,43.608996,3.872752
2026-03-28,19:46:45,2026-03-28T19:46:45+01:00,STATION,"Sud De France",0,8,8,0.0,43.59562,3.9235
2026-03-28,19:46:45,2026-03-28T19:46:45+01:00,STATION,"Comedie Baudin",0,8,8,0.0,43.608717,3.880787
2026-03-28,19:46:45,2026-03-28T19:46:45+01:00,STATION,"Jean de Beins",5,11,16,0.3125,43.609857,3.883884
2026-03-28,20:32:00,2026-03-28T20:32:00+01:00,STATION,"Rue Jules Ferry - Gare Saint-Roch",8,4,12,0.6666666666666666,43.605366,3.881346
2026-03-28,20:32:00,2026-03-28T20:32:00+01:00,STATION,"Comédie",14,6,20,0.7,43.608148,3.878778
2026-03-28,20:32:00,2026-03-28T20:32:00+01:00,STATION,"Hôtel de Ville",12,4,16,0.75,43.599088,3.894866
2026-03-28,20:32:00,2026-03-28T20:32:00+01:00,STATION,"Corum",7,4,12,0.6666666666666666,43.613989,3.8816
2026-03-28,20:32:00,2026-03-28T20:32:00+01:00,STATION,"Place Albert 1er - St Charles",5,22,27,0.18518518518518517,43.616768,3.873375
2026-03-28,20:32:00,2026-03-28T20:32:00+01:00,STATION,"Foch",4,4,8,0.5,43.610989,3.873345
2026-03-28,20:32:00,2026-03-28T20:32:00+01:00,STATION,"Halles Castellane",0,12,12,0.0,43.609935,3.877208
2026-03-28,20:32:00,2026-03-28T20:32:00+01:00,STATION,"Observatoire",5,2,8,0.75,43.606301,3.87724
2026-03-28,20:32:00,2026-03-28T20:32:00+01:00,STATION,"Rondelet",3,13,16,0.1875,43.603038,3.875796
2026-03-28,20:32:00,2026-03-28T20:32:00+01:00,STATION,"Plan Cabanes",1,11,12,0.08333333333333333,43.608491,3.868389
2026-03-28,20:32:00,2026-03-28T20:32:00+01:00,STATION,"Boutonnet",6,6,12,0.5,43.622629,3.868375
2026-03-28,20:32:00,2026-03-28T20:32:00+01:00,STATION,"Emile Combes",7,1,8,0.875,43.616742,3.87998
2026-03-28,20:32:00,2026-03-28T20:32:00+01:00,STATION,"Beaux-Arts",7,9,16,0.4375,43.616698,3.884981
2026-03-28,20:32:00,2026-03-28T20:32:00+01:00,STATION,"Les Aubes",2,6,8,0.25,43.618692,3.893844
2026-03-28,20:32:00,2026-03-28T20:32:00+01:00,STATION,"Antigone centre",5,7,12,0.4166666666666667,43.607942,3.890634
2026-03-28,20:32:00,2026-03-28T20:32:00+01:00,STATION,"Médiathèque Emile Zola",8,8,16,0.5,43.608218,3.89314
2026-03-28,20:32:00,2026-03-28T20:32:00+01:00,STATION,"Nombre d Or",1,15,16,0.0625,43.607859,3.886644
2026-03-28,20:32:00,2026-03-28T20:32:00+01:00,STATION,"Louis Blanc",12,4,16,0.75,43.614642,3.877648
2026-03-28,20:32:00,2026-03-28T20:32:00+01:00,STATION,"Gambetta",1,7,8,0.125,43.607106,3.870693
2026-03-28,20:32:00,2026-03-28T20:32:00+01:00,STATION,"Port Marianne",11,5,16,0.6875,43.60032,3.89851
2026-03-28,20:32:00,2026-03-28T20:32:00+01:00,STATION,"Les Arceaux",5,3,8,0.625,43.612659,3.867734
2026-03-28,20:32:00,2026-03-28T20:32:00+01:00,STATION,"Cité Mion",1,5,8,0.375,43.601143,3.884373
2026-03-28,20:32:00,2026-03-28T20:32:00+01:00,STATION,"Nouveau Saint-Roch",7,1,8,0.875,43.599817,3.875757
2026-03-28,20:32:00,2026-03-28T20:32:00+01:00,STATION,"Renouvier",3,4,8,0.5,43.603553,3.867884
2026-03-28,20:32:00,2026-03-28T20:32:00+01:00,STATION,"Odysseum",0,8,8,0.0,43.603727,3.918979
2026-03-28,20:32:00,2026-03-28T20:32:00+01:00,STATION,"Saint-Denis",0,8,8,0.0,43.605021,3.875065
2026-03-28,20:32:00,2026-03-28T20:32:00+01:00,STATION,"Richter",3,13,16,0.1875,43.603424,3.899263
2026-03-28,20:32:00,2026-03-28T20:32:00+01:00,STATION,"Charles Flahault",0,8,8,0.0,43.622038,3.86672
2026-03-28,20:32:00,2026-03-28T20:32:00+01:00,STATION,"Voltaire",5,3,8,0.625,43.603767,3.888659
2026-03-28,20:32:00,2026-03-28T20:32:00+01:00,STATION,"Prés d Arènes",4,4,8,0.5,43.59048,3.884611
2026-03-28,20:32:00,2026-03-28T20:32:00+01:00,STATION,"Garcia Lorca",9,0,8,1.0,43.590757,3.890616
2026-03-28,20:32:00,2026-03-28T20:32:00+01:00,STATION,"Vert Bois",3,13,16,0.1875,43.63543,3.871179
2026-03-28,20:32:00,2026-03-28T20:32:00+01:00,STATION,"Malbosc",2,6,8,0.25,43.633679,3.832861
2026-03-28,20:32:00,2026-03-28T20:32:00+01:00,STATION,"Occitanie",9,23,32,0.28125,43.635689,3.849597
2026-03-28,20:32:00,2026-03-28T20:32:00+01:00,STATION,"Fac des Sciences",6,18,24,0.25,43.631318,3.861299
2026-03-28,20:32:00,2026-03-28T20:32:00+01:00,STATION,"Fac de Lettres",7,5,12,0.5833333333333334,43.630437,3.869539
2026-03-28,20:32:00,2026-03-28T20:32:00+01:00,STATION,"Aiguelongue",5,2,8,0.75,43.626163,3.882492
2026-03-28,20:32:00,2026-03-28T20:32:00+01:00,STATION,"Jeu de Mail des Abbés",5,3,8,0.625,43.619701,3.883831
2026-03-28,20:32:00,2026-03-28T20:32:00+01:00,STATION,"Euromédecine",2,6,8,0.25,43.639119,3.828199
2026-03-28,20:32:00,2026-03-28T20:32:00+01:00,STATION,"Marie Caizergues",7,1,8,0.875,43.619871,3.873812
2026-03-28,20:32:00,2026-03-28T20:32:00+01:00,STATION,"Sabines",5,3,8,0.625,43.584211,3.860031
2026-03-28,20:32:00,2026-03-28T20:32:00+01:00,STATION,"Celleneuve",5,3,8,0.625,43.61467,3.832624
2026-03-28,20:32:00,2026-03-28T20:32:00+01:00,STATION,"Jardin de la Lironde",7,1,8,0.875,43.60585,3.911576
2026-03-28,20:32:00,2026-03-28T20:32:00+01:00,STATION,"Père Soulas",6,2,8,0.75,43.621983,3.855603
2026-03-28,20:32:00,2026-03-28T20:32:00+01:00,STATION,"Place Viala",5,3,8,0.625,43.616812,3.855075
2026-03-28,20:32:00,2026-03-28T20:32:00+01:00,STATION,"Hôtel du Département",3,5,8,0.375,43.621682,3.83477
2026-03-28,20:32:00,2026-03-28T20:32:00+01:00,STATION,"Tonnelles",5,3,8,0.625,43.615155,3.839466
2026-03-28,20:32:00,2026-03-28T20:32:00+01:00,STATION,"Parvis Jules Ferry - Gare Saint-Roch",2,6,8,0.25,43.603889,3.879362
2026-03-28,20:32:00,2026-03-28T20:32:00+01:00,STATION,"Pont de Lattes - Gare Saint-Roch",6,6,12,0.5,43.606036,3.882393
2026-03-28,20:32:00,2026-03-28T20:32:00+01:00,STATION,"Deux Ponts - Gare Saint-Roch",0,8,8,0.0,43.604319,3.880916
2026-03-28,20:32:00,2026-03-28T20:32:00+01:00,STATION,"Providence - Ovalie",4,4,8,0.5,43.588239,3.853421
2026-03-28,20:32:00,2026-03-28T20:32:00+01:00,STATION,"Pérols Etang de l Or",42,26,68,0.6176470588235294,43.558351,3.963412
2026-03-28,20:32:00,2026-03-28T20:32:00+01:00,STATION,"Albert 1er - Cathédrale",5,7,12,0.4166666666666667,43.614005,3.873218
2026-03-28,20:32:00,2026-03-28T20:32:00+01:00,STATION,"Saint-Guilhem - Courreau",2,6,8,0.25,43.608996,3.872752
2026-03-28,20:32:00,2026-03-28T20:32:00+01:00,STATION,"Sud De France",0,8,8,0.0,43.59562,3.9235
2026-03-28,20:32:00,2026-03-28T20:32:00+01:00,STATION,"Comedie Baudin",0,8,8,0.0,43.608717,3.880787
2026-03-28,20:32:00,2026-03-28T20:32:00+01:00,STATION,"Jean de Beins",5,11,16,0.3125,43.609857,3.883884
2026-03-28,20:56:29,2026-03-28T20:56:29+01:00,STATION,"Rue Jules Ferry - Gare Saint-Roch",10,2,12,0.8333333333333334,43.605366,3.881346
2026-03-28,20:56:29,2026-03-28T20:56:29+01:00,STATION,"Comédie",14,6,20,0.7,43.608148,3.878778
2026-03-28,20:56:29,2026-03-28T20:56:29+01:00,STATION,"Hôtel de Ville",13,3,16,0.8125,43.599088,3.894866
2026-03-28,20:56:29,2026-03-28T20:56:29+01:00,STATION,"Corum",7,4,12,0.6666666666666666,43.613989,3.8816
2026-03-28,20:56:29,2026-03-28T20:56:29+01:00,STATION,"Place Albert 1er - St Charles",5,22,27,0.18518518518518517,43.616768,3.873375
2026-03-28,20:56:29,2026-03-28T20:56:29+01:00,STATION,"Foch",4,4,8,0.5,43.610989,3.873345
2026-03-28,20:56:29,2026-03-28T20:56:29+01:00,STATION,"Halles Castellane",0,12,12,0.0,43.609935,3.877208
2026-03-28,20:56:29,2026-03-28T20:56:29+01:00,STATION,"Observatoire",5,2,8,0.75,43.606301,3.87724
2026-03-28,20:56:29,2026-03-28T20:56:29+01:00,STATION,"Rondelet",3,13,16,0.1875,43.603038,3.875796
2026-03-28,20:56:29,2026-03-28T20:56:29+01:00,STATION,"Plan Cabanes",1,11,12,0.08333333333333333,43.608491,3.868389
2026-03-28,20:56:29,2026-03-28T20:56:29+01:00,STATION,"Boutonnet",6,6,12,0.5,43.622629,3.868375
2026-03-28,20:56:29,2026-03-28T20:56:29+01:00,STATION,"Emile Combes",7,1,8,0.875,43.616742,3.87998
2026-03-28,20:56:29,2026-03-28T20:56:29+01:00,STATION,"Beaux-Arts",7,9,16,0.4375,43.616698,3.884981
2026-03-28,20:56:29,2026-03-28T20:56:29+01:00,STATION,"Les Aubes",2,6,8,0.25,43.618692,3.893844
2026-03-28,20:56:29,2026-03-28T20:56:29+01:00,STATION,"Antigone centre",5,7,12,0.4166666666666667,43.607942,3.890634
2026-03-28,20:56:29,2026-03-28T20:56:29+01:00,STATION,"Médiathèque Emile Zola",8,8,16,0.5,43.608218,3.89314
2026-03-28,20:56:29,2026-03-28T20:56:29+01:00,STATION,"Nombre d Or",1,15,16,0.0625,43.607859,3.886644
2026-03-28,20:56:29,2026-03-28T20:56:29+01:00,STATION,"Louis Blanc",12,4,16,0.75,43.614642,3.877648
2026-03-28,20:56:29,2026-03-28T20:56:29+01:00,STATION,"Gambetta",1,7,8,0.125,43.607106,3.870693
2026-03-28,20:56:29,2026-03-28T20:56:29+01:00,STATION,"Port Marianne",11,5,16,0.6875,43.60032,3.89851
2026-03-28,20:56:29,2026-03-28T20:56:29+01:00,STATION,"Les Arceaux",5,3,8,0.625,43.612659,3.867734
2026-03-28,20:56:29,2026-03-28T20:56:29+01:00,STATION,"Cité Mion",1,5,8,0.375,43.601143,3.884373
2026-03-28,20:56:29,2026-03-28T20:56:29+01:00,STATION,"Nouveau Saint-Roch",7,1,8,0.875,43.599817,3.875757
2026-03-28,20:56:29,2026-03-28T20:56:29+01:00,STATION,"Renouvier",3,4,8,0.5,43.603553,3.867884
2026-03-28,20:56:29,2026-03-28T20:56:29+01:00,STATION,"Odysseum",0,8,8,0.0,43.603727,3.918979
2026-03-28,20:56:29,2026-03-28T20:56:29+01:00,STATION,"Saint-Denis",0,8,8,0.0,43.605021,3.875065
2026-03-28,20:56:29,2026-03-28T20:56:29+01:00,STATION,"Richter",3,13,16,0.1875,43.603424,3.899263
2026-03-28,20:56:29,2026-03-28T20:56:29+01:00,STATION,"Charles Flahault",0,8,8,0.0,43.622038,3.86672
2026-03-28,20:56:29,2026-03-28T20:56:29+01:00,STATION,"Voltaire",5,3,8,0.625,43.603767,3.888659
2026-03-28,20:56:29,2026-03-28T20:56:29+01:00,STATION,"Prés d Arènes",4,4,8,0.5,43.59048,3.884611
2026-03-28,20:56:29,2026-03-28T20:56:29+01:00,STATION,"Garcia Lorca",9,0,8,1.0,43.590757,3.890616
2026-03-28,20:56:29,2026-03-28T20:56:29+01:00,STATION,"Vert Bois",3,13,16,0.1875,43.63543,3.871179
2026-03-28,20:56:29,2026-03-28T20:56:29+01:00,STATION,"Malbosc",2,6,8,0.25,43.633679,3.832861
2026-03-28,20:56:29,2026-03-28T20:56:29+01:00,STATION,"Occitanie",9,23,32,0.28125,43.635689,3.849597
2026-03-28,20:56:29,2026-03-28T20:56:29+01:00,STATION,"Fac des Sciences",6,18,24,0.25,43.631318,3.861299
2026-03-28,20:56:29,2026-03-28T20:56:29+01:00,STATION,"Fac de Lettres",7,5,12,0.5833333333333334,43.630437,3.869539
2026-03-28,20:56:29,2026-03-28T20:56:29+01:00,STATION,"Aiguelongue",5,2,8,0.75,43.626163,3.882492
2026-03-28,20:56:29,2026-03-28T20:56:29+01:00,STATION,"Jeu de Mail des Abbés",5,3,8,0.625,43.619701,3.883831
2026-03-28,20:56:29,2026-03-28T20:56:29+01:00,STATION,"Euromédecine",2,6,8,0.25,43.639119,3.828199
2026-03-28,20:56:29,2026-03-28T20:56:29+01:00,STATION,"Marie Caizergues",7,1,8,0.875,43.619871,3.873812
2026-03-28,20:56:29,2026-03-28T20:56:29+01:00,STATION,"Sabines",5,3,8,0.625,43.584211,3.860031
2026-03-28,20:56:29,2026-03-28T20:56:29+01:00,STATION,"Celleneuve",5,3,8,0.625,43.61467,3.832624
2026-03-28,20:56:29,2026-03-28T20:56:29+01:00,STATION,"Jardin de la Lironde",7,1,8,0.875,43.60585,3.911576
2026-03-28,20:56:29,2026-03-28T20:56:29+01:00,STATION,"Père Soulas",6,2,8,0.75,43.621983,3.855603
2026-03-28,20:56:29,2026-03-28T20:56:29+01:00,STATION,"Place Viala",5,3,8,0.625,43.616812,3.855075
2026-03-28,20:56:29,2026-03-28T20:56:29+01:00,STATION,"Hôtel du Département",3,5,8,0.375,43.621682,3.83477
2026-03-28,20:56:29,2026-03-28T20:56:29+01:00,STATION,"Tonnelles",5,3,8,0.625,43.615155,3.839466
2026-03-28,20:56:29,2026-03-28T20:56:29+01:00,STATION,"Parvis Jules Ferry - Gare Saint-Roch",2,6,8,0.25,43.603889,3.879362
2026-03-28,20:56:29,2026-03-28T20:56:29+01:00,STATION,"Pont de Lattes - Gare Saint-Roch",6,6,12,0.5,43.606036,3.882393
2026-03-28,20:56:29,2026-03-28T20:56:29+01:00,STATION,"Deux Ponts - Gare Saint-Roch",0,8,8,0.0,43.604319,3.880916
2026-03-28,20:56:29,2026-03-28T20:56:29+01:00,STATION,"Providence - Ovalie",4,4,8,0.5,43.588239,3.853421
2026-03-28,20:56:29,2026-03-28T20:56:29+01:00,STATION,"Pérols Etang de l Or",42,26,68,0.6176470588235294,43.558351,3.963412
2026-03-28,20:56:29,2026-03-28T20:56:29+01:00,STATION,"Albert 1er - Cathédrale",5,7,12,0.4166666666666667,43.614005,3.873218
2026-03-28,20:56:29,2026-03-28T20:56:29+01:00,STATION,"Saint-Guilhem - Courreau",1,7,8,0.125,43.608996,3.872752
2026-03-28,20:56:29,2026-03-28T20:56:29+01:00,STATION,"Sud De France",0,8,8,0.0,43.59562,3.9235
2026-03-28,20:56:29,2026-03-28T20:56:29+01:00,STATION,"Comedie Baudin",0,8,8,0.0,43.608717,3.880787
2026-03-28,20:56:29,2026-03-28T20:56:29+01:00,STATION,"Jean de Beins",5,11,16,0.3125,43.609857,3.883884
2026-03-28,21:32:29,2026-03-28T21:32:29+01:00,STATION,"Rue Jules Ferry - Gare Saint-Roch",10,2,12,0.8333333333333334,43.605366,3.881346
2026-03-28,21:32:29,2026-03-28T21:32:29+01:00,STATION,"Comédie",14,6,20,0.7,43.608148,3.878778
2026-03-28,21:32:29,2026-03-28T21:32:29+01:00,STATION,"Hôtel de Ville",13,3,16,0.8125,43.599088,3.894866
2026-03-28,21:32:29,2026-03-28T21:32:29+01:00,STATION,"Corum",7,4,12,0.6666666666666666,43.613989,3.8816
2026-03-28,21:32:29,2026-03-28T21:32:29+01:00,STATION,"Place Albert 1er - St Charles",5,22,27,0.18518518518518517,43.616768,3.873375
2026-03-28,21:32:29,2026-03-28T21:32:29+01:00,STATION,"Foch",4,4,8,0.5,43.610989,3.873345
2026-03-28,21:32:29,2026-03-28T21:32:29+01:00,STATION,"Halles Castellane",0,12,12,0.0,43.609935,3.877208
2026-03-28,21:32:29,2026-03-28T21:32:29+01:00,STATION,"Observatoire",5,2,8,0.75,43.606301,3.87724
2026-03-28,21:32:29,2026-03-28T21:32:29+01:00,STATION,"Rondelet",3,13,16,0.1875,43.603038,3.875796
2026-03-28,21:32:29,2026-03-28T21:32:29+01:00,STATION,"Plan Cabanes",1,11,12,0.08333333333333333,43.608491,3.868389
2026-03-28,21:32:29,2026-03-28T21:32:29+01:00,STATION,"Boutonnet",7,5,12,0.5833333333333334,43.622629,3.868375
2026-03-28,21:32:29,2026-03-28T21:32:29+01:00,STATION,"Emile Combes",7,1,8,0.875,43.616742,3.87998
2026-03-28,21:32:29,2026-03-28T21:32:29+01:00,STATION,"Beaux-Arts",7,9,16,0.4375,43.616698,3.884981
2026-03-28,21:32:29,2026-03-28T21:32:29+01:00,STATION,"Les Aubes",2,6,8,0.25,43.618692,3.893844
2026-03-28,21:32:29,2026-03-28T21:32:29+01:00,STATION,"Antigone centre",5,7,12,0.4166666666666667,43.607942,3.890634
2026-03-28,21:32:29,2026-03-28T21:32:29+01:00,STATION,"Médiathèque Emile Zola",8,8,16,0.5,43.608218,3.89314
2026-03-28,21:32:29,2026-03-28T21:32:29+01:00,STATION,"Nombre d Or",1,15,16,0.0625,43.607859,3.886644
2026-03-28,21:32:29,2026-03-28T21:32:29+01:00,STATION,"Louis Blanc",11,5,16,0.6875,43.614642,3.877648
2026-03-28,21:32:29,2026-03-28T21:32:29+01:00,STATION,"Gambetta",1,7,8,0.125,43.607106,3.870693
2026-03-28,21:32:29,2026-03-28T21:32:29+01:00,STATION,"Port Marianne",11,5,16,0.6875,43.60032,3.89851
2026-03-28,21:32:29,2026-03-28T21:32:29+01:00,STATION,"Les Arceaux",5,3,8,0.625,43.612659,3.867734
2026-03-28,21:32:29,2026-03-28T21:32:29+01:00,STATION,"Cité Mion",1,5,8,0.375,43.601143,3.884373
2026-03-28,21:32:29,2026-03-28T21:32:29+01:00,STATION,"Nouveau Saint-Roch",7,1,8,0.875,43.599817,3.875757
2026-03-28,21:32:29,2026-03-28T21:32:29+01:00,STATION,"Renouvier",3,4,8,0.5,43.603553,3.867884
2026-03-28,21:32:29,2026-03-28T21:32:29+01:00,STATION,"Odysseum",0,8,8,0.0,43.603727,3.918979
2026-03-28,21:32:29,2026-03-28T21:32:29+01:00,STATION,"Saint-Denis",0,8,8,0.0,43.605021,3.875065
2026-03-28,21:32:29,2026-03-28T21:32:29+01:00,STATION,"Richter",3,13,16,0.1875,43.603424,3.899263
2026-03-28,21:32:29,2026-03-28T21:32:29+01:00,STATION,"Charles Flahault",0,8,8,0.0,43.622038,3.86672
2026-03-28,21:32:29,2026-03-28T21:32:29+01:00,STATION,"Voltaire",5,3,8,0.625,43.603767,3.888659
2026-03-28,21:32:29,2026-03-28T21:32:29+01:00,STATION,"Prés d Arènes",4,4,8,0.5,43.59048,3.884611
2026-03-28,21:32:29,2026-03-28T21:32:29+01:00,STATION,"Garcia Lorca",9,0,8,1.0,43.590757,3.890616
2026-03-28,21:32:29,2026-03-28T21:32:29+01:00,STATION,"Vert Bois",3,13,16,0.1875,43.63543,3.871179
2026-03-28,21:32:29,2026-03-28T21:32:29+01:00,STATION,"Malbosc",2,6,8,0.25,43.633679,3.832861
2026-03-28,21:32:29,2026-03-28T21:32:29+01:00,STATION,"Occitanie",9,23,32,0.28125,43.635689,3.849597
2026-03-28,21:32:29,2026-03-28T21:32:29+01:00,STATION,"Fac des Sciences",6,18,24,0.25,43.631318,3.861299
2026-03-28,21:32:29,2026-03-28T21:32:29+01:00,STATION,"Fac de Lettres",7,5,12,0.5833333333333334,43.630437,3.869539
2026-03-28,21:32:29,2026-03-28T21:32:29+01:00,STATION,"Aiguelongue",5,2,8,0.75,43.626163,3.882492
2026-03-28,21:32:29,2026-03-28T21:32:29+01:00,STATION,"Jeu de Mail des Abbés",5,3,8,0.625,43.619701,3.883831
2026-03-28,21:32:29,2026-03-28T21:32:29+01:00,STATION,"Euromédecine",2,6,8,0.25,43.639119,3.828199
2026-03-28,21:32:29,2026-03-28T21:32:29+01:00,STATION,"Marie Caizergues",7,1,8,0.875,43.619871,3.873812
2026-03-28,21:32:29,2026-03-28T21:32:29+01:00,STATION,"Sabines",5,3,8,0.625,43.584211,3.860031
2026-03-28,21:32:29,2026-03-28T21:32:29+01:00,STATION,"Celleneuve",5,3,8,0.625,43.61467,3.832624
2026-03-28,21:32:29,2026-03-28T21:32:29+01:00,STATION,"Jardin de la Lironde",7,1,8,0.875,43.60585,3.911576
2026-03-28,21:32:29,2026-03-28T21:32:29+01:00,STATION,"Père Soulas",6,2,8,0.75,43.621983,3.855603
2026-03-28,21:32:29,2026-03-28T21:32:29+01:00,STATION,"Place Viala",4,4,8,0.5,43.616812,3.855075
2026-03-28,21:32:29,2026-03-28T21:32:29+01:00,STATION,"Hôtel du Département",3,5,8,0.375,43.621682,3.83477
2026-03-28,21:32:29,2026-03-28T21:32:29+01:00,STATION,"Tonnelles",5,3,8,0.625,43.615155,3.839466
2026-03-28,21:32:29,2026-03-28T21:32:29+01:00,STATION,"Parvis Jules Ferry - Gare Saint-Roch",2,6,8,0.25,43.603889,3.879362
2026-03-28,21:32:29,2026-03-28T21:32:29+01:00,STATION,"Pont de Lattes - Gare Saint-Roch",6,6,12,0.5,43.606036,3.882393
2026-03-28,21:32:29,2026-03-28T21:32:29+01:00,STATION,"Deux Ponts - Gare Saint-Roch",0,8,8,0.0,43.604319,3.880916
2026-03-28,21:32:29,2026-03-28T21:32:29+01:00,STATION,"Providence - Ovalie",4,4,8,0.5,43.588239,3.853421
2026-03-28,21:32:29,2026-03-28T21:32:29+01:00,STATION,"Pérols Etang de l Or",42,26,68,0.6176470588235294,43.558351,3.963412
2026-03-28,21:32:29,2026-03-28T21:32:29+01:00,STATION,"Albert 1er - Cathédrale",5,7,12,0.4166666666666667,43.614005,3.873218
2026-03-28,21:32:29,2026-03-28T21:32:29+01:00,STATION,"Saint-Guilhem - Courreau",1,7,8,0.125,43.608996,3.872752
2026-03-28,21:32:29,2026-03-28T21:32:29+01:00,STATION,"Sud De France",0,8,8,0.0,43.59562,3.9235
2026-03-28,21:32:29,2026-03-28T21:32:29+01:00,STATION,"Comedie Baudin",0,8,8,0.0,43.608717,3.880787
2026-03-28,21:32:29,2026-03-28T21:32:29+01:00,STATION,"Jean de Beins",4,12,16,0.25,43.609857,3.883884
2026-03-28,22:00:21,2026-03-28T22:00:21+01:00,STATION,"Rue Jules Ferry - Gare Saint-Roch",10,2,12,0.8333333333333334,43.605366,3.881346
2026-03-28,22:00:21,2026-03-28T22:00:21+01:00,STATION,"Comédie",13,7,20,0.65,43.608148,3.878778
2026-03-28,22:00:21,2026-03-28T22:00:21+01:00,STATION,"Hôtel de Ville",13,3,16,0.8125,43.599088,3.894866
2026-03-28,22:00:21,2026-03-28T22:00:21+01:00,STATION,"Corum",7,4,12,0.6666666666666666,43.613989,3.8816
2026-03-28,22:00:21,2026-03-28T22:00:21+01:00,STATION,"Place Albert 1er - St Charles",5,22,27,0.18518518518518517,43.616768,3.873375
2026-03-28,22:00:21,2026-03-28T22:00:21+01:00,STATION,"Foch",4,4,8,0.5,43.610989,3.873345
2026-03-28,22:00:21,2026-03-28T22:00:21+01:00,STATION,"Halles Castellane",0,12,12,0.0,43.609935,3.877208
2026-03-28,22:00:21,2026-03-28T22:00:21+01:00,STATION,"Observatoire",3,4,8,0.5,43.606301,3.87724
2026-03-28,22:00:21,2026-03-28T22:00:21+01:00,STATION,"Rondelet",3,13,16,0.1875,43.603038,3.875796
2026-03-28,22:00:21,2026-03-28T22:00:21+01:00,STATION,"Plan Cabanes",2,10,12,0.16666666666666666,43.608491,3.868389
2026-03-28,22:00:21,2026-03-28T22:00:21+01:00,STATION,"Boutonnet",7,5,12,0.5833333333333334,43.622629,3.868375
2026-03-28,22:00:21,2026-03-28T22:00:21+01:00,STATION,"Emile Combes",7,1,8,0.875,43.616742,3.87998
2026-03-28,22:00:21,2026-03-28T22:00:21+01:00,STATION,"Beaux-Arts",9,7,16,0.5625,43.616698,3.884981
2026-03-28,22:00:21,2026-03-28T22:00:21+01:00,STATION,"Les Aubes",2,6,8,0.25,43.618692,3.893844
2026-03-28,22:00:21,2026-03-28T22:00:21+01:00,STATION,"Antigone centre",5,7,12,0.4166666666666667,43.607942,3.890634
2026-03-28,22:00:21,2026-03-28T22:00:21+01:00,STATION,"Médiathèque Emile Zola",8,8,16,0.5,43.608218,3.89314
2026-03-28,22:00:21,2026-03-28T22:00:21+01:00,STATION,"Nombre d Or",1,15,16,0.0625,43.607859,3.886644
2026-03-28,22:00:21,2026-03-28T22:00:21+01:00,STATION,"Louis Blanc",11,5,16,0.6875,43.614642,3.877648
2026-03-28,22:00:21,2026-03-28T22:00:21+01:00,STATION,"Gambetta",1,7,8,0.125,43.607106,3.870693
2026-03-28,22:00:21,2026-03-28T22:00:21+01:00,STATION,"Port Marianne",11,5,16,0.6875,43.60032,3.89851
2026-03-28,22:00:21,2026-03-28T22:00:21+01:00,STATION,"Les Arceaux",5,3,8,0.625,43.612659,3.867734
2026-03-28,22:00:21,2026-03-28T22:00:21+01:00,STATION,"Cité Mion",1,5,8,0.375,43.601143,3.884373
2026-03-28,22:00:21,2026-03-28T22:00:21+01:00,STATION,"Nouveau Saint-Roch",7,1,8,0.875,43.599817,3.875757
2026-03-28,22:00:21,2026-03-28T22:00:21+01:00,STATION,"Renouvier",3,4,8,0.5,43.603553,3.867884
2026-03-28,22:00:21,2026-03-28T22:00:21+01:00,STATION,"Odysseum",0,8,8,0.0,43.603727,3.918979
2026-03-28,22:00:21,2026-03-28T22:00:21+01:00,STATION,"Saint-Denis",0,8,8,0.0,43.605021,3.875065
2026-03-28,22:00:21,2026-03-28T22:00:21+01:00,STATION,"Richter",3,13,16,0.1875,43.603424,3.899263
2026-03-28,22:00:21,2026-03-28T22:00:21+01:00,STATION,"Charles Flahault",0,8,8,0.0,43.622038,3.86672
2026-03-28,22:00:21,2026-03-28T22:00:21+01:00,STATION,"Voltaire",5,3,8,0.625,43.603767,3.888659
2026-03-28,22:00:21,2026-03-28T22:00:21+01:00,STATION,"Prés d Arènes",4,4,8,0.5,43.59048,3.884611
2026-03-28,22:00:21,2026-03-28T22:00:21+01:00,STATION,"Garcia Lorca",9,0,8,1.0,43.590757,3.890616
2026-03-28,22:00:21,2026-03-28T22:00:21+01:00,STATION,"Vert Bois",3,13,16,0.1875,43.63543,3.871179
2026-03-28,22:00:21,2026-03-28T22:00:21+01:00,STATION,"Malbosc",2,6,8,0.25,43.633679,3.832861
2026-03-28,22:00:21,2026-03-28T22:00:21+01:00,STATION,"Occitanie",9,23,32,0.28125,43.635689,3.849597
2026-03-28,22:00:21,2026-03-28T22:00:21+01:00,STATION,"Fac des Sciences",6,18,24,0.25,43.631318,3.861299
2026-03-28,22:00:21,2026-03-28T22:00:21+01:00,STATION,"Fac de Lettres",7,5,12,0.5833333333333334,43.630437,3.869539
2026-03-28,22:00:21,2026-03-28T22:00:21+01:00,STATION,"Aiguelongue",5,2,8,0.75,43.626163,3.882492
2026-03-28,22:00:21,2026-03-28T22:00:21+01:00,STATION,"Jeu de Mail des Abbés",5,3,8,0.625,43.619701,3.883831
2026-03-28,22:00:21,2026-03-28T22:00:21+01:00,STATION,"Euromédecine",2,6,8,0.25,43.639119,3.828199
2026-03-28,22:00:21,2026-03-28T22:00:21+01:00,STATION,"Marie Caizergues",8,0,8,1.0,43.619871,3.873812
2026-03-28,22:00:21,2026-03-28T22:00:21+01:00,STATION,"Sabines",4,4,8,0.5,43.584211,3.860031
2026-03-28,22:00:21,2026-03-28T22:00:21+01:00,STATION,"Celleneuve",5,3,8,0.625,43.61467,3.832624
2026-03-28,22:00:21,2026-03-28T22:00:21+01:00,STATION,"Jardin de la Lironde",7,1,8,0.875,43.60585,3.911576
2026-03-28,22:00:21,2026-03-28T22:00:21+01:00,STATION,"Père Soulas",6,2,8,0.75,43.621983,3.855603
2026-03-28,22:00:21,2026-03-28T22:00:21+01:00,STATION,"Place Viala",4,4,8,0.5,43.616812,3.855075
2026-03-28,22:00:21,2026-03-28T22:00:21+01:00,STATION,"Hôtel du Département",3,5,8,0.375,43.621682,3.83477
2026-03-28,22:00:21,2026-03-28T22:00:21+01:00,STATION,"Tonnelles",5,3,8,0.625,43.615155,3.839466
2026-03-28,22:00:21,2026-03-28T22:00:21+01:00,STATION,"Parvis Jules Ferry - Gare Saint-Roch",2,6,8,0.25,43.603889,3.879362
2026-03-28,22:00:21,2026-03-28T22:00:21+01:00,STATION,"Pont de Lattes - Gare Saint-Roch",6,6,12,0.5,43.606036,3.882393
2026-03-28,22:00:21,2026-03-28T22:00:21+01:00,STATION,"Deux Ponts - Gare Saint-Roch",0,8,8,0.0,43.604319,3.880916
2026-03-28,22:00:21,2026-03-28T22:00:21+01:00,STATION,"Providence - Ovalie",4,4,8,0.5,43.588239,3.853421
2026-03-28,22:00:21,2026-03-28T22:00:21+01:00,STATION,"Pérols Etang de l Or",42,26,68,0.6176470588235294,43.558351,3.963412
2026-03-28,22:00:21,2026-03-28T22:00:21+01:00,STATION,"Albert 1er - Cathédrale",5,7,12,0.4166666666666667,43.614005,3.873218
2026-03-28,22:00:21,2026-03-28T22:00:21+01:00,STATION,"Saint-Guilhem - Courreau",1,7,8,0.125,43.608996,3.872752
2026-03-28,22:00:21,2026-03-28T22:00:21+01:00,STATION,"Sud De France",0,8,8,0.0,43.59562,3.9235
2026-03-28,22:00:21,2026-03-28T22:00:21+01:00,STATION,"Comedie Baudin",0,8,8,0.0,43.608717,3.880787
2026-03-28,22:00:21,2026-03-28T22:00:21+01:00,STATION,"Jean de Beins",2,14,16,0.125,43.609857,3.883884
