date,heure,timestamp,type,nom,velos_dispo,bornes_libres,total,taux_occupation_places,lat,lon
2026-04-18,00:41:56,2026-04-18T00:41:56+02:00,STATION,"Rue Jules Ferry - Gare Saint-Roch",9,3,12,0.75,43.605366,3.881346
2026-04-18,00:41:56,2026-04-18T00:41:56+02:00,STATION,"Comédie",1,19,20,0.05,43.608148,3.878778
2026-04-18,00:41:56,2026-04-18T00:41:56+02:00,STATION,"Hôtel de Ville",16,0,16,1.0,43.599088,3.894866
2026-04-18,00:41:56,2026-04-18T00:41:56+02:00,STATION,"Corum",8,4,12,0.6666666666666666,43.613989,3.8816
2026-04-18,00:41:56,2026-04-18T00:41:56+02:00,STATION,"Place Albert 1er - St Charles",1,26,27,0.037037037037037035,43.616768,3.873375
2026-04-18,00:41:56,2026-04-18T00:41:56+02:00,STATION,"Foch",5,3,8,0.625,43.610989,3.873345
2026-04-18,00:41:56,2026-04-18T00:41:56+02:00,STATION,"Halles Castellane",0,12,12,0.0,43.609935,3.877208
2026-04-18,00:41:56,2026-04-18T00:41:56+02:00,STATION,"Observatoire",4,3,8,0.625,43.606301,3.87724
2026-04-18,00:41:56,2026-04-18T00:41:56+02:00,STATION,"Rondelet",6,10,16,0.375,43.603038,3.875796
2026-04-18,00:41:56,2026-04-18T00:41:56+02:00,STATION,"Plan Cabanes",7,5,12,0.5833333333333334,43.608491,3.868389
2026-04-18,00:41:56,2026-04-18T00:41:56+02:00,STATION,"Boutonnet",1,10,12,0.16666666666666666,43.622629,3.868375
2026-04-18,00:41:56,2026-04-18T00:41:56+02:00,STATION,"Emile Combes",5,3,8,0.625,43.616742,3.87998
2026-04-18,00:41:56,2026-04-18T00:41:56+02:00,STATION,"Beaux-Arts",2,14,16,0.125,43.616698,3.884981
2026-04-18,00:41:56,2026-04-18T00:41:56+02:00,STATION,"Les Aubes",7,1,8,0.875,43.618692,3.893844
2026-04-18,00:41:56,2026-04-18T00:41:56+02:00,STATION,"Antigone centre",8,4,12,0.6666666666666666,43.607942,3.890634
2026-04-18,00:41:56,2026-04-18T00:41:56+02:00,STATION,"Médiathèque Emile Zola",13,3,16,0.8125,43.608218,3.89314
2026-04-18,00:41:56,2026-04-18T00:41:56+02:00,STATION,"Nombre d Or",8,8,16,0.5,43.607859,3.886644
2026-04-18,00:41:56,2026-04-18T00:41:56+02:00,STATION,"Louis Blanc",9,7,16,0.5625,43.614642,3.877648
2026-04-18,00:41:56,2026-04-18T00:41:56+02:00,STATION,"Gambetta",3,5,8,0.375,43.607106,3.870693
2026-04-18,00:41:56,2026-04-18T00:41:56+02:00,STATION,"Port Marianne",17,0,16,1.0,43.60032,3.89851
2026-04-18,00:41:56,2026-04-18T00:41:56+02:00,STATION,"Les Arceaux",4,4,8,0.5,43.612659,3.867734
2026-04-18,00:41:56,2026-04-18T00:41:56+02:00,STATION,"Cité Mion",5,1,8,0.875,43.601143,3.884373
2026-04-18,00:41:56,2026-04-18T00:41:56+02:00,STATION,"Nouveau Saint-Roch",4,4,8,0.5,43.599817,3.875757
2026-04-18,00:41:56,2026-04-18T00:41:56+02:00,STATION,"Renouvier",2,5,8,0.375,43.603553,3.867884
2026-04-18,00:41:56,2026-04-18T00:41:56+02:00,STATION,"Odysseum",0,8,8,0.0,43.603727,3.918979
2026-04-18,00:41:56,2026-04-18T00:41:56+02:00,STATION,"Saint-Denis",0,8,8,0.0,43.605021,3.875065
2026-04-18,00:41:56,2026-04-18T00:41:56+02:00,STATION,"Richter",15,1,16,0.9375,43.603424,3.899263
2026-04-18,00:41:56,2026-04-18T00:41:56+02:00,STATION,"Charles Flahault",2,6,8,0.25,43.622038,3.86672
2026-04-18,00:41:56,2026-04-18T00:41:56+02:00,STATION,"Voltaire",6,2,8,0.75,43.603767,3.888659
2026-04-18,00:41:56,2026-04-18T00:41:56+02:00,STATION,"Prés d Arènes",4,4,8,0.5,43.59048,3.884611
2026-04-18,00:41:56,2026-04-18T00:41:56+02:00,STATION,"Garcia Lorca",6,2,8,0.75,43.590757,3.890616
2026-04-18,00:41:56,2026-04-18T00:41:56+02:00,STATION,"Vert Bois",3,13,16,0.1875,43.63543,3.871179
2026-04-18,00:41:56,2026-04-18T00:41:56+02:00,STATION,"Malbosc",1,7,8,0.125,43.633679,3.832861
2026-04-18,00:41:56,2026-04-18T00:41:56+02:00,STATION,"Occitanie",3,29,32,0.09375,43.635689,3.849597
2026-04-18,00:41:56,2026-04-18T00:41:56+02:00,STATION,"Fac des Sciences",0,24,24,0.0,43.631318,3.861299
2026-04-18,00:41:56,2026-04-18T00:41:56+02:00,STATION,"Fac de Lettres",5,7,12,0.4166666666666667,43.630437,3.869539
2026-04-18,00:41:56,2026-04-18T00:41:56+02:00,STATION,"Aiguelongue",4,3,8,0.625,43.626163,3.882492
2026-04-18,00:41:56,2026-04-18T00:41:56+02:00,STATION,"Jeu de Mail des Abbés",4,4,8,0.5,43.619701,3.883831
2026-04-18,00:41:56,2026-04-18T00:41:56+02:00,STATION,"Euromédecine",2,6,8,0.25,43.639119,3.828199
2026-04-18,00:41:56,2026-04-18T00:41:56+02:00,STATION,"Marie Caizergues",3,5,8,0.375,43.619871,3.873812
2026-04-18,00:41:56,2026-04-18T00:41:56+02:00,STATION,"Sabines",6,2,8,0.75,43.584211,3.860031
2026-04-18,00:41:56,2026-04-18T00:41:56+02:00,STATION,"Celleneuve",2,6,8,0.25,43.61467,3.832624
2026-04-18,00:41:56,2026-04-18T00:41:56+02:00,STATION,"Jardin de la Lironde",4,4,8,0.5,43.60585,3.911576
2026-04-18,00:41:56,2026-04-18T00:41:56+02:00,STATION,"Père Soulas",4,4,8,0.5,43.621983,3.855603
2026-04-18,00:41:56,2026-04-18T00:41:56+02:00,STATION,"Place Viala",5,2,8,0.75,43.616812,3.855075
2026-04-18,00:41:56,2026-04-18T00:41:56+02:00,STATION,"Hôtel du Département",3,5,8,0.375,43.621682,3.83477
2026-04-18,00:41:56,2026-04-18T00:41:56+02:00,STATION,"Tonnelles",2,6,8,0.25,43.615155,3.839466
2026-04-18,00:41:56,2026-04-18T00:41:56+02:00,STATION,"Parvis Jules Ferry - Gare Saint-Roch",3,5,8,0.375,43.603889,3.879362
2026-04-18,00:41:56,2026-04-18T00:41:56+02:00,STATION,"Pont de Lattes - Gare Saint-Roch",5,6,12,0.5,43.606036,3.882393
2026-04-18,00:41:56,2026-04-18T00:41:56+02:00,STATION,"Deux Ponts - Gare Saint-Roch",0,8,8,0.0,43.604319,3.880916
2026-04-18,00:41:56,2026-04-18T00:41:56+02:00,STATION,"Providence - Ovalie",4,4,8,0.5,43.588239,3.853421
2026-04-18,00:41:56,2026-04-18T00:41:56+02:00,STATION,"Pérols Etang de l Or",33,35,68,0.4852941176470588,43.558351,3.963412
2026-04-18,00:41:56,2026-04-18T00:41:56+02:00,STATION,"Albert 1er - Cathédrale",2,10,12,0.16666666666666666,43.614005,3.873218
2026-04-18,00:41:56,2026-04-18T00:41:56+02:00,STATION,"Saint-Guilhem - Courreau",2,6,8,0.25,43.608996,3.872752
2026-04-18,00:41:56,2026-04-18T00:41:56+02:00,STATION,"Sud De France",2,5,8,0.375,43.59562,3.9235
2026-04-18,00:41:56,2026-04-18T00:41:56+02:00,STATION,"Comedie Baudin",0,8,8,0.0,43.608717,3.880787
2026-04-18,00:41:56,2026-04-18T00:41:56+02:00,STATION,"Jean de Beins",2,14,16,0.125,43.609857,3.883884
2026-04-18,01:42:08,2026-04-18T01:42:08+02:00,STATION,"Rue Jules Ferry - Gare Saint-Roch",8,4,12,0.6666666666666666,43.605366,3.881346
2026-04-18,01:42:08,2026-04-18T01:42:08+02:00,STATION,"Comédie",5,15,20,0.25,43.608148,3.878778
2026-04-18,01:42:08,2026-04-18T01:42:08+02:00,STATION,"Hôtel de Ville",17,0,16,1.0,43.599088,3.894866
2026-04-18,01:42:08,2026-04-18T01:42:08+02:00,STATION,"Corum",8,4,12,0.6666666666666666,43.613989,3.8816
2026-04-18,01:42:08,2026-04-18T01:42:08+02:00,STATION,"Place Albert 1er - St Charles",1,26,27,0.037037037037037035,43.616768,3.873375
2026-04-18,01:42:08,2026-04-18T01:42:08+02:00,STATION,"Foch",3,5,8,0.375,43.610989,3.873345
2026-04-18,01:42:08,2026-04-18T01:42:08+02:00,STATION,"Halles Castellane",0,12,12,0.0,43.609935,3.877208
2026-04-18,01:42:08,2026-04-18T01:42:08+02:00,STATION,"Observatoire",4,3,8,0.625,43.606301,3.87724
2026-04-18,01:42:08,2026-04-18T01:42:08+02:00,STATION,"Rondelet",6,10,16,0.375,43.603038,3.875796
2026-04-18,01:42:08,2026-04-18T01:42:08+02:00,STATION,"Plan Cabanes",7,5,12,0.5833333333333334,43.608491,3.868389
2026-04-18,01:42:08,2026-04-18T01:42:08+02:00,STATION,"Boutonnet",1,10,12,0.16666666666666666,43.622629,3.868375
2026-04-18,01:42:08,2026-04-18T01:42:08+02:00,STATION,"Emile Combes",5,3,8,0.625,43.616742,3.87998
2026-04-18,01:42:08,2026-04-18T01:42:08+02:00,STATION,"Beaux-Arts",4,12,16,0.25,43.616698,3.884981
2026-04-18,01:42:08,2026-04-18T01:42:08+02:00,STATION,"Les Aubes",7,1,8,0.875,43.618692,3.893844
2026-04-18,01:42:08,2026-04-18T01:42:08+02:00,STATION,"Antigone centre",8,4,12,0.6666666666666666,43.607942,3.890634
2026-04-18,01:42:08,2026-04-18T01:42:08+02:00,STATION,"Médiathèque Emile Zola",13,3,16,0.8125,43.608218,3.89314
2026-04-18,01:42:08,2026-04-18T01:42:08+02:00,STATION,"Nombre d Or",8,8,16,0.5,43.607859,3.886644
2026-04-18,01:42:08,2026-04-18T01:42:08+02:00,STATION,"Louis Blanc",9,7,16,0.5625,43.614642,3.877648
2026-04-18,01:42:08,2026-04-18T01:42:08+02:00,STATION,"Gambetta",3,5,8,0.375,43.607106,3.870693
2026-04-18,01:42:08,2026-04-18T01:42:08+02:00,STATION,"Port Marianne",17,0,16,1.0,43.60032,3.89851
2026-04-18,01:42:08,2026-04-18T01:42:08+02:00,STATION,"Les Arceaux",4,4,8,0.5,43.612659,3.867734
2026-04-18,01:42:08,2026-04-18T01:42:08+02:00,STATION,"Cité Mion",0,6,8,0.25,43.601143,3.884373
2026-04-18,01:42:08,2026-04-18T01:42:08+02:00,STATION,"Nouveau Saint-Roch",4,4,8,0.5,43.599817,3.875757
2026-04-18,01:42:08,2026-04-18T01:42:08+02:00,STATION,"Renouvier",2,5,8,0.375,43.603553,3.867884
2026-04-18,01:42:08,2026-04-18T01:42:08+02:00,STATION,"Odysseum",0,8,8,0.0,43.603727,3.918979
2026-04-18,01:42:08,2026-04-18T01:42:08+02:00,STATION,"Saint-Denis",0,8,8,0.0,43.605021,3.875065
2026-04-18,01:42:08,2026-04-18T01:42:08+02:00,STATION,"Richter",15,1,16,0.9375,43.603424,3.899263
2026-04-18,01:42:08,2026-04-18T01:42:08+02:00,STATION,"Charles Flahault",2,6,8,0.25,43.622038,3.86672
2026-04-18,01:42:08,2026-04-18T01:42:08+02:00,STATION,"Voltaire",6,2,8,0.75,43.603767,3.888659
2026-04-18,01:42:08,2026-04-18T01:42:08+02:00,STATION,"Prés d Arènes",4,4,8,0.5,43.59048,3.884611
2026-04-18,01:42:08,2026-04-18T01:42:08+02:00,STATION,"Garcia Lorca",6,2,8,0.75,43.590757,3.890616
2026-04-18,01:42:08,2026-04-18T01:42:08+02:00,STATION,"Vert Bois",3,13,16,0.1875,43.63543,3.871179
2026-04-18,01:42:08,2026-04-18T01:42:08+02:00,STATION,"Malbosc",1,7,8,0.125,43.633679,3.832861
2026-04-18,01:42:08,2026-04-18T01:42:08+02:00,STATION,"Occitanie",3,29,32,0.09375,43.635689,3.849597
2026-04-18,01:42:08,2026-04-18T01:42:08+02:00,STATION,"Fac des Sciences",0,24,24,0.0,43.631318,3.861299
2026-04-18,01:42:08,2026-04-18T01:42:08+02:00,STATION,"Fac de Lettres",5,7,12,0.4166666666666667,43.630437,3.869539
2026-04-18,01:42:08,2026-04-18T01:42:08+02:00,STATION,"Aiguelongue",4,3,8,0.625,43.626163,3.882492
2026-04-18,01:42:08,2026-04-18T01:42:08+02:00,STATION,"Jeu de Mail des Abbés",4,4,8,0.5,43.619701,3.883831
2026-04-18,01:42:08,2026-04-18T01:42:08+02:00,STATION,"Euromédecine",2,6,8,0.25,43.639119,3.828199
2026-04-18,01:42:08,2026-04-18T01:42:08+02:00,STATION,"Marie Caizergues",3,5,8,0.375,43.619871,3.873812
2026-04-18,01:42:08,2026-04-18T01:42:08+02:00,STATION,"Sabines",6,2,8,0.75,43.584211,3.860031
2026-04-18,01:42:08,2026-04-18T01:42:08+02:00,STATION,"Celleneuve",2,6,8,0.25,43.61467,3.832624
2026-04-18,01:42:08,2026-04-18T01:42:08+02:00,STATION,"Jardin de la Lironde",5,3,8,0.625,43.60585,3.911576
2026-04-18,01:42:08,2026-04-18T01:42:08+02:00,STATION,"Père Soulas",4,4,8,0.5,43.621983,3.855603
2026-04-18,01:42:08,2026-04-18T01:42:08+02:00,STATION,"Place Viala",4,3,8,0.625,43.616812,3.855075
2026-04-18,01:42:08,2026-04-18T01:42:08+02:00,STATION,"Hôtel du Département",3,5,8,0.375,43.621682,3.83477
2026-04-18,01:42:08,2026-04-18T01:42:08+02:00,STATION,"Tonnelles",2,6,8,0.25,43.615155,3.839466
2026-04-18,01:42:08,2026-04-18T01:42:08+02:00,STATION,"Parvis Jules Ferry - Gare Saint-Roch",3,5,8,0.375,43.603889,3.879362
2026-04-18,01:42:08,2026-04-18T01:42:08+02:00,STATION,"Pont de Lattes - Gare Saint-Roch",5,6,12,0.5,43.606036,3.882393
2026-04-18,01:42:08,2026-04-18T01:42:08+02:00,STATION,"Deux Ponts - Gare Saint-Roch",0,8,8,0.0,43.604319,3.880916
2026-04-18,01:42:08,2026-04-18T01:42:08+02:00,STATION,"Providence - Ovalie",4,4,8,0.5,43.588239,3.853421
2026-04-18,01:42:08,2026-04-18T01:42:08+02:00,STATION,"Pérols Etang de l Or",33,35,68,0.4852941176470588,43.558351,3.963412
2026-04-18,01:42:08,2026-04-18T01:42:08+02:00,STATION,"Albert 1er - Cathédrale",2,10,12,0.16666666666666666,43.614005,3.873218
2026-04-18,01:42:08,2026-04-18T01:42:08+02:00,STATION,"Saint-Guilhem - Courreau",2,6,8,0.25,43.608996,3.872752
2026-04-18,01:42:08,2026-04-18T01:42:08+02:00,STATION,"Sud De France",2,5,8,0.375,43.59562,3.9235
2026-04-18,01:42:08,2026-04-18T01:42:08+02:00,STATION,"Comedie Baudin",0,8,8,0.0,43.608717,3.880787
2026-04-18,01:42:08,2026-04-18T01:42:08+02:00,STATION,"Jean de Beins",2,14,16,0.125,43.609857,3.883884
2026-04-18,04:28:53,2026-04-18T04:28:53+02:00,STATION,"Rue Jules Ferry - Gare Saint-Roch",7,5,12,0.5833333333333334,43.605366,3.881346
2026-04-18,04:28:53,2026-04-18T04:28:53+02:00,STATION,"Comédie",1,19,20,0.05,43.608148,3.878778
2026-04-18,04:28:53,2026-04-18T04:28:53+02:00,STATION,"Hôtel de Ville",17,0,16,1.0,43.599088,3.894866
2026-04-18,04:28:53,2026-04-18T04:28:53+02:00,STATION,"Corum",8,4,12,0.6666666666666666,43.613989,3.8816
2026-04-18,04:28:53,2026-04-18T04:28:53+02:00,STATION,"Place Albert 1er - St Charles",2,25,27,0.07407407407407407,43.616768,3.873375
2026-04-18,04:28:53,2026-04-18T04:28:53+02:00,STATION,"Foch",2,6,8,0.25,43.610989,3.873345
2026-04-18,04:28:53,2026-04-18T04:28:53+02:00,STATION,"Halles Castellane",0,12,12,0.0,43.609935,3.877208
2026-04-18,04:28:53,2026-04-18T04:28:53+02:00,STATION,"Observatoire",3,4,8,0.5,43.606301,3.87724
2026-04-18,04:28:53,2026-04-18T04:28:53+02:00,STATION,"Rondelet",6,10,16,0.375,43.603038,3.875796
2026-04-18,04:28:53,2026-04-18T04:28:53+02:00,STATION,"Plan Cabanes",8,4,12,0.6666666666666666,43.608491,3.868389
2026-04-18,04:28:53,2026-04-18T04:28:53+02:00,STATION,"Boutonnet",2,9,12,0.25,43.622629,3.868375
2026-04-18,04:28:53,2026-04-18T04:28:53+02:00,STATION,"Emile Combes",5,3,8,0.625,43.616742,3.87998
2026-04-18,04:28:53,2026-04-18T04:28:53+02:00,STATION,"Beaux-Arts",3,13,16,0.1875,43.616698,3.884981
2026-04-18,04:28:53,2026-04-18T04:28:53+02:00,STATION,"Les Aubes",7,1,8,0.875,43.618692,3.893844
2026-04-18,04:28:53,2026-04-18T04:28:53+02:00,STATION,"Antigone centre",10,2,12,0.8333333333333334,43.607942,3.890634
2026-04-18,04:28:53,2026-04-18T04:28:53+02:00,STATION,"Médiathèque Emile Zola",14,2,16,0.875,43.608218,3.89314
2026-04-18,04:28:53,2026-04-18T04:28:53+02:00,STATION,"Nombre d Or",7,9,16,0.4375,43.607859,3.886644
2026-04-18,04:28:53,2026-04-18T04:28:53+02:00,STATION,"Louis Blanc",6,10,16,0.375,43.614642,3.877648
2026-04-18,04:28:53,2026-04-18T04:28:53+02:00,STATION,"Gambetta",3,5,8,0.375,43.607106,3.870693
2026-04-18,04:28:53,2026-04-18T04:28:53+02:00,STATION,"Port Marianne",17,0,16,1.0,43.60032,3.89851
2026-04-18,04:28:53,2026-04-18T04:28:53+02:00,STATION,"Les Arceaux",2,6,8,0.25,43.612659,3.867734
2026-04-18,04:28:53,2026-04-18T04:28:53+02:00,STATION,"Cité Mion",0,6,8,0.25,43.601143,3.884373
2026-04-18,04:28:53,2026-04-18T04:28:53+02:00,STATION,"Nouveau Saint-Roch",3,5,8,0.375,43.599817,3.875757
2026-04-18,04:28:53,2026-04-18T04:28:53+02:00,STATION,"Renouvier",2,5,8,0.375,43.603553,3.867884
2026-04-18,04:28:53,2026-04-18T04:28:53+02:00,STATION,"Odysseum",0,8,8,0.0,43.603727,3.918979
2026-04-18,04:28:53,2026-04-18T04:28:53+02:00,STATION,"Saint-Denis",0,8,8,0.0,43.605021,3.875065
2026-04-18,04:28:53,2026-04-18T04:28:53+02:00,STATION,"Richter",15,1,16,0.9375,43.603424,3.899263
2026-04-18,04:28:53,2026-04-18T04:28:53+02:00,STATION,"Charles Flahault",2,6,8,0.25,43.622038,3.86672
2026-04-18,04:28:53,2026-04-18T04:28:53+02:00,STATION,"Voltaire",5,3,8,0.625,43.603767,3.888659
2026-04-18,04:28:53,2026-04-18T04:28:53+02:00,STATION,"Prés d Arènes",3,5,8,0.375,43.59048,3.884611
2026-04-18,04:28:53,2026-04-18T04:28:53+02:00,STATION,"Garcia Lorca",8,0,8,1.0,43.590757,3.890616
2026-04-18,04:28:53,2026-04-18T04:28:53+02:00,STATION,"Vert Bois",3,13,16,0.1875,43.63543,3.871179
2026-04-18,04:28:53,2026-04-18T04:28:53+02:00,STATION,"Malbosc",1,7,8,0.125,43.633679,3.832861
2026-04-18,04:28:53,2026-04-18T04:28:53+02:00,STATION,"Occitanie",3,29,32,0.09375,43.635689,3.849597
2026-04-18,04:28:53,2026-04-18T04:28:53+02:00,STATION,"Fac des Sciences",1,23,24,0.041666666666666664,43.631318,3.861299
2026-04-18,04:28:53,2026-04-18T04:28:53+02:00,STATION,"Fac de Lettres",10,2,12,0.8333333333333334,43.630437,3.869539
2026-04-18,04:28:53,2026-04-18T04:28:53+02:00,STATION,"Aiguelongue",4,3,8,0.625,43.626163,3.882492
2026-04-18,04:28:53,2026-04-18T04:28:53+02:00,STATION,"Jeu de Mail des Abbés",5,3,8,0.625,43.619701,3.883831
2026-04-18,04:28:53,2026-04-18T04:28:53+02:00,STATION,"Euromédecine",2,6,8,0.25,43.639119,3.828199
2026-04-18,04:28:53,2026-04-18T04:28:53+02:00,STATION,"Marie Caizergues",3,5,8,0.375,43.619871,3.873812
2026-04-18,04:28:53,2026-04-18T04:28:53+02:00,STATION,"Sabines",5,3,8,0.625,43.584211,3.860031
2026-04-18,04:28:53,2026-04-18T04:28:53+02:00,STATION,"Celleneuve",2,6,8,0.25,43.61467,3.832624
2026-04-18,04:28:53,2026-04-18T04:28:53+02:00,STATION,"Jardin de la Lironde",6,2,8,0.75,43.60585,3.911576
2026-04-18,04:28:53,2026-04-18T04:28:53+02:00,STATION,"Père Soulas",5,3,8,0.625,43.621983,3.855603
2026-04-18,04:28:53,2026-04-18T04:28:53+02:00,STATION,"Place Viala",3,4,8,0.5,43.616812,3.855075
2026-04-18,04:28:53,2026-04-18T04:28:53+02:00,STATION,"Hôtel du Département",3,5,8,0.375,43.621682,3.83477
2026-04-18,04:28:53,2026-04-18T04:28:53+02:00,STATION,"Tonnelles",2,6,8,0.25,43.615155,3.839466
2026-04-18,04:28:53,2026-04-18T04:28:53+02:00,STATION,"Parvis Jules Ferry - Gare Saint-Roch",4,4,8,0.5,43.603889,3.879362
2026-04-18,04:28:53,2026-04-18T04:28:53+02:00,STATION,"Pont de Lattes - Gare Saint-Roch",5,6,12,0.5,43.606036,3.882393
2026-04-18,04:28:53,2026-04-18T04:28:53+02:00,STATION,"Deux Ponts - Gare Saint-Roch",0,8,8,0.0,43.604319,3.880916
2026-04-18,04:28:53,2026-04-18T04:28:53+02:00,STATION,"Providence - Ovalie",4,4,8,0.5,43.588239,3.853421
2026-04-18,04:28:53,2026-04-18T04:28:53+02:00,STATION,"Pérols Etang de l Or",33,35,68,0.4852941176470588,43.558351,3.963412
2026-04-18,04:28:53,2026-04-18T04:28:53+02:00,STATION,"Albert 1er - Cathédrale",2,10,12,0.16666666666666666,43.614005,3.873218
2026-04-18,04:28:53,2026-04-18T04:28:53+02:00,STATION,"Saint-Guilhem - Courreau",2,6,8,0.25,43.608996,3.872752
2026-04-18,04:28:53,2026-04-18T04:28:53+02:00,STATION,"Sud De France",2,5,8,0.375,43.59562,3.9235
2026-04-18,04:28:53,2026-04-18T04:28:53+02:00,STATION,"Comedie Baudin",0,8,8,0.0,43.608717,3.880787
2026-04-18,04:28:53,2026-04-18T04:28:53+02:00,STATION,"Jean de Beins",2,14,16,0.125,43.609857,3.883884
2026-04-18,06:58:17,2026-04-18T06:58:17+02:00,STATION,"Rue Jules Ferry - Gare Saint-Roch",7,5,12,0.5833333333333334,43.605366,3.881346
2026-04-18,06:58:17,2026-04-18T06:58:17+02:00,STATION,"Comédie",1,19,20,0.05,43.608148,3.878778
2026-04-18,06:58:17,2026-04-18T06:58:17+02:00,STATION,"Hôtel de Ville",17,0,16,1.0,43.599088,3.894866
2026-04-18,06:58:17,2026-04-18T06:58:17+02:00,STATION,"Corum",8,4,12,0.6666666666666666,43.613989,3.8816
2026-04-18,06:58:17,2026-04-18T06:58:17+02:00,STATION,"Place Albert 1er - St Charles",2,25,27,0.07407407407407407,43.616768,3.873375
2026-04-18,06:58:17,2026-04-18T06:58:17+02:00,STATION,"Foch",2,6,8,0.25,43.610989,3.873345
2026-04-18,06:58:17,2026-04-18T06:58:17+02:00,STATION,"Halles Castellane",0,12,12,0.0,43.609935,3.877208
2026-04-18,06:58:17,2026-04-18T06:58:17+02:00,STATION,"Observatoire",3,4,8,0.5,43.606301,3.87724
2026-04-18,06:58:17,2026-04-18T06:58:17+02:00,STATION,"Rondelet",6,10,16,0.375,43.603038,3.875796
2026-04-18,06:58:17,2026-04-18T06:58:17+02:00,STATION,"Plan Cabanes",8,4,12,0.6666666666666666,43.608491,3.868389
2026-04-18,06:58:17,2026-04-18T06:58:17+02:00,STATION,"Boutonnet",2,9,12,0.25,43.622629,3.868375
2026-04-18,06:58:17,2026-04-18T06:58:17+02:00,STATION,"Emile Combes",5,3,8,0.625,43.616742,3.87998
2026-04-18,06:58:17,2026-04-18T06:58:17+02:00,STATION,"Beaux-Arts",3,13,16,0.1875,43.616698,3.884981
2026-04-18,06:58:17,2026-04-18T06:58:17+02:00,STATION,"Les Aubes",7,1,8,0.875,43.618692,3.893844
2026-04-18,06:58:17,2026-04-18T06:58:17+02:00,STATION,"Antigone centre",10,2,12,0.8333333333333334,43.607942,3.890634
2026-04-18,06:58:17,2026-04-18T06:58:17+02:00,STATION,"Médiathèque Emile Zola",15,1,16,0.9375,43.608218,3.89314
2026-04-18,06:58:17,2026-04-18T06:58:17+02:00,STATION,"Nombre d Or",6,10,16,0.375,43.607859,3.886644
2026-04-18,06:58:17,2026-04-18T06:58:17+02:00,STATION,"Louis Blanc",6,10,16,0.375,43.614642,3.877648
2026-04-18,06:58:17,2026-04-18T06:58:17+02:00,STATION,"Gambetta",3,5,8,0.375,43.607106,3.870693
2026-04-18,06:58:17,2026-04-18T06:58:17+02:00,STATION,"Port Marianne",17,0,16,1.0,43.60032,3.89851
2026-04-18,06:58:17,2026-04-18T06:58:17+02:00,STATION,"Les Arceaux",2,6,8,0.25,43.612659,3.867734
2026-04-18,06:58:17,2026-04-18T06:58:17+02:00,STATION,"Cité Mion",0,6,8,0.25,43.601143,3.884373
2026-04-18,06:58:17,2026-04-18T06:58:17+02:00,STATION,"Nouveau Saint-Roch",3,5,8,0.375,43.599817,3.875757
2026-04-18,06:58:17,2026-04-18T06:58:17+02:00,STATION,"Renouvier",2,5,8,0.375,43.603553,3.867884
2026-04-18,06:58:17,2026-04-18T06:58:17+02:00,STATION,"Odysseum",0,8,8,0.0,43.603727,3.918979
2026-04-18,06:58:17,2026-04-18T06:58:17+02:00,STATION,"Saint-Denis",0,8,8,0.0,43.605021,3.875065
2026-04-18,06:58:17,2026-04-18T06:58:17+02:00,STATION,"Richter",15,1,16,0.9375,43.603424,3.899263
2026-04-18,06:58:17,2026-04-18T06:58:17+02:00,STATION,"Charles Flahault",1,7,8,0.125,43.622038,3.86672
2026-04-18,06:58:17,2026-04-18T06:58:17+02:00,STATION,"Voltaire",5,3,8,0.625,43.603767,3.888659
2026-04-18,06:58:17,2026-04-18T06:58:17+02:00,STATION,"Prés d Arènes",3,5,8,0.375,43.59048,3.884611
2026-04-18,06:58:17,2026-04-18T06:58:17+02:00,STATION,"Garcia Lorca",8,0,8,1.0,43.590757,3.890616
2026-04-18,06:58:17,2026-04-18T06:58:17+02:00,STATION,"Vert Bois",3,13,16,0.1875,43.63543,3.871179
2026-04-18,06:58:17,2026-04-18T06:58:17+02:00,STATION,"Malbosc",1,7,8,0.125,43.633679,3.832861
2026-04-18,06:58:17,2026-04-18T06:58:17+02:00,STATION,"Occitanie",3,29,32,0.09375,43.635689,3.849597
2026-04-18,06:58:17,2026-04-18T06:58:17+02:00,STATION,"Fac des Sciences",2,22,24,0.08333333333333333,43.631318,3.861299
2026-04-18,06:58:17,2026-04-18T06:58:17+02:00,STATION,"Fac de Lettres",9,3,12,0.75,43.630437,3.869539
2026-04-18,06:58:17,2026-04-18T06:58:17+02:00,STATION,"Aiguelongue",4,3,8,0.625,43.626163,3.882492
2026-04-18,06:58:17,2026-04-18T06:58:17+02:00,STATION,"Jeu de Mail des Abbés",5,3,8,0.625,43.619701,3.883831
2026-04-18,06:58:17,2026-04-18T06:58:17+02:00,STATION,"Euromédecine",2,6,8,0.25,43.639119,3.828199
2026-04-18,06:58:17,2026-04-18T06:58:17+02:00,STATION,"Marie Caizergues",3,5,8,0.375,43.619871,3.873812
2026-04-18,06:58:17,2026-04-18T06:58:17+02:00,STATION,"Sabines",5,3,8,0.625,43.584211,3.860031
2026-04-18,06:58:17,2026-04-18T06:58:17+02:00,STATION,"Celleneuve",2,6,8,0.25,43.61467,3.832624
2026-04-18,06:58:17,2026-04-18T06:58:17+02:00,STATION,"Jardin de la Lironde",6,2,8,0.75,43.60585,3.911576
2026-04-18,06:58:17,2026-04-18T06:58:17+02:00,STATION,"Père Soulas",5,3,8,0.625,43.621983,3.855603
2026-04-18,06:58:17,2026-04-18T06:58:17+02:00,STATION,"Place Viala",3,4,8,0.5,43.616812,3.855075
2026-04-18,06:58:17,2026-04-18T06:58:17+02:00,STATION,"Hôtel du Département",2,6,8,0.25,43.621682,3.83477
2026-04-18,06:58:17,2026-04-18T06:58:17+02:00,STATION,"Tonnelles",2,6,8,0.25,43.615155,3.839466
2026-04-18,06:58:17,2026-04-18T06:58:17+02:00,STATION,"Parvis Jules Ferry - Gare Saint-Roch",4,4,8,0.5,43.603889,3.879362
2026-04-18,06:58:17,2026-04-18T06:58:17+02:00,STATION,"Pont de Lattes - Gare Saint-Roch",4,7,12,0.4166666666666667,43.606036,3.882393
2026-04-18,06:58:17,2026-04-18T06:58:17+02:00,STATION,"Deux Ponts - Gare Saint-Roch",0,8,8,0.0,43.604319,3.880916
2026-04-18,06:58:17,2026-04-18T06:58:17+02:00,STATION,"Providence - Ovalie",4,4,8,0.5,43.588239,3.853421
2026-04-18,06:58:17,2026-04-18T06:58:17+02:00,STATION,"Pérols Etang de l Or",33,35,68,0.4852941176470588,43.558351,3.963412
2026-04-18,06:58:17,2026-04-18T06:58:17+02:00,STATION,"Albert 1er - Cathédrale",2,10,12,0.16666666666666666,43.614005,3.873218
2026-04-18,06:58:17,2026-04-18T06:58:17+02:00,STATION,"Saint-Guilhem - Courreau",2,6,8,0.25,43.608996,3.872752
2026-04-18,06:58:17,2026-04-18T06:58:17+02:00,STATION,"Sud De France",2,5,8,0.375,43.59562,3.9235
2026-04-18,06:58:17,2026-04-18T06:58:17+02:00,STATION,"Comedie Baudin",0,8,8,0.0,43.608717,3.880787
2026-04-18,06:58:17,2026-04-18T06:58:17+02:00,STATION,"Jean de Beins",2,14,16,0.125,43.609857,3.883884
2026-04-18,08:16:29,2026-04-18T08:16:29+02:00,STATION,"Rue Jules Ferry - Gare Saint-Roch",7,5,12,0.5833333333333334,43.605366,3.881346
2026-04-18,08:16:29,2026-04-18T08:16:29+02:00,STATION,"Comédie",1,19,20,0.05,43.608148,3.878778
2026-04-18,08:16:29,2026-04-18T08:16:29+02:00,STATION,"Hôtel de Ville",17,0,16,1.0,43.599088,3.894866
2026-04-18,08:16:29,2026-04-18T08:16:29+02:00,STATION,"Corum",8,4,12,0.6666666666666666,43.613989,3.8816
2026-04-18,08:16:29,2026-04-18T08:16:29+02:00,STATION,"Place Albert 1er - St Charles",2,25,27,0.07407407407407407,43.616768,3.873375
2026-04-18,08:16:29,2026-04-18T08:16:29+02:00,STATION,"Foch",2,6,8,0.25,43.610989,3.873345
2026-04-18,08:16:29,2026-04-18T08:16:29+02:00,STATION,"Halles Castellane",0,12,12,0.0,43.609935,3.877208
2026-04-18,08:16:29,2026-04-18T08:16:29+02:00,STATION,"Observatoire",3,4,8,0.5,43.606301,3.87724
2026-04-18,08:16:29,2026-04-18T08:16:29+02:00,STATION,"Rondelet",6,10,16,0.375,43.603038,3.875796
2026-04-18,08:16:29,2026-04-18T08:16:29+02:00,STATION,"Plan Cabanes",8,4,12,0.6666666666666666,43.608491,3.868389
2026-04-18,08:16:29,2026-04-18T08:16:29+02:00,STATION,"Boutonnet",2,9,12,0.25,43.622629,3.868375
2026-04-18,08:16:29,2026-04-18T08:16:29+02:00,STATION,"Emile Combes",5,3,8,0.625,43.616742,3.87998
2026-04-18,08:16:29,2026-04-18T08:16:29+02:00,STATION,"Beaux-Arts",3,13,16,0.1875,43.616698,3.884981
2026-04-18,08:16:29,2026-04-18T08:16:29+02:00,STATION,"Les Aubes",7,1,8,0.875,43.618692,3.893844
2026-04-18,08:16:29,2026-04-18T08:16:29+02:00,STATION,"Antigone centre",10,2,12,0.8333333333333334,43.607942,3.890634
2026-04-18,08:16:29,2026-04-18T08:16:29+02:00,STATION,"Médiathèque Emile Zola",15,1,16,0.9375,43.608218,3.89314
2026-04-18,08:16:29,2026-04-18T08:16:29+02:00,STATION,"Nombre d Or",6,10,16,0.375,43.607859,3.886644
2026-04-18,08:16:29,2026-04-18T08:16:29+02:00,STATION,"Louis Blanc",6,10,16,0.375,43.614642,3.877648
2026-04-18,08:16:29,2026-04-18T08:16:29+02:00,STATION,"Gambetta",3,5,8,0.375,43.607106,3.870693
2026-04-18,08:16:29,2026-04-18T08:16:29+02:00,STATION,"Port Marianne",17,0,16,1.0,43.60032,3.89851
2026-04-18,08:16:29,2026-04-18T08:16:29+02:00,STATION,"Les Arceaux",2,6,8,0.25,43.612659,3.867734
2026-04-18,08:16:29,2026-04-18T08:16:29+02:00,STATION,"Cité Mion",0,6,8,0.25,43.601143,3.884373
2026-04-18,08:16:29,2026-04-18T08:16:29+02:00,STATION,"Nouveau Saint-Roch",3,5,8,0.375,43.599817,3.875757
2026-04-18,08:16:29,2026-04-18T08:16:29+02:00,STATION,"Renouvier",2,5,8,0.375,43.603553,3.867884
2026-04-18,08:16:29,2026-04-18T08:16:29+02:00,STATION,"Odysseum",0,8,8,0.0,43.603727,3.918979
2026-04-18,08:16:29,2026-04-18T08:16:29+02:00,STATION,"Saint-Denis",0,8,8,0.0,43.605021,3.875065
2026-04-18,08:16:29,2026-04-18T08:16:29+02:00,STATION,"Richter",15,1,16,0.9375,43.603424,3.899263
2026-04-18,08:16:29,2026-04-18T08:16:29+02:00,STATION,"Charles Flahault",1,7,8,0.125,43.622038,3.86672
2026-04-18,08:16:29,2026-04-18T08:16:29+02:00,STATION,"Voltaire",5,3,8,0.625,43.603767,3.888659
2026-04-18,08:16:29,2026-04-18T08:16:29+02:00,STATION,"Prés d Arènes",3,5,8,0.375,43.59048,3.884611
2026-04-18,08:16:29,2026-04-18T08:16:29+02:00,STATION,"Garcia Lorca",8,0,8,1.0,43.590757,3.890616
2026-04-18,08:16:29,2026-04-18T08:16:29+02:00,STATION,"Vert Bois",3,13,16,0.1875,43.63543,3.871179
2026-04-18,08:16:29,2026-04-18T08:16:29+02:00,STATION,"Malbosc",1,7,8,0.125,43.633679,3.832861
2026-04-18,08:16:29,2026-04-18T08:16:29+02:00,STATION,"Occitanie",3,29,32,0.09375,43.635689,3.849597
2026-04-18,08:16:29,2026-04-18T08:16:29+02:00,STATION,"Fac des Sciences",2,22,24,0.08333333333333333,43.631318,3.861299
2026-04-18,08:16:29,2026-04-18T08:16:29+02:00,STATION,"Fac de Lettres",9,3,12,0.75,43.630437,3.869539
2026-04-18,08:16:29,2026-04-18T08:16:29+02:00,STATION,"Aiguelongue",4,3,8,0.625,43.626163,3.882492
2026-04-18,08:16:29,2026-04-18T08:16:29+02:00,STATION,"Jeu de Mail des Abbés",5,3,8,0.625,43.619701,3.883831
2026-04-18,08:16:29,2026-04-18T08:16:29+02:00,STATION,"Euromédecine",2,6,8,0.25,43.639119,3.828199
2026-04-18,08:16:29,2026-04-18T08:16:29+02:00,STATION,"Marie Caizergues",3,5,8,0.375,43.619871,3.873812
2026-04-18,08:16:29,2026-04-18T08:16:29+02:00,STATION,"Sabines",5,3,8,0.625,43.584211,3.860031
2026-04-18,08:16:29,2026-04-18T08:16:29+02:00,STATION,"Celleneuve",2,6,8,0.25,43.61467,3.832624
2026-04-18,08:16:29,2026-04-18T08:16:29+02:00,STATION,"Jardin de la Lironde",6,2,8,0.75,43.60585,3.911576
2026-04-18,08:16:29,2026-04-18T08:16:29+02:00,STATION,"Père Soulas",5,3,8,0.625,43.621983,3.855603
2026-04-18,08:16:29,2026-04-18T08:16:29+02:00,STATION,"Place Viala",3,4,8,0.5,43.616812,3.855075
2026-04-18,08:16:29,2026-04-18T08:16:29+02:00,STATION,"Hôtel du Département",2,6,8,0.25,43.621682,3.83477
2026-04-18,08:16:29,2026-04-18T08:16:29+02:00,STATION,"Tonnelles",2,6,8,0.25,43.615155,3.839466
2026-04-18,08:16:29,2026-04-18T08:16:29+02:00,STATION,"Parvis Jules Ferry - Gare Saint-Roch",4,4,8,0.5,43.603889,3.879362
2026-04-18,08:16:29,2026-04-18T08:16:29+02:00,STATION,"Pont de Lattes - Gare Saint-Roch",4,7,12,0.4166666666666667,43.606036,3.882393
2026-04-18,08:16:29,2026-04-18T08:16:29+02:00,STATION,"Deux Ponts - Gare Saint-Roch",0,8,8,0.0,43.604319,3.880916
2026-04-18,08:16:29,2026-04-18T08:16:29+02:00,STATION,"Providence - Ovalie",4,4,8,0.5,43.588239,3.853421
2026-04-18,08:16:29,2026-04-18T08:16:29+02:00,STATION,"Pérols Etang de l Or",20,48,68,0.29411764705882354,43.558351,3.963412
2026-04-18,08:16:29,2026-04-18T08:16:29+02:00,STATION,"Albert 1er - Cathédrale",2,10,12,0.16666666666666666,43.614005,3.873218
2026-04-18,08:16:29,2026-04-18T08:16:29+02:00,STATION,"Saint-Guilhem - Courreau",2,6,8,0.25,43.608996,3.872752
2026-04-18,08:16:29,2026-04-18T08:16:29+02:00,STATION,"Sud De France",2,5,8,0.375,43.59562,3.9235
2026-04-18,08:16:29,2026-04-18T08:16:29+02:00,STATION,"Comedie Baudin",0,8,8,0.0,43.608717,3.880787
2026-04-18,08:16:29,2026-04-18T08:16:29+02:00,STATION,"Jean de Beins",2,14,16,0.125,43.609857,3.883884
2026-04-18,09:44:48,2026-04-18T09:44:48+02:00,STATION,"Rue Jules Ferry - Gare Saint-Roch",2,10,12,0.16666666666666666,43.605366,3.881346
2026-04-18,09:44:48,2026-04-18T09:44:48+02:00,STATION,"Comédie",11,9,20,0.55,43.608148,3.878778
2026-04-18,09:44:48,2026-04-18T09:44:48+02:00,STATION,"Hôtel de Ville",12,4,16,0.75,43.599088,3.894866
2026-04-18,09:44:48,2026-04-18T09:44:48+02:00,STATION,"Corum",8,4,12,0.6666666666666666,43.613989,3.8816
2026-04-18,09:44:48,2026-04-18T09:44:48+02:00,STATION,"Place Albert 1er - St Charles",1,26,27,0.037037037037037035,43.616768,3.873375
2026-04-18,09:44:48,2026-04-18T09:44:48+02:00,STATION,"Foch",2,6,8,0.25,43.610989,3.873345
2026-04-18,09:44:48,2026-04-18T09:44:48+02:00,STATION,"Halles Castellane",0,12,12,0.0,43.609935,3.877208
2026-04-18,09:44:48,2026-04-18T09:44:48+02:00,STATION,"Observatoire",3,4,8,0.5,43.606301,3.87724
2026-04-18,09:44:48,2026-04-18T09:44:48+02:00,STATION,"Rondelet",8,8,16,0.5,43.603038,3.875796
2026-04-18,09:44:48,2026-04-18T09:44:48+02:00,STATION,"Plan Cabanes",8,4,12,0.6666666666666666,43.608491,3.868389
2026-04-18,09:44:48,2026-04-18T09:44:48+02:00,STATION,"Boutonnet",3,8,12,0.3333333333333333,43.622629,3.868375
2026-04-18,09:44:48,2026-04-18T09:44:48+02:00,STATION,"Emile Combes",5,3,8,0.625,43.616742,3.87998
2026-04-18,09:44:48,2026-04-18T09:44:48+02:00,STATION,"Beaux-Arts",3,13,16,0.1875,43.616698,3.884981
2026-04-18,09:44:48,2026-04-18T09:44:48+02:00,STATION,"Les Aubes",7,1,8,0.875,43.618692,3.893844
2026-04-18,09:44:48,2026-04-18T09:44:48+02:00,STATION,"Antigone centre",10,2,12,0.8333333333333334,43.607942,3.890634
2026-04-18,09:44:48,2026-04-18T09:44:48+02:00,STATION,"Médiathèque Emile Zola",15,1,16,0.9375,43.608218,3.89314
2026-04-18,09:44:48,2026-04-18T09:44:48+02:00,STATION,"Nombre d Or",6,10,16,0.375,43.607859,3.886644
2026-04-18,09:44:48,2026-04-18T09:44:48+02:00,STATION,"Louis Blanc",6,10,16,0.375,43.614642,3.877648
2026-04-18,09:44:48,2026-04-18T09:44:48+02:00,STATION,"Gambetta",3,5,8,0.375,43.607106,3.870693
2026-04-18,09:44:48,2026-04-18T09:44:48+02:00,STATION,"Port Marianne",12,4,16,0.75,43.60032,3.89851
2026-04-18,09:44:48,2026-04-18T09:44:48+02:00,STATION,"Les Arceaux",2,6,8,0.25,43.612659,3.867734
2026-04-18,09:44:48,2026-04-18T09:44:48+02:00,STATION,"Cité Mion",0,6,8,0.25,43.601143,3.884373
2026-04-18,09:44:48,2026-04-18T09:44:48+02:00,STATION,"Nouveau Saint-Roch",3,5,8,0.375,43.599817,3.875757
2026-04-18,09:44:48,2026-04-18T09:44:48+02:00,STATION,"Renouvier",2,5,8,0.375,43.603553,3.867884
2026-04-18,09:44:48,2026-04-18T09:44:48+02:00,STATION,"Odysseum",0,8,8,0.0,43.603727,3.918979
2026-04-18,09:44:48,2026-04-18T09:44:48+02:00,STATION,"Saint-Denis",0,8,8,0.0,43.605021,3.875065
2026-04-18,09:44:48,2026-04-18T09:44:48+02:00,STATION,"Richter",11,5,16,0.6875,43.603424,3.899263
2026-04-18,09:44:48,2026-04-18T09:44:48+02:00,STATION,"Charles Flahault",1,7,8,0.125,43.622038,3.86672
2026-04-18,09:44:48,2026-04-18T09:44:48+02:00,STATION,"Voltaire",6,2,8,0.75,43.603767,3.888659
2026-04-18,09:44:48,2026-04-18T09:44:48+02:00,STATION,"Prés d Arènes",3,5,8,0.375,43.59048,3.884611
2026-04-18,09:44:48,2026-04-18T09:44:48+02:00,STATION,"Garcia Lorca",8,0,8,1.0,43.590757,3.890616
2026-04-18,09:44:48,2026-04-18T09:44:48+02:00,STATION,"Vert Bois",3,13,16,0.1875,43.63543,3.871179
2026-04-18,09:44:48,2026-04-18T09:44:48+02:00,STATION,"Malbosc",1,7,8,0.125,43.633679,3.832861
2026-04-18,09:44:48,2026-04-18T09:44:48+02:00,STATION,"Occitanie",3,29,32,0.09375,43.635689,3.849597
2026-04-18,09:44:48,2026-04-18T09:44:48+02:00,STATION,"Fac des Sciences",2,22,24,0.08333333333333333,43.631318,3.861299
2026-04-18,09:44:48,2026-04-18T09:44:48+02:00,STATION,"Fac de Lettres",8,4,12,0.6666666666666666,43.630437,3.869539
2026-04-18,09:44:48,2026-04-18T09:44:48+02:00,STATION,"Aiguelongue",4,3,8,0.625,43.626163,3.882492
2026-04-18,09:44:48,2026-04-18T09:44:48+02:00,STATION,"Jeu de Mail des Abbés",5,3,8,0.625,43.619701,3.883831
2026-04-18,09:44:48,2026-04-18T09:44:48+02:00,STATION,"Euromédecine",2,6,8,0.25,43.639119,3.828199
2026-04-18,09:44:48,2026-04-18T09:44:48+02:00,STATION,"Marie Caizergues",3,5,8,0.375,43.619871,3.873812
2026-04-18,09:44:48,2026-04-18T09:44:48+02:00,STATION,"Sabines",5,3,8,0.625,43.584211,3.860031
2026-04-18,09:44:48,2026-04-18T09:44:48+02:00,STATION,"Celleneuve",2,6,8,0.25,43.61467,3.832624
2026-04-18,09:44:48,2026-04-18T09:44:48+02:00,STATION,"Jardin de la Lironde",6,2,8,0.75,43.60585,3.911576
2026-04-18,09:44:48,2026-04-18T09:44:48+02:00,STATION,"Père Soulas",5,3,8,0.625,43.621983,3.855603
2026-04-18,09:44:48,2026-04-18T09:44:48+02:00,STATION,"Place Viala",3,4,8,0.5,43.616812,3.855075
2026-04-18,09:44:48,2026-04-18T09:44:48+02:00,STATION,"Hôtel du Département",2,6,8,0.25,43.621682,3.83477
2026-04-18,09:44:48,2026-04-18T09:44:48+02:00,STATION,"Tonnelles",2,6,8,0.25,43.615155,3.839466
2026-04-18,09:44:48,2026-04-18T09:44:48+02:00,STATION,"Parvis Jules Ferry - Gare Saint-Roch",3,5,8,0.375,43.603889,3.879362
2026-04-18,09:44:48,2026-04-18T09:44:48+02:00,STATION,"Pont de Lattes - Gare Saint-Roch",7,4,12,0.6666666666666666,43.606036,3.882393
2026-04-18,09:44:48,2026-04-18T09:44:48+02:00,STATION,"Deux Ponts - Gare Saint-Roch",0,8,8,0.0,43.604319,3.880916
2026-04-18,09:44:48,2026-04-18T09:44:48+02:00,STATION,"Providence - Ovalie",4,4,8,0.5,43.588239,3.853421
2026-04-18,09:44:48,2026-04-18T09:44:48+02:00,STATION,"Pérols Etang de l Or",18,50,68,0.2647058823529412,43.558351,3.963412
2026-04-18,09:44:48,2026-04-18T09:44:48+02:00,STATION,"Albert 1er - Cathédrale",2,10,12,0.16666666666666666,43.614005,3.873218
2026-04-18,09:44:48,2026-04-18T09:44:48+02:00,STATION,"Saint-Guilhem - Courreau",2,6,8,0.25,43.608996,3.872752
2026-04-18,09:44:48,2026-04-18T09:44:48+02:00,STATION,"Sud De France",2,5,8,0.375,43.59562,3.9235
2026-04-18,09:44:48,2026-04-18T09:44:48+02:00,STATION,"Comedie Baudin",0,8,8,0.0,43.608717,3.880787
2026-04-18,09:44:48,2026-04-18T09:44:48+02:00,STATION,"Jean de Beins",2,14,16,0.125,43.609857,3.883884
2026-04-18,10:54:44,2026-04-18T10:54:44+02:00,STATION,"Rue Jules Ferry - Gare Saint-Roch",2,10,12,0.16666666666666666,43.605366,3.881346
2026-04-18,10:54:44,2026-04-18T10:54:44+02:00,STATION,"Comédie",11,9,20,0.55,43.608148,3.878778
2026-04-18,10:54:44,2026-04-18T10:54:44+02:00,STATION,"Hôtel de Ville",11,5,16,0.6875,43.599088,3.894866
2026-04-18,10:54:44,2026-04-18T10:54:44+02:00,STATION,"Corum",8,4,12,0.6666666666666666,43.613989,3.8816
2026-04-18,10:54:44,2026-04-18T10:54:44+02:00,STATION,"Place Albert 1er - St Charles",9,18,27,0.3333333333333333,43.616768,3.873375
2026-04-18,10:54:44,2026-04-18T10:54:44+02:00,STATION,"Foch",3,5,8,0.375,43.610989,3.873345
2026-04-18,10:54:44,2026-04-18T10:54:44+02:00,STATION,"Halles Castellane",0,12,12,0.0,43.609935,3.877208
2026-04-18,10:54:44,2026-04-18T10:54:44+02:00,STATION,"Observatoire",3,4,8,0.5,43.606301,3.87724
2026-04-18,10:54:44,2026-04-18T10:54:44+02:00,STATION,"Rondelet",8,8,16,0.5,43.603038,3.875796
2026-04-18,10:54:44,2026-04-18T10:54:44+02:00,STATION,"Plan Cabanes",8,4,12,0.6666666666666666,43.608491,3.868389
2026-04-18,10:54:44,2026-04-18T10:54:44+02:00,STATION,"Boutonnet",3,8,12,0.3333333333333333,43.622629,3.868375
2026-04-18,10:54:44,2026-04-18T10:54:44+02:00,STATION,"Emile Combes",5,3,8,0.625,43.616742,3.87998
2026-04-18,10:54:44,2026-04-18T10:54:44+02:00,STATION,"Beaux-Arts",3,13,16,0.1875,43.616698,3.884981
2026-04-18,10:54:44,2026-04-18T10:54:44+02:00,STATION,"Les Aubes",8,0,8,1.0,43.618692,3.893844
2026-04-18,10:54:44,2026-04-18T10:54:44+02:00,STATION,"Antigone centre",10,2,12,0.8333333333333334,43.607942,3.890634
2026-04-18,10:54:44,2026-04-18T10:54:44+02:00,STATION,"Médiathèque Emile Zola",14,2,16,0.875,43.608218,3.89314
2026-04-18,10:54:44,2026-04-18T10:54:44+02:00,STATION,"Nombre d Or",6,10,16,0.375,43.607859,3.886644
2026-04-18,10:54:44,2026-04-18T10:54:44+02:00,STATION,"Louis Blanc",6,10,16,0.375,43.614642,3.877648
2026-04-18,10:54:44,2026-04-18T10:54:44+02:00,STATION,"Gambetta",3,5,8,0.375,43.607106,3.870693
2026-04-18,10:54:44,2026-04-18T10:54:44+02:00,STATION,"Port Marianne",9,7,16,0.5625,43.60032,3.89851
2026-04-18,10:54:44,2026-04-18T10:54:44+02:00,STATION,"Les Arceaux",2,6,8,0.25,43.612659,3.867734
2026-04-18,10:54:44,2026-04-18T10:54:44+02:00,STATION,"Cité Mion",0,6,8,0.25,43.601143,3.884373
2026-04-18,10:54:44,2026-04-18T10:54:44+02:00,STATION,"Nouveau Saint-Roch",3,5,8,0.375,43.599817,3.875757
2026-04-18,10:54:44,2026-04-18T10:54:44+02:00,STATION,"Renouvier",2,5,8,0.375,43.603553,3.867884
2026-04-18,10:54:44,2026-04-18T10:54:44+02:00,STATION,"Odysseum",0,8,8,0.0,43.603727,3.918979
2026-04-18,10:54:44,2026-04-18T10:54:44+02:00,STATION,"Saint-Denis",0,8,8,0.0,43.605021,3.875065
2026-04-18,10:54:44,2026-04-18T10:54:44+02:00,STATION,"Richter",10,6,16,0.625,43.603424,3.899263
2026-04-18,10:54:44,2026-04-18T10:54:44+02:00,STATION,"Charles Flahault",1,7,8,0.125,43.622038,3.86672
2026-04-18,10:54:44,2026-04-18T10:54:44+02:00,STATION,"Voltaire",4,4,8,0.5,43.603767,3.888659
2026-04-18,10:54:44,2026-04-18T10:54:44+02:00,STATION,"Prés d Arènes",3,5,8,0.375,43.59048,3.884611
2026-04-18,10:54:44,2026-04-18T10:54:44+02:00,STATION,"Garcia Lorca",8,0,8,1.0,43.590757,3.890616
2026-04-18,10:54:44,2026-04-18T10:54:44+02:00,STATION,"Vert Bois",3,13,16,0.1875,43.63543,3.871179
2026-04-18,10:54:44,2026-04-18T10:54:44+02:00,STATION,"Malbosc",1,7,8,0.125,43.633679,3.832861
2026-04-18,10:54:44,2026-04-18T10:54:44+02:00,STATION,"Occitanie",3,29,32,0.09375,43.635689,3.849597
2026-04-18,10:54:44,2026-04-18T10:54:44+02:00,STATION,"Fac des Sciences",2,22,24,0.08333333333333333,43.631318,3.861299
2026-04-18,10:54:44,2026-04-18T10:54:44+02:00,STATION,"Fac de Lettres",7,5,12,0.5833333333333334,43.630437,3.869539
2026-04-18,10:54:44,2026-04-18T10:54:44+02:00,STATION,"Aiguelongue",4,3,8,0.625,43.626163,3.882492
2026-04-18,10:54:44,2026-04-18T10:54:44+02:00,STATION,"Jeu de Mail des Abbés",5,3,8,0.625,43.619701,3.883831
2026-04-18,10:54:44,2026-04-18T10:54:44+02:00,STATION,"Euromédecine",2,6,8,0.25,43.639119,3.828199
2026-04-18,10:54:44,2026-04-18T10:54:44+02:00,STATION,"Marie Caizergues",3,5,8,0.375,43.619871,3.873812
2026-04-18,10:54:44,2026-04-18T10:54:44+02:00,STATION,"Sabines",5,3,8,0.625,43.584211,3.860031
2026-04-18,10:54:44,2026-04-18T10:54:44+02:00,STATION,"Celleneuve",1,7,8,0.125,43.61467,3.832624
2026-04-18,10:54:44,2026-04-18T10:54:44+02:00,STATION,"Jardin de la Lironde",6,2,8,0.75,43.60585,3.911576
2026-04-18,10:54:44,2026-04-18T10:54:44+02:00,STATION,"Père Soulas",5,3,8,0.625,43.621983,3.855603
2026-04-18,10:54:44,2026-04-18T10:54:44+02:00,STATION,"Place Viala",1,6,8,0.25,43.616812,3.855075
2026-04-18,10:54:44,2026-04-18T10:54:44+02:00,STATION,"Hôtel du Département",2,6,8,0.25,43.621682,3.83477
2026-04-18,10:54:44,2026-04-18T10:54:44+02:00,STATION,"Tonnelles",1,7,8,0.125,43.615155,3.839466
2026-04-18,10:54:44,2026-04-18T10:54:44+02:00,STATION,"Parvis Jules Ferry - Gare Saint-Roch",3,5,8,0.375,43.603889,3.879362
2026-04-18,10:54:44,2026-04-18T10:54:44+02:00,STATION,"Pont de Lattes - Gare Saint-Roch",7,4,12,0.6666666666666666,43.606036,3.882393
2026-04-18,10:54:44,2026-04-18T10:54:44+02:00,STATION,"Deux Ponts - Gare Saint-Roch",0,8,8,0.0,43.604319,3.880916
2026-04-18,10:54:44,2026-04-18T10:54:44+02:00,STATION,"Providence - Ovalie",4,4,8,0.5,43.588239,3.853421
2026-04-18,10:54:44,2026-04-18T10:54:44+02:00,STATION,"Pérols Etang de l Or",16,52,68,0.23529411764705882,43.558351,3.963412
2026-04-18,10:54:44,2026-04-18T10:54:44+02:00,STATION,"Albert 1er - Cathédrale",2,10,12,0.16666666666666666,43.614005,3.873218
2026-04-18,10:54:44,2026-04-18T10:54:44+02:00,STATION,"Saint-Guilhem - Courreau",6,2,8,0.75,43.608996,3.872752
2026-04-18,10:54:44,2026-04-18T10:54:44+02:00,STATION,"Sud De France",1,6,8,0.25,43.59562,3.9235
2026-04-18,10:54:44,2026-04-18T10:54:44+02:00,STATION,"Comedie Baudin",0,8,8,0.0,43.608717,3.880787
2026-04-18,10:54:44,2026-04-18T10:54:44+02:00,STATION,"Jean de Beins",7,9,16,0.4375,43.609857,3.883884
2026-04-18,11:52:15,2026-04-18T11:52:15+02:00,STATION,"Rue Jules Ferry - Gare Saint-Roch",3,9,12,0.25,43.605366,3.881346
2026-04-18,11:52:15,2026-04-18T11:52:15+02:00,STATION,"Comédie",9,11,20,0.45,43.608148,3.878778
2026-04-18,11:52:15,2026-04-18T11:52:15+02:00,STATION,"Hôtel de Ville",9,7,16,0.5625,43.599088,3.894866
2026-04-18,11:52:15,2026-04-18T11:52:15+02:00,STATION,"Corum",5,7,12,0.4166666666666667,43.613989,3.8816
2026-04-18,11:52:15,2026-04-18T11:52:15+02:00,STATION,"Place Albert 1er - St Charles",9,18,27,0.3333333333333333,43.616768,3.873375
2026-04-18,11:52:15,2026-04-18T11:52:15+02:00,STATION,"Foch",2,6,8,0.25,43.610989,3.873345
2026-04-18,11:52:15,2026-04-18T11:52:15+02:00,STATION,"Halles Castellane",0,12,12,0.0,43.609935,3.877208
2026-04-18,11:52:15,2026-04-18T11:52:15+02:00,STATION,"Observatoire",3,4,8,0.5,43.606301,3.87724
2026-04-18,11:52:15,2026-04-18T11:52:15+02:00,STATION,"Rondelet",8,8,16,0.5,43.603038,3.875796
2026-04-18,11:52:15,2026-04-18T11:52:15+02:00,STATION,"Plan Cabanes",8,4,12,0.6666666666666666,43.608491,3.868389
2026-04-18,11:52:15,2026-04-18T11:52:15+02:00,STATION,"Boutonnet",3,8,12,0.3333333333333333,43.622629,3.868375
2026-04-18,11:52:15,2026-04-18T11:52:15+02:00,STATION,"Emile Combes",5,3,8,0.625,43.616742,3.87998
2026-04-18,11:52:15,2026-04-18T11:52:15+02:00,STATION,"Beaux-Arts",2,14,16,0.125,43.616698,3.884981
2026-04-18,11:52:15,2026-04-18T11:52:15+02:00,STATION,"Les Aubes",8,0,8,1.0,43.618692,3.893844
2026-04-18,11:52:15,2026-04-18T11:52:15+02:00,STATION,"Antigone centre",10,2,12,0.8333333333333334,43.607942,3.890634
2026-04-18,11:52:15,2026-04-18T11:52:15+02:00,STATION,"Médiathèque Emile Zola",13,3,16,0.8125,43.608218,3.89314
2026-04-18,11:52:15,2026-04-18T11:52:15+02:00,STATION,"Nombre d Or",6,10,16,0.375,43.607859,3.886644
2026-04-18,11:52:15,2026-04-18T11:52:15+02:00,STATION,"Louis Blanc",6,10,16,0.375,43.614642,3.877648
2026-04-18,11:52:15,2026-04-18T11:52:15+02:00,STATION,"Gambetta",3,5,8,0.375,43.607106,3.870693
2026-04-18,11:52:15,2026-04-18T11:52:15+02:00,STATION,"Port Marianne",5,11,16,0.3125,43.60032,3.89851
2026-04-18,11:52:15,2026-04-18T11:52:15+02:00,STATION,"Les Arceaux",5,3,8,0.625,43.612659,3.867734
2026-04-18,11:52:15,2026-04-18T11:52:15+02:00,STATION,"Cité Mion",0,6,8,0.25,43.601143,3.884373
2026-04-18,11:52:15,2026-04-18T11:52:15+02:00,STATION,"Nouveau Saint-Roch",3,5,8,0.375,43.599817,3.875757
2026-04-18,11:52:15,2026-04-18T11:52:15+02:00,STATION,"Renouvier",1,6,8,0.25,43.603553,3.867884
2026-04-18,11:52:15,2026-04-18T11:52:15+02:00,STATION,"Odysseum",0,8,8,0.0,43.603727,3.918979
2026-04-18,11:52:15,2026-04-18T11:52:15+02:00,STATION,"Saint-Denis",0,8,8,0.0,43.605021,3.875065
2026-04-18,11:52:15,2026-04-18T11:52:15+02:00,STATION,"Richter",10,6,16,0.625,43.603424,3.899263
2026-04-18,11:52:15,2026-04-18T11:52:15+02:00,STATION,"Charles Flahault",1,7,8,0.125,43.622038,3.86672
2026-04-18,11:52:15,2026-04-18T11:52:15+02:00,STATION,"Voltaire",4,4,8,0.5,43.603767,3.888659
2026-04-18,11:52:15,2026-04-18T11:52:15+02:00,STATION,"Prés d Arènes",3,5,8,0.375,43.59048,3.884611
2026-04-18,11:52:15,2026-04-18T11:52:15+02:00,STATION,"Garcia Lorca",7,1,8,0.875,43.590757,3.890616
2026-04-18,11:52:15,2026-04-18T11:52:15+02:00,STATION,"Vert Bois",3,13,16,0.1875,43.63543,3.871179
2026-04-18,11:52:15,2026-04-18T11:52:15+02:00,STATION,"Malbosc",1,7,8,0.125,43.633679,3.832861
2026-04-18,11:52:15,2026-04-18T11:52:15+02:00,STATION,"Occitanie",3,29,32,0.09375,43.635689,3.849597
2026-04-18,11:52:15,2026-04-18T11:52:15+02:00,STATION,"Fac des Sciences",4,20,24,0.16666666666666666,43.631318,3.861299
2026-04-18,11:52:15,2026-04-18T11:52:15+02:00,STATION,"Fac de Lettres",4,8,12,0.3333333333333333,43.630437,3.869539
2026-04-18,11:52:15,2026-04-18T11:52:15+02:00,STATION,"Aiguelongue",4,3,8,0.625,43.626163,3.882492
2026-04-18,11:52:15,2026-04-18T11:52:15+02:00,STATION,"Jeu de Mail des Abbés",5,3,8,0.625,43.619701,3.883831
2026-04-18,11:52:15,2026-04-18T11:52:15+02:00,STATION,"Euromédecine",2,6,8,0.25,43.639119,3.828199
2026-04-18,11:52:15,2026-04-18T11:52:15+02:00,STATION,"Marie Caizergues",3,5,8,0.375,43.619871,3.873812
2026-04-18,11:52:15,2026-04-18T11:52:15+02:00,STATION,"Sabines",5,3,8,0.625,43.584211,3.860031
2026-04-18,11:52:15,2026-04-18T11:52:15+02:00,STATION,"Celleneuve",1,7,8,0.125,43.61467,3.832624
2026-04-18,11:52:15,2026-04-18T11:52:15+02:00,STATION,"Jardin de la Lironde",6,2,8,0.75,43.60585,3.911576
2026-04-18,11:52:15,2026-04-18T11:52:15+02:00,STATION,"Père Soulas",4,4,8,0.5,43.621983,3.855603
2026-04-18,11:52:15,2026-04-18T11:52:15+02:00,STATION,"Place Viala",3,4,8,0.5,43.616812,3.855075
2026-04-18,11:52:15,2026-04-18T11:52:15+02:00,STATION,"Hôtel du Département",2,6,8,0.25,43.621682,3.83477
2026-04-18,11:52:15,2026-04-18T11:52:15+02:00,STATION,"Tonnelles",1,7,8,0.125,43.615155,3.839466
2026-04-18,11:52:15,2026-04-18T11:52:15+02:00,STATION,"Parvis Jules Ferry - Gare Saint-Roch",1,7,8,0.125,43.603889,3.879362
2026-04-18,11:52:15,2026-04-18T11:52:15+02:00,STATION,"Pont de Lattes - Gare Saint-Roch",4,7,12,0.4166666666666667,43.606036,3.882393
2026-04-18,11:52:15,2026-04-18T11:52:15+02:00,STATION,"Deux Ponts - Gare Saint-Roch",0,8,8,0.0,43.604319,3.880916
2026-04-18,11:52:15,2026-04-18T11:52:15+02:00,STATION,"Providence - Ovalie",4,4,8,0.5,43.588239,3.853421
2026-04-18,11:52:15,2026-04-18T11:52:15+02:00,STATION,"Pérols Etang de l Or",16,52,68,0.23529411764705882,43.558351,3.963412
2026-04-18,11:52:15,2026-04-18T11:52:15+02:00,STATION,"Albert 1er - Cathédrale",6,6,12,0.5,43.614005,3.873218
2026-04-18,11:52:15,2026-04-18T11:52:15+02:00,STATION,"Saint-Guilhem - Courreau",8,0,8,1.0,43.608996,3.872752
2026-04-18,11:52:15,2026-04-18T11:52:15+02:00,STATION,"Sud De France",1,6,8,0.25,43.59562,3.9235
2026-04-18,11:52:15,2026-04-18T11:52:15+02:00,STATION,"Comedie Baudin",0,8,8,0.0,43.608717,3.880787
2026-04-18,11:52:15,2026-04-18T11:52:15+02:00,STATION,"Jean de Beins",7,9,16,0.4375,43.609857,3.883884
2026-04-18,12:43:09,2026-04-18T12:43:09+02:00,STATION,"Rue Jules Ferry - Gare Saint-Roch",2,10,12,0.16666666666666666,43.605366,3.881346
2026-04-18,12:43:09,2026-04-18T12:43:09+02:00,STATION,"Comédie",9,11,20,0.45,43.608148,3.878778
2026-04-18,12:43:09,2026-04-18T12:43:09+02:00,STATION,"Hôtel de Ville",9,7,16,0.5625,43.599088,3.894866
2026-04-18,12:43:09,2026-04-18T12:43:09+02:00,STATION,"Corum",5,7,12,0.4166666666666667,43.613989,3.8816
2026-04-18,12:43:09,2026-04-18T12:43:09+02:00,STATION,"Place Albert 1er - St Charles",9,18,27,0.3333333333333333,43.616768,3.873375
2026-04-18,12:43:09,2026-04-18T12:43:09+02:00,STATION,"Foch",2,6,8,0.25,43.610989,3.873345
2026-04-18,12:43:09,2026-04-18T12:43:09+02:00,STATION,"Halles Castellane",0,12,12,0.0,43.609935,3.877208
2026-04-18,12:43:09,2026-04-18T12:43:09+02:00,STATION,"Observatoire",3,4,8,0.5,43.606301,3.87724
2026-04-18,12:43:09,2026-04-18T12:43:09+02:00,STATION,"Rondelet",8,8,16,0.5,43.603038,3.875796
2026-04-18,12:43:09,2026-04-18T12:43:09+02:00,STATION,"Plan Cabanes",8,4,12,0.6666666666666666,43.608491,3.868389
2026-04-18,12:43:09,2026-04-18T12:43:09+02:00,STATION,"Boutonnet",3,8,12,0.3333333333333333,43.622629,3.868375
2026-04-18,12:43:09,2026-04-18T12:43:09+02:00,STATION,"Emile Combes",5,3,8,0.625,43.616742,3.87998
2026-04-18,12:43:09,2026-04-18T12:43:09+02:00,STATION,"Beaux-Arts",2,14,16,0.125,43.616698,3.884981
2026-04-18,12:43:09,2026-04-18T12:43:09+02:00,STATION,"Les Aubes",8,0,8,1.0,43.618692,3.893844
2026-04-18,12:43:09,2026-04-18T12:43:09+02:00,STATION,"Antigone centre",9,3,12,0.75,43.607942,3.890634
2026-04-18,12:43:09,2026-04-18T12:43:09+02:00,STATION,"Médiathèque Emile Zola",13,3,16,0.8125,43.608218,3.89314
2026-04-18,12:43:09,2026-04-18T12:43:09+02:00,STATION,"Nombre d Or",5,11,16,0.3125,43.607859,3.886644
2026-04-18,12:43:09,2026-04-18T12:43:09+02:00,STATION,"Louis Blanc",6,10,16,0.375,43.614642,3.877648
2026-04-18,12:43:09,2026-04-18T12:43:09+02:00,STATION,"Gambetta",3,5,8,0.375,43.607106,3.870693
2026-04-18,12:43:09,2026-04-18T12:43:09+02:00,STATION,"Port Marianne",2,14,16,0.125,43.60032,3.89851
2026-04-18,12:43:09,2026-04-18T12:43:09+02:00,STATION,"Les Arceaux",5,3,8,0.625,43.612659,3.867734
2026-04-18,12:43:09,2026-04-18T12:43:09+02:00,STATION,"Cité Mion",0,6,8,0.25,43.601143,3.884373
2026-04-18,12:43:09,2026-04-18T12:43:09+02:00,STATION,"Nouveau Saint-Roch",2,6,8,0.25,43.599817,3.875757
2026-04-18,12:43:09,2026-04-18T12:43:09+02:00,STATION,"Renouvier",1,6,8,0.25,43.603553,3.867884
2026-04-18,12:43:09,2026-04-18T12:43:09+02:00,STATION,"Odysseum",0,8,8,0.0,43.603727,3.918979
2026-04-18,12:43:09,2026-04-18T12:43:09+02:00,STATION,"Saint-Denis",0,8,8,0.0,43.605021,3.875065
2026-04-18,12:43:09,2026-04-18T12:43:09+02:00,STATION,"Richter",7,9,16,0.4375,43.603424,3.899263
2026-04-18,12:43:09,2026-04-18T12:43:09+02:00,STATION,"Charles Flahault",1,7,8,0.125,43.622038,3.86672
2026-04-18,12:43:09,2026-04-18T12:43:09+02:00,STATION,"Voltaire",4,4,8,0.5,43.603767,3.888659
2026-04-18,12:43:09,2026-04-18T12:43:09+02:00,STATION,"Prés d Arènes",3,5,8,0.375,43.59048,3.884611
2026-04-18,12:43:09,2026-04-18T12:43:09+02:00,STATION,"Garcia Lorca",7,1,8,0.875,43.590757,3.890616
2026-04-18,12:43:09,2026-04-18T12:43:09+02:00,STATION,"Vert Bois",3,13,16,0.1875,43.63543,3.871179
2026-04-18,12:43:09,2026-04-18T12:43:09+02:00,STATION,"Malbosc",1,7,8,0.125,43.633679,3.832861
2026-04-18,12:43:09,2026-04-18T12:43:09+02:00,STATION,"Occitanie",3,29,32,0.09375,43.635689,3.849597
2026-04-18,12:43:09,2026-04-18T12:43:09+02:00,STATION,"Fac des Sciences",4,20,24,0.16666666666666666,43.631318,3.861299
2026-04-18,12:43:09,2026-04-18T12:43:09+02:00,STATION,"Fac de Lettres",4,8,12,0.3333333333333333,43.630437,3.869539
2026-04-18,12:43:09,2026-04-18T12:43:09+02:00,STATION,"Aiguelongue",4,3,8,0.625,43.626163,3.882492
2026-04-18,12:43:09,2026-04-18T12:43:09+02:00,STATION,"Jeu de Mail des Abbés",4,4,8,0.5,43.619701,3.883831
2026-04-18,12:43:09,2026-04-18T12:43:09+02:00,STATION,"Euromédecine",2,6,8,0.25,43.639119,3.828199
2026-04-18,12:43:09,2026-04-18T12:43:09+02:00,STATION,"Marie Caizergues",3,5,8,0.375,43.619871,3.873812
2026-04-18,12:43:09,2026-04-18T12:43:09+02:00,STATION,"Sabines",5,3,8,0.625,43.584211,3.860031
2026-04-18,12:43:09,2026-04-18T12:43:09+02:00,STATION,"Celleneuve",1,7,8,0.125,43.61467,3.832624
2026-04-18,12:43:09,2026-04-18T12:43:09+02:00,STATION,"Jardin de la Lironde",6,2,8,0.75,43.60585,3.911576
2026-04-18,12:43:09,2026-04-18T12:43:09+02:00,STATION,"Père Soulas",4,4,8,0.5,43.621983,3.855603
2026-04-18,12:43:09,2026-04-18T12:43:09+02:00,STATION,"Place Viala",1,6,8,0.25,43.616812,3.855075
2026-04-18,12:43:09,2026-04-18T12:43:09+02:00,STATION,"Hôtel du Département",2,6,8,0.25,43.621682,3.83477
2026-04-18,12:43:09,2026-04-18T12:43:09+02:00,STATION,"Tonnelles",1,7,8,0.125,43.615155,3.839466
2026-04-18,12:43:09,2026-04-18T12:43:09+02:00,STATION,"Parvis Jules Ferry - Gare Saint-Roch",2,6,8,0.25,43.603889,3.879362
2026-04-18,12:43:09,2026-04-18T12:43:09+02:00,STATION,"Pont de Lattes - Gare Saint-Roch",4,7,12,0.4166666666666667,43.606036,3.882393
2026-04-18,12:43:09,2026-04-18T12:43:09+02:00,STATION,"Deux Ponts - Gare Saint-Roch",0,8,8,0.0,43.604319,3.880916
2026-04-18,12:43:09,2026-04-18T12:43:09+02:00,STATION,"Providence - Ovalie",4,4,8,0.5,43.588239,3.853421
2026-04-18,12:43:09,2026-04-18T12:43:09+02:00,STATION,"Pérols Etang de l Or",13,55,68,0.19117647058823528,43.558351,3.963412
2026-04-18,12:43:09,2026-04-18T12:43:09+02:00,STATION,"Albert 1er - Cathédrale",6,6,12,0.5,43.614005,3.873218
2026-04-18,12:43:09,2026-04-18T12:43:09+02:00,STATION,"Saint-Guilhem - Courreau",7,1,8,0.875,43.608996,3.872752
2026-04-18,12:43:09,2026-04-18T12:43:09+02:00,STATION,"Sud De France",1,6,8,0.25,43.59562,3.9235
2026-04-18,12:43:09,2026-04-18T12:43:09+02:00,STATION,"Comedie Baudin",0,8,8,0.0,43.608717,3.880787
2026-04-18,12:43:09,2026-04-18T12:43:09+02:00,STATION,"Jean de Beins",7,9,16,0.4375,43.609857,3.883884
2026-04-18,13:37:48,2026-04-18T13:37:48+02:00,STATION,"Rue Jules Ferry - Gare Saint-Roch",3,9,12,0.25,43.605366,3.881346
2026-04-18,13:37:48,2026-04-18T13:37:48+02:00,STATION,"Comédie",9,11,20,0.45,43.608148,3.878778
2026-04-18,13:37:48,2026-04-18T13:37:48+02:00,STATION,"Hôtel de Ville",9,7,16,0.5625,43.599088,3.894866
2026-04-18,13:37:48,2026-04-18T13:37:48+02:00,STATION,"Corum",5,7,12,0.4166666666666667,43.613989,3.8816
2026-04-18,13:37:48,2026-04-18T13:37:48+02:00,STATION,"Place Albert 1er - St Charles",5,22,27,0.18518518518518517,43.616768,3.873375
2026-04-18,13:37:48,2026-04-18T13:37:48+02:00,STATION,"Foch",2,6,8,0.25,43.610989,3.873345
2026-04-18,13:37:48,2026-04-18T13:37:48+02:00,STATION,"Halles Castellane",0,12,12,0.0,43.609935,3.877208
2026-04-18,13:37:48,2026-04-18T13:37:48+02:00,STATION,"Observatoire",3,4,8,0.5,43.606301,3.87724
2026-04-18,13:37:48,2026-04-18T13:37:48+02:00,STATION,"Rondelet",5,11,16,0.3125,43.603038,3.875796
2026-04-18,13:37:48,2026-04-18T13:37:48+02:00,STATION,"Plan Cabanes",9,3,12,0.75,43.608491,3.868389
2026-04-18,13:37:48,2026-04-18T13:37:48+02:00,STATION,"Boutonnet",2,9,12,0.25,43.622629,3.868375
2026-04-18,13:37:48,2026-04-18T13:37:48+02:00,STATION,"Emile Combes",5,3,8,0.625,43.616742,3.87998
2026-04-18,13:37:48,2026-04-18T13:37:48+02:00,STATION,"Beaux-Arts",2,14,16,0.125,43.616698,3.884981
2026-04-18,13:37:48,2026-04-18T13:37:48+02:00,STATION,"Les Aubes",8,0,8,1.0,43.618692,3.893844
2026-04-18,13:37:48,2026-04-18T13:37:48+02:00,STATION,"Antigone centre",7,5,12,0.5833333333333334,43.607942,3.890634
2026-04-18,13:37:48,2026-04-18T13:37:48+02:00,STATION,"Médiathèque Emile Zola",13,3,16,0.8125,43.608218,3.89314
2026-04-18,13:37:48,2026-04-18T13:37:48+02:00,STATION,"Nombre d Or",5,11,16,0.3125,43.607859,3.886644
2026-04-18,13:37:48,2026-04-18T13:37:48+02:00,STATION,"Louis Blanc",6,10,16,0.375,43.614642,3.877648
2026-04-18,13:37:48,2026-04-18T13:37:48+02:00,STATION,"Gambetta",3,5,8,0.375,43.607106,3.870693
2026-04-18,13:37:48,2026-04-18T13:37:48+02:00,STATION,"Port Marianne",3,13,16,0.1875,43.60032,3.89851
2026-04-18,13:37:48,2026-04-18T13:37:48+02:00,STATION,"Les Arceaux",5,3,8,0.625,43.612659,3.867734
2026-04-18,13:37:48,2026-04-18T13:37:48+02:00,STATION,"Cité Mion",0,6,8,0.25,43.601143,3.884373
2026-04-18,13:37:48,2026-04-18T13:37:48+02:00,STATION,"Nouveau Saint-Roch",2,6,8,0.25,43.599817,3.875757
2026-04-18,13:37:48,2026-04-18T13:37:48+02:00,STATION,"Renouvier",2,5,8,0.375,43.603553,3.867884
2026-04-18,13:37:48,2026-04-18T13:37:48+02:00,STATION,"Odysseum",0,8,8,0.0,43.603727,3.918979
2026-04-18,13:37:48,2026-04-18T13:37:48+02:00,STATION,"Saint-Denis",0,8,8,0.0,43.605021,3.875065
2026-04-18,13:37:48,2026-04-18T13:37:48+02:00,STATION,"Richter",6,10,16,0.375,43.603424,3.899263
2026-04-18,13:37:48,2026-04-18T13:37:48+02:00,STATION,"Charles Flahault",1,7,8,0.125,43.622038,3.86672
2026-04-18,13:37:48,2026-04-18T13:37:48+02:00,STATION,"Voltaire",4,4,8,0.5,43.603767,3.888659
2026-04-18,13:37:48,2026-04-18T13:37:48+02:00,STATION,"Prés d Arènes",3,5,8,0.375,43.59048,3.884611
2026-04-18,13:37:48,2026-04-18T13:37:48+02:00,STATION,"Garcia Lorca",6,2,8,0.75,43.590757,3.890616
2026-04-18,13:37:48,2026-04-18T13:37:48+02:00,STATION,"Vert Bois",3,13,16,0.1875,43.63543,3.871179
2026-04-18,13:37:48,2026-04-18T13:37:48+02:00,STATION,"Malbosc",1,7,8,0.125,43.633679,3.832861
2026-04-18,13:37:48,2026-04-18T13:37:48+02:00,STATION,"Occitanie",3,29,32,0.09375,43.635689,3.849597
2026-04-18,13:37:48,2026-04-18T13:37:48+02:00,STATION,"Fac des Sciences",3,21,24,0.125,43.631318,3.861299
2026-04-18,13:37:48,2026-04-18T13:37:48+02:00,STATION,"Fac de Lettres",4,8,12,0.3333333333333333,43.630437,3.869539
2026-04-18,13:37:48,2026-04-18T13:37:48+02:00,STATION,"Aiguelongue",4,3,8,0.625,43.626163,3.882492
2026-04-18,13:37:48,2026-04-18T13:37:48+02:00,STATION,"Jeu de Mail des Abbés",4,4,8,0.5,43.619701,3.883831
2026-04-18,13:37:48,2026-04-18T13:37:48+02:00,STATION,"Euromédecine",2,6,8,0.25,43.639119,3.828199
2026-04-18,13:37:48,2026-04-18T13:37:48+02:00,STATION,"Marie Caizergues",3,5,8,0.375,43.619871,3.873812
2026-04-18,13:37:48,2026-04-18T13:37:48+02:00,STATION,"Sabines",5,3,8,0.625,43.584211,3.860031
2026-04-18,13:37:48,2026-04-18T13:37:48+02:00,STATION,"Celleneuve",1,7,8,0.125,43.61467,3.832624
2026-04-18,13:37:48,2026-04-18T13:37:48+02:00,STATION,"Jardin de la Lironde",6,2,8,0.75,43.60585,3.911576
2026-04-18,13:37:48,2026-04-18T13:37:48+02:00,STATION,"Père Soulas",4,4,8,0.5,43.621983,3.855603
2026-04-18,13:37:48,2026-04-18T13:37:48+02:00,STATION,"Place Viala",1,6,8,0.25,43.616812,3.855075
2026-04-18,13:37:48,2026-04-18T13:37:48+02:00,STATION,"Hôtel du Département",2,6,8,0.25,43.621682,3.83477
2026-04-18,13:37:48,2026-04-18T13:37:48+02:00,STATION,"Tonnelles",1,7,8,0.125,43.615155,3.839466
2026-04-18,13:37:48,2026-04-18T13:37:48+02:00,STATION,"Parvis Jules Ferry - Gare Saint-Roch",1,7,8,0.125,43.603889,3.879362
2026-04-18,13:37:48,2026-04-18T13:37:48+02:00,STATION,"Pont de Lattes - Gare Saint-Roch",5,6,12,0.5,43.606036,3.882393
2026-04-18,13:37:48,2026-04-18T13:37:48+02:00,STATION,"Deux Ponts - Gare Saint-Roch",0,8,8,0.0,43.604319,3.880916
2026-04-18,13:37:48,2026-04-18T13:37:48+02:00,STATION,"Providence - Ovalie",3,5,8,0.375,43.588239,3.853421
2026-04-18,13:37:48,2026-04-18T13:37:48+02:00,STATION,"Pérols Etang de l Or",5,63,68,0.07352941176470588,43.558351,3.963412
2026-04-18,13:37:48,2026-04-18T13:37:48+02:00,STATION,"Albert 1er - Cathédrale",5,7,12,0.4166666666666667,43.614005,3.873218
2026-04-18,13:37:48,2026-04-18T13:37:48+02:00,STATION,"Saint-Guilhem - Courreau",7,1,8,0.875,43.608996,3.872752
2026-04-18,13:37:48,2026-04-18T13:37:48+02:00,STATION,"Sud De France",1,6,8,0.25,43.59562,3.9235
2026-04-18,13:37:48,2026-04-18T13:37:48+02:00,STATION,"Comedie Baudin",0,8,8,0.0,43.608717,3.880787
2026-04-18,13:37:48,2026-04-18T13:37:48+02:00,STATION,"Jean de Beins",7,9,16,0.4375,43.609857,3.883884
2026-04-18,15:05:33,2026-04-18T15:05:33+02:00,STATION,"Rue Jules Ferry - Gare Saint-Roch",1,11,12,0.08333333333333333,43.605366,3.881346
2026-04-18,15:05:33,2026-04-18T15:05:33+02:00,STATION,"Comédie",5,15,20,0.25,43.608148,3.878778
2026-04-18,15:05:33,2026-04-18T15:05:33+02:00,STATION,"Hôtel de Ville",9,7,16,0.5625,43.599088,3.894866
2026-04-18,15:05:33,2026-04-18T15:05:33+02:00,STATION,"Corum",4,8,12,0.3333333333333333,43.613989,3.8816
2026-04-18,15:05:33,2026-04-18T15:05:33+02:00,STATION,"Place Albert 1er - St Charles",6,21,27,0.2222222222222222,43.616768,3.873375
2026-04-18,15:05:33,2026-04-18T15:05:33+02:00,STATION,"Foch",2,6,8,0.25,43.610989,3.873345
2026-04-18,15:05:33,2026-04-18T15:05:33+02:00,STATION,"Halles Castellane",0,12,12,0.0,43.609935,3.877208
2026-04-18,15:05:33,2026-04-18T15:05:33+02:00,STATION,"Observatoire",4,3,8,0.625,43.606301,3.87724
2026-04-18,15:05:33,2026-04-18T15:05:33+02:00,STATION,"Rondelet",5,11,16,0.3125,43.603038,3.875796
2026-04-18,15:05:33,2026-04-18T15:05:33+02:00,STATION,"Plan Cabanes",9,3,12,0.75,43.608491,3.868389
2026-04-18,15:05:33,2026-04-18T15:05:33+02:00,STATION,"Boutonnet",3,8,12,0.3333333333333333,43.622629,3.868375
2026-04-18,15:05:33,2026-04-18T15:05:33+02:00,STATION,"Emile Combes",5,3,8,0.625,43.616742,3.87998
2026-04-18,15:05:33,2026-04-18T15:05:33+02:00,STATION,"Beaux-Arts",2,14,16,0.125,43.616698,3.884981
2026-04-18,15:05:33,2026-04-18T15:05:33+02:00,STATION,"Les Aubes",5,3,8,0.625,43.618692,3.893844
2026-04-18,15:05:33,2026-04-18T15:05:33+02:00,STATION,"Antigone centre",9,3,12,0.75,43.607942,3.890634
2026-04-18,15:05:33,2026-04-18T15:05:33+02:00,STATION,"Médiathèque Emile Zola",13,3,16,0.8125,43.608218,3.89314
2026-04-18,15:05:33,2026-04-18T15:05:33+02:00,STATION,"Nombre d Or",5,11,16,0.3125,43.607859,3.886644
2026-04-18,15:05:33,2026-04-18T15:05:33+02:00,STATION,"Louis Blanc",6,10,16,0.375,43.614642,3.877648
2026-04-18,15:05:33,2026-04-18T15:05:33+02:00,STATION,"Gambetta",3,5,8,0.375,43.607106,3.870693
2026-04-18,15:05:33,2026-04-18T15:05:33+02:00,STATION,"Port Marianne",2,14,16,0.125,43.60032,3.89851
2026-04-18,15:05:33,2026-04-18T15:05:33+02:00,STATION,"Les Arceaux",5,3,8,0.625,43.612659,3.867734
2026-04-18,15:05:33,2026-04-18T15:05:33+02:00,STATION,"Cité Mion",0,6,8,0.25,43.601143,3.884373
2026-04-18,15:05:33,2026-04-18T15:05:33+02:00,STATION,"Nouveau Saint-Roch",2,6,8,0.25,43.599817,3.875757
2026-04-18,15:05:33,2026-04-18T15:05:33+02:00,STATION,"Renouvier",2,5,8,0.375,43.603553,3.867884
2026-04-18,15:05:33,2026-04-18T15:05:33+02:00,STATION,"Odysseum",0,8,8,0.0,43.603727,3.918979
2026-04-18,15:05:33,2026-04-18T15:05:33+02:00,STATION,"Saint-Denis",0,8,8,0.0,43.605021,3.875065
2026-04-18,15:05:33,2026-04-18T15:05:33+02:00,STATION,"Richter",6,10,16,0.375,43.603424,3.899263
2026-04-18,15:05:33,2026-04-18T15:05:33+02:00,STATION,"Charles Flahault",1,7,8,0.125,43.622038,3.86672
2026-04-18,15:05:33,2026-04-18T15:05:33+02:00,STATION,"Voltaire",4,4,8,0.5,43.603767,3.888659
2026-04-18,15:05:33,2026-04-18T15:05:33+02:00,STATION,"Prés d Arènes",3,5,8,0.375,43.59048,3.884611
2026-04-18,15:05:33,2026-04-18T15:05:33+02:00,STATION,"Garcia Lorca",8,0,8,1.0,43.590757,3.890616
2026-04-18,15:05:33,2026-04-18T15:05:33+02:00,STATION,"Vert Bois",3,13,16,0.1875,43.63543,3.871179
2026-04-18,15:05:33,2026-04-18T15:05:33+02:00,STATION,"Malbosc",1,7,8,0.125,43.633679,3.832861
2026-04-18,15:05:33,2026-04-18T15:05:33+02:00,STATION,"Occitanie",3,29,32,0.09375,43.635689,3.849597
2026-04-18,15:05:33,2026-04-18T15:05:33+02:00,STATION,"Fac des Sciences",0,24,24,0.0,43.631318,3.861299
2026-04-18,15:05:33,2026-04-18T15:05:33+02:00,STATION,"Fac de Lettres",4,8,12,0.3333333333333333,43.630437,3.869539
2026-04-18,15:05:33,2026-04-18T15:05:33+02:00,STATION,"Aiguelongue",4,3,8,0.625,43.626163,3.882492
2026-04-18,15:05:33,2026-04-18T15:05:33+02:00,STATION,"Jeu de Mail des Abbés",4,4,8,0.5,43.619701,3.883831
2026-04-18,15:05:33,2026-04-18T15:05:33+02:00,STATION,"Euromédecine",2,6,8,0.25,43.639119,3.828199
2026-04-18,15:05:33,2026-04-18T15:05:33+02:00,STATION,"Marie Caizergues",3,5,8,0.375,43.619871,3.873812
2026-04-18,15:05:33,2026-04-18T15:05:33+02:00,STATION,"Sabines",5,3,8,0.625,43.584211,3.860031
2026-04-18,15:05:33,2026-04-18T15:05:33+02:00,STATION,"Celleneuve",1,7,8,0.125,43.61467,3.832624
2026-04-18,15:05:33,2026-04-18T15:05:33+02:00,STATION,"Jardin de la Lironde",3,5,8,0.375,43.60585,3.911576
2026-04-18,15:05:33,2026-04-18T15:05:33+02:00,STATION,"Père Soulas",2,6,8,0.25,43.621983,3.855603
2026-04-18,15:05:33,2026-04-18T15:05:33+02:00,STATION,"Place Viala",1,6,8,0.25,43.616812,3.855075
2026-04-18,15:05:33,2026-04-18T15:05:33+02:00,STATION,"Hôtel du Département",2,6,8,0.25,43.621682,3.83477
2026-04-18,15:05:33,2026-04-18T15:05:33+02:00,STATION,"Tonnelles",1,7,8,0.125,43.615155,3.839466
2026-04-18,15:05:33,2026-04-18T15:05:33+02:00,STATION,"Parvis Jules Ferry - Gare Saint-Roch",1,7,8,0.125,43.603889,3.879362
2026-04-18,15:05:33,2026-04-18T15:05:33+02:00,STATION,"Pont de Lattes - Gare Saint-Roch",6,5,12,0.5833333333333334,43.606036,3.882393
2026-04-18,15:05:33,2026-04-18T15:05:33+02:00,STATION,"Deux Ponts - Gare Saint-Roch",0,8,8,0.0,43.604319,3.880916
2026-04-18,15:05:33,2026-04-18T15:05:33+02:00,STATION,"Providence - Ovalie",3,5,8,0.375,43.588239,3.853421
2026-04-18,15:05:33,2026-04-18T15:05:33+02:00,STATION,"Pérols Etang de l Or",4,64,68,0.058823529411764705,43.558351,3.963412
2026-04-18,15:05:33,2026-04-18T15:05:33+02:00,STATION,"Albert 1er - Cathédrale",6,6,12,0.5,43.614005,3.873218
2026-04-18,15:05:33,2026-04-18T15:05:33+02:00,STATION,"Saint-Guilhem - Courreau",6,2,8,0.75,43.608996,3.872752
2026-04-18,15:05:33,2026-04-18T15:05:33+02:00,STATION,"Sud De France",1,6,8,0.25,43.59562,3.9235
2026-04-18,15:05:33,2026-04-18T15:05:33+02:00,STATION,"Comedie Baudin",0,8,8,0.0,43.608717,3.880787
2026-04-18,15:05:33,2026-04-18T15:05:33+02:00,STATION,"Jean de Beins",7,9,16,0.4375,43.609857,3.883884
2026-04-18,16:14:02,2026-04-18T16:14:02+02:00,STATION,"Rue Jules Ferry - Gare Saint-Roch",1,11,12,0.08333333333333333,43.605366,3.881346
2026-04-18,16:14:02,2026-04-18T16:14:02+02:00,STATION,"Comédie",4,16,20,0.2,43.608148,3.878778
2026-04-18,16:14:02,2026-04-18T16:14:02+02:00,STATION,"Hôtel de Ville",9,7,16,0.5625,43.599088,3.894866
2026-04-18,16:14:02,2026-04-18T16:14:02+02:00,STATION,"Corum",4,8,12,0.3333333333333333,43.613989,3.8816
2026-04-18,16:14:02,2026-04-18T16:14:02+02:00,STATION,"Place Albert 1er - St Charles",4,23,27,0.14814814814814814,43.616768,3.873375
2026-04-18,16:14:02,2026-04-18T16:14:02+02:00,STATION,"Foch",2,6,8,0.25,43.610989,3.873345
2026-04-18,16:14:02,2026-04-18T16:14:02+02:00,STATION,"Halles Castellane",0,12,12,0.0,43.609935,3.877208
2026-04-18,16:14:02,2026-04-18T16:14:02+02:00,STATION,"Observatoire",3,4,8,0.5,43.606301,3.87724
2026-04-18,16:14:02,2026-04-18T16:14:02+02:00,STATION,"Rondelet",3,13,16,0.1875,43.603038,3.875796
2026-04-18,16:14:02,2026-04-18T16:14:02+02:00,STATION,"Plan Cabanes",8,4,12,0.6666666666666666,43.608491,3.868389
2026-04-18,16:14:02,2026-04-18T16:14:02+02:00,STATION,"Boutonnet",3,8,12,0.3333333333333333,43.622629,3.868375
2026-04-18,16:14:02,2026-04-18T16:14:02+02:00,STATION,"Emile Combes",5,3,8,0.625,43.616742,3.87998
2026-04-18,16:14:02,2026-04-18T16:14:02+02:00,STATION,"Beaux-Arts",5,11,16,0.3125,43.616698,3.884981
2026-04-18,16:14:02,2026-04-18T16:14:02+02:00,STATION,"Les Aubes",5,3,8,0.625,43.618692,3.893844
2026-04-18,16:14:02,2026-04-18T16:14:02+02:00,STATION,"Antigone centre",8,4,12,0.6666666666666666,43.607942,3.890634
2026-04-18,16:14:02,2026-04-18T16:14:02+02:00,STATION,"Médiathèque Emile Zola",13,3,16,0.8125,43.608218,3.89314
2026-04-18,16:14:02,2026-04-18T16:14:02+02:00,STATION,"Nombre d Or",6,10,16,0.375,43.607859,3.886644
2026-04-18,16:14:02,2026-04-18T16:14:02+02:00,STATION,"Louis Blanc",9,7,16,0.5625,43.614642,3.877648
2026-04-18,16:14:02,2026-04-18T16:14:02+02:00,STATION,"Gambetta",3,5,8,0.375,43.607106,3.870693
2026-04-18,16:14:02,2026-04-18T16:14:02+02:00,STATION,"Port Marianne",3,13,16,0.1875,43.60032,3.89851
2026-04-18,16:14:02,2026-04-18T16:14:02+02:00,STATION,"Les Arceaux",5,3,8,0.625,43.612659,3.867734
2026-04-18,16:14:02,2026-04-18T16:14:02+02:00,STATION,"Cité Mion",0,6,8,0.25,43.601143,3.884373
2026-04-18,16:14:02,2026-04-18T16:14:02+02:00,STATION,"Nouveau Saint-Roch",2,6,8,0.25,43.599817,3.875757
2026-04-18,16:14:02,2026-04-18T16:14:02+02:00,STATION,"Renouvier",1,6,8,0.25,43.603553,3.867884
2026-04-18,16:14:02,2026-04-18T16:14:02+02:00,STATION,"Odysseum",0,8,8,0.0,43.603727,3.918979
2026-04-18,16:14:02,2026-04-18T16:14:02+02:00,STATION,"Saint-Denis",0,8,8,0.0,43.605021,3.875065
2026-04-18,16:14:02,2026-04-18T16:14:02+02:00,STATION,"Richter",6,10,16,0.375,43.603424,3.899263
2026-04-18,16:14:02,2026-04-18T16:14:02+02:00,STATION,"Charles Flahault",1,7,8,0.125,43.622038,3.86672
2026-04-18,16:14:02,2026-04-18T16:14:02+02:00,STATION,"Voltaire",4,4,8,0.5,43.603767,3.888659
2026-04-18,16:14:02,2026-04-18T16:14:02+02:00,STATION,"Prés d Arènes",4,4,8,0.5,43.59048,3.884611
2026-04-18,16:14:02,2026-04-18T16:14:02+02:00,STATION,"Garcia Lorca",8,0,8,1.0,43.590757,3.890616
2026-04-18,16:14:02,2026-04-18T16:14:02+02:00,STATION,"Vert Bois",3,13,16,0.1875,43.63543,3.871179
2026-04-18,16:14:02,2026-04-18T16:14:02+02:00,STATION,"Malbosc",1,7,8,0.125,43.633679,3.832861
2026-04-18,16:14:02,2026-04-18T16:14:02+02:00,STATION,"Occitanie",3,29,32,0.09375,43.635689,3.849597
2026-04-18,16:14:02,2026-04-18T16:14:02+02:00,STATION,"Fac des Sciences",1,23,24,0.041666666666666664,43.631318,3.861299
2026-04-18,16:14:02,2026-04-18T16:14:02+02:00,STATION,"Fac de Lettres",4,8,12,0.3333333333333333,43.630437,3.869539
2026-04-18,16:14:02,2026-04-18T16:14:02+02:00,STATION,"Aiguelongue",4,3,8,0.625,43.626163,3.882492
2026-04-18,16:14:02,2026-04-18T16:14:02+02:00,STATION,"Jeu de Mail des Abbés",4,4,8,0.5,43.619701,3.883831
2026-04-18,16:14:02,2026-04-18T16:14:02+02:00,STATION,"Euromédecine",2,6,8,0.25,43.639119,3.828199
2026-04-18,16:14:02,2026-04-18T16:14:02+02:00,STATION,"Marie Caizergues",3,5,8,0.375,43.619871,3.873812
2026-04-18,16:14:02,2026-04-18T16:14:02+02:00,STATION,"Sabines",7,1,8,0.875,43.584211,3.860031
2026-04-18,16:14:02,2026-04-18T16:14:02+02:00,STATION,"Celleneuve",1,7,8,0.125,43.61467,3.832624
2026-04-18,16:14:02,2026-04-18T16:14:02+02:00,STATION,"Jardin de la Lironde",3,5,8,0.375,43.60585,3.911576
2026-04-18,16:14:02,2026-04-18T16:14:02+02:00,STATION,"Père Soulas",2,6,8,0.25,43.621983,3.855603
2026-04-18,16:14:02,2026-04-18T16:14:02+02:00,STATION,"Place Viala",1,6,8,0.25,43.616812,3.855075
2026-04-18,16:14:02,2026-04-18T16:14:02+02:00,STATION,"Hôtel du Département",2,6,8,0.25,43.621682,3.83477
2026-04-18,16:14:02,2026-04-18T16:14:02+02:00,STATION,"Tonnelles",1,7,8,0.125,43.615155,3.839466
2026-04-18,16:14:02,2026-04-18T16:14:02+02:00,STATION,"Parvis Jules Ferry - Gare Saint-Roch",1,7,8,0.125,43.603889,3.879362
2026-04-18,16:14:02,2026-04-18T16:14:02+02:00,STATION,"Pont de Lattes - Gare Saint-Roch",5,6,12,0.5,43.606036,3.882393
2026-04-18,16:14:02,2026-04-18T16:14:02+02:00,STATION,"Deux Ponts - Gare Saint-Roch",0,8,8,0.0,43.604319,3.880916
2026-04-18,16:14:02,2026-04-18T16:14:02+02:00,STATION,"Providence - Ovalie",3,5,8,0.375,43.588239,3.853421
2026-04-18,16:14:02,2026-04-18T16:14:02+02:00,STATION,"Pérols Etang de l Or",9,59,68,0.1323529411764706,43.558351,3.963412
2026-04-18,16:14:02,2026-04-18T16:14:02+02:00,STATION,"Albert 1er - Cathédrale",6,6,12,0.5,43.614005,3.873218
2026-04-18,16:14:02,2026-04-18T16:14:02+02:00,STATION,"Saint-Guilhem - Courreau",6,2,8,0.75,43.608996,3.872752
2026-04-18,16:14:02,2026-04-18T16:14:02+02:00,STATION,"Sud De France",1,6,8,0.25,43.59562,3.9235
2026-04-18,16:14:02,2026-04-18T16:14:02+02:00,STATION,"Comedie Baudin",0,8,8,0.0,43.608717,3.880787
2026-04-18,16:14:02,2026-04-18T16:14:02+02:00,STATION,"Jean de Beins",7,9,16,0.4375,43.609857,3.883884
2026-04-18,17:08:59,2026-04-18T17:08:59+02:00,STATION,"Rue Jules Ferry - Gare Saint-Roch",2,10,12,0.16666666666666666,43.605366,3.881346
2026-04-18,17:08:59,2026-04-18T17:08:59+02:00,STATION,"Comédie",1,19,20,0.05,43.608148,3.878778
2026-04-18,17:08:59,2026-04-18T17:08:59+02:00,STATION,"Hôtel de Ville",9,7,16,0.5625,43.599088,3.894866
2026-04-18,17:08:59,2026-04-18T17:08:59+02:00,STATION,"Corum",4,8,12,0.3333333333333333,43.613989,3.8816
2026-04-18,17:08:59,2026-04-18T17:08:59+02:00,STATION,"Place Albert 1er - St Charles",3,24,27,0.1111111111111111,43.616768,3.873375
2026-04-18,17:08:59,2026-04-18T17:08:59+02:00,STATION,"Foch",2,6,8,0.25,43.610989,3.873345
2026-04-18,17:08:59,2026-04-18T17:08:59+02:00,STATION,"Halles Castellane",0,12,12,0.0,43.609935,3.877208
2026-04-18,17:08:59,2026-04-18T17:08:59+02:00,STATION,"Observatoire",3,4,8,0.5,43.606301,3.87724
2026-04-18,17:08:59,2026-04-18T17:08:59+02:00,STATION,"Rondelet",1,15,16,0.0625,43.603038,3.875796
2026-04-18,17:08:59,2026-04-18T17:08:59+02:00,STATION,"Plan Cabanes",8,4,12,0.6666666666666666,43.608491,3.868389
2026-04-18,17:08:59,2026-04-18T17:08:59+02:00,STATION,"Boutonnet",4,7,12,0.4166666666666667,43.622629,3.868375
2026-04-18,17:08:59,2026-04-18T17:08:59+02:00,STATION,"Emile Combes",5,3,8,0.625,43.616742,3.87998
2026-04-18,17:08:59,2026-04-18T17:08:59+02:00,STATION,"Beaux-Arts",5,11,16,0.3125,43.616698,3.884981
2026-04-18,17:08:59,2026-04-18T17:08:59+02:00,STATION,"Les Aubes",5,3,8,0.625,43.618692,3.893844
2026-04-18,17:08:59,2026-04-18T17:08:59+02:00,STATION,"Antigone centre",7,5,12,0.5833333333333334,43.607942,3.890634
2026-04-18,17:08:59,2026-04-18T17:08:59+02:00,STATION,"Médiathèque Emile Zola",7,9,16,0.4375,43.608218,3.89314
2026-04-18,17:08:59,2026-04-18T17:08:59+02:00,STATION,"Nombre d Or",5,11,16,0.3125,43.607859,3.886644
2026-04-18,17:08:59,2026-04-18T17:08:59+02:00,STATION,"Louis Blanc",10,6,16,0.625,43.614642,3.877648
2026-04-18,17:08:59,2026-04-18T17:08:59+02:00,STATION,"Gambetta",3,5,8,0.375,43.607106,3.870693
2026-04-18,17:08:59,2026-04-18T17:08:59+02:00,STATION,"Port Marianne",2,14,16,0.125,43.60032,3.89851
2026-04-18,17:08:59,2026-04-18T17:08:59+02:00,STATION,"Les Arceaux",5,3,8,0.625,43.612659,3.867734
2026-04-18,17:08:59,2026-04-18T17:08:59+02:00,STATION,"Cité Mion",0,6,8,0.25,43.601143,3.884373
2026-04-18,17:08:59,2026-04-18T17:08:59+02:00,STATION,"Nouveau Saint-Roch",2,6,8,0.25,43.599817,3.875757
2026-04-18,17:08:59,2026-04-18T17:08:59+02:00,STATION,"Renouvier",1,6,8,0.25,43.603553,3.867884
2026-04-18,17:08:59,2026-04-18T17:08:59+02:00,STATION,"Odysseum",0,8,8,0.0,43.603727,3.918979
2026-04-18,17:08:59,2026-04-18T17:08:59+02:00,STATION,"Saint-Denis",0,8,8,0.0,43.605021,3.875065
2026-04-18,17:08:59,2026-04-18T17:08:59+02:00,STATION,"Richter",6,10,16,0.375,43.603424,3.899263
2026-04-18,17:08:59,2026-04-18T17:08:59+02:00,STATION,"Charles Flahault",1,7,8,0.125,43.622038,3.86672
2026-04-18,17:08:59,2026-04-18T17:08:59+02:00,STATION,"Voltaire",4,4,8,0.5,43.603767,3.888659
2026-04-18,17:08:59,2026-04-18T17:08:59+02:00,STATION,"Prés d Arènes",4,4,8,0.5,43.59048,3.884611
2026-04-18,17:08:59,2026-04-18T17:08:59+02:00,STATION,"Garcia Lorca",8,0,8,1.0,43.590757,3.890616
2026-04-18,17:08:59,2026-04-18T17:08:59+02:00,STATION,"Vert Bois",3,13,16,0.1875,43.63543,3.871179
2026-04-18,17:08:59,2026-04-18T17:08:59+02:00,STATION,"Malbosc",1,7,8,0.125,43.633679,3.832861
2026-04-18,17:08:59,2026-04-18T17:08:59+02:00,STATION,"Occitanie",3,29,32,0.09375,43.635689,3.849597
2026-04-18,17:08:59,2026-04-18T17:08:59+02:00,STATION,"Fac des Sciences",6,18,24,0.25,43.631318,3.861299
2026-04-18,17:08:59,2026-04-18T17:08:59+02:00,STATION,"Fac de Lettres",4,8,12,0.3333333333333333,43.630437,3.869539
2026-04-18,17:08:59,2026-04-18T17:08:59+02:00,STATION,"Aiguelongue",4,3,8,0.625,43.626163,3.882492
2026-04-18,17:08:59,2026-04-18T17:08:59+02:00,STATION,"Jeu de Mail des Abbés",4,4,8,0.5,43.619701,3.883831
2026-04-18,17:08:59,2026-04-18T17:08:59+02:00,STATION,"Euromédecine",2,6,8,0.25,43.639119,3.828199
2026-04-18,17:08:59,2026-04-18T17:08:59+02:00,STATION,"Marie Caizergues",3,5,8,0.375,43.619871,3.873812
2026-04-18,17:08:59,2026-04-18T17:08:59+02:00,STATION,"Sabines",7,1,8,0.875,43.584211,3.860031
2026-04-18,17:08:59,2026-04-18T17:08:59+02:00,STATION,"Celleneuve",1,7,8,0.125,43.61467,3.832624
2026-04-18,17:08:59,2026-04-18T17:08:59+02:00,STATION,"Jardin de la Lironde",3,5,8,0.375,43.60585,3.911576
2026-04-18,17:08:59,2026-04-18T17:08:59+02:00,STATION,"Père Soulas",2,6,8,0.25,43.621983,3.855603
2026-04-18,17:08:59,2026-04-18T17:08:59+02:00,STATION,"Place Viala",1,6,8,0.25,43.616812,3.855075
2026-04-18,17:08:59,2026-04-18T17:08:59+02:00,STATION,"Hôtel du Département",2,6,8,0.25,43.621682,3.83477
2026-04-18,17:08:59,2026-04-18T17:08:59+02:00,STATION,"Tonnelles",1,7,8,0.125,43.615155,3.839466
2026-04-18,17:08:59,2026-04-18T17:08:59+02:00,STATION,"Parvis Jules Ferry - Gare Saint-Roch",1,7,8,0.125,43.603889,3.879362
2026-04-18,17:08:59,2026-04-18T17:08:59+02:00,STATION,"Pont de Lattes - Gare Saint-Roch",4,7,12,0.4166666666666667,43.606036,3.882393
2026-04-18,17:08:59,2026-04-18T17:08:59+02:00,STATION,"Deux Ponts - Gare Saint-Roch",0,8,8,0.0,43.604319,3.880916
2026-04-18,17:08:59,2026-04-18T17:08:59+02:00,STATION,"Providence - Ovalie",3,5,8,0.375,43.588239,3.853421
2026-04-18,17:08:59,2026-04-18T17:08:59+02:00,STATION,"Pérols Etang de l Or",11,57,68,0.16176470588235295,43.558351,3.963412
2026-04-18,17:08:59,2026-04-18T17:08:59+02:00,STATION,"Albert 1er - Cathédrale",7,5,12,0.5833333333333334,43.614005,3.873218
2026-04-18,17:08:59,2026-04-18T17:08:59+02:00,STATION,"Saint-Guilhem - Courreau",6,2,8,0.75,43.608996,3.872752
2026-04-18,17:08:59,2026-04-18T17:08:59+02:00,STATION,"Sud De France",1,6,8,0.25,43.59562,3.9235
2026-04-18,17:08:59,2026-04-18T17:08:59+02:00,STATION,"Comedie Baudin",0,8,8,0.0,43.608717,3.880787
2026-04-18,17:08:59,2026-04-18T17:08:59+02:00,STATION,"Jean de Beins",4,12,16,0.25,43.609857,3.883884
2026-04-18,18:04:21,2026-04-18T18:04:21+02:00,STATION,"Rue Jules Ferry - Gare Saint-Roch",2,10,12,0.16666666666666666,43.605366,3.881346
2026-04-18,18:04:21,2026-04-18T18:04:21+02:00,STATION,"Comédie",1,19,20,0.05,43.608148,3.878778
2026-04-18,18:04:21,2026-04-18T18:04:21+02:00,STATION,"Hôtel de Ville",9,7,16,0.5625,43.599088,3.894866
2026-04-18,18:04:21,2026-04-18T18:04:21+02:00,STATION,"Corum",5,7,12,0.4166666666666667,43.613989,3.8816
2026-04-18,18:04:21,2026-04-18T18:04:21+02:00,STATION,"Place Albert 1er - St Charles",3,24,27,0.1111111111111111,43.616768,3.873375
2026-04-18,18:04:21,2026-04-18T18:04:21+02:00,STATION,"Foch",2,6,8,0.25,43.610989,3.873345
2026-04-18,18:04:21,2026-04-18T18:04:21+02:00,STATION,"Halles Castellane",0,12,12,0.0,43.609935,3.877208
2026-04-18,18:04:21,2026-04-18T18:04:21+02:00,STATION,"Observatoire",3,4,8,0.5,43.606301,3.87724
2026-04-18,18:04:21,2026-04-18T18:04:21+02:00,STATION,"Rondelet",1,15,16,0.0625,43.603038,3.875796
2026-04-18,18:04:21,2026-04-18T18:04:21+02:00,STATION,"Plan Cabanes",9,3,12,0.75,43.608491,3.868389
2026-04-18,18:04:21,2026-04-18T18:04:21+02:00,STATION,"Boutonnet",4,7,12,0.4166666666666667,43.622629,3.868375
2026-04-18,18:04:21,2026-04-18T18:04:21+02:00,STATION,"Emile Combes",5,3,8,0.625,43.616742,3.87998
2026-04-18,18:04:21,2026-04-18T18:04:21+02:00,STATION,"Beaux-Arts",4,12,16,0.25,43.616698,3.884981
2026-04-18,18:04:21,2026-04-18T18:04:21+02:00,STATION,"Les Aubes",5,3,8,0.625,43.618692,3.893844
2026-04-18,18:04:21,2026-04-18T18:04:21+02:00,STATION,"Antigone centre",7,5,12,0.5833333333333334,43.607942,3.890634
2026-04-18,18:04:21,2026-04-18T18:04:21+02:00,STATION,"Médiathèque Emile Zola",7,9,16,0.4375,43.608218,3.89314
2026-04-18,18:04:21,2026-04-18T18:04:21+02:00,STATION,"Nombre d Or",7,9,16,0.4375,43.607859,3.886644
2026-04-18,18:04:21,2026-04-18T18:04:21+02:00,STATION,"Louis Blanc",9,7,16,0.5625,43.614642,3.877648
2026-04-18,18:04:21,2026-04-18T18:04:21+02:00,STATION,"Gambetta",3,5,8,0.375,43.607106,3.870693
2026-04-18,18:04:21,2026-04-18T18:04:21+02:00,STATION,"Port Marianne",4,12,16,0.25,43.60032,3.89851
2026-04-18,18:04:21,2026-04-18T18:04:21+02:00,STATION,"Les Arceaux",5,3,8,0.625,43.612659,3.867734
2026-04-18,18:04:21,2026-04-18T18:04:21+02:00,STATION,"Cité Mion",0,6,8,0.25,43.601143,3.884373
2026-04-18,18:04:21,2026-04-18T18:04:21+02:00,STATION,"Nouveau Saint-Roch",2,6,8,0.25,43.599817,3.875757
2026-04-18,18:04:21,2026-04-18T18:04:21+02:00,STATION,"Renouvier",1,6,8,0.25,43.603553,3.867884
2026-04-18,18:04:21,2026-04-18T18:04:21+02:00,STATION,"Odysseum",0,8,8,0.0,43.603727,3.918979
2026-04-18,18:04:21,2026-04-18T18:04:21+02:00,STATION,"Saint-Denis",0,8,8,0.0,43.605021,3.875065
2026-04-18,18:04:21,2026-04-18T18:04:21+02:00,STATION,"Richter",6,10,16,0.375,43.603424,3.899263
2026-04-18,18:04:21,2026-04-18T18:04:21+02:00,STATION,"Charles Flahault",1,7,8,0.125,43.622038,3.86672
2026-04-18,18:04:21,2026-04-18T18:04:21+02:00,STATION,"Voltaire",4,4,8,0.5,43.603767,3.888659
2026-04-18,18:04:21,2026-04-18T18:04:21+02:00,STATION,"Prés d Arènes",3,5,8,0.375,43.59048,3.884611
2026-04-18,18:04:21,2026-04-18T18:04:21+02:00,STATION,"Garcia Lorca",8,0,8,1.0,43.590757,3.890616
2026-04-18,18:04:21,2026-04-18T18:04:21+02:00,STATION,"Vert Bois",3,13,16,0.1875,43.63543,3.871179
2026-04-18,18:04:21,2026-04-18T18:04:21+02:00,STATION,"Malbosc",1,7,8,0.125,43.633679,3.832861
2026-04-18,18:04:21,2026-04-18T18:04:21+02:00,STATION,"Occitanie",3,29,32,0.09375,43.635689,3.849597
2026-04-18,18:04:21,2026-04-18T18:04:21+02:00,STATION,"Fac des Sciences",5,19,24,0.20833333333333334,43.631318,3.861299
2026-04-18,18:04:21,2026-04-18T18:04:21+02:00,STATION,"Fac de Lettres",2,10,12,0.16666666666666666,43.630437,3.869539
2026-04-18,18:04:21,2026-04-18T18:04:21+02:00,STATION,"Aiguelongue",4,3,8,0.625,43.626163,3.882492
2026-04-18,18:04:21,2026-04-18T18:04:21+02:00,STATION,"Jeu de Mail des Abbés",5,3,8,0.625,43.619701,3.883831
2026-04-18,18:04:21,2026-04-18T18:04:21+02:00,STATION,"Euromédecine",2,6,8,0.25,43.639119,3.828199
2026-04-18,18:04:21,2026-04-18T18:04:21+02:00,STATION,"Marie Caizergues",2,6,8,0.25,43.619871,3.873812
2026-04-18,18:04:21,2026-04-18T18:04:21+02:00,STATION,"Sabines",7,1,8,0.875,43.584211,3.860031
2026-04-18,18:04:21,2026-04-18T18:04:21+02:00,STATION,"Celleneuve",1,7,8,0.125,43.61467,3.832624
2026-04-18,18:04:21,2026-04-18T18:04:21+02:00,STATION,"Jardin de la Lironde",3,5,8,0.375,43.60585,3.911576
2026-04-18,18:04:21,2026-04-18T18:04:21+02:00,STATION,"Père Soulas",2,6,8,0.25,43.621983,3.855603
2026-04-18,18:04:21,2026-04-18T18:04:21+02:00,STATION,"Place Viala",1,6,8,0.25,43.616812,3.855075
2026-04-18,18:04:21,2026-04-18T18:04:21+02:00,STATION,"Hôtel du Département",2,6,8,0.25,43.621682,3.83477
2026-04-18,18:04:21,2026-04-18T18:04:21+02:00,STATION,"Tonnelles",1,7,8,0.125,43.615155,3.839466
2026-04-18,18:04:21,2026-04-18T18:04:21+02:00,STATION,"Parvis Jules Ferry - Gare Saint-Roch",1,7,8,0.125,43.603889,3.879362
2026-04-18,18:04:21,2026-04-18T18:04:21+02:00,STATION,"Pont de Lattes - Gare Saint-Roch",4,7,12,0.4166666666666667,43.606036,3.882393
2026-04-18,18:04:21,2026-04-18T18:04:21+02:00,STATION,"Deux Ponts - Gare Saint-Roch",0,8,8,0.0,43.604319,3.880916
2026-04-18,18:04:21,2026-04-18T18:04:21+02:00,STATION,"Providence - Ovalie",3,5,8,0.375,43.588239,3.853421
2026-04-18,18:04:21,2026-04-18T18:04:21+02:00,STATION,"Pérols Etang de l Or",13,55,68,0.19117647058823528,43.558351,3.963412
2026-04-18,18:04:21,2026-04-18T18:04:21+02:00,STATION,"Albert 1er - Cathédrale",7,5,12,0.5833333333333334,43.614005,3.873218
2026-04-18,18:04:21,2026-04-18T18:04:21+02:00,STATION,"Saint-Guilhem - Courreau",5,3,8,0.625,43.608996,3.872752
2026-04-18,18:04:21,2026-04-18T18:04:21+02:00,STATION,"Sud De France",1,6,8,0.25,43.59562,3.9235
2026-04-18,18:04:21,2026-04-18T18:04:21+02:00,STATION,"Comedie Baudin",0,8,8,0.0,43.608717,3.880787
2026-04-18,18:04:21,2026-04-18T18:04:21+02:00,STATION,"Jean de Beins",4,12,16,0.25,43.609857,3.883884
2026-04-18,19:07:31,2026-04-18T19:07:31+02:00,STATION,"Rue Jules Ferry - Gare Saint-Roch",2,10,12,0.16666666666666666,43.605366,3.881346
2026-04-18,19:07:31,2026-04-18T19:07:31+02:00,STATION,"Comédie",2,18,20,0.1,43.608148,3.878778
2026-04-18,19:07:31,2026-04-18T19:07:31+02:00,STATION,"Hôtel de Ville",9,7,16,0.5625,43.599088,3.894866
2026-04-18,19:07:31,2026-04-18T19:07:31+02:00,STATION,"Corum",5,7,12,0.4166666666666667,43.613989,3.8816
2026-04-18,19:07:31,2026-04-18T19:07:31+02:00,STATION,"Place Albert 1er - St Charles",5,22,27,0.18518518518518517,43.616768,3.873375
2026-04-18,19:07:31,2026-04-18T19:07:31+02:00,STATION,"Foch",2,6,8,0.25,43.610989,3.873345
2026-04-18,19:07:31,2026-04-18T19:07:31+02:00,STATION,"Halles Castellane",0,12,12,0.0,43.609935,3.877208
2026-04-18,19:07:31,2026-04-18T19:07:31+02:00,STATION,"Observatoire",3,4,8,0.5,43.606301,3.87724
2026-04-18,19:07:31,2026-04-18T19:07:31+02:00,STATION,"Rondelet",2,14,16,0.125,43.603038,3.875796
2026-04-18,19:07:31,2026-04-18T19:07:31+02:00,STATION,"Plan Cabanes",8,4,12,0.6666666666666666,43.608491,3.868389
2026-04-18,19:07:31,2026-04-18T19:07:31+02:00,STATION,"Boutonnet",3,8,12,0.3333333333333333,43.622629,3.868375
2026-04-18,19:07:31,2026-04-18T19:07:31+02:00,STATION,"Emile Combes",4,4,8,0.5,43.616742,3.87998
2026-04-18,19:07:31,2026-04-18T19:07:31+02:00,STATION,"Beaux-Arts",4,12,16,0.25,43.616698,3.884981
2026-04-18,19:07:31,2026-04-18T19:07:31+02:00,STATION,"Les Aubes",4,4,8,0.5,43.618692,3.893844
2026-04-18,19:07:31,2026-04-18T19:07:31+02:00,STATION,"Antigone centre",4,8,12,0.3333333333333333,43.607942,3.890634
2026-04-18,19:07:31,2026-04-18T19:07:31+02:00,STATION,"Médiathèque Emile Zola",7,9,16,0.4375,43.608218,3.89314
2026-04-18,19:07:31,2026-04-18T19:07:31+02:00,STATION,"Nombre d Or",8,8,16,0.5,43.607859,3.886644
2026-04-18,19:07:31,2026-04-18T19:07:31+02:00,STATION,"Louis Blanc",10,6,16,0.625,43.614642,3.877648
2026-04-18,19:07:31,2026-04-18T19:07:31+02:00,STATION,"Gambetta",3,5,8,0.375,43.607106,3.870693
2026-04-18,19:07:31,2026-04-18T19:07:31+02:00,STATION,"Port Marianne",4,12,16,0.25,43.60032,3.89851
2026-04-18,19:07:31,2026-04-18T19:07:31+02:00,STATION,"Les Arceaux",4,4,8,0.5,43.612659,3.867734
2026-04-18,19:07:31,2026-04-18T19:07:31+02:00,STATION,"Cité Mion",0,6,8,0.25,43.601143,3.884373
2026-04-18,19:07:31,2026-04-18T19:07:31+02:00,STATION,"Nouveau Saint-Roch",2,6,8,0.25,43.599817,3.875757
2026-04-18,19:07:31,2026-04-18T19:07:31+02:00,STATION,"Renouvier",1,6,8,0.25,43.603553,3.867884
2026-04-18,19:07:31,2026-04-18T19:07:31+02:00,STATION,"Odysseum",0,8,8,0.0,43.603727,3.918979
2026-04-18,19:07:31,2026-04-18T19:07:31+02:00,STATION,"Saint-Denis",0,8,8,0.0,43.605021,3.875065
2026-04-18,19:07:31,2026-04-18T19:07:31+02:00,STATION,"Richter",6,10,16,0.375,43.603424,3.899263
2026-04-18,19:07:31,2026-04-18T19:07:31+02:00,STATION,"Charles Flahault",1,7,8,0.125,43.622038,3.86672
2026-04-18,19:07:31,2026-04-18T19:07:31+02:00,STATION,"Voltaire",4,4,8,0.5,43.603767,3.888659
2026-04-18,19:07:31,2026-04-18T19:07:31+02:00,STATION,"Prés d Arènes",4,4,8,0.5,43.59048,3.884611
2026-04-18,19:07:31,2026-04-18T19:07:31+02:00,STATION,"Garcia Lorca",8,0,8,1.0,43.590757,3.890616
2026-04-18,19:07:31,2026-04-18T19:07:31+02:00,STATION,"Vert Bois",3,13,16,0.1875,43.63543,3.871179
2026-04-18,19:07:31,2026-04-18T19:07:31+02:00,STATION,"Malbosc",1,7,8,0.125,43.633679,3.832861
2026-04-18,19:07:31,2026-04-18T19:07:31+02:00,STATION,"Occitanie",3,29,32,0.09375,43.635689,3.849597
2026-04-18,19:07:31,2026-04-18T19:07:31+02:00,STATION,"Fac des Sciences",4,20,24,0.16666666666666666,43.631318,3.861299
2026-04-18,19:07:31,2026-04-18T19:07:31+02:00,STATION,"Fac de Lettres",3,9,12,0.25,43.630437,3.869539
2026-04-18,19:07:31,2026-04-18T19:07:31+02:00,STATION,"Aiguelongue",4,3,8,0.625,43.626163,3.882492
2026-04-18,19:07:31,2026-04-18T19:07:31+02:00,STATION,"Jeu de Mail des Abbés",5,3,8,0.625,43.619701,3.883831
2026-04-18,19:07:31,2026-04-18T19:07:31+02:00,STATION,"Euromédecine",2,6,8,0.25,43.639119,3.828199
2026-04-18,19:07:31,2026-04-18T19:07:31+02:00,STATION,"Marie Caizergues",1,7,8,0.125,43.619871,3.873812
2026-04-18,19:07:31,2026-04-18T19:07:31+02:00,STATION,"Sabines",7,1,8,0.875,43.584211,3.860031
2026-04-18,19:07:31,2026-04-18T19:07:31+02:00,STATION,"Celleneuve",1,7,8,0.125,43.61467,3.832624
2026-04-18,19:07:31,2026-04-18T19:07:31+02:00,STATION,"Jardin de la Lironde",3,5,8,0.375,43.60585,3.911576
2026-04-18,19:07:31,2026-04-18T19:07:31+02:00,STATION,"Père Soulas",2,6,8,0.25,43.621983,3.855603
2026-04-18,19:07:31,2026-04-18T19:07:31+02:00,STATION,"Place Viala",2,5,8,0.375,43.616812,3.855075
2026-04-18,19:07:31,2026-04-18T19:07:31+02:00,STATION,"Hôtel du Département",2,6,8,0.25,43.621682,3.83477
2026-04-18,19:07:31,2026-04-18T19:07:31+02:00,STATION,"Tonnelles",3,5,8,0.375,43.615155,3.839466
2026-04-18,19:07:31,2026-04-18T19:07:31+02:00,STATION,"Parvis Jules Ferry - Gare Saint-Roch",1,7,8,0.125,43.603889,3.879362
2026-04-18,19:07:31,2026-04-18T19:07:31+02:00,STATION,"Pont de Lattes - Gare Saint-Roch",4,7,12,0.4166666666666667,43.606036,3.882393
2026-04-18,19:07:31,2026-04-18T19:07:31+02:00,STATION,"Deux Ponts - Gare Saint-Roch",0,8,8,0.0,43.604319,3.880916
2026-04-18,19:07:31,2026-04-18T19:07:31+02:00,STATION,"Providence - Ovalie",2,6,8,0.25,43.588239,3.853421
2026-04-18,19:07:31,2026-04-18T19:07:31+02:00,STATION,"Pérols Etang de l Or",29,39,68,0.4264705882352941,43.558351,3.963412
2026-04-18,19:07:31,2026-04-18T19:07:31+02:00,STATION,"Albert 1er - Cathédrale",6,6,12,0.5,43.614005,3.873218
2026-04-18,19:07:31,2026-04-18T19:07:31+02:00,STATION,"Saint-Guilhem - Courreau",5,3,8,0.625,43.608996,3.872752
2026-04-18,19:07:31,2026-04-18T19:07:31+02:00,STATION,"Sud De France",1,6,8,0.25,43.59562,3.9235
2026-04-18,19:07:31,2026-04-18T19:07:31+02:00,STATION,"Comedie Baudin",0,8,8,0.0,43.608717,3.880787
2026-04-18,19:07:31,2026-04-18T19:07:31+02:00,STATION,"Jean de Beins",4,12,16,0.25,43.609857,3.883884
2026-04-18,20:05:01,2026-04-18T20:05:01+02:00,STATION,"Rue Jules Ferry - Gare Saint-Roch",2,10,12,0.16666666666666666,43.605366,3.881346
2026-04-18,20:05:01,2026-04-18T20:05:01+02:00,STATION,"Comédie",2,18,20,0.1,43.608148,3.878778
2026-04-18,20:05:01,2026-04-18T20:05:01+02:00,STATION,"Hôtel de Ville",17,0,16,1.0,43.599088,3.894866
2026-04-18,20:05:01,2026-04-18T20:05:01+02:00,STATION,"Corum",5,7,12,0.4166666666666667,43.613989,3.8816
2026-04-18,20:05:01,2026-04-18T20:05:01+02:00,STATION,"Place Albert 1er - St Charles",5,22,27,0.18518518518518517,43.616768,3.873375
2026-04-18,20:05:01,2026-04-18T20:05:01+02:00,STATION,"Foch",5,3,8,0.625,43.610989,3.873345
2026-04-18,20:05:01,2026-04-18T20:05:01+02:00,STATION,"Halles Castellane",0,12,12,0.0,43.609935,3.877208
2026-04-18,20:05:01,2026-04-18T20:05:01+02:00,STATION,"Observatoire",3,4,8,0.5,43.606301,3.87724
2026-04-18,20:05:01,2026-04-18T20:05:01+02:00,STATION,"Rondelet",4,12,16,0.25,43.603038,3.875796
2026-04-18,20:05:01,2026-04-18T20:05:01+02:00,STATION,"Plan Cabanes",11,1,12,0.9166666666666666,43.608491,3.868389
2026-04-18,20:05:01,2026-04-18T20:05:01+02:00,STATION,"Boutonnet",3,8,12,0.3333333333333333,43.622629,3.868375
2026-04-18,20:05:01,2026-04-18T20:05:01+02:00,STATION,"Emile Combes",4,4,8,0.5,43.616742,3.87998
2026-04-18,20:05:01,2026-04-18T20:05:01+02:00,STATION,"Beaux-Arts",4,12,16,0.25,43.616698,3.884981
2026-04-18,20:05:01,2026-04-18T20:05:01+02:00,STATION,"Les Aubes",4,4,8,0.5,43.618692,3.893844
2026-04-18,20:05:01,2026-04-18T20:05:01+02:00,STATION,"Antigone centre",4,8,12,0.3333333333333333,43.607942,3.890634
2026-04-18,20:05:01,2026-04-18T20:05:01+02:00,STATION,"Médiathèque Emile Zola",7,9,16,0.4375,43.608218,3.89314
2026-04-18,20:05:01,2026-04-18T20:05:01+02:00,STATION,"Nombre d Or",5,11,16,0.3125,43.607859,3.886644
2026-04-18,20:05:01,2026-04-18T20:05:01+02:00,STATION,"Louis Blanc",11,5,16,0.6875,43.614642,3.877648
2026-04-18,20:05:01,2026-04-18T20:05:01+02:00,STATION,"Gambetta",3,5,8,0.375,43.607106,3.870693
2026-04-18,20:05:01,2026-04-18T20:05:01+02:00,STATION,"Port Marianne",11,5,16,0.6875,43.60032,3.89851
2026-04-18,20:05:01,2026-04-18T20:05:01+02:00,STATION,"Les Arceaux",4,4,8,0.5,43.612659,3.867734
2026-04-18,20:05:01,2026-04-18T20:05:01+02:00,STATION,"Cité Mion",0,6,8,0.25,43.601143,3.884373
2026-04-18,20:05:01,2026-04-18T20:05:01+02:00,STATION,"Nouveau Saint-Roch",2,6,8,0.25,43.599817,3.875757
2026-04-18,20:05:01,2026-04-18T20:05:01+02:00,STATION,"Renouvier",2,5,8,0.375,43.603553,3.867884
2026-04-18,20:05:01,2026-04-18T20:05:01+02:00,STATION,"Odysseum",0,8,8,0.0,43.603727,3.918979
2026-04-18,20:05:01,2026-04-18T20:05:01+02:00,STATION,"Saint-Denis",0,8,8,0.0,43.605021,3.875065
2026-04-18,20:05:01,2026-04-18T20:05:01+02:00,STATION,"Richter",5,11,16,0.3125,43.603424,3.899263
2026-04-18,20:05:01,2026-04-18T20:05:01+02:00,STATION,"Charles Flahault",1,7,8,0.125,43.622038,3.86672
2026-04-18,20:05:01,2026-04-18T20:05:01+02:00,STATION,"Voltaire",4,4,8,0.5,43.603767,3.888659
2026-04-18,20:05:01,2026-04-18T20:05:01+02:00,STATION,"Prés d Arènes",4,4,8,0.5,43.59048,3.884611
2026-04-18,20:05:01,2026-04-18T20:05:01+02:00,STATION,"Garcia Lorca",8,0,8,1.0,43.590757,3.890616
2026-04-18,20:05:01,2026-04-18T20:05:01+02:00,STATION,"Vert Bois",3,13,16,0.1875,43.63543,3.871179
2026-04-18,20:05:01,2026-04-18T20:05:01+02:00,STATION,"Malbosc",1,7,8,0.125,43.633679,3.832861
2026-04-18,20:05:01,2026-04-18T20:05:01+02:00,STATION,"Occitanie",3,29,32,0.09375,43.635689,3.849597
2026-04-18,20:05:01,2026-04-18T20:05:01+02:00,STATION,"Fac des Sciences",4,20,24,0.16666666666666666,43.631318,3.861299
2026-04-18,20:05:01,2026-04-18T20:05:01+02:00,STATION,"Fac de Lettres",3,9,12,0.25,43.630437,3.869539
2026-04-18,20:05:01,2026-04-18T20:05:01+02:00,STATION,"Aiguelongue",4,3,8,0.625,43.626163,3.882492
2026-04-18,20:05:01,2026-04-18T20:05:01+02:00,STATION,"Jeu de Mail des Abbés",5,3,8,0.625,43.619701,3.883831
2026-04-18,20:05:01,2026-04-18T20:05:01+02:00,STATION,"Euromédecine",2,6,8,0.25,43.639119,3.828199
2026-04-18,20:05:01,2026-04-18T20:05:01+02:00,STATION,"Marie Caizergues",0,8,8,0.0,43.619871,3.873812
2026-04-18,20:05:01,2026-04-18T20:05:01+02:00,STATION,"Sabines",7,1,8,0.875,43.584211,3.860031
2026-04-18,20:05:01,2026-04-18T20:05:01+02:00,STATION,"Celleneuve",1,7,8,0.125,43.61467,3.832624
2026-04-18,20:05:01,2026-04-18T20:05:01+02:00,STATION,"Jardin de la Lironde",5,3,8,0.625,43.60585,3.911576
2026-04-18,20:05:01,2026-04-18T20:05:01+02:00,STATION,"Père Soulas",2,6,8,0.25,43.621983,3.855603
2026-04-18,20:05:01,2026-04-18T20:05:01+02:00,STATION,"Place Viala",2,5,8,0.375,43.616812,3.855075
2026-04-18,20:05:01,2026-04-18T20:05:01+02:00,STATION,"Hôtel du Département",2,6,8,0.25,43.621682,3.83477
2026-04-18,20:05:01,2026-04-18T20:05:01+02:00,STATION,"Tonnelles",3,5,8,0.375,43.615155,3.839466
2026-04-18,20:05:01,2026-04-18T20:05:01+02:00,STATION,"Parvis Jules Ferry - Gare Saint-Roch",1,7,8,0.125,43.603889,3.879362
2026-04-18,20:05:01,2026-04-18T20:05:01+02:00,STATION,"Pont de Lattes - Gare Saint-Roch",4,7,12,0.4166666666666667,43.606036,3.882393
2026-04-18,20:05:01,2026-04-18T20:05:01+02:00,STATION,"Deux Ponts - Gare Saint-Roch",0,8,8,0.0,43.604319,3.880916
2026-04-18,20:05:01,2026-04-18T20:05:01+02:00,STATION,"Providence - Ovalie",2,6,8,0.25,43.588239,3.853421
2026-04-18,20:05:01,2026-04-18T20:05:01+02:00,STATION,"Pérols Etang de l Or",33,35,68,0.4852941176470588,43.558351,3.963412
2026-04-18,20:05:01,2026-04-18T20:05:01+02:00,STATION,"Albert 1er - Cathédrale",6,6,12,0.5,43.614005,3.873218
2026-04-18,20:05:01,2026-04-18T20:05:01+02:00,STATION,"Saint-Guilhem - Courreau",6,2,8,0.75,43.608996,3.872752
2026-04-18,20:05:01,2026-04-18T20:05:01+02:00,STATION,"Sud De France",1,6,8,0.25,43.59562,3.9235
2026-04-18,20:05:01,2026-04-18T20:05:01+02:00,STATION,"Comedie Baudin",0,8,8,0.0,43.608717,3.880787
2026-04-18,20:05:01,2026-04-18T20:05:01+02:00,STATION,"Jean de Beins",3,13,16,0.1875,43.609857,3.883884
2026-04-18,21:25:44,2026-04-18T21:25:44+02:00,STATION,"Rue Jules Ferry - Gare Saint-Roch",2,10,12,0.16666666666666666,43.605366,3.881346
2026-04-18,21:25:44,2026-04-18T21:25:44+02:00,STATION,"Comédie",1,19,20,0.05,43.608148,3.878778
2026-04-18,21:25:44,2026-04-18T21:25:44+02:00,STATION,"Hôtel de Ville",17,0,16,1.0,43.599088,3.894866
2026-04-18,21:25:44,2026-04-18T21:25:44+02:00,STATION,"Corum",3,9,12,0.25,43.613989,3.8816
2026-04-18,21:25:44,2026-04-18T21:25:44+02:00,STATION,"Place Albert 1er - St Charles",5,22,27,0.18518518518518517,43.616768,3.873375
2026-04-18,21:25:44,2026-04-18T21:25:44+02:00,STATION,"Foch",5,3,8,0.625,43.610989,3.873345
2026-04-18,21:25:44,2026-04-18T21:25:44+02:00,STATION,"Halles Castellane",0,12,12,0.0,43.609935,3.877208
2026-04-18,21:25:44,2026-04-18T21:25:44+02:00,STATION,"Observatoire",4,3,8,0.625,43.606301,3.87724
2026-04-18,21:25:44,2026-04-18T21:25:44+02:00,STATION,"Rondelet",4,12,16,0.25,43.603038,3.875796
2026-04-18,21:25:44,2026-04-18T21:25:44+02:00,STATION,"Plan Cabanes",11,1,12,0.9166666666666666,43.608491,3.868389
2026-04-18,21:25:44,2026-04-18T21:25:44+02:00,STATION,"Boutonnet",4,7,12,0.4166666666666667,43.622629,3.868375
2026-04-18,21:25:44,2026-04-18T21:25:44+02:00,STATION,"Emile Combes",4,4,8,0.5,43.616742,3.87998
2026-04-18,21:25:44,2026-04-18T21:25:44+02:00,STATION,"Beaux-Arts",4,12,16,0.25,43.616698,3.884981
2026-04-18,21:25:44,2026-04-18T21:25:44+02:00,STATION,"Les Aubes",4,4,8,0.5,43.618692,3.893844
2026-04-18,21:25:44,2026-04-18T21:25:44+02:00,STATION,"Antigone centre",4,8,12,0.3333333333333333,43.607942,3.890634
2026-04-18,21:25:44,2026-04-18T21:25:44+02:00,STATION,"Médiathèque Emile Zola",11,5,16,0.6875,43.608218,3.89314
2026-04-18,21:25:44,2026-04-18T21:25:44+02:00,STATION,"Nombre d Or",7,9,16,0.4375,43.607859,3.886644
2026-04-18,21:25:44,2026-04-18T21:25:44+02:00,STATION,"Louis Blanc",10,6,16,0.625,43.614642,3.877648
2026-04-18,21:25:44,2026-04-18T21:25:44+02:00,STATION,"Gambetta",3,5,8,0.375,43.607106,3.870693
2026-04-18,21:25:44,2026-04-18T21:25:44+02:00,STATION,"Port Marianne",15,1,16,0.9375,43.60032,3.89851
2026-04-18,21:25:44,2026-04-18T21:25:44+02:00,STATION,"Les Arceaux",4,4,8,0.5,43.612659,3.867734
2026-04-18,21:25:44,2026-04-18T21:25:44+02:00,STATION,"Cité Mion",0,6,8,0.25,43.601143,3.884373
2026-04-18,21:25:44,2026-04-18T21:25:44+02:00,STATION,"Nouveau Saint-Roch",2,6,8,0.25,43.599817,3.875757
2026-04-18,21:25:44,2026-04-18T21:25:44+02:00,STATION,"Renouvier",2,5,8,0.375,43.603553,3.867884
2026-04-18,21:25:44,2026-04-18T21:25:44+02:00,STATION,"Odysseum",0,8,8,0.0,43.603727,3.918979
2026-04-18,21:25:44,2026-04-18T21:25:44+02:00,STATION,"Saint-Denis",0,8,8,0.0,43.605021,3.875065
2026-04-18,21:25:44,2026-04-18T21:25:44+02:00,STATION,"Richter",4,12,16,0.25,43.603424,3.899263
2026-04-18,21:25:44,2026-04-18T21:25:44+02:00,STATION,"Charles Flahault",1,7,8,0.125,43.622038,3.86672
2026-04-18,21:25:44,2026-04-18T21:25:44+02:00,STATION,"Voltaire",4,4,8,0.5,43.603767,3.888659
2026-04-18,21:25:44,2026-04-18T21:25:44+02:00,STATION,"Prés d Arènes",4,4,8,0.5,43.59048,3.884611
2026-04-18,21:25:44,2026-04-18T21:25:44+02:00,STATION,"Garcia Lorca",7,1,8,0.875,43.590757,3.890616
2026-04-18,21:25:44,2026-04-18T21:25:44+02:00,STATION,"Vert Bois",3,13,16,0.1875,43.63543,3.871179
2026-04-18,21:25:44,2026-04-18T21:25:44+02:00,STATION,"Malbosc",1,7,8,0.125,43.633679,3.832861
2026-04-18,21:25:44,2026-04-18T21:25:44+02:00,STATION,"Occitanie",3,29,32,0.09375,43.635689,3.849597
2026-04-18,21:25:44,2026-04-18T21:25:44+02:00,STATION,"Fac des Sciences",8,16,24,0.3333333333333333,43.631318,3.861299
2026-04-18,21:25:44,2026-04-18T21:25:44+02:00,STATION,"Fac de Lettres",4,8,12,0.3333333333333333,43.630437,3.869539
2026-04-18,21:25:44,2026-04-18T21:25:44+02:00,STATION,"Aiguelongue",4,3,8,0.625,43.626163,3.882492
2026-04-18,21:25:44,2026-04-18T21:25:44+02:00,STATION,"Jeu de Mail des Abbés",5,3,8,0.625,43.619701,3.883831
2026-04-18,21:25:44,2026-04-18T21:25:44+02:00,STATION,"Euromédecine",2,6,8,0.25,43.639119,3.828199
2026-04-18,21:25:44,2026-04-18T21:25:44+02:00,STATION,"Marie Caizergues",0,8,8,0.0,43.619871,3.873812
2026-04-18,21:25:44,2026-04-18T21:25:44+02:00,STATION,"Sabines",7,1,8,0.875,43.584211,3.860031
2026-04-18,21:25:44,2026-04-18T21:25:44+02:00,STATION,"Celleneuve",1,7,8,0.125,43.61467,3.832624
2026-04-18,21:25:44,2026-04-18T21:25:44+02:00,STATION,"Jardin de la Lironde",5,3,8,0.625,43.60585,3.911576
2026-04-18,21:25:44,2026-04-18T21:25:44+02:00,STATION,"Père Soulas",2,6,8,0.25,43.621983,3.855603
2026-04-18,21:25:44,2026-04-18T21:25:44+02:00,STATION,"Place Viala",2,5,8,0.375,43.616812,3.855075
2026-04-18,21:25:44,2026-04-18T21:25:44+02:00,STATION,"Hôtel du Département",2,6,8,0.25,43.621682,3.83477
2026-04-18,21:25:44,2026-04-18T21:25:44+02:00,STATION,"Tonnelles",3,5,8,0.375,43.615155,3.839466
2026-04-18,21:25:44,2026-04-18T21:25:44+02:00,STATION,"Parvis Jules Ferry - Gare Saint-Roch",1,7,8,0.125,43.603889,3.879362
2026-04-18,21:25:44,2026-04-18T21:25:44+02:00,STATION,"Pont de Lattes - Gare Saint-Roch",4,7,12,0.4166666666666667,43.606036,3.882393
2026-04-18,21:25:44,2026-04-18T21:25:44+02:00,STATION,"Deux Ponts - Gare Saint-Roch",0,8,8,0.0,43.604319,3.880916
2026-04-18,21:25:44,2026-04-18T21:25:44+02:00,STATION,"Providence - Ovalie",2,6,8,0.25,43.588239,3.853421
2026-04-18,21:25:44,2026-04-18T21:25:44+02:00,STATION,"Pérols Etang de l Or",36,32,68,0.5294117647058824,43.558351,3.963412
2026-04-18,21:25:44,2026-04-18T21:25:44+02:00,STATION,"Albert 1er - Cathédrale",6,6,12,0.5,43.614005,3.873218
2026-04-18,21:25:44,2026-04-18T21:25:44+02:00,STATION,"Saint-Guilhem - Courreau",6,2,8,0.75,43.608996,3.872752
2026-04-18,21:25:44,2026-04-18T21:25:44+02:00,STATION,"Sud De France",1,6,8,0.25,43.59562,3.9235
2026-04-18,21:25:44,2026-04-18T21:25:44+02:00,STATION,"Comedie Baudin",0,8,8,0.0,43.608717,3.880787
2026-04-18,21:25:44,2026-04-18T21:25:44+02:00,STATION,"Jean de Beins",3,13,16,0.1875,43.609857,3.883884
2026-04-18,22:02:08,2026-04-18T22:02:08+02:00,STATION,"Rue Jules Ferry - Gare Saint-Roch",2,10,12,0.16666666666666666,43.605366,3.881346
2026-04-18,22:02:08,2026-04-18T22:02:08+02:00,STATION,"Comédie",1,19,20,0.05,43.608148,3.878778
2026-04-18,22:02:08,2026-04-18T22:02:08+02:00,STATION,"Hôtel de Ville",17,0,16,1.0,43.599088,3.894866
2026-04-18,22:02:08,2026-04-18T22:02:08+02:00,STATION,"Corum",3,9,12,0.25,43.613989,3.8816
2026-04-18,22:02:08,2026-04-18T22:02:08+02:00,STATION,"Place Albert 1er - St Charles",4,23,27,0.14814814814814814,43.616768,3.873375
2026-04-18,22:02:08,2026-04-18T22:02:08+02:00,STATION,"Foch",7,1,8,0.875,43.610989,3.873345
2026-04-18,22:02:08,2026-04-18T22:02:08+02:00,STATION,"Halles Castellane",0,12,12,0.0,43.609935,3.877208
2026-04-18,22:02:08,2026-04-18T22:02:08+02:00,STATION,"Observatoire",4,3,8,0.625,43.606301,3.87724
2026-04-18,22:02:08,2026-04-18T22:02:08+02:00,STATION,"Rondelet",3,13,16,0.1875,43.603038,3.875796
2026-04-18,22:02:08,2026-04-18T22:02:08+02:00,STATION,"Plan Cabanes",11,1,12,0.9166666666666666,43.608491,3.868389
2026-04-18,22:02:08,2026-04-18T22:02:08+02:00,STATION,"Boutonnet",3,8,12,0.3333333333333333,43.622629,3.868375
2026-04-18,22:02:08,2026-04-18T22:02:08+02:00,STATION,"Emile Combes",4,4,8,0.5,43.616742,3.87998
2026-04-18,22:02:08,2026-04-18T22:02:08+02:00,STATION,"Beaux-Arts",4,12,16,0.25,43.616698,3.884981
2026-04-18,22:02:08,2026-04-18T22:02:08+02:00,STATION,"Les Aubes",7,1,8,0.875,43.618692,3.893844
2026-04-18,22:02:08,2026-04-18T22:02:08+02:00,STATION,"Antigone centre",4,8,12,0.3333333333333333,43.607942,3.890634
2026-04-18,22:02:08,2026-04-18T22:02:08+02:00,STATION,"Médiathèque Emile Zola",11,5,16,0.6875,43.608218,3.89314
2026-04-18,22:02:08,2026-04-18T22:02:08+02:00,STATION,"Nombre d Or",7,9,16,0.4375,43.607859,3.886644
2026-04-18,22:02:08,2026-04-18T22:02:08+02:00,STATION,"Louis Blanc",10,6,16,0.625,43.614642,3.877648
2026-04-18,22:02:08,2026-04-18T22:02:08+02:00,STATION,"Gambetta",3,5,8,0.375,43.607106,3.870693
2026-04-18,22:02:08,2026-04-18T22:02:08+02:00,STATION,"Port Marianne",15,1,16,0.9375,43.60032,3.89851
2026-04-18,22:02:08,2026-04-18T22:02:08+02:00,STATION,"Les Arceaux",1,7,8,0.125,43.612659,3.867734
2026-04-18,22:02:08,2026-04-18T22:02:08+02:00,STATION,"Cité Mion",0,6,8,0.25,43.601143,3.884373
2026-04-18,22:02:08,2026-04-18T22:02:08+02:00,STATION,"Nouveau Saint-Roch",2,6,8,0.25,43.599817,3.875757
2026-04-18,22:02:08,2026-04-18T22:02:08+02:00,STATION,"Renouvier",2,5,8,0.375,43.603553,3.867884
2026-04-18,22:02:08,2026-04-18T22:02:08+02:00,STATION,"Odysseum",0,8,8,0.0,43.603727,3.918979
2026-04-18,22:02:08,2026-04-18T22:02:08+02:00,STATION,"Saint-Denis",0,8,8,0.0,43.605021,3.875065
2026-04-18,22:02:08,2026-04-18T22:02:08+02:00,STATION,"Richter",4,12,16,0.25,43.603424,3.899263
2026-04-18,22:02:08,2026-04-18T22:02:08+02:00,STATION,"Charles Flahault",1,7,8,0.125,43.622038,3.86672
2026-04-18,22:02:08,2026-04-18T22:02:08+02:00,STATION,"Voltaire",3,5,8,0.375,43.603767,3.888659
2026-04-18,22:02:08,2026-04-18T22:02:08+02:00,STATION,"Prés d Arènes",4,4,8,0.5,43.59048,3.884611
2026-04-18,22:02:08,2026-04-18T22:02:08+02:00,STATION,"Garcia Lorca",7,1,8,0.875,43.590757,3.890616
2026-04-18,22:02:08,2026-04-18T22:02:08+02:00,STATION,"Vert Bois",3,13,16,0.1875,43.63543,3.871179
2026-04-18,22:02:08,2026-04-18T22:02:08+02:00,STATION,"Malbosc",1,7,8,0.125,43.633679,3.832861
2026-04-18,22:02:08,2026-04-18T22:02:08+02:00,STATION,"Occitanie",3,29,32,0.09375,43.635689,3.849597
2026-04-18,22:02:08,2026-04-18T22:02:08+02:00,STATION,"Fac des Sciences",8,16,24,0.3333333333333333,43.631318,3.861299
2026-04-18,22:02:08,2026-04-18T22:02:08+02:00,STATION,"Fac de Lettres",4,8,12,0.3333333333333333,43.630437,3.869539
2026-04-18,22:02:08,2026-04-18T22:02:08+02:00,STATION,"Aiguelongue",5,2,8,0.75,43.626163,3.882492
2026-04-18,22:02:08,2026-04-18T22:02:08+02:00,STATION,"Jeu de Mail des Abbés",5,3,8,0.625,43.619701,3.883831
2026-04-18,22:02:08,2026-04-18T22:02:08+02:00,STATION,"Euromédecine",2,6,8,0.25,43.639119,3.828199
2026-04-18,22:02:08,2026-04-18T22:02:08+02:00,STATION,"Marie Caizergues",1,7,8,0.125,43.619871,3.873812
2026-04-18,22:02:08,2026-04-18T22:02:08+02:00,STATION,"Sabines",7,1,8,0.875,43.584211,3.860031
2026-04-18,22:02:08,2026-04-18T22:02:08+02:00,STATION,"Celleneuve",1,7,8,0.125,43.61467,3.832624
2026-04-18,22:02:08,2026-04-18T22:02:08+02:00,STATION,"Jardin de la Lironde",4,4,8,0.5,43.60585,3.911576
2026-04-18,22:02:08,2026-04-18T22:02:08+02:00,STATION,"Père Soulas",2,6,8,0.25,43.621983,3.855603
2026-04-18,22:02:08,2026-04-18T22:02:08+02:00,STATION,"Place Viala",4,3,8,0.625,43.616812,3.855075
2026-04-18,22:02:08,2026-04-18T22:02:08+02:00,STATION,"Hôtel du Département",2,6,8,0.25,43.621682,3.83477
2026-04-18,22:02:08,2026-04-18T22:02:08+02:00,STATION,"Tonnelles",3,5,8,0.375,43.615155,3.839466
2026-04-18,22:02:08,2026-04-18T22:02:08+02:00,STATION,"Parvis Jules Ferry - Gare Saint-Roch",2,6,8,0.25,43.603889,3.879362
2026-04-18,22:02:08,2026-04-18T22:02:08+02:00,STATION,"Pont de Lattes - Gare Saint-Roch",4,7,12,0.4166666666666667,43.606036,3.882393
2026-04-18,22:02:08,2026-04-18T22:02:08+02:00,STATION,"Deux Ponts - Gare Saint-Roch",0,8,8,0.0,43.604319,3.880916
2026-04-18,22:02:08,2026-04-18T22:02:08+02:00,STATION,"Providence - Ovalie",2,6,8,0.25,43.588239,3.853421
2026-04-18,22:02:08,2026-04-18T22:02:08+02:00,STATION,"Pérols Etang de l Or",36,32,68,0.5294117647058824,43.558351,3.963412
2026-04-18,22:02:08,2026-04-18T22:02:08+02:00,STATION,"Albert 1er - Cathédrale",6,6,12,0.5,43.614005,3.873218
2026-04-18,22:02:08,2026-04-18T22:02:08+02:00,STATION,"Saint-Guilhem - Courreau",6,2,8,0.75,43.608996,3.872752
2026-04-18,22:02:08,2026-04-18T22:02:08+02:00,STATION,"Sud De France",1,6,8,0.25,43.59562,3.9235
2026-04-18,22:02:08,2026-04-18T22:02:08+02:00,STATION,"Comedie Baudin",0,8,8,0.0,43.608717,3.880787
2026-04-18,22:02:08,2026-04-18T22:02:08+02:00,STATION,"Jean de Beins",4,12,16,0.25,43.609857,3.883884
