date,heure,timestamp,type,nom,velos_dispo,bornes_libres,total,taux_occupation_places,lat,lon
2026-02-20,00:30:38,2026-02-20T00:30:38+01:00,STATION,"Rue Jules Ferry - Gare Saint-Roch",1,11,12,0.08333333333333333,43.605366,3.881346
2026-02-20,00:30:38,2026-02-20T00:30:38+01:00,STATION,"Comédie",14,6,20,0.7,43.608148,3.878778
2026-02-20,00:30:38,2026-02-20T00:30:38+01:00,STATION,"Hôtel de Ville",4,11,16,0.3125,43.599088,3.894866
2026-02-20,00:30:38,2026-02-20T00:30:38+01:00,STATION,"Corum",3,9,12,0.25,43.613989,3.8816
2026-02-20,00:30:38,2026-02-20T00:30:38+01:00,STATION,"Place Albert 1er - St Charles",4,23,27,0.14814814814814814,43.616768,3.873375
2026-02-20,00:30:38,2026-02-20T00:30:38+01:00,STATION,"Foch",8,0,8,1.0,43.610989,3.873345
2026-02-20,00:30:38,2026-02-20T00:30:38+01:00,STATION,"Halles Castellane",0,12,12,0.0,43.609935,3.877208
2026-02-20,00:30:38,2026-02-20T00:30:38+01:00,STATION,"Observatoire",3,4,8,0.5,43.606301,3.87724
2026-02-20,00:30:38,2026-02-20T00:30:38+01:00,STATION,"Rondelet",3,13,16,0.1875,43.603038,3.875796
2026-02-20,00:30:38,2026-02-20T00:30:38+01:00,STATION,"Plan Cabanes",3,9,12,0.25,43.608491,3.868389
2026-02-20,00:30:38,2026-02-20T00:30:38+01:00,STATION,"Boutonnet",8,4,12,0.6666666666666666,43.622629,3.868375
2026-02-20,00:30:38,2026-02-20T00:30:38+01:00,STATION,"Emile Combes",6,2,8,0.75,43.616742,3.87998
2026-02-20,00:30:38,2026-02-20T00:30:38+01:00,STATION,"Beaux-Arts",10,6,16,0.625,43.616698,3.884981
2026-02-20,00:30:38,2026-02-20T00:30:38+01:00,STATION,"Les Aubes",7,1,8,0.875,43.618692,3.893844
2026-02-20,00:30:38,2026-02-20T00:30:38+01:00,STATION,"Antigone centre",7,5,12,0.5833333333333334,43.607942,3.890634
2026-02-20,00:30:38,2026-02-20T00:30:38+01:00,STATION,"Médiathèque Emile Zola",15,1,16,0.9375,43.608218,3.89314
2026-02-20,00:30:38,2026-02-20T00:30:38+01:00,STATION,"Nombre d Or",6,10,16,0.375,43.607859,3.886644
2026-02-20,00:30:38,2026-02-20T00:30:38+01:00,STATION,"Louis Blanc",7,9,16,0.4375,43.614642,3.877648
2026-02-20,00:30:38,2026-02-20T00:30:38+01:00,STATION,"Gambetta",5,3,8,0.625,43.607106,3.870693
2026-02-20,00:30:38,2026-02-20T00:30:38+01:00,STATION,"Port Marianne",15,1,16,0.9375,43.60032,3.89851
2026-02-20,00:30:38,2026-02-20T00:30:38+01:00,STATION,"Les Arceaux",3,5,8,0.375,43.612659,3.867734
2026-02-20,00:30:38,2026-02-20T00:30:38+01:00,STATION,"Cité Mion",2,5,8,0.375,43.601143,3.884373
2026-02-20,00:30:38,2026-02-20T00:30:38+01:00,STATION,"Nouveau Saint-Roch",5,3,8,0.625,43.599817,3.875757
2026-02-20,00:30:38,2026-02-20T00:30:38+01:00,STATION,"Renouvier",3,4,8,0.5,43.603553,3.867884
2026-02-20,00:30:38,2026-02-20T00:30:38+01:00,STATION,"Odysseum",0,8,8,0.0,43.603727,3.918979
2026-02-20,00:30:38,2026-02-20T00:30:38+01:00,STATION,"Saint-Denis",0,8,8,0.0,43.605021,3.875065
2026-02-20,00:30:38,2026-02-20T00:30:38+01:00,STATION,"Richter",5,11,16,0.3125,43.603424,3.899263
2026-02-20,00:30:38,2026-02-20T00:30:38+01:00,STATION,"Charles Flahault",4,4,8,0.5,43.622038,3.86672
2026-02-20,00:30:38,2026-02-20T00:30:38+01:00,STATION,"Voltaire",7,1,8,0.875,43.603767,3.888659
2026-02-20,00:30:38,2026-02-20T00:30:38+01:00,STATION,"Prés d Arènes",2,6,8,0.25,43.59048,3.884611
2026-02-20,00:30:38,2026-02-20T00:30:38+01:00,STATION,"Garcia Lorca",7,1,8,0.875,43.590757,3.890616
2026-02-20,00:30:38,2026-02-20T00:30:38+01:00,STATION,"Vert Bois",5,11,16,0.3125,43.63543,3.871179
2026-02-20,00:30:38,2026-02-20T00:30:38+01:00,STATION,"Malbosc",4,4,8,0.5,43.633679,3.832861
2026-02-20,00:30:38,2026-02-20T00:30:38+01:00,STATION,"Occitanie",8,24,32,0.25,43.635689,3.849597
2026-02-20,00:30:38,2026-02-20T00:30:38+01:00,STATION,"FacdesSciences",11,13,24,0.4583333333333333,43.631318,3.861299
2026-02-20,00:30:38,2026-02-20T00:30:38+01:00,STATION,"Fac de Lettres",3,9,12,0.25,43.630437,3.869539
2026-02-20,00:30:38,2026-02-20T00:30:38+01:00,STATION,"Aiguelongue",5,2,8,0.75,43.626163,3.882492
2026-02-20,00:30:38,2026-02-20T00:30:38+01:00,STATION,"Jeu de Mail des Abbés",6,2,8,0.75,43.619701,3.883831
2026-02-20,00:30:38,2026-02-20T00:30:38+01:00,STATION,"Euromédecine",2,6,8,0.25,43.639119,3.828199
2026-02-20,00:30:38,2026-02-20T00:30:38+01:00,STATION,"Marie Caizergues",4,4,8,0.5,43.619871,3.873812
2026-02-20,00:30:38,2026-02-20T00:30:38+01:00,STATION,"Sabines",4,4,8,0.5,43.584211,3.860031
2026-02-20,00:30:38,2026-02-20T00:30:38+01:00,STATION,"Celleneuve",4,4,8,0.5,43.61467,3.832624
2026-02-20,00:30:38,2026-02-20T00:30:38+01:00,STATION,"Jardin de la Lironde",7,1,8,0.875,43.60585,3.911576
2026-02-20,00:30:38,2026-02-20T00:30:38+01:00,STATION,"Père Soulas",6,2,8,0.75,43.621983,3.855603
2026-02-20,00:30:38,2026-02-20T00:30:38+01:00,STATION,"Place Viala",4,4,8,0.5,43.616812,3.855075
2026-02-20,00:30:38,2026-02-20T00:30:38+01:00,STATION,"Hôtel du Département",2,6,8,0.25,43.621682,3.83477
2026-02-20,00:30:38,2026-02-20T00:30:38+01:00,STATION,"Tonnelles",3,5,8,0.375,43.615155,3.839466
2026-02-20,00:30:38,2026-02-20T00:30:38+01:00,STATION,"Parvis Jules Ferry - Gare Saint-Roch",1,7,8,0.125,43.603889,3.879362
2026-02-20,00:30:38,2026-02-20T00:30:38+01:00,STATION,"Pont de Lattes - Gare Saint-Roch",2,10,12,0.16666666666666666,43.606036,3.882393
2026-02-20,00:30:38,2026-02-20T00:30:38+01:00,STATION,"Deux Ponts - Gare Saint-Roch",0,8,8,0.0,43.604319,3.880916
2026-02-20,00:30:38,2026-02-20T00:30:38+01:00,STATION,"Providence - Ovalie",6,2,8,0.75,43.588239,3.853421
2026-02-20,00:30:38,2026-02-20T00:30:38+01:00,STATION,"Pérols Etang de l Or",49,19,68,0.7205882352941176,43.558351,3.963412
2026-02-20,00:30:38,2026-02-20T00:30:38+01:00,STATION,"Albert 1er - Cathédrale",2,10,12,0.16666666666666666,43.614005,3.873218
2026-02-20,00:30:38,2026-02-20T00:30:38+01:00,STATION,"Saint-Guilhem - Courreau",2,6,8,0.25,43.608996,3.872752
2026-02-20,00:30:38,2026-02-20T00:30:38+01:00,STATION,"Sud De France",4,4,8,0.5,43.59562,3.9235
2026-02-20,00:30:38,2026-02-20T00:30:38+01:00,STATION,"Comedie Baudin",0,8,8,0.0,43.608717,3.880787
2026-02-20,00:30:38,2026-02-20T00:30:38+01:00,STATION,"Jean de Beins",4,12,16,0.25,43.609857,3.883884
2026-02-20,00:56:50,2026-02-20T00:56:50+01:00,STATION,"Rue Jules Ferry - Gare Saint-Roch",1,11,12,0.08333333333333333,43.605366,3.881346
2026-02-20,00:56:50,2026-02-20T00:56:50+01:00,STATION,"Comédie",14,6,20,0.7,43.608148,3.878778
2026-02-20,00:56:50,2026-02-20T00:56:50+01:00,STATION,"Hôtel de Ville",4,11,16,0.3125,43.599088,3.894866
2026-02-20,00:56:50,2026-02-20T00:56:50+01:00,STATION,"Corum",2,10,12,0.16666666666666666,43.613989,3.8816
2026-02-20,00:56:50,2026-02-20T00:56:50+01:00,STATION,"Place Albert 1er - St Charles",4,23,27,0.14814814814814814,43.616768,3.873375
2026-02-20,00:56:50,2026-02-20T00:56:50+01:00,STATION,"Foch",8,0,8,1.0,43.610989,3.873345
2026-02-20,00:56:50,2026-02-20T00:56:50+01:00,STATION,"Halles Castellane",0,12,12,0.0,43.609935,3.877208
2026-02-20,00:56:50,2026-02-20T00:56:50+01:00,STATION,"Observatoire",3,4,8,0.5,43.606301,3.87724
2026-02-20,00:56:50,2026-02-20T00:56:50+01:00,STATION,"Rondelet",3,13,16,0.1875,43.603038,3.875796
2026-02-20,00:56:50,2026-02-20T00:56:50+01:00,STATION,"Plan Cabanes",4,8,12,0.3333333333333333,43.608491,3.868389
2026-02-20,00:56:50,2026-02-20T00:56:50+01:00,STATION,"Boutonnet",8,4,12,0.6666666666666666,43.622629,3.868375
2026-02-20,00:56:50,2026-02-20T00:56:50+01:00,STATION,"Emile Combes",6,2,8,0.75,43.616742,3.87998
2026-02-20,00:56:50,2026-02-20T00:56:50+01:00,STATION,"Beaux-Arts",10,6,16,0.625,43.616698,3.884981
2026-02-20,00:56:50,2026-02-20T00:56:50+01:00,STATION,"Les Aubes",7,1,8,0.875,43.618692,3.893844
2026-02-20,00:56:50,2026-02-20T00:56:50+01:00,STATION,"Antigone centre",7,5,12,0.5833333333333334,43.607942,3.890634
2026-02-20,00:56:50,2026-02-20T00:56:50+01:00,STATION,"Médiathèque Emile Zola",15,1,16,0.9375,43.608218,3.89314
2026-02-20,00:56:50,2026-02-20T00:56:50+01:00,STATION,"Nombre d Or",5,11,16,0.3125,43.607859,3.886644
2026-02-20,00:56:50,2026-02-20T00:56:50+01:00,STATION,"Louis Blanc",7,9,16,0.4375,43.614642,3.877648
2026-02-20,00:56:50,2026-02-20T00:56:50+01:00,STATION,"Gambetta",5,3,8,0.625,43.607106,3.870693
2026-02-20,00:56:50,2026-02-20T00:56:50+01:00,STATION,"Port Marianne",16,0,16,1.0,43.60032,3.89851
2026-02-20,00:56:50,2026-02-20T00:56:50+01:00,STATION,"Les Arceaux",3,5,8,0.375,43.612659,3.867734
2026-02-20,00:56:50,2026-02-20T00:56:50+01:00,STATION,"Cité Mion",2,5,8,0.375,43.601143,3.884373
2026-02-20,00:56:50,2026-02-20T00:56:50+01:00,STATION,"Nouveau Saint-Roch",5,3,8,0.625,43.599817,3.875757
2026-02-20,00:56:50,2026-02-20T00:56:50+01:00,STATION,"Renouvier",3,4,8,0.5,43.603553,3.867884
2026-02-20,00:56:50,2026-02-20T00:56:50+01:00,STATION,"Odysseum",0,8,8,0.0,43.603727,3.918979
2026-02-20,00:56:50,2026-02-20T00:56:50+01:00,STATION,"Saint-Denis",0,8,8,0.0,43.605021,3.875065
2026-02-20,00:56:50,2026-02-20T00:56:50+01:00,STATION,"Richter",5,11,16,0.3125,43.603424,3.899263
2026-02-20,00:56:50,2026-02-20T00:56:50+01:00,STATION,"Charles Flahault",4,4,8,0.5,43.622038,3.86672
2026-02-20,00:56:50,2026-02-20T00:56:50+01:00,STATION,"Voltaire",7,1,8,0.875,43.603767,3.888659
2026-02-20,00:56:50,2026-02-20T00:56:50+01:00,STATION,"Prés d Arènes",2,6,8,0.25,43.59048,3.884611
2026-02-20,00:56:50,2026-02-20T00:56:50+01:00,STATION,"Garcia Lorca",7,1,8,0.875,43.590757,3.890616
2026-02-20,00:56:50,2026-02-20T00:56:50+01:00,STATION,"Vert Bois",5,11,16,0.3125,43.63543,3.871179
2026-02-20,00:56:50,2026-02-20T00:56:50+01:00,STATION,"Malbosc",3,5,8,0.375,43.633679,3.832861
2026-02-20,00:56:50,2026-02-20T00:56:50+01:00,STATION,"Occitanie",7,25,32,0.21875,43.635689,3.849597
2026-02-20,00:56:50,2026-02-20T00:56:50+01:00,STATION,"FacdesSciences",11,13,24,0.4583333333333333,43.631318,3.861299
2026-02-20,00:56:50,2026-02-20T00:56:50+01:00,STATION,"Fac de Lettres",3,9,12,0.25,43.630437,3.869539
2026-02-20,00:56:50,2026-02-20T00:56:50+01:00,STATION,"Aiguelongue",6,1,8,0.875,43.626163,3.882492
2026-02-20,00:56:50,2026-02-20T00:56:50+01:00,STATION,"Jeu de Mail des Abbés",6,2,8,0.75,43.619701,3.883831
2026-02-20,00:56:50,2026-02-20T00:56:50+01:00,STATION,"Euromédecine",2,6,8,0.25,43.639119,3.828199
2026-02-20,00:56:50,2026-02-20T00:56:50+01:00,STATION,"Marie Caizergues",4,4,8,0.5,43.619871,3.873812
2026-02-20,00:56:50,2026-02-20T00:56:50+01:00,STATION,"Sabines",4,4,8,0.5,43.584211,3.860031
2026-02-20,00:56:50,2026-02-20T00:56:50+01:00,STATION,"Celleneuve",4,4,8,0.5,43.61467,3.832624
2026-02-20,00:56:50,2026-02-20T00:56:50+01:00,STATION,"Jardin de la Lironde",7,1,8,0.875,43.60585,3.911576
2026-02-20,00:56:50,2026-02-20T00:56:50+01:00,STATION,"Père Soulas",6,2,8,0.75,43.621983,3.855603
2026-02-20,00:56:50,2026-02-20T00:56:50+01:00,STATION,"Place Viala",4,4,8,0.5,43.616812,3.855075
2026-02-20,00:56:50,2026-02-20T00:56:50+01:00,STATION,"Hôtel du Département",2,6,8,0.25,43.621682,3.83477
2026-02-20,00:56:50,2026-02-20T00:56:50+01:00,STATION,"Tonnelles",3,5,8,0.375,43.615155,3.839466
2026-02-20,00:56:50,2026-02-20T00:56:50+01:00,STATION,"Parvis Jules Ferry - Gare Saint-Roch",1,7,8,0.125,43.603889,3.879362
2026-02-20,00:56:50,2026-02-20T00:56:50+01:00,STATION,"Pont de Lattes - Gare Saint-Roch",2,10,12,0.16666666666666666,43.606036,3.882393
2026-02-20,00:56:50,2026-02-20T00:56:50+01:00,STATION,"Deux Ponts - Gare Saint-Roch",0,8,8,0.0,43.604319,3.880916
2026-02-20,00:56:50,2026-02-20T00:56:50+01:00,STATION,"Providence - Ovalie",6,2,8,0.75,43.588239,3.853421
2026-02-20,00:56:50,2026-02-20T00:56:50+01:00,STATION,"Pérols Etang de l Or",49,19,68,0.7205882352941176,43.558351,3.963412
2026-02-20,00:56:50,2026-02-20T00:56:50+01:00,STATION,"Albert 1er - Cathédrale",2,10,12,0.16666666666666666,43.614005,3.873218
2026-02-20,00:56:50,2026-02-20T00:56:50+01:00,STATION,"Saint-Guilhem - Courreau",2,6,8,0.25,43.608996,3.872752
2026-02-20,00:56:50,2026-02-20T00:56:50+01:00,STATION,"Sud De France",4,4,8,0.5,43.59562,3.9235
2026-02-20,00:56:50,2026-02-20T00:56:50+01:00,STATION,"Comedie Baudin",0,8,8,0.0,43.608717,3.880787
2026-02-20,00:56:50,2026-02-20T00:56:50+01:00,STATION,"Jean de Beins",4,12,16,0.25,43.609857,3.883884
2026-02-20,03:13:17,2026-02-20T03:13:17+01:00,STATION,"Rue Jules Ferry - Gare Saint-Roch",0,12,12,0.0,43.605366,3.881346
2026-02-20,03:13:17,2026-02-20T03:13:17+01:00,STATION,"Comédie",13,7,20,0.65,43.608148,3.878778
2026-02-20,03:13:17,2026-02-20T03:13:17+01:00,STATION,"Hôtel de Ville",3,12,16,0.25,43.599088,3.894866
2026-02-20,03:13:17,2026-02-20T03:13:17+01:00,STATION,"Corum",4,8,12,0.3333333333333333,43.613989,3.8816
2026-02-20,03:13:17,2026-02-20T03:13:17+01:00,STATION,"Place Albert 1er - St Charles",5,22,27,0.18518518518518517,43.616768,3.873375
2026-02-20,03:13:17,2026-02-20T03:13:17+01:00,STATION,"Foch",8,0,8,1.0,43.610989,3.873345
2026-02-20,03:13:17,2026-02-20T03:13:17+01:00,STATION,"Halles Castellane",0,12,12,0.0,43.609935,3.877208
2026-02-20,03:13:17,2026-02-20T03:13:17+01:00,STATION,"Observatoire",1,6,8,0.25,43.606301,3.87724
2026-02-20,03:13:17,2026-02-20T03:13:17+01:00,STATION,"Rondelet",2,14,16,0.125,43.603038,3.875796
2026-02-20,03:13:17,2026-02-20T03:13:17+01:00,STATION,"Plan Cabanes",4,8,12,0.3333333333333333,43.608491,3.868389
2026-02-20,03:13:17,2026-02-20T03:13:17+01:00,STATION,"Boutonnet",8,4,12,0.6666666666666666,43.622629,3.868375
2026-02-20,03:13:17,2026-02-20T03:13:17+01:00,STATION,"Emile Combes",6,2,8,0.75,43.616742,3.87998
2026-02-20,03:13:17,2026-02-20T03:13:17+01:00,STATION,"Beaux-Arts",10,6,16,0.625,43.616698,3.884981
2026-02-20,03:13:17,2026-02-20T03:13:17+01:00,STATION,"Les Aubes",7,1,8,0.875,43.618692,3.893844
2026-02-20,03:13:17,2026-02-20T03:13:17+01:00,STATION,"Antigone centre",8,4,12,0.6666666666666666,43.607942,3.890634
2026-02-20,03:13:17,2026-02-20T03:13:17+01:00,STATION,"Médiathèque Emile Zola",16,0,16,1.0,43.608218,3.89314
2026-02-20,03:13:17,2026-02-20T03:13:17+01:00,STATION,"Nombre d Or",5,11,16,0.3125,43.607859,3.886644
2026-02-20,03:13:17,2026-02-20T03:13:17+01:00,STATION,"Louis Blanc",7,9,16,0.4375,43.614642,3.877648
2026-02-20,03:13:17,2026-02-20T03:13:17+01:00,STATION,"Gambetta",5,3,8,0.625,43.607106,3.870693
2026-02-20,03:13:17,2026-02-20T03:13:17+01:00,STATION,"Port Marianne",14,2,16,0.875,43.60032,3.89851
2026-02-20,03:13:17,2026-02-20T03:13:17+01:00,STATION,"Les Arceaux",3,5,8,0.375,43.612659,3.867734
2026-02-20,03:13:17,2026-02-20T03:13:17+01:00,STATION,"Cité Mion",2,5,8,0.375,43.601143,3.884373
2026-02-20,03:13:17,2026-02-20T03:13:17+01:00,STATION,"Nouveau Saint-Roch",5,3,8,0.625,43.599817,3.875757
2026-02-20,03:13:17,2026-02-20T03:13:17+01:00,STATION,"Renouvier",3,4,8,0.5,43.603553,3.867884
2026-02-20,03:13:17,2026-02-20T03:13:17+01:00,STATION,"Odysseum",0,8,8,0.0,43.603727,3.918979
2026-02-20,03:13:17,2026-02-20T03:13:17+01:00,STATION,"Saint-Denis",0,8,8,0.0,43.605021,3.875065
2026-02-20,03:13:17,2026-02-20T03:13:17+01:00,STATION,"Richter",5,11,16,0.3125,43.603424,3.899263
2026-02-20,03:13:17,2026-02-20T03:13:17+01:00,STATION,"Charles Flahault",4,4,8,0.5,43.622038,3.86672
2026-02-20,03:13:17,2026-02-20T03:13:17+01:00,STATION,"Voltaire",7,1,8,0.875,43.603767,3.888659
2026-02-20,03:13:17,2026-02-20T03:13:17+01:00,STATION,"Prés d Arènes",3,5,8,0.375,43.59048,3.884611
2026-02-20,03:13:17,2026-02-20T03:13:17+01:00,STATION,"Garcia Lorca",7,1,8,0.875,43.590757,3.890616
2026-02-20,03:13:17,2026-02-20T03:13:17+01:00,STATION,"Vert Bois",4,12,16,0.25,43.63543,3.871179
2026-02-20,03:13:17,2026-02-20T03:13:17+01:00,STATION,"Malbosc",3,5,8,0.375,43.633679,3.832861
2026-02-20,03:13:17,2026-02-20T03:13:17+01:00,STATION,"Occitanie",9,23,32,0.28125,43.635689,3.849597
2026-02-20,03:13:17,2026-02-20T03:13:17+01:00,STATION,"FacdesSciences",11,13,24,0.4583333333333333,43.631318,3.861299
2026-02-20,03:13:17,2026-02-20T03:13:17+01:00,STATION,"Fac de Lettres",5,7,12,0.4166666666666667,43.630437,3.869539
2026-02-20,03:13:17,2026-02-20T03:13:17+01:00,STATION,"Aiguelongue",6,1,8,0.875,43.626163,3.882492
2026-02-20,03:13:17,2026-02-20T03:13:17+01:00,STATION,"Jeu de Mail des Abbés",6,2,8,0.75,43.619701,3.883831
2026-02-20,03:13:17,2026-02-20T03:13:17+01:00,STATION,"Euromédecine",2,6,8,0.25,43.639119,3.828199
2026-02-20,03:13:17,2026-02-20T03:13:17+01:00,STATION,"Marie Caizergues",4,4,8,0.5,43.619871,3.873812
2026-02-20,03:13:17,2026-02-20T03:13:17+01:00,STATION,"Sabines",4,4,8,0.5,43.584211,3.860031
2026-02-20,03:13:17,2026-02-20T03:13:17+01:00,STATION,"Celleneuve",4,4,8,0.5,43.61467,3.832624
2026-02-20,03:13:17,2026-02-20T03:13:17+01:00,STATION,"Jardin de la Lironde",7,1,8,0.875,43.60585,3.911576
2026-02-20,03:13:17,2026-02-20T03:13:17+01:00,STATION,"Père Soulas",6,2,8,0.75,43.621983,3.855603
2026-02-20,03:13:17,2026-02-20T03:13:17+01:00,STATION,"Place Viala",4,4,8,0.5,43.616812,3.855075
2026-02-20,03:13:17,2026-02-20T03:13:17+01:00,STATION,"Hôtel du Département",2,6,8,0.25,43.621682,3.83477
2026-02-20,03:13:17,2026-02-20T03:13:17+01:00,STATION,"Tonnelles",3,5,8,0.375,43.615155,3.839466
2026-02-20,03:13:17,2026-02-20T03:13:17+01:00,STATION,"Parvis Jules Ferry - Gare Saint-Roch",1,7,8,0.125,43.603889,3.879362
2026-02-20,03:13:17,2026-02-20T03:13:17+01:00,STATION,"Pont de Lattes - Gare Saint-Roch",1,11,12,0.08333333333333333,43.606036,3.882393
2026-02-20,03:13:17,2026-02-20T03:13:17+01:00,STATION,"Deux Ponts - Gare Saint-Roch",0,8,8,0.0,43.604319,3.880916
2026-02-20,03:13:17,2026-02-20T03:13:17+01:00,STATION,"Providence - Ovalie",6,2,8,0.75,43.588239,3.853421
2026-02-20,03:13:17,2026-02-20T03:13:17+01:00,STATION,"Pérols Etang de l Or",49,19,68,0.7205882352941176,43.558351,3.963412
2026-02-20,03:13:17,2026-02-20T03:13:17+01:00,STATION,"Albert 1er - Cathédrale",2,10,12,0.16666666666666666,43.614005,3.873218
2026-02-20,03:13:17,2026-02-20T03:13:17+01:00,STATION,"Saint-Guilhem - Courreau",2,6,8,0.25,43.608996,3.872752
2026-02-20,03:13:17,2026-02-20T03:13:17+01:00,STATION,"Sud De France",4,4,8,0.5,43.59562,3.9235
2026-02-20,03:13:17,2026-02-20T03:13:17+01:00,STATION,"Comedie Baudin",0,8,8,0.0,43.608717,3.880787
2026-02-20,03:13:17,2026-02-20T03:13:17+01:00,STATION,"Jean de Beins",4,12,16,0.25,43.609857,3.883884
2026-02-20,05:27:02,2026-02-20T05:27:02+01:00,STATION,"Rue Jules Ferry - Gare Saint-Roch",0,12,12,0.0,43.605366,3.881346
2026-02-20,05:27:02,2026-02-20T05:27:02+01:00,STATION,"Comédie",7,13,20,0.35,43.608148,3.878778
2026-02-20,05:27:02,2026-02-20T05:27:02+01:00,STATION,"Hôtel de Ville",3,12,16,0.25,43.599088,3.894866
2026-02-20,05:27:02,2026-02-20T05:27:02+01:00,STATION,"Corum",3,9,12,0.25,43.613989,3.8816
2026-02-20,05:27:02,2026-02-20T05:27:02+01:00,STATION,"Place Albert 1er - St Charles",5,22,27,0.18518518518518517,43.616768,3.873375
2026-02-20,05:27:02,2026-02-20T05:27:02+01:00,STATION,"Foch",5,3,8,0.625,43.610989,3.873345
2026-02-20,05:27:02,2026-02-20T05:27:02+01:00,STATION,"Halles Castellane",0,12,12,0.0,43.609935,3.877208
2026-02-20,05:27:02,2026-02-20T05:27:02+01:00,STATION,"Observatoire",1,6,8,0.25,43.606301,3.87724
2026-02-20,05:27:02,2026-02-20T05:27:02+01:00,STATION,"Rondelet",2,14,16,0.125,43.603038,3.875796
2026-02-20,05:27:02,2026-02-20T05:27:02+01:00,STATION,"Plan Cabanes",2,10,12,0.16666666666666666,43.608491,3.868389
2026-02-20,05:27:02,2026-02-20T05:27:02+01:00,STATION,"Boutonnet",11,1,12,0.9166666666666666,43.622629,3.868375
2026-02-20,05:27:02,2026-02-20T05:27:02+01:00,STATION,"Emile Combes",6,2,8,0.75,43.616742,3.87998
2026-02-20,05:27:02,2026-02-20T05:27:02+01:00,STATION,"Beaux-Arts",10,6,16,0.625,43.616698,3.884981
2026-02-20,05:27:02,2026-02-20T05:27:02+01:00,STATION,"Les Aubes",7,1,8,0.875,43.618692,3.893844
2026-02-20,05:27:02,2026-02-20T05:27:02+01:00,STATION,"Antigone centre",8,4,12,0.6666666666666666,43.607942,3.890634
2026-02-20,05:27:02,2026-02-20T05:27:02+01:00,STATION,"Médiathèque Emile Zola",16,0,16,1.0,43.608218,3.89314
2026-02-20,05:27:02,2026-02-20T05:27:02+01:00,STATION,"Nombre d Or",5,11,16,0.3125,43.607859,3.886644
2026-02-20,05:27:02,2026-02-20T05:27:02+01:00,STATION,"Louis Blanc",3,13,16,0.1875,43.614642,3.877648
2026-02-20,05:27:02,2026-02-20T05:27:02+01:00,STATION,"Gambetta",4,4,8,0.5,43.607106,3.870693
2026-02-20,05:27:02,2026-02-20T05:27:02+01:00,STATION,"Port Marianne",14,2,16,0.875,43.60032,3.89851
2026-02-20,05:27:02,2026-02-20T05:27:02+01:00,STATION,"Les Arceaux",2,6,8,0.25,43.612659,3.867734
2026-02-20,05:27:02,2026-02-20T05:27:02+01:00,STATION,"Cité Mion",2,5,8,0.375,43.601143,3.884373
2026-02-20,05:27:02,2026-02-20T05:27:02+01:00,STATION,"Nouveau Saint-Roch",4,4,8,0.5,43.599817,3.875757
2026-02-20,05:27:02,2026-02-20T05:27:02+01:00,STATION,"Renouvier",3,4,8,0.5,43.603553,3.867884
2026-02-20,05:27:02,2026-02-20T05:27:02+01:00,STATION,"Odysseum",0,8,8,0.0,43.603727,3.918979
2026-02-20,05:27:02,2026-02-20T05:27:02+01:00,STATION,"Saint-Denis",0,8,8,0.0,43.605021,3.875065
2026-02-20,05:27:02,2026-02-20T05:27:02+01:00,STATION,"Richter",5,11,16,0.3125,43.603424,3.899263
2026-02-20,05:27:02,2026-02-20T05:27:02+01:00,STATION,"Charles Flahault",4,4,8,0.5,43.622038,3.86672
2026-02-20,05:27:02,2026-02-20T05:27:02+01:00,STATION,"Voltaire",7,1,8,0.875,43.603767,3.888659
2026-02-20,05:27:02,2026-02-20T05:27:02+01:00,STATION,"Prés d Arènes",4,4,8,0.5,43.59048,3.884611
2026-02-20,05:27:02,2026-02-20T05:27:02+01:00,STATION,"Garcia Lorca",7,1,8,0.875,43.590757,3.890616
2026-02-20,05:27:02,2026-02-20T05:27:02+01:00,STATION,"Vert Bois",4,12,16,0.25,43.63543,3.871179
2026-02-20,05:27:02,2026-02-20T05:27:02+01:00,STATION,"Malbosc",3,5,8,0.375,43.633679,3.832861
2026-02-20,05:27:02,2026-02-20T05:27:02+01:00,STATION,"Occitanie",15,17,32,0.46875,43.635689,3.849597
2026-02-20,05:27:02,2026-02-20T05:27:02+01:00,STATION,"FacdesSciences",16,8,24,0.6666666666666666,43.631318,3.861299
2026-02-20,05:27:02,2026-02-20T05:27:02+01:00,STATION,"Fac de Lettres",10,2,12,0.8333333333333334,43.630437,3.869539
2026-02-20,05:27:02,2026-02-20T05:27:02+01:00,STATION,"Aiguelongue",6,1,8,0.875,43.626163,3.882492
2026-02-20,05:27:02,2026-02-20T05:27:02+01:00,STATION,"Jeu de Mail des Abbés",5,3,8,0.625,43.619701,3.883831
2026-02-20,05:27:02,2026-02-20T05:27:02+01:00,STATION,"Euromédecine",2,6,8,0.25,43.639119,3.828199
2026-02-20,05:27:02,2026-02-20T05:27:02+01:00,STATION,"Marie Caizergues",3,5,8,0.375,43.619871,3.873812
2026-02-20,05:27:02,2026-02-20T05:27:02+01:00,STATION,"Sabines",4,4,8,0.5,43.584211,3.860031
2026-02-20,05:27:02,2026-02-20T05:27:02+01:00,STATION,"Celleneuve",4,4,8,0.5,43.61467,3.832624
2026-02-20,05:27:02,2026-02-20T05:27:02+01:00,STATION,"Jardin de la Lironde",7,1,8,0.875,43.60585,3.911576
2026-02-20,05:27:02,2026-02-20T05:27:02+01:00,STATION,"Père Soulas",6,2,8,0.75,43.621983,3.855603
2026-02-20,05:27:02,2026-02-20T05:27:02+01:00,STATION,"Place Viala",4,4,8,0.5,43.616812,3.855075
2026-02-20,05:27:02,2026-02-20T05:27:02+01:00,STATION,"Hôtel du Département",3,5,8,0.375,43.621682,3.83477
2026-02-20,05:27:02,2026-02-20T05:27:02+01:00,STATION,"Tonnelles",3,5,8,0.375,43.615155,3.839466
2026-02-20,05:27:02,2026-02-20T05:27:02+01:00,STATION,"Parvis Jules Ferry - Gare Saint-Roch",1,7,8,0.125,43.603889,3.879362
2026-02-20,05:27:02,2026-02-20T05:27:02+01:00,STATION,"Pont de Lattes - Gare Saint-Roch",1,11,12,0.08333333333333333,43.606036,3.882393
2026-02-20,05:27:02,2026-02-20T05:27:02+01:00,STATION,"Deux Ponts - Gare Saint-Roch",0,8,8,0.0,43.604319,3.880916
2026-02-20,05:27:02,2026-02-20T05:27:02+01:00,STATION,"Providence - Ovalie",6,2,8,0.75,43.588239,3.853421
2026-02-20,05:27:02,2026-02-20T05:27:02+01:00,STATION,"Pérols Etang de l Or",49,19,68,0.7205882352941176,43.558351,3.963412
2026-02-20,05:27:02,2026-02-20T05:27:02+01:00,STATION,"Albert 1er - Cathédrale",2,10,12,0.16666666666666666,43.614005,3.873218
2026-02-20,05:27:02,2026-02-20T05:27:02+01:00,STATION,"Saint-Guilhem - Courreau",1,7,8,0.125,43.608996,3.872752
2026-02-20,05:27:02,2026-02-20T05:27:02+01:00,STATION,"Sud De France",4,4,8,0.5,43.59562,3.9235
2026-02-20,05:27:02,2026-02-20T05:27:02+01:00,STATION,"Comedie Baudin",0,8,8,0.0,43.608717,3.880787
2026-02-20,05:27:02,2026-02-20T05:27:02+01:00,STATION,"Jean de Beins",4,12,16,0.25,43.609857,3.883884
2026-02-20,06:37:16,2026-02-20T06:37:16+01:00,STATION,"Rue Jules Ferry - Gare Saint-Roch",1,11,12,0.08333333333333333,43.605366,3.881346
2026-02-20,06:37:16,2026-02-20T06:37:16+01:00,STATION,"Comédie",7,13,20,0.35,43.608148,3.878778
2026-02-20,06:37:16,2026-02-20T06:37:16+01:00,STATION,"Hôtel de Ville",3,12,16,0.25,43.599088,3.894866
2026-02-20,06:37:16,2026-02-20T06:37:16+01:00,STATION,"Corum",3,9,12,0.25,43.613989,3.8816
2026-02-20,06:37:16,2026-02-20T06:37:16+01:00,STATION,"Place Albert 1er - St Charles",5,22,27,0.18518518518518517,43.616768,3.873375
2026-02-20,06:37:16,2026-02-20T06:37:16+01:00,STATION,"Foch",4,4,8,0.5,43.610989,3.873345
2026-02-20,06:37:16,2026-02-20T06:37:16+01:00,STATION,"Halles Castellane",0,12,12,0.0,43.609935,3.877208
2026-02-20,06:37:16,2026-02-20T06:37:16+01:00,STATION,"Observatoire",1,6,8,0.25,43.606301,3.87724
2026-02-20,06:37:16,2026-02-20T06:37:16+01:00,STATION,"Rondelet",2,14,16,0.125,43.603038,3.875796
2026-02-20,06:37:16,2026-02-20T06:37:16+01:00,STATION,"Plan Cabanes",2,10,12,0.16666666666666666,43.608491,3.868389
2026-02-20,06:37:16,2026-02-20T06:37:16+01:00,STATION,"Boutonnet",11,1,12,0.9166666666666666,43.622629,3.868375
2026-02-20,06:37:16,2026-02-20T06:37:16+01:00,STATION,"Emile Combes",6,2,8,0.75,43.616742,3.87998
2026-02-20,06:37:16,2026-02-20T06:37:16+01:00,STATION,"Beaux-Arts",10,6,16,0.625,43.616698,3.884981
2026-02-20,06:37:16,2026-02-20T06:37:16+01:00,STATION,"Les Aubes",7,1,8,0.875,43.618692,3.893844
2026-02-20,06:37:16,2026-02-20T06:37:16+01:00,STATION,"Antigone centre",8,4,12,0.6666666666666666,43.607942,3.890634
2026-02-20,06:37:16,2026-02-20T06:37:16+01:00,STATION,"Médiathèque Emile Zola",16,0,16,1.0,43.608218,3.89314
2026-02-20,06:37:16,2026-02-20T06:37:16+01:00,STATION,"Nombre d Or",5,11,16,0.3125,43.607859,3.886644
2026-02-20,06:37:16,2026-02-20T06:37:16+01:00,STATION,"Louis Blanc",3,13,16,0.1875,43.614642,3.877648
2026-02-20,06:37:16,2026-02-20T06:37:16+01:00,STATION,"Gambetta",4,4,8,0.5,43.607106,3.870693
2026-02-20,06:37:16,2026-02-20T06:37:16+01:00,STATION,"Port Marianne",14,2,16,0.875,43.60032,3.89851
2026-02-20,06:37:16,2026-02-20T06:37:16+01:00,STATION,"Les Arceaux",2,6,8,0.25,43.612659,3.867734
2026-02-20,06:37:16,2026-02-20T06:37:16+01:00,STATION,"Cité Mion",2,5,8,0.375,43.601143,3.884373
2026-02-20,06:37:16,2026-02-20T06:37:16+01:00,STATION,"Nouveau Saint-Roch",4,4,8,0.5,43.599817,3.875757
2026-02-20,06:37:16,2026-02-20T06:37:16+01:00,STATION,"Renouvier",3,4,8,0.5,43.603553,3.867884
2026-02-20,06:37:16,2026-02-20T06:37:16+01:00,STATION,"Odysseum",0,8,8,0.0,43.603727,3.918979
2026-02-20,06:37:16,2026-02-20T06:37:16+01:00,STATION,"Saint-Denis",0,8,8,0.0,43.605021,3.875065
2026-02-20,06:37:16,2026-02-20T06:37:16+01:00,STATION,"Richter",5,11,16,0.3125,43.603424,3.899263
2026-02-20,06:37:16,2026-02-20T06:37:16+01:00,STATION,"Charles Flahault",4,4,8,0.5,43.622038,3.86672
2026-02-20,06:37:16,2026-02-20T06:37:16+01:00,STATION,"Voltaire",7,1,8,0.875,43.603767,3.888659
2026-02-20,06:37:16,2026-02-20T06:37:16+01:00,STATION,"Prés d Arènes",4,4,8,0.5,43.59048,3.884611
2026-02-20,06:37:16,2026-02-20T06:37:16+01:00,STATION,"Garcia Lorca",6,2,8,0.75,43.590757,3.890616
2026-02-20,06:37:16,2026-02-20T06:37:16+01:00,STATION,"Vert Bois",4,12,16,0.25,43.63543,3.871179
2026-02-20,06:37:16,2026-02-20T06:37:16+01:00,STATION,"Malbosc",3,5,8,0.375,43.633679,3.832861
2026-02-20,06:37:16,2026-02-20T06:37:16+01:00,STATION,"Occitanie",15,17,32,0.46875,43.635689,3.849597
2026-02-20,06:37:16,2026-02-20T06:37:16+01:00,STATION,"FacdesSciences",16,8,24,0.6666666666666666,43.631318,3.861299
2026-02-20,06:37:16,2026-02-20T06:37:16+01:00,STATION,"Fac de Lettres",10,2,12,0.8333333333333334,43.630437,3.869539
2026-02-20,06:37:16,2026-02-20T06:37:16+01:00,STATION,"Aiguelongue",6,1,8,0.875,43.626163,3.882492
2026-02-20,06:37:16,2026-02-20T06:37:16+01:00,STATION,"Jeu de Mail des Abbés",5,3,8,0.625,43.619701,3.883831
2026-02-20,06:37:16,2026-02-20T06:37:16+01:00,STATION,"Euromédecine",2,6,8,0.25,43.639119,3.828199
2026-02-20,06:37:16,2026-02-20T06:37:16+01:00,STATION,"Marie Caizergues",3,5,8,0.375,43.619871,3.873812
2026-02-20,06:37:16,2026-02-20T06:37:16+01:00,STATION,"Sabines",4,4,8,0.5,43.584211,3.860031
2026-02-20,06:37:16,2026-02-20T06:37:16+01:00,STATION,"Celleneuve",4,4,8,0.5,43.61467,3.832624
2026-02-20,06:37:16,2026-02-20T06:37:16+01:00,STATION,"Jardin de la Lironde",7,1,8,0.875,43.60585,3.911576
2026-02-20,06:37:16,2026-02-20T06:37:16+01:00,STATION,"Père Soulas",6,2,8,0.75,43.621983,3.855603
2026-02-20,06:37:16,2026-02-20T06:37:16+01:00,STATION,"Place Viala",4,4,8,0.5,43.616812,3.855075
2026-02-20,06:37:16,2026-02-20T06:37:16+01:00,STATION,"Hôtel du Département",3,5,8,0.375,43.621682,3.83477
2026-02-20,06:37:16,2026-02-20T06:37:16+01:00,STATION,"Tonnelles",3,5,8,0.375,43.615155,3.839466
2026-02-20,06:37:16,2026-02-20T06:37:16+01:00,STATION,"Parvis Jules Ferry - Gare Saint-Roch",1,7,8,0.125,43.603889,3.879362
2026-02-20,06:37:16,2026-02-20T06:37:16+01:00,STATION,"Pont de Lattes - Gare Saint-Roch",1,11,12,0.08333333333333333,43.606036,3.882393
2026-02-20,06:37:16,2026-02-20T06:37:16+01:00,STATION,"Deux Ponts - Gare Saint-Roch",0,8,8,0.0,43.604319,3.880916
2026-02-20,06:37:16,2026-02-20T06:37:16+01:00,STATION,"Providence - Ovalie",6,2,8,0.75,43.588239,3.853421
2026-02-20,06:37:16,2026-02-20T06:37:16+01:00,STATION,"Pérols Etang de l Or",49,19,68,0.7205882352941176,43.558351,3.963412
2026-02-20,06:37:16,2026-02-20T06:37:16+01:00,STATION,"Albert 1er - Cathédrale",2,10,12,0.16666666666666666,43.614005,3.873218
2026-02-20,06:37:16,2026-02-20T06:37:16+01:00,STATION,"Saint-Guilhem - Courreau",1,7,8,0.125,43.608996,3.872752
2026-02-20,06:37:16,2026-02-20T06:37:16+01:00,STATION,"Sud De France",4,4,8,0.5,43.59562,3.9235
2026-02-20,06:37:16,2026-02-20T06:37:16+01:00,STATION,"Comedie Baudin",0,8,8,0.0,43.608717,3.880787
2026-02-20,06:37:16,2026-02-20T06:37:16+01:00,STATION,"Jean de Beins",4,12,16,0.25,43.609857,3.883884
2026-02-20,07:57:02,2026-02-20T07:57:02+01:00,STATION,"Rue Jules Ferry - Gare Saint-Roch",0,12,12,0.0,43.605366,3.881346
2026-02-20,07:57:02,2026-02-20T07:57:02+01:00,STATION,"Comédie",7,13,20,0.35,43.608148,3.878778
2026-02-20,07:57:02,2026-02-20T07:57:02+01:00,STATION,"Hôtel de Ville",7,8,16,0.5,43.599088,3.894866
2026-02-20,07:57:02,2026-02-20T07:57:02+01:00,STATION,"Corum",3,9,12,0.25,43.613989,3.8816
2026-02-20,07:57:02,2026-02-20T07:57:02+01:00,STATION,"Place Albert 1er - St Charles",7,20,27,0.25925925925925924,43.616768,3.873375
2026-02-20,07:57:02,2026-02-20T07:57:02+01:00,STATION,"Foch",4,4,8,0.5,43.610989,3.873345
2026-02-20,07:57:02,2026-02-20T07:57:02+01:00,STATION,"Halles Castellane",0,12,12,0.0,43.609935,3.877208
2026-02-20,07:57:02,2026-02-20T07:57:02+01:00,STATION,"Observatoire",1,6,8,0.25,43.606301,3.87724
2026-02-20,07:57:02,2026-02-20T07:57:02+01:00,STATION,"Rondelet",2,14,16,0.125,43.603038,3.875796
2026-02-20,07:57:02,2026-02-20T07:57:02+01:00,STATION,"Plan Cabanes",2,10,12,0.16666666666666666,43.608491,3.868389
2026-02-20,07:57:02,2026-02-20T07:57:02+01:00,STATION,"Boutonnet",11,1,12,0.9166666666666666,43.622629,3.868375
2026-02-20,07:57:02,2026-02-20T07:57:02+01:00,STATION,"Emile Combes",6,2,8,0.75,43.616742,3.87998
2026-02-20,07:57:02,2026-02-20T07:57:02+01:00,STATION,"Beaux-Arts",10,6,16,0.625,43.616698,3.884981
2026-02-20,07:57:02,2026-02-20T07:57:02+01:00,STATION,"Les Aubes",7,1,8,0.875,43.618692,3.893844
2026-02-20,07:57:02,2026-02-20T07:57:02+01:00,STATION,"Antigone centre",8,4,12,0.6666666666666666,43.607942,3.890634
2026-02-20,07:57:02,2026-02-20T07:57:02+01:00,STATION,"Médiathèque Emile Zola",16,0,16,1.0,43.608218,3.89314
2026-02-20,07:57:02,2026-02-20T07:57:02+01:00,STATION,"Nombre d Or",5,11,16,0.3125,43.607859,3.886644
2026-02-20,07:57:02,2026-02-20T07:57:02+01:00,STATION,"Louis Blanc",3,13,16,0.1875,43.614642,3.877648
2026-02-20,07:57:02,2026-02-20T07:57:02+01:00,STATION,"Gambetta",4,4,8,0.5,43.607106,3.870693
2026-02-20,07:57:02,2026-02-20T07:57:02+01:00,STATION,"Port Marianne",8,8,16,0.5,43.60032,3.89851
2026-02-20,07:57:02,2026-02-20T07:57:02+01:00,STATION,"Les Arceaux",2,6,8,0.25,43.612659,3.867734
2026-02-20,07:57:02,2026-02-20T07:57:02+01:00,STATION,"Cité Mion",2,5,8,0.375,43.601143,3.884373
2026-02-20,07:57:02,2026-02-20T07:57:02+01:00,STATION,"Nouveau Saint-Roch",4,4,8,0.5,43.599817,3.875757
2026-02-20,07:57:02,2026-02-20T07:57:02+01:00,STATION,"Renouvier",2,5,8,0.375,43.603553,3.867884
2026-02-20,07:57:02,2026-02-20T07:57:02+01:00,STATION,"Odysseum",0,8,8,0.0,43.603727,3.918979
2026-02-20,07:57:02,2026-02-20T07:57:02+01:00,STATION,"Saint-Denis",0,8,8,0.0,43.605021,3.875065
2026-02-20,07:57:02,2026-02-20T07:57:02+01:00,STATION,"Richter",5,11,16,0.3125,43.603424,3.899263
2026-02-20,07:57:02,2026-02-20T07:57:02+01:00,STATION,"Charles Flahault",4,4,8,0.5,43.622038,3.86672
2026-02-20,07:57:02,2026-02-20T07:57:02+01:00,STATION,"Voltaire",7,1,8,0.875,43.603767,3.888659
2026-02-20,07:57:02,2026-02-20T07:57:02+01:00,STATION,"Prés d Arènes",4,4,8,0.5,43.59048,3.884611
2026-02-20,07:57:02,2026-02-20T07:57:02+01:00,STATION,"Garcia Lorca",7,1,8,0.875,43.590757,3.890616
2026-02-20,07:57:02,2026-02-20T07:57:02+01:00,STATION,"Vert Bois",4,12,16,0.25,43.63543,3.871179
2026-02-20,07:57:02,2026-02-20T07:57:02+01:00,STATION,"Malbosc",3,5,8,0.375,43.633679,3.832861
2026-02-20,07:57:02,2026-02-20T07:57:02+01:00,STATION,"Occitanie",15,17,32,0.46875,43.635689,3.849597
2026-02-20,07:57:02,2026-02-20T07:57:02+01:00,STATION,"FacdesSciences",16,8,24,0.6666666666666666,43.631318,3.861299
2026-02-20,07:57:02,2026-02-20T07:57:02+01:00,STATION,"Fac de Lettres",10,2,12,0.8333333333333334,43.630437,3.869539
2026-02-20,07:57:02,2026-02-20T07:57:02+01:00,STATION,"Aiguelongue",6,1,8,0.875,43.626163,3.882492
2026-02-20,07:57:02,2026-02-20T07:57:02+01:00,STATION,"Jeu de Mail des Abbés",5,3,8,0.625,43.619701,3.883831
2026-02-20,07:57:02,2026-02-20T07:57:02+01:00,STATION,"Euromédecine",2,6,8,0.25,43.639119,3.828199
2026-02-20,07:57:02,2026-02-20T07:57:02+01:00,STATION,"Marie Caizergues",3,5,8,0.375,43.619871,3.873812
2026-02-20,07:57:02,2026-02-20T07:57:02+01:00,STATION,"Sabines",4,4,8,0.5,43.584211,3.860031
2026-02-20,07:57:02,2026-02-20T07:57:02+01:00,STATION,"Celleneuve",4,4,8,0.5,43.61467,3.832624
2026-02-20,07:57:02,2026-02-20T07:57:02+01:00,STATION,"Jardin de la Lironde",7,1,8,0.875,43.60585,3.911576
2026-02-20,07:57:02,2026-02-20T07:57:02+01:00,STATION,"Père Soulas",7,1,8,0.875,43.621983,3.855603
2026-02-20,07:57:02,2026-02-20T07:57:02+01:00,STATION,"Place Viala",4,4,8,0.5,43.616812,3.855075
2026-02-20,07:57:02,2026-02-20T07:57:02+01:00,STATION,"Hôtel du Département",3,5,8,0.375,43.621682,3.83477
2026-02-20,07:57:02,2026-02-20T07:57:02+01:00,STATION,"Tonnelles",3,5,8,0.375,43.615155,3.839466
2026-02-20,07:57:02,2026-02-20T07:57:02+01:00,STATION,"Parvis Jules Ferry - Gare Saint-Roch",1,7,8,0.125,43.603889,3.879362
2026-02-20,07:57:02,2026-02-20T07:57:02+01:00,STATION,"Pont de Lattes - Gare Saint-Roch",1,11,12,0.08333333333333333,43.606036,3.882393
2026-02-20,07:57:02,2026-02-20T07:57:02+01:00,STATION,"Deux Ponts - Gare Saint-Roch",0,8,8,0.0,43.604319,3.880916
2026-02-20,07:57:02,2026-02-20T07:57:02+01:00,STATION,"Providence - Ovalie",6,2,8,0.75,43.588239,3.853421
2026-02-20,07:57:02,2026-02-20T07:57:02+01:00,STATION,"Pérols Etang de l Or",47,21,68,0.6911764705882353,43.558351,3.963412
2026-02-20,07:57:02,2026-02-20T07:57:02+01:00,STATION,"Albert 1er - Cathédrale",2,10,12,0.16666666666666666,43.614005,3.873218
2026-02-20,07:57:02,2026-02-20T07:57:02+01:00,STATION,"Saint-Guilhem - Courreau",0,8,8,0.0,43.608996,3.872752
2026-02-20,07:57:02,2026-02-20T07:57:02+01:00,STATION,"Sud De France",4,4,8,0.5,43.59562,3.9235
2026-02-20,07:57:02,2026-02-20T07:57:02+01:00,STATION,"Comedie Baudin",0,8,8,0.0,43.608717,3.880787
2026-02-20,07:57:02,2026-02-20T07:57:02+01:00,STATION,"Jean de Beins",4,12,16,0.25,43.609857,3.883884
2026-02-20,08:50:28,2026-02-20T08:50:28+01:00,STATION,"Rue Jules Ferry - Gare Saint-Roch",6,6,12,0.5,43.605366,3.881346
2026-02-20,08:50:28,2026-02-20T08:50:28+01:00,STATION,"Comédie",7,13,20,0.35,43.608148,3.878778
2026-02-20,08:50:28,2026-02-20T08:50:28+01:00,STATION,"Hôtel de Ville",7,8,16,0.5,43.599088,3.894866
2026-02-20,08:50:28,2026-02-20T08:50:28+01:00,STATION,"Corum",3,9,12,0.25,43.613989,3.8816
2026-02-20,08:50:28,2026-02-20T08:50:28+01:00,STATION,"Place Albert 1er - St Charles",7,20,27,0.25925925925925924,43.616768,3.873375
2026-02-20,08:50:28,2026-02-20T08:50:28+01:00,STATION,"Foch",4,4,8,0.5,43.610989,3.873345
2026-02-20,08:50:28,2026-02-20T08:50:28+01:00,STATION,"Halles Castellane",0,12,12,0.0,43.609935,3.877208
2026-02-20,08:50:28,2026-02-20T08:50:28+01:00,STATION,"Observatoire",1,6,8,0.25,43.606301,3.87724
2026-02-20,08:50:28,2026-02-20T08:50:28+01:00,STATION,"Rondelet",2,14,16,0.125,43.603038,3.875796
2026-02-20,08:50:28,2026-02-20T08:50:28+01:00,STATION,"Plan Cabanes",1,11,12,0.08333333333333333,43.608491,3.868389
2026-02-20,08:50:28,2026-02-20T08:50:28+01:00,STATION,"Boutonnet",11,1,12,0.9166666666666666,43.622629,3.868375
2026-02-20,08:50:28,2026-02-20T08:50:28+01:00,STATION,"Emile Combes",7,1,8,0.875,43.616742,3.87998
2026-02-20,08:50:28,2026-02-20T08:50:28+01:00,STATION,"Beaux-Arts",10,6,16,0.625,43.616698,3.884981
2026-02-20,08:50:28,2026-02-20T08:50:28+01:00,STATION,"Les Aubes",7,1,8,0.875,43.618692,3.893844
2026-02-20,08:50:28,2026-02-20T08:50:28+01:00,STATION,"Antigone centre",7,5,12,0.5833333333333334,43.607942,3.890634
2026-02-20,08:50:28,2026-02-20T08:50:28+01:00,STATION,"Médiathèque Emile Zola",8,8,16,0.5,43.608218,3.89314
2026-02-20,08:50:28,2026-02-20T08:50:28+01:00,STATION,"Nombre d Or",5,11,16,0.3125,43.607859,3.886644
2026-02-20,08:50:28,2026-02-20T08:50:28+01:00,STATION,"Louis Blanc",3,13,16,0.1875,43.614642,3.877648
2026-02-20,08:50:28,2026-02-20T08:50:28+01:00,STATION,"Gambetta",4,4,8,0.5,43.607106,3.870693
2026-02-20,08:50:28,2026-02-20T08:50:28+01:00,STATION,"Port Marianne",8,8,16,0.5,43.60032,3.89851
2026-02-20,08:50:28,2026-02-20T08:50:28+01:00,STATION,"Les Arceaux",2,6,8,0.25,43.612659,3.867734
2026-02-20,08:50:28,2026-02-20T08:50:28+01:00,STATION,"Cité Mion",2,5,8,0.375,43.601143,3.884373
2026-02-20,08:50:28,2026-02-20T08:50:28+01:00,STATION,"Nouveau Saint-Roch",3,5,8,0.375,43.599817,3.875757
2026-02-20,08:50:28,2026-02-20T08:50:28+01:00,STATION,"Renouvier",2,5,8,0.375,43.603553,3.867884
2026-02-20,08:50:28,2026-02-20T08:50:28+01:00,STATION,"Odysseum",0,8,8,0.0,43.603727,3.918979
2026-02-20,08:50:28,2026-02-20T08:50:28+01:00,STATION,"Saint-Denis",0,8,8,0.0,43.605021,3.875065
2026-02-20,08:50:28,2026-02-20T08:50:28+01:00,STATION,"Richter",6,10,16,0.375,43.603424,3.899263
2026-02-20,08:50:28,2026-02-20T08:50:28+01:00,STATION,"Charles Flahault",4,4,8,0.5,43.622038,3.86672
2026-02-20,08:50:28,2026-02-20T08:50:28+01:00,STATION,"Voltaire",4,4,8,0.5,43.603767,3.888659
2026-02-20,08:50:28,2026-02-20T08:50:28+01:00,STATION,"Prés d Arènes",4,4,8,0.5,43.59048,3.884611
2026-02-20,08:50:28,2026-02-20T08:50:28+01:00,STATION,"Garcia Lorca",7,1,8,0.875,43.590757,3.890616
2026-02-20,08:50:28,2026-02-20T08:50:28+01:00,STATION,"Vert Bois",4,12,16,0.25,43.63543,3.871179
2026-02-20,08:50:28,2026-02-20T08:50:28+01:00,STATION,"Malbosc",3,5,8,0.375,43.633679,3.832861
2026-02-20,08:50:28,2026-02-20T08:50:28+01:00,STATION,"Occitanie",15,17,32,0.46875,43.635689,3.849597
2026-02-20,08:50:28,2026-02-20T08:50:28+01:00,STATION,"FacdesSciences",16,8,24,0.6666666666666666,43.631318,3.861299
2026-02-20,08:50:28,2026-02-20T08:50:28+01:00,STATION,"Fac de Lettres",9,3,12,0.75,43.630437,3.869539
2026-02-20,08:50:28,2026-02-20T08:50:28+01:00,STATION,"Aiguelongue",6,1,8,0.875,43.626163,3.882492
2026-02-20,08:50:28,2026-02-20T08:50:28+01:00,STATION,"Jeu de Mail des Abbés",5,3,8,0.625,43.619701,3.883831
2026-02-20,08:50:28,2026-02-20T08:50:28+01:00,STATION,"Euromédecine",2,6,8,0.25,43.639119,3.828199
2026-02-20,08:50:28,2026-02-20T08:50:28+01:00,STATION,"Marie Caizergues",3,5,8,0.375,43.619871,3.873812
2026-02-20,08:50:28,2026-02-20T08:50:28+01:00,STATION,"Sabines",4,4,8,0.5,43.584211,3.860031
2026-02-20,08:50:28,2026-02-20T08:50:28+01:00,STATION,"Celleneuve",4,4,8,0.5,43.61467,3.832624
2026-02-20,08:50:28,2026-02-20T08:50:28+01:00,STATION,"Jardin de la Lironde",7,1,8,0.875,43.60585,3.911576
2026-02-20,08:50:28,2026-02-20T08:50:28+01:00,STATION,"Père Soulas",7,1,8,0.875,43.621983,3.855603
2026-02-20,08:50:28,2026-02-20T08:50:28+01:00,STATION,"Place Viala",2,6,8,0.25,43.616812,3.855075
2026-02-20,08:50:28,2026-02-20T08:50:28+01:00,STATION,"Hôtel du Département",3,5,8,0.375,43.621682,3.83477
2026-02-20,08:50:28,2026-02-20T08:50:28+01:00,STATION,"Tonnelles",3,5,8,0.375,43.615155,3.839466
2026-02-20,08:50:28,2026-02-20T08:50:28+01:00,STATION,"Parvis Jules Ferry - Gare Saint-Roch",1,7,8,0.125,43.603889,3.879362
2026-02-20,08:50:28,2026-02-20T08:50:28+01:00,STATION,"Pont de Lattes - Gare Saint-Roch",5,7,12,0.4166666666666667,43.606036,3.882393
2026-02-20,08:50:28,2026-02-20T08:50:28+01:00,STATION,"Deux Ponts - Gare Saint-Roch",0,8,8,0.0,43.604319,3.880916
2026-02-20,08:50:28,2026-02-20T08:50:28+01:00,STATION,"Providence - Ovalie",6,2,8,0.75,43.588239,3.853421
2026-02-20,08:50:28,2026-02-20T08:50:28+01:00,STATION,"Pérols Etang de l Or",49,19,68,0.7205882352941176,43.558351,3.963412
2026-02-20,08:50:28,2026-02-20T08:50:28+01:00,STATION,"Albert 1er - Cathédrale",2,10,12,0.16666666666666666,43.614005,3.873218
2026-02-20,08:50:28,2026-02-20T08:50:28+01:00,STATION,"Saint-Guilhem - Courreau",0,8,8,0.0,43.608996,3.872752
2026-02-20,08:50:28,2026-02-20T08:50:28+01:00,STATION,"Sud De France",4,4,8,0.5,43.59562,3.9235
2026-02-20,08:50:28,2026-02-20T08:50:28+01:00,STATION,"Comedie Baudin",0,8,8,0.0,43.608717,3.880787
2026-02-20,08:50:28,2026-02-20T08:50:28+01:00,STATION,"Jean de Beins",4,12,16,0.25,43.609857,3.883884
2026-02-20,09:40:38,2026-02-20T09:40:38+01:00,STATION,"Rue Jules Ferry - Gare Saint-Roch",1,11,12,0.08333333333333333,43.605366,3.881346
2026-02-20,09:40:38,2026-02-20T09:40:38+01:00,STATION,"Comédie",5,15,20,0.25,43.608148,3.878778
2026-02-20,09:40:38,2026-02-20T09:40:38+01:00,STATION,"Hôtel de Ville",7,8,16,0.5,43.599088,3.894866
2026-02-20,09:40:38,2026-02-20T09:40:38+01:00,STATION,"Corum",3,9,12,0.25,43.613989,3.8816
2026-02-20,09:40:38,2026-02-20T09:40:38+01:00,STATION,"Place Albert 1er - St Charles",7,20,27,0.25925925925925924,43.616768,3.873375
2026-02-20,09:40:38,2026-02-20T09:40:38+01:00,STATION,"Foch",4,4,8,0.5,43.610989,3.873345
2026-02-20,09:40:38,2026-02-20T09:40:38+01:00,STATION,"Halles Castellane",0,12,12,0.0,43.609935,3.877208
2026-02-20,09:40:38,2026-02-20T09:40:38+01:00,STATION,"Observatoire",1,6,8,0.25,43.606301,3.87724
2026-02-20,09:40:38,2026-02-20T09:40:38+01:00,STATION,"Rondelet",2,14,16,0.125,43.603038,3.875796
2026-02-20,09:40:38,2026-02-20T09:40:38+01:00,STATION,"Plan Cabanes",1,11,12,0.08333333333333333,43.608491,3.868389
2026-02-20,09:40:38,2026-02-20T09:40:38+01:00,STATION,"Boutonnet",7,5,12,0.5833333333333334,43.622629,3.868375
2026-02-20,09:40:38,2026-02-20T09:40:38+01:00,STATION,"Emile Combes",7,1,8,0.875,43.616742,3.87998
2026-02-20,09:40:38,2026-02-20T09:40:38+01:00,STATION,"Beaux-Arts",10,6,16,0.625,43.616698,3.884981
2026-02-20,09:40:38,2026-02-20T09:40:38+01:00,STATION,"Les Aubes",6,2,8,0.75,43.618692,3.893844
2026-02-20,09:40:38,2026-02-20T09:40:38+01:00,STATION,"Antigone centre",8,4,12,0.6666666666666666,43.607942,3.890634
2026-02-20,09:40:38,2026-02-20T09:40:38+01:00,STATION,"Médiathèque Emile Zola",9,7,16,0.5625,43.608218,3.89314
2026-02-20,09:40:38,2026-02-20T09:40:38+01:00,STATION,"Nombre d Or",5,11,16,0.3125,43.607859,3.886644
2026-02-20,09:40:38,2026-02-20T09:40:38+01:00,STATION,"Louis Blanc",3,13,16,0.1875,43.614642,3.877648
2026-02-20,09:40:38,2026-02-20T09:40:38+01:00,STATION,"Gambetta",4,4,8,0.5,43.607106,3.870693
2026-02-20,09:40:38,2026-02-20T09:40:38+01:00,STATION,"Port Marianne",8,8,16,0.5,43.60032,3.89851
2026-02-20,09:40:38,2026-02-20T09:40:38+01:00,STATION,"Les Arceaux",2,6,8,0.25,43.612659,3.867734
2026-02-20,09:40:38,2026-02-20T09:40:38+01:00,STATION,"Cité Mion",2,5,8,0.375,43.601143,3.884373
2026-02-20,09:40:38,2026-02-20T09:40:38+01:00,STATION,"Nouveau Saint-Roch",3,5,8,0.375,43.599817,3.875757
2026-02-20,09:40:38,2026-02-20T09:40:38+01:00,STATION,"Renouvier",2,5,8,0.375,43.603553,3.867884
2026-02-20,09:40:38,2026-02-20T09:40:38+01:00,STATION,"Odysseum",0,8,8,0.0,43.603727,3.918979
2026-02-20,09:40:38,2026-02-20T09:40:38+01:00,STATION,"Saint-Denis",0,8,8,0.0,43.605021,3.875065
2026-02-20,09:40:38,2026-02-20T09:40:38+01:00,STATION,"Richter",6,10,16,0.375,43.603424,3.899263
2026-02-20,09:40:38,2026-02-20T09:40:38+01:00,STATION,"Charles Flahault",3,5,8,0.375,43.622038,3.86672
2026-02-20,09:40:38,2026-02-20T09:40:38+01:00,STATION,"Voltaire",4,4,8,0.5,43.603767,3.888659
2026-02-20,09:40:38,2026-02-20T09:40:38+01:00,STATION,"Prés d Arènes",4,4,8,0.5,43.59048,3.884611
2026-02-20,09:40:38,2026-02-20T09:40:38+01:00,STATION,"Garcia Lorca",7,1,8,0.875,43.590757,3.890616
2026-02-20,09:40:38,2026-02-20T09:40:38+01:00,STATION,"Vert Bois",7,9,16,0.4375,43.63543,3.871179
2026-02-20,09:40:38,2026-02-20T09:40:38+01:00,STATION,"Malbosc",3,5,8,0.375,43.633679,3.832861
2026-02-20,09:40:38,2026-02-20T09:40:38+01:00,STATION,"Occitanie",16,16,32,0.5,43.635689,3.849597
2026-02-20,09:40:38,2026-02-20T09:40:38+01:00,STATION,"FacdesSciences",16,8,24,0.6666666666666666,43.631318,3.861299
2026-02-20,09:40:38,2026-02-20T09:40:38+01:00,STATION,"Fac de Lettres",6,6,12,0.5,43.630437,3.869539
2026-02-20,09:40:38,2026-02-20T09:40:38+01:00,STATION,"Aiguelongue",6,1,8,0.875,43.626163,3.882492
2026-02-20,09:40:38,2026-02-20T09:40:38+01:00,STATION,"Jeu de Mail des Abbés",5,3,8,0.625,43.619701,3.883831
2026-02-20,09:40:38,2026-02-20T09:40:38+01:00,STATION,"Euromédecine",2,6,8,0.25,43.639119,3.828199
2026-02-20,09:40:38,2026-02-20T09:40:38+01:00,STATION,"Marie Caizergues",3,5,8,0.375,43.619871,3.873812
2026-02-20,09:40:38,2026-02-20T09:40:38+01:00,STATION,"Sabines",4,4,8,0.5,43.584211,3.860031
2026-02-20,09:40:38,2026-02-20T09:40:38+01:00,STATION,"Celleneuve",4,4,8,0.5,43.61467,3.832624
2026-02-20,09:40:38,2026-02-20T09:40:38+01:00,STATION,"Jardin de la Lironde",7,1,8,0.875,43.60585,3.911576
2026-02-20,09:40:38,2026-02-20T09:40:38+01:00,STATION,"Père Soulas",6,2,8,0.75,43.621983,3.855603
2026-02-20,09:40:38,2026-02-20T09:40:38+01:00,STATION,"Place Viala",2,6,8,0.25,43.616812,3.855075
2026-02-20,09:40:38,2026-02-20T09:40:38+01:00,STATION,"Hôtel du Département",3,5,8,0.375,43.621682,3.83477
2026-02-20,09:40:38,2026-02-20T09:40:38+01:00,STATION,"Tonnelles",3,5,8,0.375,43.615155,3.839466
2026-02-20,09:40:38,2026-02-20T09:40:38+01:00,STATION,"Parvis Jules Ferry - Gare Saint-Roch",1,7,8,0.125,43.603889,3.879362
2026-02-20,09:40:38,2026-02-20T09:40:38+01:00,STATION,"Pont de Lattes - Gare Saint-Roch",5,7,12,0.4166666666666667,43.606036,3.882393
2026-02-20,09:40:38,2026-02-20T09:40:38+01:00,STATION,"Deux Ponts - Gare Saint-Roch",0,8,8,0.0,43.604319,3.880916
2026-02-20,09:40:38,2026-02-20T09:40:38+01:00,STATION,"Providence - Ovalie",6,2,8,0.75,43.588239,3.853421
2026-02-20,09:40:38,2026-02-20T09:40:38+01:00,STATION,"Pérols Etang de l Or",49,19,68,0.7205882352941176,43.558351,3.963412
2026-02-20,09:40:38,2026-02-20T09:40:38+01:00,STATION,"Albert 1er - Cathédrale",4,8,12,0.3333333333333333,43.614005,3.873218
2026-02-20,09:40:38,2026-02-20T09:40:38+01:00,STATION,"Saint-Guilhem - Courreau",4,4,8,0.5,43.608996,3.872752
2026-02-20,09:40:38,2026-02-20T09:40:38+01:00,STATION,"Sud De France",4,4,8,0.5,43.59562,3.9235
2026-02-20,09:40:38,2026-02-20T09:40:38+01:00,STATION,"Comedie Baudin",0,8,8,0.0,43.608717,3.880787
2026-02-20,09:40:38,2026-02-20T09:40:38+01:00,STATION,"Jean de Beins",4,12,16,0.25,43.609857,3.883884
2026-02-20,10:41:17,2026-02-20T10:41:17+01:00,STATION,"Rue Jules Ferry - Gare Saint-Roch",1,11,12,0.08333333333333333,43.605366,3.881346
2026-02-20,10:41:17,2026-02-20T10:41:17+01:00,STATION,"Comédie",5,15,20,0.25,43.608148,3.878778
2026-02-20,10:41:17,2026-02-20T10:41:17+01:00,STATION,"Hôtel de Ville",7,8,16,0.5,43.599088,3.894866
2026-02-20,10:41:17,2026-02-20T10:41:17+01:00,STATION,"Corum",2,10,12,0.16666666666666666,43.613989,3.8816
2026-02-20,10:41:17,2026-02-20T10:41:17+01:00,STATION,"Place Albert 1er - St Charles",8,19,27,0.2962962962962963,43.616768,3.873375
2026-02-20,10:41:17,2026-02-20T10:41:17+01:00,STATION,"Foch",4,4,8,0.5,43.610989,3.873345
2026-02-20,10:41:17,2026-02-20T10:41:17+01:00,STATION,"Halles Castellane",0,12,12,0.0,43.609935,3.877208
2026-02-20,10:41:17,2026-02-20T10:41:17+01:00,STATION,"Observatoire",1,6,8,0.25,43.606301,3.87724
2026-02-20,10:41:17,2026-02-20T10:41:17+01:00,STATION,"Rondelet",2,14,16,0.125,43.603038,3.875796
2026-02-20,10:41:17,2026-02-20T10:41:17+01:00,STATION,"Plan Cabanes",1,11,12,0.08333333333333333,43.608491,3.868389
2026-02-20,10:41:17,2026-02-20T10:41:17+01:00,STATION,"Boutonnet",7,5,12,0.5833333333333334,43.622629,3.868375
2026-02-20,10:41:17,2026-02-20T10:41:17+01:00,STATION,"Emile Combes",7,1,8,0.875,43.616742,3.87998
2026-02-20,10:41:17,2026-02-20T10:41:17+01:00,STATION,"Beaux-Arts",10,6,16,0.625,43.616698,3.884981
2026-02-20,10:41:17,2026-02-20T10:41:17+01:00,STATION,"Les Aubes",6,2,8,0.75,43.618692,3.893844
2026-02-20,10:41:17,2026-02-20T10:41:17+01:00,STATION,"Antigone centre",7,5,12,0.5833333333333334,43.607942,3.890634
2026-02-20,10:41:17,2026-02-20T10:41:17+01:00,STATION,"Médiathèque Emile Zola",9,7,16,0.5625,43.608218,3.89314
2026-02-20,10:41:17,2026-02-20T10:41:17+01:00,STATION,"Nombre d Or",5,11,16,0.3125,43.607859,3.886644
2026-02-20,10:41:17,2026-02-20T10:41:17+01:00,STATION,"Louis Blanc",3,13,16,0.1875,43.614642,3.877648
2026-02-20,10:41:17,2026-02-20T10:41:17+01:00,STATION,"Gambetta",4,4,8,0.5,43.607106,3.870693
2026-02-20,10:41:17,2026-02-20T10:41:17+01:00,STATION,"Port Marianne",8,8,16,0.5,43.60032,3.89851
2026-02-20,10:41:17,2026-02-20T10:41:17+01:00,STATION,"Les Arceaux",3,5,8,0.375,43.612659,3.867734
2026-02-20,10:41:17,2026-02-20T10:41:17+01:00,STATION,"Cité Mion",2,5,8,0.375,43.601143,3.884373
2026-02-20,10:41:17,2026-02-20T10:41:17+01:00,STATION,"Nouveau Saint-Roch",3,5,8,0.375,43.599817,3.875757
2026-02-20,10:41:17,2026-02-20T10:41:17+01:00,STATION,"Renouvier",2,5,8,0.375,43.603553,3.867884
2026-02-20,10:41:17,2026-02-20T10:41:17+01:00,STATION,"Odysseum",0,8,8,0.0,43.603727,3.918979
2026-02-20,10:41:17,2026-02-20T10:41:17+01:00,STATION,"Saint-Denis",0,8,8,0.0,43.605021,3.875065
2026-02-20,10:41:17,2026-02-20T10:41:17+01:00,STATION,"Richter",6,10,16,0.375,43.603424,3.899263
2026-02-20,10:41:17,2026-02-20T10:41:17+01:00,STATION,"Charles Flahault",3,5,8,0.375,43.622038,3.86672
2026-02-20,10:41:17,2026-02-20T10:41:17+01:00,STATION,"Voltaire",4,4,8,0.5,43.603767,3.888659
2026-02-20,10:41:17,2026-02-20T10:41:17+01:00,STATION,"Prés d Arènes",4,4,8,0.5,43.59048,3.884611
2026-02-20,10:41:17,2026-02-20T10:41:17+01:00,STATION,"Garcia Lorca",7,1,8,0.875,43.590757,3.890616
2026-02-20,10:41:17,2026-02-20T10:41:17+01:00,STATION,"Vert Bois",7,9,16,0.4375,43.63543,3.871179
2026-02-20,10:41:17,2026-02-20T10:41:17+01:00,STATION,"Malbosc",3,5,8,0.375,43.633679,3.832861
2026-02-20,10:41:17,2026-02-20T10:41:17+01:00,STATION,"Occitanie",15,17,32,0.46875,43.635689,3.849597
2026-02-20,10:41:17,2026-02-20T10:41:17+01:00,STATION,"FacdesSciences",16,8,24,0.6666666666666666,43.631318,3.861299
2026-02-20,10:41:17,2026-02-20T10:41:17+01:00,STATION,"Fac de Lettres",7,5,12,0.5833333333333334,43.630437,3.869539
2026-02-20,10:41:17,2026-02-20T10:41:17+01:00,STATION,"Aiguelongue",6,1,8,0.875,43.626163,3.882492
2026-02-20,10:41:17,2026-02-20T10:41:17+01:00,STATION,"Jeu de Mail des Abbés",5,3,8,0.625,43.619701,3.883831
2026-02-20,10:41:17,2026-02-20T10:41:17+01:00,STATION,"Euromédecine",2,6,8,0.25,43.639119,3.828199
2026-02-20,10:41:17,2026-02-20T10:41:17+01:00,STATION,"Marie Caizergues",3,5,8,0.375,43.619871,3.873812
2026-02-20,10:41:17,2026-02-20T10:41:17+01:00,STATION,"Sabines",4,4,8,0.5,43.584211,3.860031
2026-02-20,10:41:17,2026-02-20T10:41:17+01:00,STATION,"Celleneuve",4,4,8,0.5,43.61467,3.832624
2026-02-20,10:41:17,2026-02-20T10:41:17+01:00,STATION,"Jardin de la Lironde",7,1,8,0.875,43.60585,3.911576
2026-02-20,10:41:17,2026-02-20T10:41:17+01:00,STATION,"Père Soulas",6,2,8,0.75,43.621983,3.855603
2026-02-20,10:41:17,2026-02-20T10:41:17+01:00,STATION,"Place Viala",2,6,8,0.25,43.616812,3.855075
2026-02-20,10:41:17,2026-02-20T10:41:17+01:00,STATION,"Hôtel du Département",3,5,8,0.375,43.621682,3.83477
2026-02-20,10:41:17,2026-02-20T10:41:17+01:00,STATION,"Tonnelles",3,5,8,0.375,43.615155,3.839466
2026-02-20,10:41:17,2026-02-20T10:41:17+01:00,STATION,"Parvis Jules Ferry - Gare Saint-Roch",1,7,8,0.125,43.603889,3.879362
2026-02-20,10:41:17,2026-02-20T10:41:17+01:00,STATION,"Pont de Lattes - Gare Saint-Roch",5,7,12,0.4166666666666667,43.606036,3.882393
2026-02-20,10:41:17,2026-02-20T10:41:17+01:00,STATION,"Deux Ponts - Gare Saint-Roch",0,8,8,0.0,43.604319,3.880916
2026-02-20,10:41:17,2026-02-20T10:41:17+01:00,STATION,"Providence - Ovalie",6,2,8,0.75,43.588239,3.853421
2026-02-20,10:41:17,2026-02-20T10:41:17+01:00,STATION,"Pérols Etang de l Or",49,19,68,0.7205882352941176,43.558351,3.963412
2026-02-20,10:41:17,2026-02-20T10:41:17+01:00,STATION,"Albert 1er - Cathédrale",4,8,12,0.3333333333333333,43.614005,3.873218
2026-02-20,10:41:17,2026-02-20T10:41:17+01:00,STATION,"Saint-Guilhem - Courreau",4,4,8,0.5,43.608996,3.872752
2026-02-20,10:41:17,2026-02-20T10:41:17+01:00,STATION,"Sud De France",4,4,8,0.5,43.59562,3.9235
2026-02-20,10:41:17,2026-02-20T10:41:17+01:00,STATION,"Comedie Baudin",0,8,8,0.0,43.608717,3.880787
2026-02-20,10:41:17,2026-02-20T10:41:17+01:00,STATION,"Jean de Beins",4,12,16,0.25,43.609857,3.883884
2026-02-20,11:37:44,2026-02-20T11:37:44+01:00,STATION,"Rue Jules Ferry - Gare Saint-Roch",0,12,12,0.0,43.605366,3.881346
2026-02-20,11:37:44,2026-02-20T11:37:44+01:00,STATION,"Comédie",5,15,20,0.25,43.608148,3.878778
2026-02-20,11:37:44,2026-02-20T11:37:44+01:00,STATION,"Hôtel de Ville",8,7,16,0.5625,43.599088,3.894866
2026-02-20,11:37:44,2026-02-20T11:37:44+01:00,STATION,"Corum",2,10,12,0.16666666666666666,43.613989,3.8816
2026-02-20,11:37:44,2026-02-20T11:37:44+01:00,STATION,"Place Albert 1er - St Charles",8,19,27,0.2962962962962963,43.616768,3.873375
2026-02-20,11:37:44,2026-02-20T11:37:44+01:00,STATION,"Foch",4,4,8,0.5,43.610989,3.873345
2026-02-20,11:37:44,2026-02-20T11:37:44+01:00,STATION,"Halles Castellane",0,12,12,0.0,43.609935,3.877208
2026-02-20,11:37:44,2026-02-20T11:37:44+01:00,STATION,"Observatoire",1,6,8,0.25,43.606301,3.87724
2026-02-20,11:37:44,2026-02-20T11:37:44+01:00,STATION,"Rondelet",2,14,16,0.125,43.603038,3.875796
2026-02-20,11:37:44,2026-02-20T11:37:44+01:00,STATION,"Plan Cabanes",1,11,12,0.08333333333333333,43.608491,3.868389
2026-02-20,11:37:44,2026-02-20T11:37:44+01:00,STATION,"Boutonnet",7,5,12,0.5833333333333334,43.622629,3.868375
2026-02-20,11:37:44,2026-02-20T11:37:44+01:00,STATION,"Emile Combes",7,1,8,0.875,43.616742,3.87998
2026-02-20,11:37:44,2026-02-20T11:37:44+01:00,STATION,"Beaux-Arts",10,6,16,0.625,43.616698,3.884981
2026-02-20,11:37:44,2026-02-20T11:37:44+01:00,STATION,"Les Aubes",5,3,8,0.625,43.618692,3.893844
2026-02-20,11:37:44,2026-02-20T11:37:44+01:00,STATION,"Antigone centre",7,5,12,0.5833333333333334,43.607942,3.890634
2026-02-20,11:37:44,2026-02-20T11:37:44+01:00,STATION,"Médiathèque Emile Zola",9,7,16,0.5625,43.608218,3.89314
2026-02-20,11:37:44,2026-02-20T11:37:44+01:00,STATION,"Nombre d Or",5,11,16,0.3125,43.607859,3.886644
2026-02-20,11:37:44,2026-02-20T11:37:44+01:00,STATION,"Louis Blanc",3,13,16,0.1875,43.614642,3.877648
2026-02-20,11:37:44,2026-02-20T11:37:44+01:00,STATION,"Gambetta",4,4,8,0.5,43.607106,3.870693
2026-02-20,11:37:44,2026-02-20T11:37:44+01:00,STATION,"Port Marianne",8,8,16,0.5,43.60032,3.89851
2026-02-20,11:37:44,2026-02-20T11:37:44+01:00,STATION,"Les Arceaux",5,3,8,0.625,43.612659,3.867734
2026-02-20,11:37:44,2026-02-20T11:37:44+01:00,STATION,"Cité Mion",2,5,8,0.375,43.601143,3.884373
2026-02-20,11:37:44,2026-02-20T11:37:44+01:00,STATION,"Nouveau Saint-Roch",3,5,8,0.375,43.599817,3.875757
2026-02-20,11:37:44,2026-02-20T11:37:44+01:00,STATION,"Renouvier",2,5,8,0.375,43.603553,3.867884
2026-02-20,11:37:44,2026-02-20T11:37:44+01:00,STATION,"Odysseum",0,8,8,0.0,43.603727,3.918979
2026-02-20,11:37:44,2026-02-20T11:37:44+01:00,STATION,"Saint-Denis",0,8,8,0.0,43.605021,3.875065
2026-02-20,11:37:44,2026-02-20T11:37:44+01:00,STATION,"Richter",6,10,16,0.375,43.603424,3.899263
2026-02-20,11:37:44,2026-02-20T11:37:44+01:00,STATION,"Charles Flahault",3,5,8,0.375,43.622038,3.86672
2026-02-20,11:37:44,2026-02-20T11:37:44+01:00,STATION,"Voltaire",4,4,8,0.5,43.603767,3.888659
2026-02-20,11:37:44,2026-02-20T11:37:44+01:00,STATION,"Prés d Arènes",4,4,8,0.5,43.59048,3.884611
2026-02-20,11:37:44,2026-02-20T11:37:44+01:00,STATION,"Garcia Lorca",7,1,8,0.875,43.590757,3.890616
2026-02-20,11:37:44,2026-02-20T11:37:44+01:00,STATION,"Vert Bois",7,9,16,0.4375,43.63543,3.871179
2026-02-20,11:37:44,2026-02-20T11:37:44+01:00,STATION,"Malbosc",3,5,8,0.375,43.633679,3.832861
2026-02-20,11:37:44,2026-02-20T11:37:44+01:00,STATION,"Occitanie",15,17,32,0.46875,43.635689,3.849597
2026-02-20,11:37:44,2026-02-20T11:37:44+01:00,STATION,"FacdesSciences",15,9,24,0.625,43.631318,3.861299
2026-02-20,11:37:44,2026-02-20T11:37:44+01:00,STATION,"Fac de Lettres",7,5,12,0.5833333333333334,43.630437,3.869539
2026-02-20,11:37:44,2026-02-20T11:37:44+01:00,STATION,"Aiguelongue",6,1,8,0.875,43.626163,3.882492
2026-02-20,11:37:44,2026-02-20T11:37:44+01:00,STATION,"Jeu de Mail des Abbés",5,3,8,0.625,43.619701,3.883831
2026-02-20,11:37:44,2026-02-20T11:37:44+01:00,STATION,"Euromédecine",2,6,8,0.25,43.639119,3.828199
2026-02-20,11:37:44,2026-02-20T11:37:44+01:00,STATION,"Marie Caizergues",3,5,8,0.375,43.619871,3.873812
2026-02-20,11:37:44,2026-02-20T11:37:44+01:00,STATION,"Sabines",4,4,8,0.5,43.584211,3.860031
2026-02-20,11:37:44,2026-02-20T11:37:44+01:00,STATION,"Celleneuve",4,4,8,0.5,43.61467,3.832624
2026-02-20,11:37:44,2026-02-20T11:37:44+01:00,STATION,"Jardin de la Lironde",5,3,8,0.625,43.60585,3.911576
2026-02-20,11:37:44,2026-02-20T11:37:44+01:00,STATION,"Père Soulas",4,4,8,0.5,43.621983,3.855603
2026-02-20,11:37:44,2026-02-20T11:37:44+01:00,STATION,"Place Viala",2,6,8,0.25,43.616812,3.855075
2026-02-20,11:37:44,2026-02-20T11:37:44+01:00,STATION,"Hôtel du Département",3,5,8,0.375,43.621682,3.83477
2026-02-20,11:37:44,2026-02-20T11:37:44+01:00,STATION,"Tonnelles",3,5,8,0.375,43.615155,3.839466
2026-02-20,11:37:44,2026-02-20T11:37:44+01:00,STATION,"Parvis Jules Ferry - Gare Saint-Roch",1,7,8,0.125,43.603889,3.879362
2026-02-20,11:37:44,2026-02-20T11:37:44+01:00,STATION,"Pont de Lattes - Gare Saint-Roch",4,8,12,0.3333333333333333,43.606036,3.882393
2026-02-20,11:37:44,2026-02-20T11:37:44+01:00,STATION,"Deux Ponts - Gare Saint-Roch",0,8,8,0.0,43.604319,3.880916
2026-02-20,11:37:44,2026-02-20T11:37:44+01:00,STATION,"Providence - Ovalie",6,2,8,0.75,43.588239,3.853421
2026-02-20,11:37:44,2026-02-20T11:37:44+01:00,STATION,"Pérols Etang de l Or",48,20,68,0.7058823529411765,43.558351,3.963412
2026-02-20,11:37:44,2026-02-20T11:37:44+01:00,STATION,"Albert 1er - Cathédrale",4,8,12,0.3333333333333333,43.614005,3.873218
2026-02-20,11:37:44,2026-02-20T11:37:44+01:00,STATION,"Saint-Guilhem - Courreau",2,6,8,0.25,43.608996,3.872752
2026-02-20,11:37:44,2026-02-20T11:37:44+01:00,STATION,"Sud De France",3,5,8,0.375,43.59562,3.9235
2026-02-20,11:37:44,2026-02-20T11:37:44+01:00,STATION,"Comedie Baudin",0,8,8,0.0,43.608717,3.880787
2026-02-20,11:37:44,2026-02-20T11:37:44+01:00,STATION,"Jean de Beins",4,12,16,0.25,43.609857,3.883884
2026-02-20,12:32:56,2026-02-20T12:32:56+01:00,STATION,"Rue Jules Ferry - Gare Saint-Roch",0,12,12,0.0,43.605366,3.881346
2026-02-20,12:32:56,2026-02-20T12:32:56+01:00,STATION,"Comédie",4,16,20,0.2,43.608148,3.878778
2026-02-20,12:32:56,2026-02-20T12:32:56+01:00,STATION,"Hôtel de Ville",8,7,16,0.5625,43.599088,3.894866
2026-02-20,12:32:56,2026-02-20T12:32:56+01:00,STATION,"Corum",2,10,12,0.16666666666666666,43.613989,3.8816
2026-02-20,12:32:56,2026-02-20T12:32:56+01:00,STATION,"Place Albert 1er - St Charles",9,18,27,0.3333333333333333,43.616768,3.873375
2026-02-20,12:32:56,2026-02-20T12:32:56+01:00,STATION,"Foch",3,5,8,0.375,43.610989,3.873345
2026-02-20,12:32:56,2026-02-20T12:32:56+01:00,STATION,"Halles Castellane",0,12,12,0.0,43.609935,3.877208
2026-02-20,12:32:56,2026-02-20T12:32:56+01:00,STATION,"Observatoire",1,6,8,0.25,43.606301,3.87724
2026-02-20,12:32:56,2026-02-20T12:32:56+01:00,STATION,"Rondelet",3,13,16,0.1875,43.603038,3.875796
2026-02-20,12:32:56,2026-02-20T12:32:56+01:00,STATION,"Plan Cabanes",1,11,12,0.08333333333333333,43.608491,3.868389
2026-02-20,12:32:56,2026-02-20T12:32:56+01:00,STATION,"Boutonnet",7,5,12,0.5833333333333334,43.622629,3.868375
2026-02-20,12:32:56,2026-02-20T12:32:56+01:00,STATION,"Emile Combes",7,1,8,0.875,43.616742,3.87998
2026-02-20,12:32:56,2026-02-20T12:32:56+01:00,STATION,"Beaux-Arts",10,6,16,0.625,43.616698,3.884981
2026-02-20,12:32:56,2026-02-20T12:32:56+01:00,STATION,"Les Aubes",5,3,8,0.625,43.618692,3.893844
2026-02-20,12:32:56,2026-02-20T12:32:56+01:00,STATION,"Antigone centre",6,6,12,0.5,43.607942,3.890634
2026-02-20,12:32:56,2026-02-20T12:32:56+01:00,STATION,"Médiathèque Emile Zola",9,7,16,0.5625,43.608218,3.89314
2026-02-20,12:32:56,2026-02-20T12:32:56+01:00,STATION,"Nombre d Or",5,11,16,0.3125,43.607859,3.886644
2026-02-20,12:32:56,2026-02-20T12:32:56+01:00,STATION,"Louis Blanc",2,14,16,0.125,43.614642,3.877648
2026-02-20,12:32:56,2026-02-20T12:32:56+01:00,STATION,"Gambetta",4,4,8,0.5,43.607106,3.870693
2026-02-20,12:32:56,2026-02-20T12:32:56+01:00,STATION,"Port Marianne",11,5,16,0.6875,43.60032,3.89851
2026-02-20,12:32:56,2026-02-20T12:32:56+01:00,STATION,"Les Arceaux",5,3,8,0.625,43.612659,3.867734
2026-02-20,12:32:56,2026-02-20T12:32:56+01:00,STATION,"Cité Mion",1,6,8,0.25,43.601143,3.884373
2026-02-20,12:32:56,2026-02-20T12:32:56+01:00,STATION,"Nouveau Saint-Roch",3,5,8,0.375,43.599817,3.875757
2026-02-20,12:32:56,2026-02-20T12:32:56+01:00,STATION,"Renouvier",1,6,8,0.25,43.603553,3.867884
2026-02-20,12:32:56,2026-02-20T12:32:56+01:00,STATION,"Odysseum",0,8,8,0.0,43.603727,3.918979
2026-02-20,12:32:56,2026-02-20T12:32:56+01:00,STATION,"Saint-Denis",0,8,8,0.0,43.605021,3.875065
2026-02-20,12:32:56,2026-02-20T12:32:56+01:00,STATION,"Richter",6,10,16,0.375,43.603424,3.899263
2026-02-20,12:32:56,2026-02-20T12:32:56+01:00,STATION,"Charles Flahault",3,5,8,0.375,43.622038,3.86672
2026-02-20,12:32:56,2026-02-20T12:32:56+01:00,STATION,"Voltaire",4,4,8,0.5,43.603767,3.888659
2026-02-20,12:32:56,2026-02-20T12:32:56+01:00,STATION,"Prés d Arènes",4,4,8,0.5,43.59048,3.884611
2026-02-20,12:32:56,2026-02-20T12:32:56+01:00,STATION,"Garcia Lorca",7,1,8,0.875,43.590757,3.890616
2026-02-20,12:32:56,2026-02-20T12:32:56+01:00,STATION,"Vert Bois",7,9,16,0.4375,43.63543,3.871179
2026-02-20,12:32:56,2026-02-20T12:32:56+01:00,STATION,"Malbosc",3,5,8,0.375,43.633679,3.832861
2026-02-20,12:32:56,2026-02-20T12:32:56+01:00,STATION,"Occitanie",16,16,32,0.5,43.635689,3.849597
2026-02-20,12:32:56,2026-02-20T12:32:56+01:00,STATION,"FacdesSciences",15,9,24,0.625,43.631318,3.861299
2026-02-20,12:32:56,2026-02-20T12:32:56+01:00,STATION,"Fac de Lettres",6,6,12,0.5,43.630437,3.869539
2026-02-20,12:32:56,2026-02-20T12:32:56+01:00,STATION,"Aiguelongue",4,3,8,0.625,43.626163,3.882492
2026-02-20,12:32:56,2026-02-20T12:32:56+01:00,STATION,"Jeu de Mail des Abbés",5,3,8,0.625,43.619701,3.883831
2026-02-20,12:32:56,2026-02-20T12:32:56+01:00,STATION,"Euromédecine",2,6,8,0.25,43.639119,3.828199
2026-02-20,12:32:56,2026-02-20T12:32:56+01:00,STATION,"Marie Caizergues",3,5,8,0.375,43.619871,3.873812
2026-02-20,12:32:56,2026-02-20T12:32:56+01:00,STATION,"Sabines",4,4,8,0.5,43.584211,3.860031
2026-02-20,12:32:56,2026-02-20T12:32:56+01:00,STATION,"Celleneuve",4,4,8,0.5,43.61467,3.832624
2026-02-20,12:32:56,2026-02-20T12:32:56+01:00,STATION,"Jardin de la Lironde",6,2,8,0.75,43.60585,3.911576
2026-02-20,12:32:56,2026-02-20T12:32:56+01:00,STATION,"Père Soulas",5,3,8,0.625,43.621983,3.855603
2026-02-20,12:32:56,2026-02-20T12:32:56+01:00,STATION,"Place Viala",2,6,8,0.25,43.616812,3.855075
2026-02-20,12:32:56,2026-02-20T12:32:56+01:00,STATION,"Hôtel du Département",3,5,8,0.375,43.621682,3.83477
2026-02-20,12:32:56,2026-02-20T12:32:56+01:00,STATION,"Tonnelles",3,5,8,0.375,43.615155,3.839466
2026-02-20,12:32:56,2026-02-20T12:32:56+01:00,STATION,"Parvis Jules Ferry - Gare Saint-Roch",6,2,8,0.75,43.603889,3.879362
2026-02-20,12:32:56,2026-02-20T12:32:56+01:00,STATION,"Pont de Lattes - Gare Saint-Roch",4,8,12,0.3333333333333333,43.606036,3.882393
2026-02-20,12:32:56,2026-02-20T12:32:56+01:00,STATION,"Deux Ponts - Gare Saint-Roch",0,8,8,0.0,43.604319,3.880916
2026-02-20,12:32:56,2026-02-20T12:32:56+01:00,STATION,"Providence - Ovalie",6,2,8,0.75,43.588239,3.853421
2026-02-20,12:32:56,2026-02-20T12:32:56+01:00,STATION,"Pérols Etang de l Or",43,25,68,0.6323529411764706,43.558351,3.963412
2026-02-20,12:32:56,2026-02-20T12:32:56+01:00,STATION,"Albert 1er - Cathédrale",4,8,12,0.3333333333333333,43.614005,3.873218
2026-02-20,12:32:56,2026-02-20T12:32:56+01:00,STATION,"Saint-Guilhem - Courreau",2,6,8,0.25,43.608996,3.872752
2026-02-20,12:32:56,2026-02-20T12:32:56+01:00,STATION,"Sud De France",3,5,8,0.375,43.59562,3.9235
2026-02-20,12:32:56,2026-02-20T12:32:56+01:00,STATION,"Comedie Baudin",0,8,8,0.0,43.608717,3.880787
2026-02-20,12:32:56,2026-02-20T12:32:56+01:00,STATION,"Jean de Beins",4,12,16,0.25,43.609857,3.883884
2026-02-20,13:58:46,2026-02-20T13:58:46+01:00,STATION,"Rue Jules Ferry - Gare Saint-Roch",0,12,12,0.0,43.605366,3.881346
2026-02-20,13:58:46,2026-02-20T13:58:46+01:00,STATION,"Comédie",4,16,20,0.2,43.608148,3.878778
2026-02-20,13:58:46,2026-02-20T13:58:46+01:00,STATION,"Hôtel de Ville",7,8,16,0.5,43.599088,3.894866
2026-02-20,13:58:46,2026-02-20T13:58:46+01:00,STATION,"Corum",2,10,12,0.16666666666666666,43.613989,3.8816
2026-02-20,13:58:46,2026-02-20T13:58:46+01:00,STATION,"Place Albert 1er - St Charles",10,17,27,0.37037037037037035,43.616768,3.873375
2026-02-20,13:58:46,2026-02-20T13:58:46+01:00,STATION,"Foch",3,5,8,0.375,43.610989,3.873345
2026-02-20,13:58:46,2026-02-20T13:58:46+01:00,STATION,"Halles Castellane",0,12,12,0.0,43.609935,3.877208
2026-02-20,13:58:46,2026-02-20T13:58:46+01:00,STATION,"Observatoire",1,6,8,0.25,43.606301,3.87724
2026-02-20,13:58:46,2026-02-20T13:58:46+01:00,STATION,"Rondelet",3,13,16,0.1875,43.603038,3.875796
2026-02-20,13:58:46,2026-02-20T13:58:46+01:00,STATION,"Plan Cabanes",3,9,12,0.25,43.608491,3.868389
2026-02-20,13:58:46,2026-02-20T13:58:46+01:00,STATION,"Boutonnet",6,6,12,0.5,43.622629,3.868375
2026-02-20,13:58:46,2026-02-20T13:58:46+01:00,STATION,"Emile Combes",7,1,8,0.875,43.616742,3.87998
2026-02-20,13:58:46,2026-02-20T13:58:46+01:00,STATION,"Beaux-Arts",9,7,16,0.5625,43.616698,3.884981
2026-02-20,13:58:46,2026-02-20T13:58:46+01:00,STATION,"Les Aubes",6,2,8,0.75,43.618692,3.893844
2026-02-20,13:58:46,2026-02-20T13:58:46+01:00,STATION,"Antigone centre",7,5,12,0.5833333333333334,43.607942,3.890634
2026-02-20,13:58:46,2026-02-20T13:58:46+01:00,STATION,"Médiathèque Emile Zola",9,7,16,0.5625,43.608218,3.89314
2026-02-20,13:58:46,2026-02-20T13:58:46+01:00,STATION,"Nombre d Or",5,11,16,0.3125,43.607859,3.886644
2026-02-20,13:58:46,2026-02-20T13:58:46+01:00,STATION,"Louis Blanc",3,13,16,0.1875,43.614642,3.877648
2026-02-20,13:58:46,2026-02-20T13:58:46+01:00,STATION,"Gambetta",4,4,8,0.5,43.607106,3.870693
2026-02-20,13:58:46,2026-02-20T13:58:46+01:00,STATION,"Port Marianne",13,3,16,0.8125,43.60032,3.89851
2026-02-20,13:58:46,2026-02-20T13:58:46+01:00,STATION,"Les Arceaux",5,3,8,0.625,43.612659,3.867734
2026-02-20,13:58:46,2026-02-20T13:58:46+01:00,STATION,"Cité Mion",1,6,8,0.25,43.601143,3.884373
2026-02-20,13:58:46,2026-02-20T13:58:46+01:00,STATION,"Nouveau Saint-Roch",3,5,8,0.375,43.599817,3.875757
2026-02-20,13:58:46,2026-02-20T13:58:46+01:00,STATION,"Renouvier",2,5,8,0.375,43.603553,3.867884
2026-02-20,13:58:46,2026-02-20T13:58:46+01:00,STATION,"Odysseum",0,8,8,0.0,43.603727,3.918979
2026-02-20,13:58:46,2026-02-20T13:58:46+01:00,STATION,"Saint-Denis",0,8,8,0.0,43.605021,3.875065
2026-02-20,13:58:46,2026-02-20T13:58:46+01:00,STATION,"Richter",6,10,16,0.375,43.603424,3.899263
2026-02-20,13:58:46,2026-02-20T13:58:46+01:00,STATION,"Charles Flahault",3,5,8,0.375,43.622038,3.86672
2026-02-20,13:58:46,2026-02-20T13:58:46+01:00,STATION,"Voltaire",5,3,8,0.625,43.603767,3.888659
2026-02-20,13:58:46,2026-02-20T13:58:46+01:00,STATION,"Prés d Arènes",4,4,8,0.5,43.59048,3.884611
2026-02-20,13:58:46,2026-02-20T13:58:46+01:00,STATION,"Garcia Lorca",8,0,8,1.0,43.590757,3.890616
2026-02-20,13:58:46,2026-02-20T13:58:46+01:00,STATION,"Vert Bois",7,9,16,0.4375,43.63543,3.871179
2026-02-20,13:58:46,2026-02-20T13:58:46+01:00,STATION,"Malbosc",3,5,8,0.375,43.633679,3.832861
2026-02-20,13:58:46,2026-02-20T13:58:46+01:00,STATION,"Occitanie",15,17,32,0.46875,43.635689,3.849597
2026-02-20,13:58:46,2026-02-20T13:58:46+01:00,STATION,"FacdesSciences",16,8,24,0.6666666666666666,43.631318,3.861299
2026-02-20,13:58:46,2026-02-20T13:58:46+01:00,STATION,"Fac de Lettres",4,8,12,0.3333333333333333,43.630437,3.869539
2026-02-20,13:58:46,2026-02-20T13:58:46+01:00,STATION,"Aiguelongue",2,5,8,0.375,43.626163,3.882492
2026-02-20,13:58:46,2026-02-20T13:58:46+01:00,STATION,"Jeu de Mail des Abbés",5,3,8,0.625,43.619701,3.883831
2026-02-20,13:58:46,2026-02-20T13:58:46+01:00,STATION,"Euromédecine",2,6,8,0.25,43.639119,3.828199
2026-02-20,13:58:46,2026-02-20T13:58:46+01:00,STATION,"Marie Caizergues",3,5,8,0.375,43.619871,3.873812
2026-02-20,13:58:46,2026-02-20T13:58:46+01:00,STATION,"Sabines",3,5,8,0.375,43.584211,3.860031
2026-02-20,13:58:46,2026-02-20T13:58:46+01:00,STATION,"Celleneuve",4,4,8,0.5,43.61467,3.832624
2026-02-20,13:58:46,2026-02-20T13:58:46+01:00,STATION,"Jardin de la Lironde",7,1,8,0.875,43.60585,3.911576
2026-02-20,13:58:46,2026-02-20T13:58:46+01:00,STATION,"Père Soulas",5,3,8,0.625,43.621983,3.855603
2026-02-20,13:58:46,2026-02-20T13:58:46+01:00,STATION,"Place Viala",2,6,8,0.25,43.616812,3.855075
2026-02-20,13:58:46,2026-02-20T13:58:46+01:00,STATION,"Hôtel du Département",3,5,8,0.375,43.621682,3.83477
2026-02-20,13:58:46,2026-02-20T13:58:46+01:00,STATION,"Tonnelles",3,5,8,0.375,43.615155,3.839466
2026-02-20,13:58:46,2026-02-20T13:58:46+01:00,STATION,"Parvis Jules Ferry - Gare Saint-Roch",3,5,8,0.375,43.603889,3.879362
2026-02-20,13:58:46,2026-02-20T13:58:46+01:00,STATION,"Pont de Lattes - Gare Saint-Roch",4,8,12,0.3333333333333333,43.606036,3.882393
2026-02-20,13:58:46,2026-02-20T13:58:46+01:00,STATION,"Deux Ponts - Gare Saint-Roch",0,8,8,0.0,43.604319,3.880916
2026-02-20,13:58:46,2026-02-20T13:58:46+01:00,STATION,"Providence - Ovalie",6,2,8,0.75,43.588239,3.853421
2026-02-20,13:58:46,2026-02-20T13:58:46+01:00,STATION,"Pérols Etang de l Or",42,26,68,0.6176470588235294,43.558351,3.963412
2026-02-20,13:58:46,2026-02-20T13:58:46+01:00,STATION,"Albert 1er - Cathédrale",4,8,12,0.3333333333333333,43.614005,3.873218
2026-02-20,13:58:46,2026-02-20T13:58:46+01:00,STATION,"Saint-Guilhem - Courreau",3,5,8,0.375,43.608996,3.872752
2026-02-20,13:58:46,2026-02-20T13:58:46+01:00,STATION,"Sud De France",3,5,8,0.375,43.59562,3.9235
2026-02-20,13:58:46,2026-02-20T13:58:46+01:00,STATION,"Comedie Baudin",0,8,8,0.0,43.608717,3.880787
2026-02-20,13:58:46,2026-02-20T13:58:46+01:00,STATION,"Jean de Beins",4,12,16,0.25,43.609857,3.883884
2026-02-20,15:03:37,2026-02-20T15:03:37+01:00,STATION,"Rue Jules Ferry - Gare Saint-Roch",1,11,12,0.08333333333333333,43.605366,3.881346
2026-02-20,15:03:37,2026-02-20T15:03:37+01:00,STATION,"Comédie",4,16,20,0.2,43.608148,3.878778
2026-02-20,15:03:37,2026-02-20T15:03:37+01:00,STATION,"Hôtel de Ville",7,8,16,0.5,43.599088,3.894866
2026-02-20,15:03:37,2026-02-20T15:03:37+01:00,STATION,"Corum",2,10,12,0.16666666666666666,43.613989,3.8816
2026-02-20,15:03:37,2026-02-20T15:03:37+01:00,STATION,"Place Albert 1er - St Charles",10,17,27,0.37037037037037035,43.616768,3.873375
2026-02-20,15:03:37,2026-02-20T15:03:37+01:00,STATION,"Foch",3,5,8,0.375,43.610989,3.873345
2026-02-20,15:03:37,2026-02-20T15:03:37+01:00,STATION,"Halles Castellane",0,12,12,0.0,43.609935,3.877208
2026-02-20,15:03:37,2026-02-20T15:03:37+01:00,STATION,"Observatoire",1,6,8,0.25,43.606301,3.87724
2026-02-20,15:03:37,2026-02-20T15:03:37+01:00,STATION,"Rondelet",3,13,16,0.1875,43.603038,3.875796
2026-02-20,15:03:37,2026-02-20T15:03:37+01:00,STATION,"Plan Cabanes",2,10,12,0.16666666666666666,43.608491,3.868389
2026-02-20,15:03:37,2026-02-20T15:03:37+01:00,STATION,"Boutonnet",7,5,12,0.5833333333333334,43.622629,3.868375
2026-02-20,15:03:37,2026-02-20T15:03:37+01:00,STATION,"Emile Combes",7,1,8,0.875,43.616742,3.87998
2026-02-20,15:03:37,2026-02-20T15:03:37+01:00,STATION,"Beaux-Arts",9,7,16,0.5625,43.616698,3.884981
2026-02-20,15:03:37,2026-02-20T15:03:37+01:00,STATION,"Les Aubes",7,1,8,0.875,43.618692,3.893844
2026-02-20,15:03:37,2026-02-20T15:03:37+01:00,STATION,"Antigone centre",7,5,12,0.5833333333333334,43.607942,3.890634
2026-02-20,15:03:37,2026-02-20T15:03:37+01:00,STATION,"Médiathèque Emile Zola",9,7,16,0.5625,43.608218,3.89314
2026-02-20,15:03:37,2026-02-20T15:03:37+01:00,STATION,"Nombre d Or",5,11,16,0.3125,43.607859,3.886644
2026-02-20,15:03:37,2026-02-20T15:03:37+01:00,STATION,"Louis Blanc",3,13,16,0.1875,43.614642,3.877648
2026-02-20,15:03:37,2026-02-20T15:03:37+01:00,STATION,"Gambetta",4,4,8,0.5,43.607106,3.870693
2026-02-20,15:03:37,2026-02-20T15:03:37+01:00,STATION,"Port Marianne",14,2,16,0.875,43.60032,3.89851
2026-02-20,15:03:37,2026-02-20T15:03:37+01:00,STATION,"Les Arceaux",5,3,8,0.625,43.612659,3.867734
2026-02-20,15:03:37,2026-02-20T15:03:37+01:00,STATION,"Cité Mion",2,5,8,0.375,43.601143,3.884373
2026-02-20,15:03:37,2026-02-20T15:03:37+01:00,STATION,"Nouveau Saint-Roch",2,6,8,0.25,43.599817,3.875757
2026-02-20,15:03:37,2026-02-20T15:03:37+01:00,STATION,"Renouvier",2,5,8,0.375,43.603553,3.867884
2026-02-20,15:03:37,2026-02-20T15:03:37+01:00,STATION,"Odysseum",0,8,8,0.0,43.603727,3.918979
2026-02-20,15:03:37,2026-02-20T15:03:37+01:00,STATION,"Saint-Denis",0,8,8,0.0,43.605021,3.875065
2026-02-20,15:03:37,2026-02-20T15:03:37+01:00,STATION,"Richter",6,10,16,0.375,43.603424,3.899263
2026-02-20,15:03:37,2026-02-20T15:03:37+01:00,STATION,"Charles Flahault",3,5,8,0.375,43.622038,3.86672
2026-02-20,15:03:37,2026-02-20T15:03:37+01:00,STATION,"Voltaire",5,3,8,0.625,43.603767,3.888659
2026-02-20,15:03:37,2026-02-20T15:03:37+01:00,STATION,"Prés d Arènes",5,3,8,0.625,43.59048,3.884611
2026-02-20,15:03:37,2026-02-20T15:03:37+01:00,STATION,"Garcia Lorca",8,0,8,1.0,43.590757,3.890616
2026-02-20,15:03:37,2026-02-20T15:03:37+01:00,STATION,"Vert Bois",6,10,16,0.375,43.63543,3.871179
2026-02-20,15:03:37,2026-02-20T15:03:37+01:00,STATION,"Malbosc",3,5,8,0.375,43.633679,3.832861
2026-02-20,15:03:37,2026-02-20T15:03:37+01:00,STATION,"Occitanie",15,17,32,0.46875,43.635689,3.849597
2026-02-20,15:03:37,2026-02-20T15:03:37+01:00,STATION,"FacdesSciences",16,8,24,0.6666666666666666,43.631318,3.861299
2026-02-20,15:03:37,2026-02-20T15:03:37+01:00,STATION,"Fac de Lettres",3,9,12,0.25,43.630437,3.869539
2026-02-20,15:03:37,2026-02-20T15:03:37+01:00,STATION,"Aiguelongue",2,5,8,0.375,43.626163,3.882492
2026-02-20,15:03:37,2026-02-20T15:03:37+01:00,STATION,"Jeu de Mail des Abbés",4,4,8,0.5,43.619701,3.883831
2026-02-20,15:03:37,2026-02-20T15:03:37+01:00,STATION,"Euromédecine",2,6,8,0.25,43.639119,3.828199
2026-02-20,15:03:37,2026-02-20T15:03:37+01:00,STATION,"Marie Caizergues",3,5,8,0.375,43.619871,3.873812
2026-02-20,15:03:37,2026-02-20T15:03:37+01:00,STATION,"Sabines",3,5,8,0.375,43.584211,3.860031
2026-02-20,15:03:37,2026-02-20T15:03:37+01:00,STATION,"Celleneuve",4,4,8,0.5,43.61467,3.832624
2026-02-20,15:03:37,2026-02-20T15:03:37+01:00,STATION,"Jardin de la Lironde",7,1,8,0.875,43.60585,3.911576
2026-02-20,15:03:37,2026-02-20T15:03:37+01:00,STATION,"Père Soulas",5,3,8,0.625,43.621983,3.855603
2026-02-20,15:03:37,2026-02-20T15:03:37+01:00,STATION,"Place Viala",2,6,8,0.25,43.616812,3.855075
2026-02-20,15:03:37,2026-02-20T15:03:37+01:00,STATION,"Hôtel du Département",3,5,8,0.375,43.621682,3.83477
2026-02-20,15:03:37,2026-02-20T15:03:37+01:00,STATION,"Tonnelles",4,4,8,0.5,43.615155,3.839466
2026-02-20,15:03:37,2026-02-20T15:03:37+01:00,STATION,"Parvis Jules Ferry - Gare Saint-Roch",4,4,8,0.5,43.603889,3.879362
2026-02-20,15:03:37,2026-02-20T15:03:37+01:00,STATION,"Pont de Lattes - Gare Saint-Roch",4,8,12,0.3333333333333333,43.606036,3.882393
2026-02-20,15:03:37,2026-02-20T15:03:37+01:00,STATION,"Deux Ponts - Gare Saint-Roch",0,8,8,0.0,43.604319,3.880916
2026-02-20,15:03:37,2026-02-20T15:03:37+01:00,STATION,"Providence - Ovalie",6,2,8,0.75,43.588239,3.853421
2026-02-20,15:03:37,2026-02-20T15:03:37+01:00,STATION,"Pérols Etang de l Or",36,32,68,0.5294117647058824,43.558351,3.963412
2026-02-20,15:03:37,2026-02-20T15:03:37+01:00,STATION,"Albert 1er - Cathédrale",4,8,12,0.3333333333333333,43.614005,3.873218
2026-02-20,15:03:37,2026-02-20T15:03:37+01:00,STATION,"Saint-Guilhem - Courreau",3,5,8,0.375,43.608996,3.872752
2026-02-20,15:03:37,2026-02-20T15:03:37+01:00,STATION,"Sud De France",4,4,8,0.5,43.59562,3.9235
2026-02-20,15:03:37,2026-02-20T15:03:37+01:00,STATION,"Comedie Baudin",0,8,8,0.0,43.608717,3.880787
2026-02-20,15:03:37,2026-02-20T15:03:37+01:00,STATION,"Jean de Beins",1,15,16,0.0625,43.609857,3.883884
2026-02-20,16:07:52,2026-02-20T16:07:52+01:00,STATION,"Rue Jules Ferry - Gare Saint-Roch",4,8,12,0.3333333333333333,43.605366,3.881346
2026-02-20,16:07:52,2026-02-20T16:07:52+01:00,STATION,"Comédie",4,16,20,0.2,43.608148,3.878778
2026-02-20,16:07:52,2026-02-20T16:07:52+01:00,STATION,"Hôtel de Ville",7,8,16,0.5,43.599088,3.894866
2026-02-20,16:07:52,2026-02-20T16:07:52+01:00,STATION,"Corum",2,10,12,0.16666666666666666,43.613989,3.8816
2026-02-20,16:07:52,2026-02-20T16:07:52+01:00,STATION,"Place Albert 1er - St Charles",10,17,27,0.37037037037037035,43.616768,3.873375
2026-02-20,16:07:52,2026-02-20T16:07:52+01:00,STATION,"Foch",4,4,8,0.5,43.610989,3.873345
2026-02-20,16:07:52,2026-02-20T16:07:52+01:00,STATION,"Halles Castellane",0,12,12,0.0,43.609935,3.877208
2026-02-20,16:07:52,2026-02-20T16:07:52+01:00,STATION,"Observatoire",3,4,8,0.5,43.606301,3.87724
2026-02-20,16:07:52,2026-02-20T16:07:52+01:00,STATION,"Rondelet",3,13,16,0.1875,43.603038,3.875796
2026-02-20,16:07:52,2026-02-20T16:07:52+01:00,STATION,"Plan Cabanes",2,10,12,0.16666666666666666,43.608491,3.868389
2026-02-20,16:07:52,2026-02-20T16:07:52+01:00,STATION,"Boutonnet",7,5,12,0.5833333333333334,43.622629,3.868375
2026-02-20,16:07:52,2026-02-20T16:07:52+01:00,STATION,"Emile Combes",7,1,8,0.875,43.616742,3.87998
2026-02-20,16:07:52,2026-02-20T16:07:52+01:00,STATION,"Beaux-Arts",9,7,16,0.5625,43.616698,3.884981
2026-02-20,16:07:52,2026-02-20T16:07:52+01:00,STATION,"Les Aubes",7,1,8,0.875,43.618692,3.893844
2026-02-20,16:07:52,2026-02-20T16:07:52+01:00,STATION,"Antigone centre",7,5,12,0.5833333333333334,43.607942,3.890634
2026-02-20,16:07:52,2026-02-20T16:07:52+01:00,STATION,"Médiathèque Emile Zola",9,7,16,0.5625,43.608218,3.89314
2026-02-20,16:07:52,2026-02-20T16:07:52+01:00,STATION,"Nombre d Or",5,11,16,0.3125,43.607859,3.886644
2026-02-20,16:07:52,2026-02-20T16:07:52+01:00,STATION,"Louis Blanc",2,14,16,0.125,43.614642,3.877648
2026-02-20,16:07:52,2026-02-20T16:07:52+01:00,STATION,"Gambetta",4,4,8,0.5,43.607106,3.870693
2026-02-20,16:07:52,2026-02-20T16:07:52+01:00,STATION,"Port Marianne",14,2,16,0.875,43.60032,3.89851
2026-02-20,16:07:52,2026-02-20T16:07:52+01:00,STATION,"Les Arceaux",5,3,8,0.625,43.612659,3.867734
2026-02-20,16:07:52,2026-02-20T16:07:52+01:00,STATION,"Cité Mion",1,6,8,0.25,43.601143,3.884373
2026-02-20,16:07:52,2026-02-20T16:07:52+01:00,STATION,"Nouveau Saint-Roch",2,6,8,0.25,43.599817,3.875757
2026-02-20,16:07:52,2026-02-20T16:07:52+01:00,STATION,"Renouvier",1,6,8,0.25,43.603553,3.867884
2026-02-20,16:07:52,2026-02-20T16:07:52+01:00,STATION,"Odysseum",0,8,8,0.0,43.603727,3.918979
2026-02-20,16:07:52,2026-02-20T16:07:52+01:00,STATION,"Saint-Denis",0,8,8,0.0,43.605021,3.875065
2026-02-20,16:07:52,2026-02-20T16:07:52+01:00,STATION,"Richter",7,9,16,0.4375,43.603424,3.899263
2026-02-20,16:07:52,2026-02-20T16:07:52+01:00,STATION,"Charles Flahault",3,5,8,0.375,43.622038,3.86672
2026-02-20,16:07:52,2026-02-20T16:07:52+01:00,STATION,"Voltaire",5,3,8,0.625,43.603767,3.888659
2026-02-20,16:07:52,2026-02-20T16:07:52+01:00,STATION,"Prés d Arènes",5,3,8,0.625,43.59048,3.884611
2026-02-20,16:07:52,2026-02-20T16:07:52+01:00,STATION,"Garcia Lorca",7,1,8,0.875,43.590757,3.890616
2026-02-20,16:07:52,2026-02-20T16:07:52+01:00,STATION,"Vert Bois",6,10,16,0.375,43.63543,3.871179
2026-02-20,16:07:52,2026-02-20T16:07:52+01:00,STATION,"Malbosc",3,5,8,0.375,43.633679,3.832861
2026-02-20,16:07:52,2026-02-20T16:07:52+01:00,STATION,"Occitanie",15,17,32,0.46875,43.635689,3.849597
2026-02-20,16:07:52,2026-02-20T16:07:52+01:00,STATION,"FacdesSciences",15,9,24,0.625,43.631318,3.861299
2026-02-20,16:07:52,2026-02-20T16:07:52+01:00,STATION,"Fac de Lettres",3,9,12,0.25,43.630437,3.869539
2026-02-20,16:07:52,2026-02-20T16:07:52+01:00,STATION,"Aiguelongue",2,5,8,0.375,43.626163,3.882492
2026-02-20,16:07:52,2026-02-20T16:07:52+01:00,STATION,"Jeu de Mail des Abbés",4,4,8,0.5,43.619701,3.883831
2026-02-20,16:07:52,2026-02-20T16:07:52+01:00,STATION,"Euromédecine",2,6,8,0.25,43.639119,3.828199
2026-02-20,16:07:52,2026-02-20T16:07:52+01:00,STATION,"Marie Caizergues",3,5,8,0.375,43.619871,3.873812
2026-02-20,16:07:52,2026-02-20T16:07:52+01:00,STATION,"Sabines",3,5,8,0.375,43.584211,3.860031
2026-02-20,16:07:52,2026-02-20T16:07:52+01:00,STATION,"Celleneuve",4,4,8,0.5,43.61467,3.832624
2026-02-20,16:07:52,2026-02-20T16:07:52+01:00,STATION,"Jardin de la Lironde",7,1,8,0.875,43.60585,3.911576
2026-02-20,16:07:52,2026-02-20T16:07:52+01:00,STATION,"Père Soulas",5,3,8,0.625,43.621983,3.855603
2026-02-20,16:07:52,2026-02-20T16:07:52+01:00,STATION,"Place Viala",2,6,8,0.25,43.616812,3.855075
2026-02-20,16:07:52,2026-02-20T16:07:52+01:00,STATION,"Hôtel du Département",3,5,8,0.375,43.621682,3.83477
2026-02-20,16:07:52,2026-02-20T16:07:52+01:00,STATION,"Tonnelles",4,4,8,0.5,43.615155,3.839466
2026-02-20,16:07:52,2026-02-20T16:07:52+01:00,STATION,"Parvis Jules Ferry - Gare Saint-Roch",4,4,8,0.5,43.603889,3.879362
2026-02-20,16:07:52,2026-02-20T16:07:52+01:00,STATION,"Pont de Lattes - Gare Saint-Roch",4,8,12,0.3333333333333333,43.606036,3.882393
2026-02-20,16:07:52,2026-02-20T16:07:52+01:00,STATION,"Deux Ponts - Gare Saint-Roch",0,8,8,0.0,43.604319,3.880916
2026-02-20,16:07:52,2026-02-20T16:07:52+01:00,STATION,"Providence - Ovalie",6,2,8,0.75,43.588239,3.853421
2026-02-20,16:07:52,2026-02-20T16:07:52+01:00,STATION,"Pérols Etang de l Or",39,29,68,0.5735294117647058,43.558351,3.963412
2026-02-20,16:07:52,2026-02-20T16:07:52+01:00,STATION,"Albert 1er - Cathédrale",4,8,12,0.3333333333333333,43.614005,3.873218
2026-02-20,16:07:52,2026-02-20T16:07:52+01:00,STATION,"Saint-Guilhem - Courreau",3,5,8,0.375,43.608996,3.872752
2026-02-20,16:07:52,2026-02-20T16:07:52+01:00,STATION,"Sud De France",4,4,8,0.5,43.59562,3.9235
2026-02-20,16:07:52,2026-02-20T16:07:52+01:00,STATION,"Comedie Baudin",0,8,8,0.0,43.608717,3.880787
2026-02-20,16:07:52,2026-02-20T16:07:52+01:00,STATION,"Jean de Beins",1,15,16,0.0625,43.609857,3.883884
2026-02-20,17:01:08,2026-02-20T17:01:08+01:00,STATION,"Rue Jules Ferry - Gare Saint-Roch",5,7,12,0.4166666666666667,43.605366,3.881346
2026-02-20,17:01:08,2026-02-20T17:01:08+01:00,STATION,"Comédie",4,16,20,0.2,43.608148,3.878778
2026-02-20,17:01:08,2026-02-20T17:01:08+01:00,STATION,"Hôtel de Ville",7,8,16,0.5,43.599088,3.894866
2026-02-20,17:01:08,2026-02-20T17:01:08+01:00,STATION,"Corum",2,10,12,0.16666666666666666,43.613989,3.8816
2026-02-20,17:01:08,2026-02-20T17:01:08+01:00,STATION,"Place Albert 1er - St Charles",10,17,27,0.37037037037037035,43.616768,3.873375
2026-02-20,17:01:08,2026-02-20T17:01:08+01:00,STATION,"Foch",4,4,8,0.5,43.610989,3.873345
2026-02-20,17:01:08,2026-02-20T17:01:08+01:00,STATION,"Halles Castellane",0,12,12,0.0,43.609935,3.877208
2026-02-20,17:01:08,2026-02-20T17:01:08+01:00,STATION,"Observatoire",4,3,8,0.625,43.606301,3.87724
2026-02-20,17:01:08,2026-02-20T17:01:08+01:00,STATION,"Rondelet",1,15,16,0.0625,43.603038,3.875796
2026-02-20,17:01:08,2026-02-20T17:01:08+01:00,STATION,"Plan Cabanes",2,10,12,0.16666666666666666,43.608491,3.868389
2026-02-20,17:01:08,2026-02-20T17:01:08+01:00,STATION,"Boutonnet",5,7,12,0.4166666666666667,43.622629,3.868375
2026-02-20,17:01:08,2026-02-20T17:01:08+01:00,STATION,"Emile Combes",7,1,8,0.875,43.616742,3.87998
2026-02-20,17:01:08,2026-02-20T17:01:08+01:00,STATION,"Beaux-Arts",9,7,16,0.5625,43.616698,3.884981
2026-02-20,17:01:08,2026-02-20T17:01:08+01:00,STATION,"Les Aubes",8,0,8,1.0,43.618692,3.893844
2026-02-20,17:01:08,2026-02-20T17:01:08+01:00,STATION,"Antigone centre",7,5,12,0.5833333333333334,43.607942,3.890634
2026-02-20,17:01:08,2026-02-20T17:01:08+01:00,STATION,"Médiathèque Emile Zola",9,7,16,0.5625,43.608218,3.89314
2026-02-20,17:01:08,2026-02-20T17:01:08+01:00,STATION,"Nombre d Or",5,11,16,0.3125,43.607859,3.886644
2026-02-20,17:01:08,2026-02-20T17:01:08+01:00,STATION,"Louis Blanc",2,14,16,0.125,43.614642,3.877648
2026-02-20,17:01:08,2026-02-20T17:01:08+01:00,STATION,"Gambetta",4,4,8,0.5,43.607106,3.870693
2026-02-20,17:01:08,2026-02-20T17:01:08+01:00,STATION,"Port Marianne",14,2,16,0.875,43.60032,3.89851
2026-02-20,17:01:08,2026-02-20T17:01:08+01:00,STATION,"Les Arceaux",5,3,8,0.625,43.612659,3.867734
2026-02-20,17:01:08,2026-02-20T17:01:08+01:00,STATION,"Cité Mion",1,6,8,0.25,43.601143,3.884373
2026-02-20,17:01:08,2026-02-20T17:01:08+01:00,STATION,"Nouveau Saint-Roch",2,6,8,0.25,43.599817,3.875757
2026-02-20,17:01:08,2026-02-20T17:01:08+01:00,STATION,"Renouvier",1,6,8,0.25,43.603553,3.867884
2026-02-20,17:01:08,2026-02-20T17:01:08+01:00,STATION,"Odysseum",0,8,8,0.0,43.603727,3.918979
2026-02-20,17:01:08,2026-02-20T17:01:08+01:00,STATION,"Saint-Denis",0,8,8,0.0,43.605021,3.875065
2026-02-20,17:01:08,2026-02-20T17:01:08+01:00,STATION,"Richter",7,9,16,0.4375,43.603424,3.899263
2026-02-20,17:01:08,2026-02-20T17:01:08+01:00,STATION,"Charles Flahault",4,4,8,0.5,43.622038,3.86672
2026-02-20,17:01:08,2026-02-20T17:01:08+01:00,STATION,"Voltaire",5,3,8,0.625,43.603767,3.888659
2026-02-20,17:01:08,2026-02-20T17:01:08+01:00,STATION,"Prés d Arènes",5,3,8,0.625,43.59048,3.884611
2026-02-20,17:01:08,2026-02-20T17:01:08+01:00,STATION,"Garcia Lorca",7,1,8,0.875,43.590757,3.890616
2026-02-20,17:01:08,2026-02-20T17:01:08+01:00,STATION,"Vert Bois",6,10,16,0.375,43.63543,3.871179
2026-02-20,17:01:08,2026-02-20T17:01:08+01:00,STATION,"Malbosc",3,5,8,0.375,43.633679,3.832861
2026-02-20,17:01:08,2026-02-20T17:01:08+01:00,STATION,"Occitanie",15,17,32,0.46875,43.635689,3.849597
2026-02-20,17:01:08,2026-02-20T17:01:08+01:00,STATION,"FacdesSciences",14,10,24,0.5833333333333334,43.631318,3.861299
2026-02-20,17:01:08,2026-02-20T17:01:08+01:00,STATION,"Fac de Lettres",2,10,12,0.16666666666666666,43.630437,3.869539
2026-02-20,17:01:08,2026-02-20T17:01:08+01:00,STATION,"Aiguelongue",3,4,8,0.5,43.626163,3.882492
2026-02-20,17:01:08,2026-02-20T17:01:08+01:00,STATION,"Jeu de Mail des Abbés",4,4,8,0.5,43.619701,3.883831
2026-02-20,17:01:08,2026-02-20T17:01:08+01:00,STATION,"Euromédecine",2,6,8,0.25,43.639119,3.828199
2026-02-20,17:01:08,2026-02-20T17:01:08+01:00,STATION,"Marie Caizergues",3,5,8,0.375,43.619871,3.873812
2026-02-20,17:01:08,2026-02-20T17:01:08+01:00,STATION,"Sabines",3,5,8,0.375,43.584211,3.860031
2026-02-20,17:01:08,2026-02-20T17:01:08+01:00,STATION,"Celleneuve",4,4,8,0.5,43.61467,3.832624
2026-02-20,17:01:08,2026-02-20T17:01:08+01:00,STATION,"Jardin de la Lironde",7,1,8,0.875,43.60585,3.911576
2026-02-20,17:01:08,2026-02-20T17:01:08+01:00,STATION,"Père Soulas",5,3,8,0.625,43.621983,3.855603
2026-02-20,17:01:08,2026-02-20T17:01:08+01:00,STATION,"Place Viala",3,5,8,0.375,43.616812,3.855075
2026-02-20,17:01:08,2026-02-20T17:01:08+01:00,STATION,"Hôtel du Département",3,5,8,0.375,43.621682,3.83477
2026-02-20,17:01:08,2026-02-20T17:01:08+01:00,STATION,"Tonnelles",4,4,8,0.5,43.615155,3.839466
2026-02-20,17:01:08,2026-02-20T17:01:08+01:00,STATION,"Parvis Jules Ferry - Gare Saint-Roch",4,4,8,0.5,43.603889,3.879362
2026-02-20,17:01:08,2026-02-20T17:01:08+01:00,STATION,"Pont de Lattes - Gare Saint-Roch",4,8,12,0.3333333333333333,43.606036,3.882393
2026-02-20,17:01:08,2026-02-20T17:01:08+01:00,STATION,"Deux Ponts - Gare Saint-Roch",0,8,8,0.0,43.604319,3.880916
2026-02-20,17:01:08,2026-02-20T17:01:08+01:00,STATION,"Providence - Ovalie",6,2,8,0.75,43.588239,3.853421
2026-02-20,17:01:08,2026-02-20T17:01:08+01:00,STATION,"Pérols Etang de l Or",44,24,68,0.6470588235294118,43.558351,3.963412
2026-02-20,17:01:08,2026-02-20T17:01:08+01:00,STATION,"Albert 1er - Cathédrale",4,8,12,0.3333333333333333,43.614005,3.873218
2026-02-20,17:01:08,2026-02-20T17:01:08+01:00,STATION,"Saint-Guilhem - Courreau",3,5,8,0.375,43.608996,3.872752
2026-02-20,17:01:08,2026-02-20T17:01:08+01:00,STATION,"Sud De France",4,4,8,0.5,43.59562,3.9235
2026-02-20,17:01:08,2026-02-20T17:01:08+01:00,STATION,"Comedie Baudin",0,8,8,0.0,43.608717,3.880787
2026-02-20,17:01:08,2026-02-20T17:01:08+01:00,STATION,"Jean de Beins",1,15,16,0.0625,43.609857,3.883884
2026-02-20,17:54:07,2026-02-20T17:54:07+01:00,STATION,"Rue Jules Ferry - Gare Saint-Roch",5,7,12,0.4166666666666667,43.605366,3.881346
2026-02-20,17:54:07,2026-02-20T17:54:07+01:00,STATION,"Comédie",4,16,20,0.2,43.608148,3.878778
2026-02-20,17:54:07,2026-02-20T17:54:07+01:00,STATION,"Hôtel de Ville",6,9,16,0.4375,43.599088,3.894866
2026-02-20,17:54:07,2026-02-20T17:54:07+01:00,STATION,"Corum",0,12,12,0.0,43.613989,3.8816
2026-02-20,17:54:07,2026-02-20T17:54:07+01:00,STATION,"Place Albert 1er - St Charles",10,17,27,0.37037037037037035,43.616768,3.873375
2026-02-20,17:54:07,2026-02-20T17:54:07+01:00,STATION,"Foch",4,4,8,0.5,43.610989,3.873345
2026-02-20,17:54:07,2026-02-20T17:54:07+01:00,STATION,"Halles Castellane",0,12,12,0.0,43.609935,3.877208
2026-02-20,17:54:07,2026-02-20T17:54:07+01:00,STATION,"Observatoire",7,0,8,1.0,43.606301,3.87724
2026-02-20,17:54:07,2026-02-20T17:54:07+01:00,STATION,"Rondelet",2,14,16,0.125,43.603038,3.875796
2026-02-20,17:54:07,2026-02-20T17:54:07+01:00,STATION,"Plan Cabanes",2,10,12,0.16666666666666666,43.608491,3.868389
2026-02-20,17:54:07,2026-02-20T17:54:07+01:00,STATION,"Boutonnet",4,8,12,0.3333333333333333,43.622629,3.868375
2026-02-20,17:54:07,2026-02-20T17:54:07+01:00,STATION,"Emile Combes",6,2,8,0.75,43.616742,3.87998
2026-02-20,17:54:07,2026-02-20T17:54:07+01:00,STATION,"Beaux-Arts",9,7,16,0.5625,43.616698,3.884981
2026-02-20,17:54:07,2026-02-20T17:54:07+01:00,STATION,"Les Aubes",8,0,8,1.0,43.618692,3.893844
2026-02-20,17:54:07,2026-02-20T17:54:07+01:00,STATION,"Antigone centre",5,7,12,0.4166666666666667,43.607942,3.890634
2026-02-20,17:54:07,2026-02-20T17:54:07+01:00,STATION,"Médiathèque Emile Zola",9,7,16,0.5625,43.608218,3.89314
2026-02-20,17:54:07,2026-02-20T17:54:07+01:00,STATION,"Nombre d Or",6,10,16,0.375,43.607859,3.886644
2026-02-20,17:54:07,2026-02-20T17:54:07+01:00,STATION,"Louis Blanc",2,14,16,0.125,43.614642,3.877648
2026-02-20,17:54:07,2026-02-20T17:54:07+01:00,STATION,"Gambetta",4,4,8,0.5,43.607106,3.870693
2026-02-20,17:54:07,2026-02-20T17:54:07+01:00,STATION,"Port Marianne",14,2,16,0.875,43.60032,3.89851
2026-02-20,17:54:07,2026-02-20T17:54:07+01:00,STATION,"Les Arceaux",5,3,8,0.625,43.612659,3.867734
2026-02-20,17:54:07,2026-02-20T17:54:07+01:00,STATION,"Cité Mion",1,6,8,0.25,43.601143,3.884373
2026-02-20,17:54:07,2026-02-20T17:54:07+01:00,STATION,"Nouveau Saint-Roch",2,6,8,0.25,43.599817,3.875757
2026-02-20,17:54:07,2026-02-20T17:54:07+01:00,STATION,"Renouvier",0,7,8,0.125,43.603553,3.867884
2026-02-20,17:54:07,2026-02-20T17:54:07+01:00,STATION,"Odysseum",0,8,8,0.0,43.603727,3.918979
2026-02-20,17:54:07,2026-02-20T17:54:07+01:00,STATION,"Saint-Denis",0,8,8,0.0,43.605021,3.875065
2026-02-20,17:54:07,2026-02-20T17:54:07+01:00,STATION,"Richter",6,10,16,0.375,43.603424,3.899263
2026-02-20,17:54:07,2026-02-20T17:54:07+01:00,STATION,"Charles Flahault",4,4,8,0.5,43.622038,3.86672
2026-02-20,17:54:07,2026-02-20T17:54:07+01:00,STATION,"Voltaire",5,3,8,0.625,43.603767,3.888659
2026-02-20,17:54:07,2026-02-20T17:54:07+01:00,STATION,"Prés d Arènes",5,3,8,0.625,43.59048,3.884611
2026-02-20,17:54:07,2026-02-20T17:54:07+01:00,STATION,"Garcia Lorca",7,1,8,0.875,43.590757,3.890616
2026-02-20,17:54:07,2026-02-20T17:54:07+01:00,STATION,"Vert Bois",5,11,16,0.3125,43.63543,3.871179
2026-02-20,17:54:07,2026-02-20T17:54:07+01:00,STATION,"Malbosc",3,5,8,0.375,43.633679,3.832861
2026-02-20,17:54:07,2026-02-20T17:54:07+01:00,STATION,"Occitanie",15,17,32,0.46875,43.635689,3.849597
2026-02-20,17:54:07,2026-02-20T17:54:07+01:00,STATION,"FacdesSciences",14,10,24,0.5833333333333334,43.631318,3.861299
2026-02-20,17:54:07,2026-02-20T17:54:07+01:00,STATION,"Fac de Lettres",4,8,12,0.3333333333333333,43.630437,3.869539
2026-02-20,17:54:07,2026-02-20T17:54:07+01:00,STATION,"Aiguelongue",3,4,8,0.5,43.626163,3.882492
2026-02-20,17:54:07,2026-02-20T17:54:07+01:00,STATION,"Jeu de Mail des Abbés",4,4,8,0.5,43.619701,3.883831
2026-02-20,17:54:07,2026-02-20T17:54:07+01:00,STATION,"Euromédecine",2,6,8,0.25,43.639119,3.828199
2026-02-20,17:54:07,2026-02-20T17:54:07+01:00,STATION,"Marie Caizergues",3,5,8,0.375,43.619871,3.873812
2026-02-20,17:54:07,2026-02-20T17:54:07+01:00,STATION,"Sabines",3,5,8,0.375,43.584211,3.860031
2026-02-20,17:54:07,2026-02-20T17:54:07+01:00,STATION,"Celleneuve",4,4,8,0.5,43.61467,3.832624
2026-02-20,17:54:07,2026-02-20T17:54:07+01:00,STATION,"Jardin de la Lironde",5,3,8,0.625,43.60585,3.911576
2026-02-20,17:54:07,2026-02-20T17:54:07+01:00,STATION,"Père Soulas",5,3,8,0.625,43.621983,3.855603
2026-02-20,17:54:07,2026-02-20T17:54:07+01:00,STATION,"Place Viala",3,5,8,0.375,43.616812,3.855075
2026-02-20,17:54:07,2026-02-20T17:54:07+01:00,STATION,"Hôtel du Département",3,5,8,0.375,43.621682,3.83477
2026-02-20,17:54:07,2026-02-20T17:54:07+01:00,STATION,"Tonnelles",4,4,8,0.5,43.615155,3.839466
2026-02-20,17:54:07,2026-02-20T17:54:07+01:00,STATION,"Parvis Jules Ferry - Gare Saint-Roch",4,4,8,0.5,43.603889,3.879362
2026-02-20,17:54:07,2026-02-20T17:54:07+01:00,STATION,"Pont de Lattes - Gare Saint-Roch",4,8,12,0.3333333333333333,43.606036,3.882393
2026-02-20,17:54:07,2026-02-20T17:54:07+01:00,STATION,"Deux Ponts - Gare Saint-Roch",0,8,8,0.0,43.604319,3.880916
2026-02-20,17:54:07,2026-02-20T17:54:07+01:00,STATION,"Providence - Ovalie",6,2,8,0.75,43.588239,3.853421
2026-02-20,17:54:07,2026-02-20T17:54:07+01:00,STATION,"Pérols Etang de l Or",49,19,68,0.7205882352941176,43.558351,3.963412
2026-02-20,17:54:07,2026-02-20T17:54:07+01:00,STATION,"Albert 1er - Cathédrale",4,8,12,0.3333333333333333,43.614005,3.873218
2026-02-20,17:54:07,2026-02-20T17:54:07+01:00,STATION,"Saint-Guilhem - Courreau",3,5,8,0.375,43.608996,3.872752
2026-02-20,17:54:07,2026-02-20T17:54:07+01:00,STATION,"Sud De France",4,4,8,0.5,43.59562,3.9235
2026-02-20,17:54:07,2026-02-20T17:54:07+01:00,STATION,"Comedie Baudin",0,8,8,0.0,43.608717,3.880787
2026-02-20,17:54:07,2026-02-20T17:54:07+01:00,STATION,"Jean de Beins",1,15,16,0.0625,43.609857,3.883884
2026-02-20,18:38:06,2026-02-20T18:38:06+01:00,STATION,"Rue Jules Ferry - Gare Saint-Roch",4,8,12,0.3333333333333333,43.605366,3.881346
2026-02-20,18:38:06,2026-02-20T18:38:06+01:00,STATION,"Comédie",5,15,20,0.25,43.608148,3.878778
2026-02-20,18:38:06,2026-02-20T18:38:06+01:00,STATION,"Hôtel de Ville",6,9,16,0.4375,43.599088,3.894866
2026-02-20,18:38:06,2026-02-20T18:38:06+01:00,STATION,"Corum",0,12,12,0.0,43.613989,3.8816
2026-02-20,18:38:06,2026-02-20T18:38:06+01:00,STATION,"Place Albert 1er - St Charles",9,18,27,0.3333333333333333,43.616768,3.873375
2026-02-20,18:38:06,2026-02-20T18:38:06+01:00,STATION,"Foch",4,4,8,0.5,43.610989,3.873345
2026-02-20,18:38:06,2026-02-20T18:38:06+01:00,STATION,"Halles Castellane",0,12,12,0.0,43.609935,3.877208
2026-02-20,18:38:06,2026-02-20T18:38:06+01:00,STATION,"Observatoire",7,0,8,1.0,43.606301,3.87724
2026-02-20,18:38:06,2026-02-20T18:38:06+01:00,STATION,"Rondelet",2,14,16,0.125,43.603038,3.875796
2026-02-20,18:38:06,2026-02-20T18:38:06+01:00,STATION,"Plan Cabanes",2,10,12,0.16666666666666666,43.608491,3.868389
2026-02-20,18:38:06,2026-02-20T18:38:06+01:00,STATION,"Boutonnet",5,7,12,0.4166666666666667,43.622629,3.868375
2026-02-20,18:38:06,2026-02-20T18:38:06+01:00,STATION,"Emile Combes",7,1,8,0.875,43.616742,3.87998
2026-02-20,18:38:06,2026-02-20T18:38:06+01:00,STATION,"Beaux-Arts",9,7,16,0.5625,43.616698,3.884981
2026-02-20,18:38:06,2026-02-20T18:38:06+01:00,STATION,"Les Aubes",8,0,8,1.0,43.618692,3.893844
2026-02-20,18:38:06,2026-02-20T18:38:06+01:00,STATION,"Antigone centre",5,7,12,0.4166666666666667,43.607942,3.890634
2026-02-20,18:38:06,2026-02-20T18:38:06+01:00,STATION,"Médiathèque Emile Zola",9,7,16,0.5625,43.608218,3.89314
2026-02-20,18:38:06,2026-02-20T18:38:06+01:00,STATION,"Nombre d Or",7,9,16,0.4375,43.607859,3.886644
2026-02-20,18:38:06,2026-02-20T18:38:06+01:00,STATION,"Louis Blanc",2,14,16,0.125,43.614642,3.877648
2026-02-20,18:38:06,2026-02-20T18:38:06+01:00,STATION,"Gambetta",6,2,8,0.75,43.607106,3.870693
2026-02-20,18:38:06,2026-02-20T18:38:06+01:00,STATION,"Port Marianne",14,2,16,0.875,43.60032,3.89851
2026-02-20,18:38:06,2026-02-20T18:38:06+01:00,STATION,"Les Arceaux",5,3,8,0.625,43.612659,3.867734
2026-02-20,18:38:06,2026-02-20T18:38:06+01:00,STATION,"Cité Mion",1,6,8,0.25,43.601143,3.884373
2026-02-20,18:38:06,2026-02-20T18:38:06+01:00,STATION,"Nouveau Saint-Roch",2,6,8,0.25,43.599817,3.875757
2026-02-20,18:38:06,2026-02-20T18:38:06+01:00,STATION,"Renouvier",0,7,8,0.125,43.603553,3.867884
2026-02-20,18:38:06,2026-02-20T18:38:06+01:00,STATION,"Odysseum",0,8,8,0.0,43.603727,3.918979
2026-02-20,18:38:06,2026-02-20T18:38:06+01:00,STATION,"Saint-Denis",0,8,8,0.0,43.605021,3.875065
2026-02-20,18:38:06,2026-02-20T18:38:06+01:00,STATION,"Richter",6,10,16,0.375,43.603424,3.899263
2026-02-20,18:38:06,2026-02-20T18:38:06+01:00,STATION,"Charles Flahault",4,4,8,0.5,43.622038,3.86672
2026-02-20,18:38:06,2026-02-20T18:38:06+01:00,STATION,"Voltaire",5,3,8,0.625,43.603767,3.888659
2026-02-20,18:38:06,2026-02-20T18:38:06+01:00,STATION,"Prés d Arènes",4,4,8,0.5,43.59048,3.884611
2026-02-20,18:38:06,2026-02-20T18:38:06+01:00,STATION,"Garcia Lorca",7,1,8,0.875,43.590757,3.890616
2026-02-20,18:38:06,2026-02-20T18:38:06+01:00,STATION,"Vert Bois",4,12,16,0.25,43.63543,3.871179
2026-02-20,18:38:06,2026-02-20T18:38:06+01:00,STATION,"Malbosc",3,5,8,0.375,43.633679,3.832861
2026-02-20,18:38:06,2026-02-20T18:38:06+01:00,STATION,"Occitanie",15,17,32,0.46875,43.635689,3.849597
2026-02-20,18:38:06,2026-02-20T18:38:06+01:00,STATION,"FacdesSciences",14,10,24,0.5833333333333334,43.631318,3.861299
2026-02-20,18:38:06,2026-02-20T18:38:06+01:00,STATION,"Fac de Lettres",5,7,12,0.4166666666666667,43.630437,3.869539
2026-02-20,18:38:06,2026-02-20T18:38:06+01:00,STATION,"Aiguelongue",2,4,8,0.5,43.626163,3.882492
2026-02-20,18:38:06,2026-02-20T18:38:06+01:00,STATION,"Jeu de Mail des Abbés",4,4,8,0.5,43.619701,3.883831
2026-02-20,18:38:06,2026-02-20T18:38:06+01:00,STATION,"Euromédecine",2,6,8,0.25,43.639119,3.828199
2026-02-20,18:38:06,2026-02-20T18:38:06+01:00,STATION,"Marie Caizergues",3,5,8,0.375,43.619871,3.873812
2026-02-20,18:38:06,2026-02-20T18:38:06+01:00,STATION,"Sabines",3,5,8,0.375,43.584211,3.860031
2026-02-20,18:38:06,2026-02-20T18:38:06+01:00,STATION,"Celleneuve",4,4,8,0.5,43.61467,3.832624
2026-02-20,18:38:06,2026-02-20T18:38:06+01:00,STATION,"Jardin de la Lironde",6,2,8,0.75,43.60585,3.911576
2026-02-20,18:38:06,2026-02-20T18:38:06+01:00,STATION,"Père Soulas",5,3,8,0.625,43.621983,3.855603
2026-02-20,18:38:06,2026-02-20T18:38:06+01:00,STATION,"Place Viala",3,5,8,0.375,43.616812,3.855075
2026-02-20,18:38:06,2026-02-20T18:38:06+01:00,STATION,"Hôtel du Département",3,5,8,0.375,43.621682,3.83477
2026-02-20,18:38:06,2026-02-20T18:38:06+01:00,STATION,"Tonnelles",4,4,8,0.5,43.615155,3.839466
2026-02-20,18:38:06,2026-02-20T18:38:06+01:00,STATION,"Parvis Jules Ferry - Gare Saint-Roch",4,4,8,0.5,43.603889,3.879362
2026-02-20,18:38:06,2026-02-20T18:38:06+01:00,STATION,"Pont de Lattes - Gare Saint-Roch",4,8,12,0.3333333333333333,43.606036,3.882393
2026-02-20,18:38:06,2026-02-20T18:38:06+01:00,STATION,"Deux Ponts - Gare Saint-Roch",0,8,8,0.0,43.604319,3.880916
2026-02-20,18:38:06,2026-02-20T18:38:06+01:00,STATION,"Providence - Ovalie",6,2,8,0.75,43.588239,3.853421
2026-02-20,18:38:06,2026-02-20T18:38:06+01:00,STATION,"Pérols Etang de l Or",47,21,68,0.6911764705882353,43.558351,3.963412
2026-02-20,18:38:06,2026-02-20T18:38:06+01:00,STATION,"Albert 1er - Cathédrale",4,8,12,0.3333333333333333,43.614005,3.873218
2026-02-20,18:38:06,2026-02-20T18:38:06+01:00,STATION,"Saint-Guilhem - Courreau",3,5,8,0.375,43.608996,3.872752
2026-02-20,18:38:06,2026-02-20T18:38:06+01:00,STATION,"Sud De France",4,4,8,0.5,43.59562,3.9235
2026-02-20,18:38:06,2026-02-20T18:38:06+01:00,STATION,"Comedie Baudin",0,8,8,0.0,43.608717,3.880787
2026-02-20,18:38:06,2026-02-20T18:38:06+01:00,STATION,"Jean de Beins",1,15,16,0.0625,43.609857,3.883884
2026-02-20,19:48:16,2026-02-20T19:48:16+01:00,STATION,"Rue Jules Ferry - Gare Saint-Roch",4,8,12,0.3333333333333333,43.605366,3.881346
2026-02-20,19:48:16,2026-02-20T19:48:16+01:00,STATION,"Comédie",6,14,20,0.3,43.608148,3.878778
2026-02-20,19:48:16,2026-02-20T19:48:16+01:00,STATION,"Hôtel de Ville",4,11,16,0.3125,43.599088,3.894866
2026-02-20,19:48:16,2026-02-20T19:48:16+01:00,STATION,"Corum",1,11,12,0.08333333333333333,43.613989,3.8816
2026-02-20,19:48:16,2026-02-20T19:48:16+01:00,STATION,"Place Albert 1er - St Charles",8,19,27,0.2962962962962963,43.616768,3.873375
2026-02-20,19:48:16,2026-02-20T19:48:16+01:00,STATION,"Foch",4,4,8,0.5,43.610989,3.873345
2026-02-20,19:48:16,2026-02-20T19:48:16+01:00,STATION,"Halles Castellane",0,12,12,0.0,43.609935,3.877208
2026-02-20,19:48:16,2026-02-20T19:48:16+01:00,STATION,"Observatoire",8,0,8,1.0,43.606301,3.87724
2026-02-20,19:48:16,2026-02-20T19:48:16+01:00,STATION,"Rondelet",2,14,16,0.125,43.603038,3.875796
2026-02-20,19:48:16,2026-02-20T19:48:16+01:00,STATION,"Plan Cabanes",3,9,12,0.25,43.608491,3.868389
2026-02-20,19:48:16,2026-02-20T19:48:16+01:00,STATION,"Boutonnet",5,7,12,0.4166666666666667,43.622629,3.868375
2026-02-20,19:48:16,2026-02-20T19:48:16+01:00,STATION,"Emile Combes",7,1,8,0.875,43.616742,3.87998
2026-02-20,19:48:16,2026-02-20T19:48:16+01:00,STATION,"Beaux-Arts",10,6,16,0.625,43.616698,3.884981
2026-02-20,19:48:16,2026-02-20T19:48:16+01:00,STATION,"Les Aubes",6,2,8,0.75,43.618692,3.893844
2026-02-20,19:48:16,2026-02-20T19:48:16+01:00,STATION,"Antigone centre",3,9,12,0.25,43.607942,3.890634
2026-02-20,19:48:16,2026-02-20T19:48:16+01:00,STATION,"Médiathèque Emile Zola",8,8,16,0.5,43.608218,3.89314
2026-02-20,19:48:16,2026-02-20T19:48:16+01:00,STATION,"Nombre d Or",9,7,16,0.5625,43.607859,3.886644
2026-02-20,19:48:16,2026-02-20T19:48:16+01:00,STATION,"Louis Blanc",2,14,16,0.125,43.614642,3.877648
2026-02-20,19:48:16,2026-02-20T19:48:16+01:00,STATION,"Gambetta",8,0,8,1.0,43.607106,3.870693
2026-02-20,19:48:16,2026-02-20T19:48:16+01:00,STATION,"Port Marianne",14,2,16,0.875,43.60032,3.89851
2026-02-20,19:48:16,2026-02-20T19:48:16+01:00,STATION,"Les Arceaux",5,3,8,0.625,43.612659,3.867734
2026-02-20,19:48:16,2026-02-20T19:48:16+01:00,STATION,"Cité Mion",1,6,8,0.25,43.601143,3.884373
2026-02-20,19:48:16,2026-02-20T19:48:16+01:00,STATION,"Nouveau Saint-Roch",2,6,8,0.25,43.599817,3.875757
2026-02-20,19:48:16,2026-02-20T19:48:16+01:00,STATION,"Renouvier",0,7,8,0.125,43.603553,3.867884
2026-02-20,19:48:16,2026-02-20T19:48:16+01:00,STATION,"Odysseum",0,8,8,0.0,43.603727,3.918979
2026-02-20,19:48:16,2026-02-20T19:48:16+01:00,STATION,"Saint-Denis",0,8,8,0.0,43.605021,3.875065
2026-02-20,19:48:16,2026-02-20T19:48:16+01:00,STATION,"Richter",6,10,16,0.375,43.603424,3.899263
2026-02-20,19:48:16,2026-02-20T19:48:16+01:00,STATION,"Charles Flahault",4,4,8,0.5,43.622038,3.86672
2026-02-20,19:48:16,2026-02-20T19:48:16+01:00,STATION,"Voltaire",5,3,8,0.625,43.603767,3.888659
2026-02-20,19:48:16,2026-02-20T19:48:16+01:00,STATION,"Prés d Arènes",5,3,8,0.625,43.59048,3.884611
2026-02-20,19:48:16,2026-02-20T19:48:16+01:00,STATION,"Garcia Lorca",7,1,8,0.875,43.590757,3.890616
2026-02-20,19:48:16,2026-02-20T19:48:16+01:00,STATION,"Vert Bois",3,13,16,0.1875,43.63543,3.871179
2026-02-20,19:48:16,2026-02-20T19:48:16+01:00,STATION,"Malbosc",3,5,8,0.375,43.633679,3.832861
2026-02-20,19:48:16,2026-02-20T19:48:16+01:00,STATION,"Occitanie",16,16,32,0.5,43.635689,3.849597
2026-02-20,19:48:16,2026-02-20T19:48:16+01:00,STATION,"FacdesSciences",15,9,24,0.625,43.631318,3.861299
2026-02-20,19:48:16,2026-02-20T19:48:16+01:00,STATION,"Fac de Lettres",4,8,12,0.3333333333333333,43.630437,3.869539
2026-02-20,19:48:16,2026-02-20T19:48:16+01:00,STATION,"Aiguelongue",3,4,8,0.5,43.626163,3.882492
2026-02-20,19:48:16,2026-02-20T19:48:16+01:00,STATION,"Jeu de Mail des Abbés",4,4,8,0.5,43.619701,3.883831
2026-02-20,19:48:16,2026-02-20T19:48:16+01:00,STATION,"Euromédecine",2,6,8,0.25,43.639119,3.828199
2026-02-20,19:48:16,2026-02-20T19:48:16+01:00,STATION,"Marie Caizergues",2,6,8,0.25,43.619871,3.873812
2026-02-20,19:48:16,2026-02-20T19:48:16+01:00,STATION,"Sabines",2,6,8,0.25,43.584211,3.860031
2026-02-20,19:48:16,2026-02-20T19:48:16+01:00,STATION,"Celleneuve",4,4,8,0.5,43.61467,3.832624
2026-02-20,19:48:16,2026-02-20T19:48:16+01:00,STATION,"Jardin de la Lironde",6,2,8,0.75,43.60585,3.911576
2026-02-20,19:48:16,2026-02-20T19:48:16+01:00,STATION,"Père Soulas",6,2,8,0.75,43.621983,3.855603
2026-02-20,19:48:16,2026-02-20T19:48:16+01:00,STATION,"Place Viala",2,6,8,0.25,43.616812,3.855075
2026-02-20,19:48:16,2026-02-20T19:48:16+01:00,STATION,"Hôtel du Département",2,6,8,0.25,43.621682,3.83477
2026-02-20,19:48:16,2026-02-20T19:48:16+01:00,STATION,"Tonnelles",4,4,8,0.5,43.615155,3.839466
2026-02-20,19:48:16,2026-02-20T19:48:16+01:00,STATION,"Parvis Jules Ferry - Gare Saint-Roch",4,4,8,0.5,43.603889,3.879362
2026-02-20,19:48:16,2026-02-20T19:48:16+01:00,STATION,"Pont de Lattes - Gare Saint-Roch",4,8,12,0.3333333333333333,43.606036,3.882393
2026-02-20,19:48:16,2026-02-20T19:48:16+01:00,STATION,"Deux Ponts - Gare Saint-Roch",0,8,8,0.0,43.604319,3.880916
2026-02-20,19:48:16,2026-02-20T19:48:16+01:00,STATION,"Providence - Ovalie",6,2,8,0.75,43.588239,3.853421
2026-02-20,19:48:16,2026-02-20T19:48:16+01:00,STATION,"Pérols Etang de l Or",37,31,68,0.5441176470588235,43.558351,3.963412
2026-02-20,19:48:16,2026-02-20T19:48:16+01:00,STATION,"Albert 1er - Cathédrale",4,8,12,0.3333333333333333,43.614005,3.873218
2026-02-20,19:48:16,2026-02-20T19:48:16+01:00,STATION,"Saint-Guilhem - Courreau",3,5,8,0.375,43.608996,3.872752
2026-02-20,19:48:16,2026-02-20T19:48:16+01:00,STATION,"Sud De France",4,4,8,0.5,43.59562,3.9235
2026-02-20,19:48:16,2026-02-20T19:48:16+01:00,STATION,"Comedie Baudin",0,8,8,0.0,43.608717,3.880787
2026-02-20,19:48:16,2026-02-20T19:48:16+01:00,STATION,"Jean de Beins",1,15,16,0.0625,43.609857,3.883884
2026-02-20,20:36:58,2026-02-20T20:36:58+01:00,STATION,"Rue Jules Ferry - Gare Saint-Roch",3,9,12,0.25,43.605366,3.881346
2026-02-20,20:36:58,2026-02-20T20:36:58+01:00,STATION,"Comédie",7,13,20,0.35,43.608148,3.878778
2026-02-20,20:36:58,2026-02-20T20:36:58+01:00,STATION,"Hôtel de Ville",5,10,16,0.375,43.599088,3.894866
2026-02-20,20:36:58,2026-02-20T20:36:58+01:00,STATION,"Corum",1,11,12,0.08333333333333333,43.613989,3.8816
2026-02-20,20:36:58,2026-02-20T20:36:58+01:00,STATION,"Place Albert 1er - St Charles",8,19,27,0.2962962962962963,43.616768,3.873375
2026-02-20,20:36:58,2026-02-20T20:36:58+01:00,STATION,"Foch",4,4,8,0.5,43.610989,3.873345
2026-02-20,20:36:58,2026-02-20T20:36:58+01:00,STATION,"Halles Castellane",0,12,12,0.0,43.609935,3.877208
2026-02-20,20:36:58,2026-02-20T20:36:58+01:00,STATION,"Observatoire",8,0,8,1.0,43.606301,3.87724
2026-02-20,20:36:58,2026-02-20T20:36:58+01:00,STATION,"Rondelet",2,14,16,0.125,43.603038,3.875796
2026-02-20,20:36:58,2026-02-20T20:36:58+01:00,STATION,"Plan Cabanes",3,9,12,0.25,43.608491,3.868389
2026-02-20,20:36:58,2026-02-20T20:36:58+01:00,STATION,"Boutonnet",7,5,12,0.5833333333333334,43.622629,3.868375
2026-02-20,20:36:58,2026-02-20T20:36:58+01:00,STATION,"Emile Combes",7,1,8,0.875,43.616742,3.87998
2026-02-20,20:36:58,2026-02-20T20:36:58+01:00,STATION,"Beaux-Arts",10,6,16,0.625,43.616698,3.884981
2026-02-20,20:36:58,2026-02-20T20:36:58+01:00,STATION,"Les Aubes",6,2,8,0.75,43.618692,3.893844
2026-02-20,20:36:58,2026-02-20T20:36:58+01:00,STATION,"Antigone centre",4,8,12,0.3333333333333333,43.607942,3.890634
2026-02-20,20:36:58,2026-02-20T20:36:58+01:00,STATION,"Médiathèque Emile Zola",8,8,16,0.5,43.608218,3.89314
2026-02-20,20:36:58,2026-02-20T20:36:58+01:00,STATION,"Nombre d Or",9,7,16,0.5625,43.607859,3.886644
2026-02-20,20:36:58,2026-02-20T20:36:58+01:00,STATION,"Louis Blanc",2,14,16,0.125,43.614642,3.877648
2026-02-20,20:36:58,2026-02-20T20:36:58+01:00,STATION,"Gambetta",8,0,8,1.0,43.607106,3.870693
2026-02-20,20:36:58,2026-02-20T20:36:58+01:00,STATION,"Port Marianne",14,2,16,0.875,43.60032,3.89851
2026-02-20,20:36:58,2026-02-20T20:36:58+01:00,STATION,"Les Arceaux",6,2,8,0.75,43.612659,3.867734
2026-02-20,20:36:58,2026-02-20T20:36:58+01:00,STATION,"Cité Mion",1,6,8,0.25,43.601143,3.884373
2026-02-20,20:36:58,2026-02-20T20:36:58+01:00,STATION,"Nouveau Saint-Roch",2,6,8,0.25,43.599817,3.875757
2026-02-20,20:36:58,2026-02-20T20:36:58+01:00,STATION,"Renouvier",0,7,8,0.125,43.603553,3.867884
2026-02-20,20:36:58,2026-02-20T20:36:58+01:00,STATION,"Odysseum",0,8,8,0.0,43.603727,3.918979
2026-02-20,20:36:58,2026-02-20T20:36:58+01:00,STATION,"Saint-Denis",0,8,8,0.0,43.605021,3.875065
2026-02-20,20:36:58,2026-02-20T20:36:58+01:00,STATION,"Richter",5,11,16,0.3125,43.603424,3.899263
2026-02-20,20:36:58,2026-02-20T20:36:58+01:00,STATION,"Charles Flahault",5,3,8,0.625,43.622038,3.86672
2026-02-20,20:36:58,2026-02-20T20:36:58+01:00,STATION,"Voltaire",5,3,8,0.625,43.603767,3.888659
2026-02-20,20:36:58,2026-02-20T20:36:58+01:00,STATION,"Prés d Arènes",6,2,8,0.75,43.59048,3.884611
2026-02-20,20:36:58,2026-02-20T20:36:58+01:00,STATION,"Garcia Lorca",7,1,8,0.875,43.590757,3.890616
2026-02-20,20:36:58,2026-02-20T20:36:58+01:00,STATION,"Vert Bois",3,13,16,0.1875,43.63543,3.871179
2026-02-20,20:36:58,2026-02-20T20:36:58+01:00,STATION,"Malbosc",3,5,8,0.375,43.633679,3.832861
2026-02-20,20:36:58,2026-02-20T20:36:58+01:00,STATION,"Occitanie",14,18,32,0.4375,43.635689,3.849597
2026-02-20,20:36:58,2026-02-20T20:36:58+01:00,STATION,"FacdesSciences",14,10,24,0.5833333333333334,43.631318,3.861299
2026-02-20,20:36:58,2026-02-20T20:36:58+01:00,STATION,"Fac de Lettres",4,8,12,0.3333333333333333,43.630437,3.869539
2026-02-20,20:36:58,2026-02-20T20:36:58+01:00,STATION,"Aiguelongue",3,4,8,0.5,43.626163,3.882492
2026-02-20,20:36:58,2026-02-20T20:36:58+01:00,STATION,"Jeu de Mail des Abbés",4,4,8,0.5,43.619701,3.883831
2026-02-20,20:36:58,2026-02-20T20:36:58+01:00,STATION,"Euromédecine",2,6,8,0.25,43.639119,3.828199
2026-02-20,20:36:58,2026-02-20T20:36:58+01:00,STATION,"Marie Caizergues",3,5,8,0.375,43.619871,3.873812
2026-02-20,20:36:58,2026-02-20T20:36:58+01:00,STATION,"Sabines",2,6,8,0.25,43.584211,3.860031
2026-02-20,20:36:58,2026-02-20T20:36:58+01:00,STATION,"Celleneuve",4,4,8,0.5,43.61467,3.832624
2026-02-20,20:36:58,2026-02-20T20:36:58+01:00,STATION,"Jardin de la Lironde",6,2,8,0.75,43.60585,3.911576
2026-02-20,20:36:58,2026-02-20T20:36:58+01:00,STATION,"Père Soulas",7,1,8,0.875,43.621983,3.855603
2026-02-20,20:36:58,2026-02-20T20:36:58+01:00,STATION,"Place Viala",2,6,8,0.25,43.616812,3.855075
2026-02-20,20:36:58,2026-02-20T20:36:58+01:00,STATION,"Hôtel du Département",2,6,8,0.25,43.621682,3.83477
2026-02-20,20:36:58,2026-02-20T20:36:58+01:00,STATION,"Tonnelles",4,4,8,0.5,43.615155,3.839466
2026-02-20,20:36:58,2026-02-20T20:36:58+01:00,STATION,"Parvis Jules Ferry - Gare Saint-Roch",4,4,8,0.5,43.603889,3.879362
2026-02-20,20:36:58,2026-02-20T20:36:58+01:00,STATION,"Pont de Lattes - Gare Saint-Roch",4,8,12,0.3333333333333333,43.606036,3.882393
2026-02-20,20:36:58,2026-02-20T20:36:58+01:00,STATION,"Deux Ponts - Gare Saint-Roch",0,8,8,0.0,43.604319,3.880916
2026-02-20,20:36:58,2026-02-20T20:36:58+01:00,STATION,"Providence - Ovalie",6,2,8,0.75,43.588239,3.853421
2026-02-20,20:36:58,2026-02-20T20:36:58+01:00,STATION,"Pérols Etang de l Or",47,21,68,0.6911764705882353,43.558351,3.963412
2026-02-20,20:36:58,2026-02-20T20:36:58+01:00,STATION,"Albert 1er - Cathédrale",4,8,12,0.3333333333333333,43.614005,3.873218
2026-02-20,20:36:58,2026-02-20T20:36:58+01:00,STATION,"Saint-Guilhem - Courreau",3,5,8,0.375,43.608996,3.872752
2026-02-20,20:36:58,2026-02-20T20:36:58+01:00,STATION,"Sud De France",4,4,8,0.5,43.59562,3.9235
2026-02-20,20:36:58,2026-02-20T20:36:58+01:00,STATION,"Comedie Baudin",0,8,8,0.0,43.608717,3.880787
2026-02-20,20:36:58,2026-02-20T20:36:58+01:00,STATION,"Jean de Beins",1,15,16,0.0625,43.609857,3.883884
2026-02-20,21:32:20,2026-02-20T21:32:20+01:00,STATION,"Rue Jules Ferry - Gare Saint-Roch",3,9,12,0.25,43.605366,3.881346
2026-02-20,21:32:20,2026-02-20T21:32:20+01:00,STATION,"Comédie",7,13,20,0.35,43.608148,3.878778
2026-02-20,21:32:20,2026-02-20T21:32:20+01:00,STATION,"Hôtel de Ville",4,11,16,0.3125,43.599088,3.894866
2026-02-20,21:32:20,2026-02-20T21:32:20+01:00,STATION,"Corum",0,12,12,0.0,43.613989,3.8816
2026-02-20,21:32:20,2026-02-20T21:32:20+01:00,STATION,"Place Albert 1er - St Charles",9,18,27,0.3333333333333333,43.616768,3.873375
2026-02-20,21:32:20,2026-02-20T21:32:20+01:00,STATION,"Foch",4,4,8,0.5,43.610989,3.873345
2026-02-20,21:32:20,2026-02-20T21:32:20+01:00,STATION,"Halles Castellane",0,12,12,0.0,43.609935,3.877208
2026-02-20,21:32:20,2026-02-20T21:32:20+01:00,STATION,"Observatoire",8,0,8,1.0,43.606301,3.87724
2026-02-20,21:32:20,2026-02-20T21:32:20+01:00,STATION,"Rondelet",2,14,16,0.125,43.603038,3.875796
2026-02-20,21:32:20,2026-02-20T21:32:20+01:00,STATION,"Plan Cabanes",3,9,12,0.25,43.608491,3.868389
2026-02-20,21:32:20,2026-02-20T21:32:20+01:00,STATION,"Boutonnet",7,5,12,0.5833333333333334,43.622629,3.868375
2026-02-20,21:32:20,2026-02-20T21:32:20+01:00,STATION,"Emile Combes",7,1,8,0.875,43.616742,3.87998
2026-02-20,21:32:20,2026-02-20T21:32:20+01:00,STATION,"Beaux-Arts",9,7,16,0.5625,43.616698,3.884981
2026-02-20,21:32:20,2026-02-20T21:32:20+01:00,STATION,"Les Aubes",6,2,8,0.75,43.618692,3.893844
2026-02-20,21:32:20,2026-02-20T21:32:20+01:00,STATION,"Antigone centre",4,8,12,0.3333333333333333,43.607942,3.890634
2026-02-20,21:32:20,2026-02-20T21:32:20+01:00,STATION,"Médiathèque Emile Zola",8,8,16,0.5,43.608218,3.89314
2026-02-20,21:32:20,2026-02-20T21:32:20+01:00,STATION,"Nombre d Or",9,7,16,0.5625,43.607859,3.886644
2026-02-20,21:32:20,2026-02-20T21:32:20+01:00,STATION,"Louis Blanc",2,14,16,0.125,43.614642,3.877648
2026-02-20,21:32:20,2026-02-20T21:32:20+01:00,STATION,"Gambetta",8,0,8,1.0,43.607106,3.870693
2026-02-20,21:32:20,2026-02-20T21:32:20+01:00,STATION,"Port Marianne",14,2,16,0.875,43.60032,3.89851
2026-02-20,21:32:20,2026-02-20T21:32:20+01:00,STATION,"Les Arceaux",6,2,8,0.75,43.612659,3.867734
2026-02-20,21:32:20,2026-02-20T21:32:20+01:00,STATION,"Cité Mion",1,6,8,0.25,43.601143,3.884373
2026-02-20,21:32:20,2026-02-20T21:32:20+01:00,STATION,"Nouveau Saint-Roch",2,6,8,0.25,43.599817,3.875757
2026-02-20,21:32:20,2026-02-20T21:32:20+01:00,STATION,"Renouvier",0,7,8,0.125,43.603553,3.867884
2026-02-20,21:32:20,2026-02-20T21:32:20+01:00,STATION,"Odysseum",0,8,8,0.0,43.603727,3.918979
2026-02-20,21:32:20,2026-02-20T21:32:20+01:00,STATION,"Saint-Denis",0,8,8,0.0,43.605021,3.875065
2026-02-20,21:32:20,2026-02-20T21:32:20+01:00,STATION,"Richter",5,11,16,0.3125,43.603424,3.899263
2026-02-20,21:32:20,2026-02-20T21:32:20+01:00,STATION,"Charles Flahault",5,3,8,0.625,43.622038,3.86672
2026-02-20,21:32:20,2026-02-20T21:32:20+01:00,STATION,"Voltaire",5,3,8,0.625,43.603767,3.888659
2026-02-20,21:32:20,2026-02-20T21:32:20+01:00,STATION,"Prés d Arènes",6,2,8,0.75,43.59048,3.884611
2026-02-20,21:32:20,2026-02-20T21:32:20+01:00,STATION,"Garcia Lorca",7,1,8,0.875,43.590757,3.890616
2026-02-20,21:32:20,2026-02-20T21:32:20+01:00,STATION,"Vert Bois",3,13,16,0.1875,43.63543,3.871179
2026-02-20,21:32:20,2026-02-20T21:32:20+01:00,STATION,"Malbosc",3,5,8,0.375,43.633679,3.832861
2026-02-20,21:32:20,2026-02-20T21:32:20+01:00,STATION,"Occitanie",14,18,32,0.4375,43.635689,3.849597
2026-02-20,21:32:20,2026-02-20T21:32:20+01:00,STATION,"FacdesSciences",14,10,24,0.5833333333333334,43.631318,3.861299
2026-02-20,21:32:20,2026-02-20T21:32:20+01:00,STATION,"Fac de Lettres",4,8,12,0.3333333333333333,43.630437,3.869539
2026-02-20,21:32:20,2026-02-20T21:32:20+01:00,STATION,"Aiguelongue",3,4,8,0.5,43.626163,3.882492
2026-02-20,21:32:20,2026-02-20T21:32:20+01:00,STATION,"Jeu de Mail des Abbés",4,4,8,0.5,43.619701,3.883831
2026-02-20,21:32:20,2026-02-20T21:32:20+01:00,STATION,"Euromédecine",2,6,8,0.25,43.639119,3.828199
2026-02-20,21:32:20,2026-02-20T21:32:20+01:00,STATION,"Marie Caizergues",3,5,8,0.375,43.619871,3.873812
2026-02-20,21:32:20,2026-02-20T21:32:20+01:00,STATION,"Sabines",2,6,8,0.25,43.584211,3.860031
2026-02-20,21:32:20,2026-02-20T21:32:20+01:00,STATION,"Celleneuve",4,4,8,0.5,43.61467,3.832624
2026-02-20,21:32:20,2026-02-20T21:32:20+01:00,STATION,"Jardin de la Lironde",6,2,8,0.75,43.60585,3.911576
2026-02-20,21:32:20,2026-02-20T21:32:20+01:00,STATION,"Père Soulas",7,1,8,0.875,43.621983,3.855603
2026-02-20,21:32:20,2026-02-20T21:32:20+01:00,STATION,"Place Viala",2,6,8,0.25,43.616812,3.855075
2026-02-20,21:32:20,2026-02-20T21:32:20+01:00,STATION,"Hôtel du Département",2,6,8,0.25,43.621682,3.83477
2026-02-20,21:32:20,2026-02-20T21:32:20+01:00,STATION,"Tonnelles",4,4,8,0.5,43.615155,3.839466
2026-02-20,21:32:20,2026-02-20T21:32:20+01:00,STATION,"Parvis Jules Ferry - Gare Saint-Roch",4,4,8,0.5,43.603889,3.879362
2026-02-20,21:32:20,2026-02-20T21:32:20+01:00,STATION,"Pont de Lattes - Gare Saint-Roch",4,8,12,0.3333333333333333,43.606036,3.882393
2026-02-20,21:32:20,2026-02-20T21:32:20+01:00,STATION,"Deux Ponts - Gare Saint-Roch",0,8,8,0.0,43.604319,3.880916
2026-02-20,21:32:20,2026-02-20T21:32:20+01:00,STATION,"Providence - Ovalie",6,2,8,0.75,43.588239,3.853421
2026-02-20,21:32:20,2026-02-20T21:32:20+01:00,STATION,"Pérols Etang de l Or",47,21,68,0.6911764705882353,43.558351,3.963412
2026-02-20,21:32:20,2026-02-20T21:32:20+01:00,STATION,"Albert 1er - Cathédrale",4,8,12,0.3333333333333333,43.614005,3.873218
2026-02-20,21:32:20,2026-02-20T21:32:20+01:00,STATION,"Saint-Guilhem - Courreau",3,5,8,0.375,43.608996,3.872752
2026-02-20,21:32:20,2026-02-20T21:32:20+01:00,STATION,"Sud De France",4,4,8,0.5,43.59562,3.9235
2026-02-20,21:32:20,2026-02-20T21:32:20+01:00,STATION,"Comedie Baudin",0,8,8,0.0,43.608717,3.880787
2026-02-20,21:32:20,2026-02-20T21:32:20+01:00,STATION,"Jean de Beins",1,15,16,0.0625,43.609857,3.883884
2026-02-20,22:25:29,2026-02-20T22:25:29+01:00,STATION,"Rue Jules Ferry - Gare Saint-Roch",3,9,12,0.25,43.605366,3.881346
2026-02-20,22:25:29,2026-02-20T22:25:29+01:00,STATION,"Comédie",5,15,20,0.25,43.608148,3.878778
2026-02-20,22:25:29,2026-02-20T22:25:29+01:00,STATION,"Hôtel de Ville",4,11,16,0.3125,43.599088,3.894866
2026-02-20,22:25:29,2026-02-20T22:25:29+01:00,STATION,"Corum",0,12,12,0.0,43.613989,3.8816
2026-02-20,22:25:29,2026-02-20T22:25:29+01:00,STATION,"Place Albert 1er - St Charles",10,17,27,0.37037037037037035,43.616768,3.873375
2026-02-20,22:25:29,2026-02-20T22:25:29+01:00,STATION,"Foch",4,4,8,0.5,43.610989,3.873345
2026-02-20,22:25:29,2026-02-20T22:25:29+01:00,STATION,"Halles Castellane",0,12,12,0.0,43.609935,3.877208
2026-02-20,22:25:29,2026-02-20T22:25:29+01:00,STATION,"Observatoire",7,0,8,1.0,43.606301,3.87724
2026-02-20,22:25:29,2026-02-20T22:25:29+01:00,STATION,"Rondelet",2,14,16,0.125,43.603038,3.875796
2026-02-20,22:25:29,2026-02-20T22:25:29+01:00,STATION,"Plan Cabanes",3,9,12,0.25,43.608491,3.868389
2026-02-20,22:25:29,2026-02-20T22:25:29+01:00,STATION,"Boutonnet",7,5,12,0.5833333333333334,43.622629,3.868375
2026-02-20,22:25:29,2026-02-20T22:25:29+01:00,STATION,"Emile Combes",7,1,8,0.875,43.616742,3.87998
2026-02-20,22:25:29,2026-02-20T22:25:29+01:00,STATION,"Beaux-Arts",9,7,16,0.5625,43.616698,3.884981
2026-02-20,22:25:29,2026-02-20T22:25:29+01:00,STATION,"Les Aubes",6,2,8,0.75,43.618692,3.893844
2026-02-20,22:25:29,2026-02-20T22:25:29+01:00,STATION,"Antigone centre",4,8,12,0.3333333333333333,43.607942,3.890634
2026-02-20,22:25:29,2026-02-20T22:25:29+01:00,STATION,"Médiathèque Emile Zola",9,7,16,0.5625,43.608218,3.89314
2026-02-20,22:25:29,2026-02-20T22:25:29+01:00,STATION,"Nombre d Or",9,7,16,0.5625,43.607859,3.886644
2026-02-20,22:25:29,2026-02-20T22:25:29+01:00,STATION,"Louis Blanc",2,14,16,0.125,43.614642,3.877648
2026-02-20,22:25:29,2026-02-20T22:25:29+01:00,STATION,"Gambetta",8,0,8,1.0,43.607106,3.870693
2026-02-20,22:25:29,2026-02-20T22:25:29+01:00,STATION,"Port Marianne",16,0,16,1.0,43.60032,3.89851
2026-02-20,22:25:29,2026-02-20T22:25:29+01:00,STATION,"Les Arceaux",6,2,8,0.75,43.612659,3.867734
2026-02-20,22:25:29,2026-02-20T22:25:29+01:00,STATION,"Cité Mion",1,6,8,0.25,43.601143,3.884373
2026-02-20,22:25:29,2026-02-20T22:25:29+01:00,STATION,"Nouveau Saint-Roch",2,6,8,0.25,43.599817,3.875757
2026-02-20,22:25:29,2026-02-20T22:25:29+01:00,STATION,"Renouvier",0,7,8,0.125,43.603553,3.867884
2026-02-20,22:25:29,2026-02-20T22:25:29+01:00,STATION,"Odysseum",0,8,8,0.0,43.603727,3.918979
2026-02-20,22:25:29,2026-02-20T22:25:29+01:00,STATION,"Saint-Denis",0,8,8,0.0,43.605021,3.875065
2026-02-20,22:25:29,2026-02-20T22:25:29+01:00,STATION,"Richter",5,11,16,0.3125,43.603424,3.899263
2026-02-20,22:25:29,2026-02-20T22:25:29+01:00,STATION,"Charles Flahault",5,3,8,0.625,43.622038,3.86672
2026-02-20,22:25:29,2026-02-20T22:25:29+01:00,STATION,"Voltaire",4,4,8,0.5,43.603767,3.888659
2026-02-20,22:25:29,2026-02-20T22:25:29+01:00,STATION,"Prés d Arènes",6,2,8,0.75,43.59048,3.884611
2026-02-20,22:25:29,2026-02-20T22:25:29+01:00,STATION,"Garcia Lorca",7,1,8,0.875,43.590757,3.890616
2026-02-20,22:25:29,2026-02-20T22:25:29+01:00,STATION,"Vert Bois",3,13,16,0.1875,43.63543,3.871179
2026-02-20,22:25:29,2026-02-20T22:25:29+01:00,STATION,"Malbosc",3,5,8,0.375,43.633679,3.832861
2026-02-20,22:25:29,2026-02-20T22:25:29+01:00,STATION,"Occitanie",14,18,32,0.4375,43.635689,3.849597
2026-02-20,22:25:29,2026-02-20T22:25:29+01:00,STATION,"FacdesSciences",14,10,24,0.5833333333333334,43.631318,3.861299
2026-02-20,22:25:29,2026-02-20T22:25:29+01:00,STATION,"Fac de Lettres",4,8,12,0.3333333333333333,43.630437,3.869539
2026-02-20,22:25:29,2026-02-20T22:25:29+01:00,STATION,"Aiguelongue",3,4,8,0.5,43.626163,3.882492
2026-02-20,22:25:29,2026-02-20T22:25:29+01:00,STATION,"Jeu de Mail des Abbés",6,2,8,0.75,43.619701,3.883831
2026-02-20,22:25:29,2026-02-20T22:25:29+01:00,STATION,"Euromédecine",2,6,8,0.25,43.639119,3.828199
2026-02-20,22:25:29,2026-02-20T22:25:29+01:00,STATION,"Marie Caizergues",3,5,8,0.375,43.619871,3.873812
2026-02-20,22:25:29,2026-02-20T22:25:29+01:00,STATION,"Sabines",2,6,8,0.25,43.584211,3.860031
2026-02-20,22:25:29,2026-02-20T22:25:29+01:00,STATION,"Celleneuve",4,4,8,0.5,43.61467,3.832624
2026-02-20,22:25:29,2026-02-20T22:25:29+01:00,STATION,"Jardin de la Lironde",6,2,8,0.75,43.60585,3.911576
2026-02-20,22:25:29,2026-02-20T22:25:29+01:00,STATION,"Père Soulas",7,1,8,0.875,43.621983,3.855603
2026-02-20,22:25:29,2026-02-20T22:25:29+01:00,STATION,"Place Viala",2,6,8,0.25,43.616812,3.855075
2026-02-20,22:25:29,2026-02-20T22:25:29+01:00,STATION,"Hôtel du Département",2,6,8,0.25,43.621682,3.83477
2026-02-20,22:25:29,2026-02-20T22:25:29+01:00,STATION,"Tonnelles",4,4,8,0.5,43.615155,3.839466
2026-02-20,22:25:29,2026-02-20T22:25:29+01:00,STATION,"Parvis Jules Ferry - Gare Saint-Roch",4,4,8,0.5,43.603889,3.879362
2026-02-20,22:25:29,2026-02-20T22:25:29+01:00,STATION,"Pont de Lattes - Gare Saint-Roch",4,8,12,0.3333333333333333,43.606036,3.882393
2026-02-20,22:25:29,2026-02-20T22:25:29+01:00,STATION,"Deux Ponts - Gare Saint-Roch",0,8,8,0.0,43.604319,3.880916
2026-02-20,22:25:29,2026-02-20T22:25:29+01:00,STATION,"Providence - Ovalie",6,2,8,0.75,43.588239,3.853421
2026-02-20,22:25:29,2026-02-20T22:25:29+01:00,STATION,"Pérols Etang de l Or",47,21,68,0.6911764705882353,43.558351,3.963412
2026-02-20,22:25:29,2026-02-20T22:25:29+01:00,STATION,"Albert 1er - Cathédrale",4,8,12,0.3333333333333333,43.614005,3.873218
2026-02-20,22:25:29,2026-02-20T22:25:29+01:00,STATION,"Saint-Guilhem - Courreau",4,4,8,0.5,43.608996,3.872752
2026-02-20,22:25:29,2026-02-20T22:25:29+01:00,STATION,"Sud De France",4,4,8,0.5,43.59562,3.9235
2026-02-20,22:25:29,2026-02-20T22:25:29+01:00,STATION,"Comedie Baudin",0,8,8,0.0,43.608717,3.880787
2026-02-20,22:25:29,2026-02-20T22:25:29+01:00,STATION,"Jean de Beins",1,15,16,0.0625,43.609857,3.883884
