date,heure,timestamp,type,nom,velos_dispo,bornes_libres,total,taux_occupation_places,lat,lon
2026-01-31,00:25:39,2026-01-31T00:25:39+01:00,STATION,"Rue Jules Ferry - Gare Saint-Roch",3,9,12,0.25,43.605366,3.881346
2026-01-31,00:25:39,2026-01-31T00:25:39+01:00,STATION,"Comédie",11,9,20,0.55,43.608148,3.878778
2026-01-31,00:25:39,2026-01-31T00:25:39+01:00,STATION,"Hôtel de Ville",9,6,16,0.625,43.599088,3.894866
2026-01-31,00:25:39,2026-01-31T00:25:39+01:00,STATION,"Corum",11,1,12,0.9166666666666666,43.613989,3.8816
2026-01-31,00:25:39,2026-01-31T00:25:39+01:00,STATION,"Place Albert 1er - St Charles",6,21,27,0.2222222222222222,43.616768,3.873375
2026-01-31,00:25:39,2026-01-31T00:25:39+01:00,STATION,"Foch",1,3,8,0.625,43.610989,3.873345
2026-01-31,00:25:39,2026-01-31T00:25:39+01:00,STATION,"Halles Castellane",0,12,12,0.0,43.609935,3.877208
2026-01-31,00:25:39,2026-01-31T00:25:39+01:00,STATION,"Observatoire",2,4,8,0.5,43.606301,3.87724
2026-01-31,00:25:39,2026-01-31T00:25:39+01:00,STATION,"Rondelet",5,11,16,0.3125,43.603038,3.875796
2026-01-31,00:25:39,2026-01-31T00:25:39+01:00,STATION,"Plan Cabanes",4,8,12,0.3333333333333333,43.608491,3.868389
2026-01-31,00:25:39,2026-01-31T00:25:39+01:00,STATION,"Boutonnet",6,6,12,0.5,43.622629,3.868375
2026-01-31,00:25:39,2026-01-31T00:25:39+01:00,STATION,"Emile Combes",5,3,8,0.625,43.616742,3.87998
2026-01-31,00:25:39,2026-01-31T00:25:39+01:00,STATION,"Beaux-Arts",5,11,16,0.3125,43.616698,3.884981
2026-01-31,00:25:39,2026-01-31T00:25:39+01:00,STATION,"Les Aubes",4,4,8,0.5,43.618692,3.893844
2026-01-31,00:25:39,2026-01-31T00:25:39+01:00,STATION,"Antigone centre",7,5,12,0.5833333333333334,43.607942,3.890634
2026-01-31,00:25:39,2026-01-31T00:25:39+01:00,STATION,"Médiathèque Emile Zola",14,2,16,0.875,43.608218,3.89314
2026-01-31,00:25:39,2026-01-31T00:25:39+01:00,STATION,"Nombre d Or",3,13,16,0.1875,43.607859,3.886644
2026-01-31,00:25:39,2026-01-31T00:25:39+01:00,STATION,"Louis Blanc",14,2,16,0.875,43.614642,3.877648
2026-01-31,00:25:39,2026-01-31T00:25:39+01:00,STATION,"Gambetta",1,7,8,0.125,43.607106,3.870693
2026-01-31,00:25:39,2026-01-31T00:25:39+01:00,STATION,"Port Marianne",5,11,16,0.3125,43.60032,3.89851
2026-01-31,00:25:39,2026-01-31T00:25:39+01:00,STATION,"Les Arceaux",1,7,8,0.125,43.612659,3.867734
2026-01-31,00:25:39,2026-01-31T00:25:39+01:00,STATION,"Cité Mion",3,4,8,0.5,43.601143,3.884373
2026-01-31,00:25:39,2026-01-31T00:25:39+01:00,STATION,"Nouveau Saint-Roch",3,5,8,0.375,43.599817,3.875757
2026-01-31,00:25:39,2026-01-31T00:25:39+01:00,STATION,"Renouvier",5,2,8,0.75,43.603553,3.867884
2026-01-31,00:25:39,2026-01-31T00:25:39+01:00,STATION,"Odysseum",0,8,8,0.0,43.603727,3.918979
2026-01-31,00:25:39,2026-01-31T00:25:39+01:00,STATION,"Saint-Denis",0,8,8,0.0,43.605021,3.875065
2026-01-31,00:25:39,2026-01-31T00:25:39+01:00,STATION,"Richter",14,2,16,0.875,43.603424,3.899263
2026-01-31,00:25:39,2026-01-31T00:25:39+01:00,STATION,"Charles Flahault",4,4,8,0.5,43.622038,3.86672
2026-01-31,00:25:39,2026-01-31T00:25:39+01:00,STATION,"Voltaire",1,7,8,0.125,43.603767,3.888659
2026-01-31,00:25:39,2026-01-31T00:25:39+01:00,STATION,"Prés d Arènes",5,3,8,0.625,43.59048,3.884611
2026-01-31,00:25:39,2026-01-31T00:25:39+01:00,STATION,"Garcia Lorca",7,1,8,0.875,43.590757,3.890616
2026-01-31,00:25:39,2026-01-31T00:25:39+01:00,STATION,"Vert Bois",1,15,16,0.0625,43.63543,3.871179
2026-01-31,00:25:39,2026-01-31T00:25:39+01:00,STATION,"Malbosc",2,6,8,0.25,43.633679,3.832861
2026-01-31,00:25:39,2026-01-31T00:25:39+01:00,STATION,"Occitanie",7,25,32,0.21875,43.635689,3.849597
2026-01-31,00:25:39,2026-01-31T00:25:39+01:00,STATION,"FacdesSciences",9,15,24,0.375,43.631318,3.861299
2026-01-31,00:25:39,2026-01-31T00:25:39+01:00,STATION,"Fac de Lettres",0,12,12,0.0,43.630437,3.869539
2026-01-31,00:25:39,2026-01-31T00:25:39+01:00,STATION,"Aiguelongue",4,3,8,0.625,43.626163,3.882492
2026-01-31,00:25:39,2026-01-31T00:25:39+01:00,STATION,"Jeu de Mail des Abbés",2,6,8,0.25,43.619701,3.883831
2026-01-31,00:25:39,2026-01-31T00:25:39+01:00,STATION,"Euromédecine",2,6,8,0.25,43.639119,3.828199
2026-01-31,00:25:39,2026-01-31T00:25:39+01:00,STATION,"Marie Caizergues",6,2,8,0.75,43.619871,3.873812
2026-01-31,00:25:39,2026-01-31T00:25:39+01:00,STATION,"Sabines",2,6,8,0.25,43.584211,3.860031
2026-01-31,00:25:39,2026-01-31T00:25:39+01:00,STATION,"Celleneuve",5,3,8,0.625,43.61467,3.832624
2026-01-31,00:25:39,2026-01-31T00:25:39+01:00,STATION,"Jardin de la Lironde",5,3,8,0.625,43.60585,3.911576
2026-01-31,00:25:39,2026-01-31T00:25:39+01:00,STATION,"Père Soulas",7,1,8,0.875,43.621983,3.855603
2026-01-31,00:25:39,2026-01-31T00:25:39+01:00,STATION,"Place Viala",2,5,8,0.375,43.616812,3.855075
2026-01-31,00:25:39,2026-01-31T00:25:39+01:00,STATION,"Hôtel du Département",2,6,8,0.25,43.621682,3.83477
2026-01-31,00:25:39,2026-01-31T00:25:39+01:00,STATION,"Tonnelles",0,8,8,0.0,43.615155,3.839466
2026-01-31,00:25:39,2026-01-31T00:25:39+01:00,STATION,"Parvis Jules Ferry - Gare Saint-Roch",2,6,8,0.25,43.603889,3.879362
2026-01-31,00:25:39,2026-01-31T00:25:39+01:00,STATION,"Pont de Lattes - Gare Saint-Roch",3,9,12,0.25,43.606036,3.882393
2026-01-31,00:25:39,2026-01-31T00:25:39+01:00,STATION,"Deux Ponts - Gare Saint-Roch",0,8,8,0.0,43.604319,3.880916
2026-01-31,00:25:39,2026-01-31T00:25:39+01:00,STATION,"Providence - Ovalie",1,7,8,0.125,43.588239,3.853421
2026-01-31,00:25:39,2026-01-31T00:25:39+01:00,STATION,"Pérols Etang de l Or",40,28,68,0.5882352941176471,43.558351,3.963412
2026-01-31,00:25:39,2026-01-31T00:25:39+01:00,STATION,"Albert 1er - Cathédrale",4,7,12,0.4166666666666667,43.614005,3.873218
2026-01-31,00:25:39,2026-01-31T00:25:39+01:00,STATION,"Saint-Guilhem - Courreau",4,4,8,0.5,43.608996,3.872752
2026-01-31,00:25:39,2026-01-31T00:25:39+01:00,STATION,"Sud De France",5,1,8,0.875,43.59562,3.9235
2026-01-31,00:25:39,2026-01-31T00:25:39+01:00,STATION,"Comedie Baudin",0,8,8,0.0,43.608717,3.880787
2026-01-31,00:25:39,2026-01-31T00:25:39+01:00,STATION,"Jean de Beins",5,11,16,0.3125,43.609857,3.883884
2026-01-31,00:49:23,2026-01-31T00:49:23+01:00,STATION,"Rue Jules Ferry - Gare Saint-Roch",3,9,12,0.25,43.605366,3.881346
2026-01-31,00:49:23,2026-01-31T00:49:23+01:00,STATION,"Comédie",9,11,20,0.45,43.608148,3.878778
2026-01-31,00:49:23,2026-01-31T00:49:23+01:00,STATION,"Hôtel de Ville",9,6,16,0.625,43.599088,3.894866
2026-01-31,00:49:23,2026-01-31T00:49:23+01:00,STATION,"Corum",11,1,12,0.9166666666666666,43.613989,3.8816
2026-01-31,00:49:23,2026-01-31T00:49:23+01:00,STATION,"Place Albert 1er - St Charles",6,21,27,0.2222222222222222,43.616768,3.873375
2026-01-31,00:49:23,2026-01-31T00:49:23+01:00,STATION,"Foch",1,3,8,0.625,43.610989,3.873345
2026-01-31,00:49:23,2026-01-31T00:49:23+01:00,STATION,"Halles Castellane",0,12,12,0.0,43.609935,3.877208
2026-01-31,00:49:23,2026-01-31T00:49:23+01:00,STATION,"Observatoire",2,4,8,0.5,43.606301,3.87724
2026-01-31,00:49:23,2026-01-31T00:49:23+01:00,STATION,"Rondelet",5,11,16,0.3125,43.603038,3.875796
2026-01-31,00:49:23,2026-01-31T00:49:23+01:00,STATION,"Plan Cabanes",3,9,12,0.25,43.608491,3.868389
2026-01-31,00:49:23,2026-01-31T00:49:23+01:00,STATION,"Boutonnet",6,6,12,0.5,43.622629,3.868375
2026-01-31,00:49:23,2026-01-31T00:49:23+01:00,STATION,"Emile Combes",5,3,8,0.625,43.616742,3.87998
2026-01-31,00:49:23,2026-01-31T00:49:23+01:00,STATION,"Beaux-Arts",5,11,16,0.3125,43.616698,3.884981
2026-01-31,00:49:23,2026-01-31T00:49:23+01:00,STATION,"Les Aubes",4,4,8,0.5,43.618692,3.893844
2026-01-31,00:49:23,2026-01-31T00:49:23+01:00,STATION,"Antigone centre",7,5,12,0.5833333333333334,43.607942,3.890634
2026-01-31,00:49:23,2026-01-31T00:49:23+01:00,STATION,"Médiathèque Emile Zola",14,2,16,0.875,43.608218,3.89314
2026-01-31,00:49:23,2026-01-31T00:49:23+01:00,STATION,"Nombre d Or",3,13,16,0.1875,43.607859,3.886644
2026-01-31,00:49:23,2026-01-31T00:49:23+01:00,STATION,"Louis Blanc",15,1,16,0.9375,43.614642,3.877648
2026-01-31,00:49:23,2026-01-31T00:49:23+01:00,STATION,"Gambetta",1,7,8,0.125,43.607106,3.870693
2026-01-31,00:49:23,2026-01-31T00:49:23+01:00,STATION,"Port Marianne",5,11,16,0.3125,43.60032,3.89851
2026-01-31,00:49:23,2026-01-31T00:49:23+01:00,STATION,"Les Arceaux",1,7,8,0.125,43.612659,3.867734
2026-01-31,00:49:23,2026-01-31T00:49:23+01:00,STATION,"Cité Mion",3,4,8,0.5,43.601143,3.884373
2026-01-31,00:49:23,2026-01-31T00:49:23+01:00,STATION,"Nouveau Saint-Roch",3,5,8,0.375,43.599817,3.875757
2026-01-31,00:49:23,2026-01-31T00:49:23+01:00,STATION,"Renouvier",5,2,8,0.75,43.603553,3.867884
2026-01-31,00:49:23,2026-01-31T00:49:23+01:00,STATION,"Odysseum",0,8,8,0.0,43.603727,3.918979
2026-01-31,00:49:23,2026-01-31T00:49:23+01:00,STATION,"Saint-Denis",0,8,8,0.0,43.605021,3.875065
2026-01-31,00:49:23,2026-01-31T00:49:23+01:00,STATION,"Richter",15,1,16,0.9375,43.603424,3.899263
2026-01-31,00:49:23,2026-01-31T00:49:23+01:00,STATION,"Charles Flahault",4,4,8,0.5,43.622038,3.86672
2026-01-31,00:49:23,2026-01-31T00:49:23+01:00,STATION,"Voltaire",1,7,8,0.125,43.603767,3.888659
2026-01-31,00:49:23,2026-01-31T00:49:23+01:00,STATION,"Prés d Arènes",5,3,8,0.625,43.59048,3.884611
2026-01-31,00:49:23,2026-01-31T00:49:23+01:00,STATION,"Garcia Lorca",7,1,8,0.875,43.590757,3.890616
2026-01-31,00:49:23,2026-01-31T00:49:23+01:00,STATION,"Vert Bois",1,15,16,0.0625,43.63543,3.871179
2026-01-31,00:49:23,2026-01-31T00:49:23+01:00,STATION,"Malbosc",2,6,8,0.25,43.633679,3.832861
2026-01-31,00:49:23,2026-01-31T00:49:23+01:00,STATION,"Occitanie",7,25,32,0.21875,43.635689,3.849597
2026-01-31,00:49:23,2026-01-31T00:49:23+01:00,STATION,"FacdesSciences",9,15,24,0.375,43.631318,3.861299
2026-01-31,00:49:23,2026-01-31T00:49:23+01:00,STATION,"Fac de Lettres",0,12,12,0.0,43.630437,3.869539
2026-01-31,00:49:23,2026-01-31T00:49:23+01:00,STATION,"Aiguelongue",4,3,8,0.625,43.626163,3.882492
2026-01-31,00:49:23,2026-01-31T00:49:23+01:00,STATION,"Jeu de Mail des Abbés",2,6,8,0.25,43.619701,3.883831
2026-01-31,00:49:23,2026-01-31T00:49:23+01:00,STATION,"Euromédecine",2,6,8,0.25,43.639119,3.828199
2026-01-31,00:49:23,2026-01-31T00:49:23+01:00,STATION,"Marie Caizergues",6,2,8,0.75,43.619871,3.873812
2026-01-31,00:49:23,2026-01-31T00:49:23+01:00,STATION,"Sabines",3,5,8,0.375,43.584211,3.860031
2026-01-31,00:49:23,2026-01-31T00:49:23+01:00,STATION,"Celleneuve",5,3,8,0.625,43.61467,3.832624
2026-01-31,00:49:23,2026-01-31T00:49:23+01:00,STATION,"Jardin de la Lironde",5,3,8,0.625,43.60585,3.911576
2026-01-31,00:49:23,2026-01-31T00:49:23+01:00,STATION,"Père Soulas",7,1,8,0.875,43.621983,3.855603
2026-01-31,00:49:23,2026-01-31T00:49:23+01:00,STATION,"Place Viala",5,2,8,0.75,43.616812,3.855075
2026-01-31,00:49:23,2026-01-31T00:49:23+01:00,STATION,"Hôtel du Département",2,6,8,0.25,43.621682,3.83477
2026-01-31,00:49:23,2026-01-31T00:49:23+01:00,STATION,"Tonnelles",0,8,8,0.0,43.615155,3.839466
2026-01-31,00:49:23,2026-01-31T00:49:23+01:00,STATION,"Parvis Jules Ferry - Gare Saint-Roch",2,6,8,0.25,43.603889,3.879362
2026-01-31,00:49:23,2026-01-31T00:49:23+01:00,STATION,"Pont de Lattes - Gare Saint-Roch",3,9,12,0.25,43.606036,3.882393
2026-01-31,00:49:23,2026-01-31T00:49:23+01:00,STATION,"Deux Ponts - Gare Saint-Roch",0,8,8,0.0,43.604319,3.880916
2026-01-31,00:49:23,2026-01-31T00:49:23+01:00,STATION,"Providence - Ovalie",1,7,8,0.125,43.588239,3.853421
2026-01-31,00:49:23,2026-01-31T00:49:23+01:00,STATION,"Pérols Etang de l Or",40,28,68,0.5882352941176471,43.558351,3.963412
2026-01-31,00:49:23,2026-01-31T00:49:23+01:00,STATION,"Albert 1er - Cathédrale",3,8,12,0.3333333333333333,43.614005,3.873218
2026-01-31,00:49:23,2026-01-31T00:49:23+01:00,STATION,"Saint-Guilhem - Courreau",4,4,8,0.5,43.608996,3.872752
2026-01-31,00:49:23,2026-01-31T00:49:23+01:00,STATION,"Sud De France",5,1,8,0.875,43.59562,3.9235
2026-01-31,00:49:23,2026-01-31T00:49:23+01:00,STATION,"Comedie Baudin",0,8,8,0.0,43.608717,3.880787
2026-01-31,00:49:23,2026-01-31T00:49:23+01:00,STATION,"Jean de Beins",5,11,16,0.3125,43.609857,3.883884
2026-01-31,02:56:19,2026-01-31T02:56:19+01:00,STATION,"Rue Jules Ferry - Gare Saint-Roch",3,9,12,0.25,43.605366,3.881346
2026-01-31,02:56:19,2026-01-31T02:56:19+01:00,STATION,"Comédie",7,13,20,0.35,43.608148,3.878778
2026-01-31,02:56:19,2026-01-31T02:56:19+01:00,STATION,"Hôtel de Ville",9,6,16,0.625,43.599088,3.894866
2026-01-31,02:56:19,2026-01-31T02:56:19+01:00,STATION,"Corum",11,1,12,0.9166666666666666,43.613989,3.8816
2026-01-31,02:56:19,2026-01-31T02:56:19+01:00,STATION,"Place Albert 1er - St Charles",7,20,27,0.25925925925925924,43.616768,3.873375
2026-01-31,02:56:19,2026-01-31T02:56:19+01:00,STATION,"Foch",1,3,8,0.625,43.610989,3.873345
2026-01-31,02:56:19,2026-01-31T02:56:19+01:00,STATION,"Halles Castellane",0,12,12,0.0,43.609935,3.877208
2026-01-31,02:56:19,2026-01-31T02:56:19+01:00,STATION,"Observatoire",0,6,8,0.25,43.606301,3.87724
2026-01-31,02:56:19,2026-01-31T02:56:19+01:00,STATION,"Rondelet",5,11,16,0.3125,43.603038,3.875796
2026-01-31,02:56:19,2026-01-31T02:56:19+01:00,STATION,"Plan Cabanes",3,9,12,0.25,43.608491,3.868389
2026-01-31,02:56:19,2026-01-31T02:56:19+01:00,STATION,"Boutonnet",6,6,12,0.5,43.622629,3.868375
2026-01-31,02:56:19,2026-01-31T02:56:19+01:00,STATION,"Emile Combes",5,3,8,0.625,43.616742,3.87998
2026-01-31,02:56:19,2026-01-31T02:56:19+01:00,STATION,"Beaux-Arts",4,12,16,0.25,43.616698,3.884981
2026-01-31,02:56:19,2026-01-31T02:56:19+01:00,STATION,"Les Aubes",4,4,8,0.5,43.618692,3.893844
2026-01-31,02:56:19,2026-01-31T02:56:19+01:00,STATION,"Antigone centre",7,5,12,0.5833333333333334,43.607942,3.890634
2026-01-31,02:56:19,2026-01-31T02:56:19+01:00,STATION,"Médiathèque Emile Zola",13,3,16,0.8125,43.608218,3.89314
2026-01-31,02:56:19,2026-01-31T02:56:19+01:00,STATION,"Nombre d Or",3,13,16,0.1875,43.607859,3.886644
2026-01-31,02:56:19,2026-01-31T02:56:19+01:00,STATION,"Louis Blanc",15,1,16,0.9375,43.614642,3.877648
2026-01-31,02:56:19,2026-01-31T02:56:19+01:00,STATION,"Gambetta",1,7,8,0.125,43.607106,3.870693
2026-01-31,02:56:19,2026-01-31T02:56:19+01:00,STATION,"Port Marianne",5,11,16,0.3125,43.60032,3.89851
2026-01-31,02:56:19,2026-01-31T02:56:19+01:00,STATION,"Les Arceaux",1,7,8,0.125,43.612659,3.867734
2026-01-31,02:56:19,2026-01-31T02:56:19+01:00,STATION,"Cité Mion",3,4,8,0.5,43.601143,3.884373
2026-01-31,02:56:19,2026-01-31T02:56:19+01:00,STATION,"Nouveau Saint-Roch",3,5,8,0.375,43.599817,3.875757
2026-01-31,02:56:19,2026-01-31T02:56:19+01:00,STATION,"Renouvier",5,2,8,0.75,43.603553,3.867884
2026-01-31,02:56:19,2026-01-31T02:56:19+01:00,STATION,"Odysseum",0,8,8,0.0,43.603727,3.918979
2026-01-31,02:56:19,2026-01-31T02:56:19+01:00,STATION,"Saint-Denis",0,8,8,0.0,43.605021,3.875065
2026-01-31,02:56:19,2026-01-31T02:56:19+01:00,STATION,"Richter",15,1,16,0.9375,43.603424,3.899263
2026-01-31,02:56:19,2026-01-31T02:56:19+01:00,STATION,"Charles Flahault",4,4,8,0.5,43.622038,3.86672
2026-01-31,02:56:19,2026-01-31T02:56:19+01:00,STATION,"Voltaire",2,6,8,0.25,43.603767,3.888659
2026-01-31,02:56:19,2026-01-31T02:56:19+01:00,STATION,"Prés d Arènes",5,3,8,0.625,43.59048,3.884611
2026-01-31,02:56:19,2026-01-31T02:56:19+01:00,STATION,"Garcia Lorca",7,1,8,0.875,43.590757,3.890616
2026-01-31,02:56:19,2026-01-31T02:56:19+01:00,STATION,"Vert Bois",1,15,16,0.0625,43.63543,3.871179
2026-01-31,02:56:19,2026-01-31T02:56:19+01:00,STATION,"Malbosc",2,6,8,0.25,43.633679,3.832861
2026-01-31,02:56:19,2026-01-31T02:56:19+01:00,STATION,"Occitanie",7,25,32,0.21875,43.635689,3.849597
2026-01-31,02:56:19,2026-01-31T02:56:19+01:00,STATION,"FacdesSciences",11,13,24,0.4583333333333333,43.631318,3.861299
2026-01-31,02:56:19,2026-01-31T02:56:19+01:00,STATION,"Fac de Lettres",0,12,12,0.0,43.630437,3.869539
2026-01-31,02:56:19,2026-01-31T02:56:19+01:00,STATION,"Aiguelongue",5,2,8,0.75,43.626163,3.882492
2026-01-31,02:56:19,2026-01-31T02:56:19+01:00,STATION,"Jeu de Mail des Abbés",2,6,8,0.25,43.619701,3.883831
2026-01-31,02:56:19,2026-01-31T02:56:19+01:00,STATION,"Euromédecine",2,6,8,0.25,43.639119,3.828199
2026-01-31,02:56:19,2026-01-31T02:56:19+01:00,STATION,"Marie Caizergues",6,2,8,0.75,43.619871,3.873812
2026-01-31,02:56:19,2026-01-31T02:56:19+01:00,STATION,"Sabines",3,5,8,0.375,43.584211,3.860031
2026-01-31,02:56:19,2026-01-31T02:56:19+01:00,STATION,"Celleneuve",5,3,8,0.625,43.61467,3.832624
2026-01-31,02:56:19,2026-01-31T02:56:19+01:00,STATION,"Jardin de la Lironde",6,2,8,0.75,43.60585,3.911576
2026-01-31,02:56:19,2026-01-31T02:56:19+01:00,STATION,"Père Soulas",7,1,8,0.875,43.621983,3.855603
2026-01-31,02:56:19,2026-01-31T02:56:19+01:00,STATION,"Place Viala",5,2,8,0.75,43.616812,3.855075
2026-01-31,02:56:19,2026-01-31T02:56:19+01:00,STATION,"Hôtel du Département",2,6,8,0.25,43.621682,3.83477
2026-01-31,02:56:19,2026-01-31T02:56:19+01:00,STATION,"Tonnelles",0,8,8,0.0,43.615155,3.839466
2026-01-31,02:56:19,2026-01-31T02:56:19+01:00,STATION,"Parvis Jules Ferry - Gare Saint-Roch",2,6,8,0.25,43.603889,3.879362
2026-01-31,02:56:19,2026-01-31T02:56:19+01:00,STATION,"Pont de Lattes - Gare Saint-Roch",2,10,12,0.16666666666666666,43.606036,3.882393
2026-01-31,02:56:19,2026-01-31T02:56:19+01:00,STATION,"Deux Ponts - Gare Saint-Roch",0,8,8,0.0,43.604319,3.880916
2026-01-31,02:56:19,2026-01-31T02:56:19+01:00,STATION,"Providence - Ovalie",0,8,8,0.0,43.588239,3.853421
2026-01-31,02:56:19,2026-01-31T02:56:19+01:00,STATION,"Pérols Etang de l Or",40,28,68,0.5882352941176471,43.558351,3.963412
2026-01-31,02:56:19,2026-01-31T02:56:19+01:00,STATION,"Albert 1er - Cathédrale",2,9,12,0.25,43.614005,3.873218
2026-01-31,02:56:19,2026-01-31T02:56:19+01:00,STATION,"Saint-Guilhem - Courreau",3,5,8,0.375,43.608996,3.872752
2026-01-31,02:56:19,2026-01-31T02:56:19+01:00,STATION,"Sud De France",5,1,8,0.875,43.59562,3.9235
2026-01-31,02:56:19,2026-01-31T02:56:19+01:00,STATION,"Comedie Baudin",0,8,8,0.0,43.608717,3.880787
2026-01-31,02:56:19,2026-01-31T02:56:19+01:00,STATION,"Jean de Beins",5,11,16,0.3125,43.609857,3.883884
2026-01-31,05:07:19,2026-01-31T05:07:19+01:00,STATION,"Rue Jules Ferry - Gare Saint-Roch",2,10,12,0.16666666666666666,43.605366,3.881346
2026-01-31,05:07:19,2026-01-31T05:07:19+01:00,STATION,"Comédie",2,18,20,0.1,43.608148,3.878778
2026-01-31,05:07:19,2026-01-31T05:07:19+01:00,STATION,"Hôtel de Ville",9,6,16,0.625,43.599088,3.894866
2026-01-31,05:07:19,2026-01-31T05:07:19+01:00,STATION,"Corum",11,1,12,0.9166666666666666,43.613989,3.8816
2026-01-31,05:07:19,2026-01-31T05:07:19+01:00,STATION,"Place Albert 1er - St Charles",6,21,27,0.2222222222222222,43.616768,3.873375
2026-01-31,05:07:19,2026-01-31T05:07:19+01:00,STATION,"Foch",1,3,8,0.625,43.610989,3.873345
2026-01-31,05:07:19,2026-01-31T05:07:19+01:00,STATION,"Halles Castellane",0,12,12,0.0,43.609935,3.877208
2026-01-31,05:07:19,2026-01-31T05:07:19+01:00,STATION,"Observatoire",0,6,8,0.25,43.606301,3.87724
2026-01-31,05:07:19,2026-01-31T05:07:19+01:00,STATION,"Rondelet",1,15,16,0.0625,43.603038,3.875796
2026-01-31,05:07:19,2026-01-31T05:07:19+01:00,STATION,"Plan Cabanes",4,8,12,0.3333333333333333,43.608491,3.868389
2026-01-31,05:07:19,2026-01-31T05:07:19+01:00,STATION,"Boutonnet",6,6,12,0.5,43.622629,3.868375
2026-01-31,05:07:19,2026-01-31T05:07:19+01:00,STATION,"Emile Combes",5,3,8,0.625,43.616742,3.87998
2026-01-31,05:07:19,2026-01-31T05:07:19+01:00,STATION,"Beaux-Arts",1,15,16,0.0625,43.616698,3.884981
2026-01-31,05:07:19,2026-01-31T05:07:19+01:00,STATION,"Les Aubes",7,1,8,0.875,43.618692,3.893844
2026-01-31,05:07:19,2026-01-31T05:07:19+01:00,STATION,"Antigone centre",7,5,12,0.5833333333333334,43.607942,3.890634
2026-01-31,05:07:19,2026-01-31T05:07:19+01:00,STATION,"Médiathèque Emile Zola",11,5,16,0.6875,43.608218,3.89314
2026-01-31,05:07:19,2026-01-31T05:07:19+01:00,STATION,"Nombre d Or",3,13,16,0.1875,43.607859,3.886644
2026-01-31,05:07:19,2026-01-31T05:07:19+01:00,STATION,"Louis Blanc",12,4,16,0.75,43.614642,3.877648
2026-01-31,05:07:19,2026-01-31T05:07:19+01:00,STATION,"Gambetta",1,7,8,0.125,43.607106,3.870693
2026-01-31,05:07:19,2026-01-31T05:07:19+01:00,STATION,"Port Marianne",8,8,16,0.5,43.60032,3.89851
2026-01-31,05:07:19,2026-01-31T05:07:19+01:00,STATION,"Les Arceaux",1,7,8,0.125,43.612659,3.867734
2026-01-31,05:07:19,2026-01-31T05:07:19+01:00,STATION,"Cité Mion",3,4,8,0.5,43.601143,3.884373
2026-01-31,05:07:19,2026-01-31T05:07:19+01:00,STATION,"Nouveau Saint-Roch",2,6,8,0.25,43.599817,3.875757
2026-01-31,05:07:19,2026-01-31T05:07:19+01:00,STATION,"Renouvier",5,2,8,0.75,43.603553,3.867884
2026-01-31,05:07:19,2026-01-31T05:07:19+01:00,STATION,"Odysseum",0,8,8,0.0,43.603727,3.918979
2026-01-31,05:07:19,2026-01-31T05:07:19+01:00,STATION,"Saint-Denis",0,8,8,0.0,43.605021,3.875065
2026-01-31,05:07:19,2026-01-31T05:07:19+01:00,STATION,"Richter",15,1,16,0.9375,43.603424,3.899263
2026-01-31,05:07:19,2026-01-31T05:07:19+01:00,STATION,"Charles Flahault",4,4,8,0.5,43.622038,3.86672
2026-01-31,05:07:19,2026-01-31T05:07:19+01:00,STATION,"Voltaire",4,4,8,0.5,43.603767,3.888659
2026-01-31,05:07:19,2026-01-31T05:07:19+01:00,STATION,"Prés d Arènes",5,3,8,0.625,43.59048,3.884611
2026-01-31,05:07:19,2026-01-31T05:07:19+01:00,STATION,"Garcia Lorca",5,3,8,0.625,43.590757,3.890616
2026-01-31,05:07:19,2026-01-31T05:07:19+01:00,STATION,"Vert Bois",1,15,16,0.0625,43.63543,3.871179
2026-01-31,05:07:19,2026-01-31T05:07:19+01:00,STATION,"Malbosc",2,6,8,0.25,43.633679,3.832861
2026-01-31,05:07:19,2026-01-31T05:07:19+01:00,STATION,"Occitanie",14,18,32,0.4375,43.635689,3.849597
2026-01-31,05:07:19,2026-01-31T05:07:19+01:00,STATION,"FacdesSciences",13,11,24,0.5416666666666666,43.631318,3.861299
2026-01-31,05:07:19,2026-01-31T05:07:19+01:00,STATION,"Fac de Lettres",1,11,12,0.08333333333333333,43.630437,3.869539
2026-01-31,05:07:19,2026-01-31T05:07:19+01:00,STATION,"Aiguelongue",5,2,8,0.75,43.626163,3.882492
2026-01-31,05:07:19,2026-01-31T05:07:19+01:00,STATION,"Jeu de Mail des Abbés",2,6,8,0.25,43.619701,3.883831
2026-01-31,05:07:19,2026-01-31T05:07:19+01:00,STATION,"Euromédecine",4,4,8,0.5,43.639119,3.828199
2026-01-31,05:07:19,2026-01-31T05:07:19+01:00,STATION,"Marie Caizergues",6,2,8,0.75,43.619871,3.873812
2026-01-31,05:07:19,2026-01-31T05:07:19+01:00,STATION,"Sabines",3,5,8,0.375,43.584211,3.860031
2026-01-31,05:07:19,2026-01-31T05:07:19+01:00,STATION,"Celleneuve",5,3,8,0.625,43.61467,3.832624
2026-01-31,05:07:19,2026-01-31T05:07:19+01:00,STATION,"Jardin de la Lironde",6,2,8,0.75,43.60585,3.911576
2026-01-31,05:07:19,2026-01-31T05:07:19+01:00,STATION,"Père Soulas",7,1,8,0.875,43.621983,3.855603
2026-01-31,05:07:19,2026-01-31T05:07:19+01:00,STATION,"Place Viala",6,1,8,0.875,43.616812,3.855075
2026-01-31,05:07:19,2026-01-31T05:07:19+01:00,STATION,"Hôtel du Département",2,6,8,0.25,43.621682,3.83477
2026-01-31,05:07:19,2026-01-31T05:07:19+01:00,STATION,"Tonnelles",0,8,8,0.0,43.615155,3.839466
2026-01-31,05:07:19,2026-01-31T05:07:19+01:00,STATION,"Parvis Jules Ferry - Gare Saint-Roch",1,7,8,0.125,43.603889,3.879362
2026-01-31,05:07:19,2026-01-31T05:07:19+01:00,STATION,"Pont de Lattes - Gare Saint-Roch",2,10,12,0.16666666666666666,43.606036,3.882393
2026-01-31,05:07:19,2026-01-31T05:07:19+01:00,STATION,"Deux Ponts - Gare Saint-Roch",0,8,8,0.0,43.604319,3.880916
2026-01-31,05:07:19,2026-01-31T05:07:19+01:00,STATION,"Providence - Ovalie",0,8,8,0.0,43.588239,3.853421
2026-01-31,05:07:19,2026-01-31T05:07:19+01:00,STATION,"Pérols Etang de l Or",40,28,68,0.5882352941176471,43.558351,3.963412
2026-01-31,05:07:19,2026-01-31T05:07:19+01:00,STATION,"Albert 1er - Cathédrale",2,9,12,0.25,43.614005,3.873218
2026-01-31,05:07:19,2026-01-31T05:07:19+01:00,STATION,"Saint-Guilhem - Courreau",1,7,8,0.125,43.608996,3.872752
2026-01-31,05:07:19,2026-01-31T05:07:19+01:00,STATION,"Sud De France",5,1,8,0.875,43.59562,3.9235
2026-01-31,05:07:19,2026-01-31T05:07:19+01:00,STATION,"Comedie Baudin",0,8,8,0.0,43.608717,3.880787
2026-01-31,05:07:19,2026-01-31T05:07:19+01:00,STATION,"Jean de Beins",5,11,16,0.3125,43.609857,3.883884
2026-01-31,06:14:34,2026-01-31T06:14:34+01:00,STATION,"Rue Jules Ferry - Gare Saint-Roch",2,10,12,0.16666666666666666,43.605366,3.881346
2026-01-31,06:14:34,2026-01-31T06:14:34+01:00,STATION,"Comédie",2,18,20,0.1,43.608148,3.878778
2026-01-31,06:14:34,2026-01-31T06:14:34+01:00,STATION,"Hôtel de Ville",9,6,16,0.625,43.599088,3.894866
2026-01-31,06:14:34,2026-01-31T06:14:34+01:00,STATION,"Corum",11,1,12,0.9166666666666666,43.613989,3.8816
2026-01-31,06:14:34,2026-01-31T06:14:34+01:00,STATION,"Place Albert 1er - St Charles",6,21,27,0.2222222222222222,43.616768,3.873375
2026-01-31,06:14:34,2026-01-31T06:14:34+01:00,STATION,"Foch",1,3,8,0.625,43.610989,3.873345
2026-01-31,06:14:34,2026-01-31T06:14:34+01:00,STATION,"Halles Castellane",0,12,12,0.0,43.609935,3.877208
2026-01-31,06:14:34,2026-01-31T06:14:34+01:00,STATION,"Observatoire",0,6,8,0.25,43.606301,3.87724
2026-01-31,06:14:34,2026-01-31T06:14:34+01:00,STATION,"Rondelet",1,15,16,0.0625,43.603038,3.875796
2026-01-31,06:14:34,2026-01-31T06:14:34+01:00,STATION,"Plan Cabanes",4,8,12,0.3333333333333333,43.608491,3.868389
2026-01-31,06:14:34,2026-01-31T06:14:34+01:00,STATION,"Boutonnet",8,4,12,0.6666666666666666,43.622629,3.868375
2026-01-31,06:14:34,2026-01-31T06:14:34+01:00,STATION,"Emile Combes",5,3,8,0.625,43.616742,3.87998
2026-01-31,06:14:34,2026-01-31T06:14:34+01:00,STATION,"Beaux-Arts",1,15,16,0.0625,43.616698,3.884981
2026-01-31,06:14:34,2026-01-31T06:14:34+01:00,STATION,"Les Aubes",7,1,8,0.875,43.618692,3.893844
2026-01-31,06:14:34,2026-01-31T06:14:34+01:00,STATION,"Antigone centre",7,5,12,0.5833333333333334,43.607942,3.890634
2026-01-31,06:14:34,2026-01-31T06:14:34+01:00,STATION,"Médiathèque Emile Zola",11,5,16,0.6875,43.608218,3.89314
2026-01-31,06:14:34,2026-01-31T06:14:34+01:00,STATION,"Nombre d Or",3,13,16,0.1875,43.607859,3.886644
2026-01-31,06:14:34,2026-01-31T06:14:34+01:00,STATION,"Louis Blanc",12,4,16,0.75,43.614642,3.877648
2026-01-31,06:14:34,2026-01-31T06:14:34+01:00,STATION,"Gambetta",1,7,8,0.125,43.607106,3.870693
2026-01-31,06:14:34,2026-01-31T06:14:34+01:00,STATION,"Port Marianne",8,8,16,0.5,43.60032,3.89851
2026-01-31,06:14:34,2026-01-31T06:14:34+01:00,STATION,"Les Arceaux",4,4,8,0.5,43.612659,3.867734
2026-01-31,06:14:34,2026-01-31T06:14:34+01:00,STATION,"Cité Mion",3,4,8,0.5,43.601143,3.884373
2026-01-31,06:14:34,2026-01-31T06:14:34+01:00,STATION,"Nouveau Saint-Roch",2,6,8,0.25,43.599817,3.875757
2026-01-31,06:14:34,2026-01-31T06:14:34+01:00,STATION,"Renouvier",5,2,8,0.75,43.603553,3.867884
2026-01-31,06:14:34,2026-01-31T06:14:34+01:00,STATION,"Odysseum",0,8,8,0.0,43.603727,3.918979
2026-01-31,06:14:34,2026-01-31T06:14:34+01:00,STATION,"Saint-Denis",0,8,8,0.0,43.605021,3.875065
2026-01-31,06:14:34,2026-01-31T06:14:34+01:00,STATION,"Richter",15,1,16,0.9375,43.603424,3.899263
2026-01-31,06:14:34,2026-01-31T06:14:34+01:00,STATION,"Charles Flahault",4,4,8,0.5,43.622038,3.86672
2026-01-31,06:14:34,2026-01-31T06:14:34+01:00,STATION,"Voltaire",4,4,8,0.5,43.603767,3.888659
2026-01-31,06:14:34,2026-01-31T06:14:34+01:00,STATION,"Prés d Arènes",5,3,8,0.625,43.59048,3.884611
2026-01-31,06:14:34,2026-01-31T06:14:34+01:00,STATION,"Garcia Lorca",5,3,8,0.625,43.590757,3.890616
2026-01-31,06:14:34,2026-01-31T06:14:34+01:00,STATION,"Vert Bois",1,15,16,0.0625,43.63543,3.871179
2026-01-31,06:14:34,2026-01-31T06:14:34+01:00,STATION,"Malbosc",2,6,8,0.25,43.633679,3.832861
2026-01-31,06:14:34,2026-01-31T06:14:34+01:00,STATION,"Occitanie",14,18,32,0.4375,43.635689,3.849597
2026-01-31,06:14:34,2026-01-31T06:14:34+01:00,STATION,"FacdesSciences",15,9,24,0.625,43.631318,3.861299
2026-01-31,06:14:34,2026-01-31T06:14:34+01:00,STATION,"Fac de Lettres",1,11,12,0.08333333333333333,43.630437,3.869539
2026-01-31,06:14:34,2026-01-31T06:14:34+01:00,STATION,"Aiguelongue",5,2,8,0.75,43.626163,3.882492
2026-01-31,06:14:34,2026-01-31T06:14:34+01:00,STATION,"Jeu de Mail des Abbés",2,6,8,0.25,43.619701,3.883831
2026-01-31,06:14:34,2026-01-31T06:14:34+01:00,STATION,"Euromédecine",4,4,8,0.5,43.639119,3.828199
2026-01-31,06:14:34,2026-01-31T06:14:34+01:00,STATION,"Marie Caizergues",6,2,8,0.75,43.619871,3.873812
2026-01-31,06:14:34,2026-01-31T06:14:34+01:00,STATION,"Sabines",3,5,8,0.375,43.584211,3.860031
2026-01-31,06:14:34,2026-01-31T06:14:34+01:00,STATION,"Celleneuve",5,3,8,0.625,43.61467,3.832624
2026-01-31,06:14:34,2026-01-31T06:14:34+01:00,STATION,"Jardin de la Lironde",7,1,8,0.875,43.60585,3.911576
2026-01-31,06:14:34,2026-01-31T06:14:34+01:00,STATION,"Père Soulas",7,1,8,0.875,43.621983,3.855603
2026-01-31,06:14:34,2026-01-31T06:14:34+01:00,STATION,"Place Viala",6,1,8,0.875,43.616812,3.855075
2026-01-31,06:14:34,2026-01-31T06:14:34+01:00,STATION,"Hôtel du Département",2,6,8,0.25,43.621682,3.83477
2026-01-31,06:14:34,2026-01-31T06:14:34+01:00,STATION,"Tonnelles",0,8,8,0.0,43.615155,3.839466
2026-01-31,06:14:34,2026-01-31T06:14:34+01:00,STATION,"Parvis Jules Ferry - Gare Saint-Roch",1,7,8,0.125,43.603889,3.879362
2026-01-31,06:14:34,2026-01-31T06:14:34+01:00,STATION,"Pont de Lattes - Gare Saint-Roch",2,10,12,0.16666666666666666,43.606036,3.882393
2026-01-31,06:14:34,2026-01-31T06:14:34+01:00,STATION,"Deux Ponts - Gare Saint-Roch",0,8,8,0.0,43.604319,3.880916
2026-01-31,06:14:34,2026-01-31T06:14:34+01:00,STATION,"Providence - Ovalie",0,8,8,0.0,43.588239,3.853421
2026-01-31,06:14:34,2026-01-31T06:14:34+01:00,STATION,"Pérols Etang de l Or",40,28,68,0.5882352941176471,43.558351,3.963412
2026-01-31,06:14:34,2026-01-31T06:14:34+01:00,STATION,"Albert 1er - Cathédrale",2,9,12,0.25,43.614005,3.873218
2026-01-31,06:14:34,2026-01-31T06:14:34+01:00,STATION,"Saint-Guilhem - Courreau",1,7,8,0.125,43.608996,3.872752
2026-01-31,06:14:34,2026-01-31T06:14:34+01:00,STATION,"Sud De France",5,1,8,0.875,43.59562,3.9235
2026-01-31,06:14:34,2026-01-31T06:14:34+01:00,STATION,"Comedie Baudin",0,8,8,0.0,43.608717,3.880787
2026-01-31,06:14:34,2026-01-31T06:14:34+01:00,STATION,"Jean de Beins",5,11,16,0.3125,43.609857,3.883884
2026-01-31,06:59:18,2026-01-31T06:59:18+01:00,STATION,"Rue Jules Ferry - Gare Saint-Roch",2,10,12,0.16666666666666666,43.605366,3.881346
2026-01-31,06:59:18,2026-01-31T06:59:18+01:00,STATION,"Comédie",2,18,20,0.1,43.608148,3.878778
2026-01-31,06:59:18,2026-01-31T06:59:18+01:00,STATION,"Hôtel de Ville",9,6,16,0.625,43.599088,3.894866
2026-01-31,06:59:18,2026-01-31T06:59:18+01:00,STATION,"Corum",11,1,12,0.9166666666666666,43.613989,3.8816
2026-01-31,06:59:18,2026-01-31T06:59:18+01:00,STATION,"Place Albert 1er - St Charles",6,21,27,0.2222222222222222,43.616768,3.873375
2026-01-31,06:59:18,2026-01-31T06:59:18+01:00,STATION,"Foch",1,3,8,0.625,43.610989,3.873345
2026-01-31,06:59:18,2026-01-31T06:59:18+01:00,STATION,"Halles Castellane",0,12,12,0.0,43.609935,3.877208
2026-01-31,06:59:18,2026-01-31T06:59:18+01:00,STATION,"Observatoire",0,6,8,0.25,43.606301,3.87724
2026-01-31,06:59:18,2026-01-31T06:59:18+01:00,STATION,"Rondelet",1,15,16,0.0625,43.603038,3.875796
2026-01-31,06:59:18,2026-01-31T06:59:18+01:00,STATION,"Plan Cabanes",4,8,12,0.3333333333333333,43.608491,3.868389
2026-01-31,06:59:18,2026-01-31T06:59:18+01:00,STATION,"Boutonnet",8,4,12,0.6666666666666666,43.622629,3.868375
2026-01-31,06:59:18,2026-01-31T06:59:18+01:00,STATION,"Emile Combes",5,3,8,0.625,43.616742,3.87998
2026-01-31,06:59:18,2026-01-31T06:59:18+01:00,STATION,"Beaux-Arts",1,15,16,0.0625,43.616698,3.884981
2026-01-31,06:59:18,2026-01-31T06:59:18+01:00,STATION,"Les Aubes",7,1,8,0.875,43.618692,3.893844
2026-01-31,06:59:18,2026-01-31T06:59:18+01:00,STATION,"Antigone centre",7,5,12,0.5833333333333334,43.607942,3.890634
2026-01-31,06:59:18,2026-01-31T06:59:18+01:00,STATION,"Médiathèque Emile Zola",11,5,16,0.6875,43.608218,3.89314
2026-01-31,06:59:18,2026-01-31T06:59:18+01:00,STATION,"Nombre d Or",3,13,16,0.1875,43.607859,3.886644
2026-01-31,06:59:18,2026-01-31T06:59:18+01:00,STATION,"Louis Blanc",12,4,16,0.75,43.614642,3.877648
2026-01-31,06:59:18,2026-01-31T06:59:18+01:00,STATION,"Gambetta",1,7,8,0.125,43.607106,3.870693
2026-01-31,06:59:18,2026-01-31T06:59:18+01:00,STATION,"Port Marianne",8,8,16,0.5,43.60032,3.89851
2026-01-31,06:59:18,2026-01-31T06:59:18+01:00,STATION,"Les Arceaux",4,4,8,0.5,43.612659,3.867734
2026-01-31,06:59:18,2026-01-31T06:59:18+01:00,STATION,"Cité Mion",3,4,8,0.5,43.601143,3.884373
2026-01-31,06:59:18,2026-01-31T06:59:18+01:00,STATION,"Nouveau Saint-Roch",2,6,8,0.25,43.599817,3.875757
2026-01-31,06:59:18,2026-01-31T06:59:18+01:00,STATION,"Renouvier",5,2,8,0.75,43.603553,3.867884
2026-01-31,06:59:18,2026-01-31T06:59:18+01:00,STATION,"Odysseum",0,8,8,0.0,43.603727,3.918979
2026-01-31,06:59:18,2026-01-31T06:59:18+01:00,STATION,"Saint-Denis",0,8,8,0.0,43.605021,3.875065
2026-01-31,06:59:18,2026-01-31T06:59:18+01:00,STATION,"Richter",15,1,16,0.9375,43.603424,3.899263
2026-01-31,06:59:18,2026-01-31T06:59:18+01:00,STATION,"Charles Flahault",4,4,8,0.5,43.622038,3.86672
2026-01-31,06:59:18,2026-01-31T06:59:18+01:00,STATION,"Voltaire",4,4,8,0.5,43.603767,3.888659
2026-01-31,06:59:18,2026-01-31T06:59:18+01:00,STATION,"Prés d Arènes",5,3,8,0.625,43.59048,3.884611
2026-01-31,06:59:18,2026-01-31T06:59:18+01:00,STATION,"Garcia Lorca",5,3,8,0.625,43.590757,3.890616
2026-01-31,06:59:18,2026-01-31T06:59:18+01:00,STATION,"Vert Bois",1,15,16,0.0625,43.63543,3.871179
2026-01-31,06:59:18,2026-01-31T06:59:18+01:00,STATION,"Malbosc",2,6,8,0.25,43.633679,3.832861
2026-01-31,06:59:18,2026-01-31T06:59:18+01:00,STATION,"Occitanie",14,18,32,0.4375,43.635689,3.849597
2026-01-31,06:59:18,2026-01-31T06:59:18+01:00,STATION,"FacdesSciences",15,9,24,0.625,43.631318,3.861299
2026-01-31,06:59:18,2026-01-31T06:59:18+01:00,STATION,"Fac de Lettres",1,11,12,0.08333333333333333,43.630437,3.869539
2026-01-31,06:59:18,2026-01-31T06:59:18+01:00,STATION,"Aiguelongue",5,2,8,0.75,43.626163,3.882492
2026-01-31,06:59:18,2026-01-31T06:59:18+01:00,STATION,"Jeu de Mail des Abbés",2,6,8,0.25,43.619701,3.883831
2026-01-31,06:59:18,2026-01-31T06:59:18+01:00,STATION,"Euromédecine",4,4,8,0.5,43.639119,3.828199
2026-01-31,06:59:18,2026-01-31T06:59:18+01:00,STATION,"Marie Caizergues",6,2,8,0.75,43.619871,3.873812
2026-01-31,06:59:18,2026-01-31T06:59:18+01:00,STATION,"Sabines",3,5,8,0.375,43.584211,3.860031
2026-01-31,06:59:18,2026-01-31T06:59:18+01:00,STATION,"Celleneuve",5,3,8,0.625,43.61467,3.832624
2026-01-31,06:59:18,2026-01-31T06:59:18+01:00,STATION,"Jardin de la Lironde",7,1,8,0.875,43.60585,3.911576
2026-01-31,06:59:18,2026-01-31T06:59:18+01:00,STATION,"Père Soulas",7,1,8,0.875,43.621983,3.855603
2026-01-31,06:59:18,2026-01-31T06:59:18+01:00,STATION,"Place Viala",6,1,8,0.875,43.616812,3.855075
2026-01-31,06:59:18,2026-01-31T06:59:18+01:00,STATION,"Hôtel du Département",2,6,8,0.25,43.621682,3.83477
2026-01-31,06:59:18,2026-01-31T06:59:18+01:00,STATION,"Tonnelles",0,8,8,0.0,43.615155,3.839466
2026-01-31,06:59:18,2026-01-31T06:59:18+01:00,STATION,"Parvis Jules Ferry - Gare Saint-Roch",1,7,8,0.125,43.603889,3.879362
2026-01-31,06:59:18,2026-01-31T06:59:18+01:00,STATION,"Pont de Lattes - Gare Saint-Roch",2,10,12,0.16666666666666666,43.606036,3.882393
2026-01-31,06:59:18,2026-01-31T06:59:18+01:00,STATION,"Deux Ponts - Gare Saint-Roch",0,8,8,0.0,43.604319,3.880916
2026-01-31,06:59:18,2026-01-31T06:59:18+01:00,STATION,"Providence - Ovalie",0,8,8,0.0,43.588239,3.853421
2026-01-31,06:59:18,2026-01-31T06:59:18+01:00,STATION,"Pérols Etang de l Or",40,28,68,0.5882352941176471,43.558351,3.963412
2026-01-31,06:59:18,2026-01-31T06:59:18+01:00,STATION,"Albert 1er - Cathédrale",2,9,12,0.25,43.614005,3.873218
2026-01-31,06:59:18,2026-01-31T06:59:18+01:00,STATION,"Saint-Guilhem - Courreau",1,7,8,0.125,43.608996,3.872752
2026-01-31,06:59:18,2026-01-31T06:59:18+01:00,STATION,"Sud De France",5,1,8,0.875,43.59562,3.9235
2026-01-31,06:59:18,2026-01-31T06:59:18+01:00,STATION,"Comedie Baudin",0,8,8,0.0,43.608717,3.880787
2026-01-31,06:59:18,2026-01-31T06:59:18+01:00,STATION,"Jean de Beins",5,11,16,0.3125,43.609857,3.883884
2026-01-31,07:53:13,2026-01-31T07:53:13+01:00,STATION,"Rue Jules Ferry - Gare Saint-Roch",2,10,12,0.16666666666666666,43.605366,3.881346
2026-01-31,07:53:13,2026-01-31T07:53:13+01:00,STATION,"Comédie",2,18,20,0.1,43.608148,3.878778
2026-01-31,07:53:13,2026-01-31T07:53:13+01:00,STATION,"Hôtel de Ville",9,6,16,0.625,43.599088,3.894866
2026-01-31,07:53:13,2026-01-31T07:53:13+01:00,STATION,"Corum",11,1,12,0.9166666666666666,43.613989,3.8816
2026-01-31,07:53:13,2026-01-31T07:53:13+01:00,STATION,"Place Albert 1er - St Charles",6,21,27,0.2222222222222222,43.616768,3.873375
2026-01-31,07:53:13,2026-01-31T07:53:13+01:00,STATION,"Foch",1,3,8,0.625,43.610989,3.873345
2026-01-31,07:53:13,2026-01-31T07:53:13+01:00,STATION,"Halles Castellane",0,12,12,0.0,43.609935,3.877208
2026-01-31,07:53:13,2026-01-31T07:53:13+01:00,STATION,"Observatoire",0,6,8,0.25,43.606301,3.87724
2026-01-31,07:53:13,2026-01-31T07:53:13+01:00,STATION,"Rondelet",1,15,16,0.0625,43.603038,3.875796
2026-01-31,07:53:13,2026-01-31T07:53:13+01:00,STATION,"Plan Cabanes",4,8,12,0.3333333333333333,43.608491,3.868389
2026-01-31,07:53:13,2026-01-31T07:53:13+01:00,STATION,"Boutonnet",8,4,12,0.6666666666666666,43.622629,3.868375
2026-01-31,07:53:13,2026-01-31T07:53:13+01:00,STATION,"Emile Combes",5,3,8,0.625,43.616742,3.87998
2026-01-31,07:53:13,2026-01-31T07:53:13+01:00,STATION,"Beaux-Arts",1,15,16,0.0625,43.616698,3.884981
2026-01-31,07:53:13,2026-01-31T07:53:13+01:00,STATION,"Les Aubes",7,1,8,0.875,43.618692,3.893844
2026-01-31,07:53:13,2026-01-31T07:53:13+01:00,STATION,"Antigone centre",7,5,12,0.5833333333333334,43.607942,3.890634
2026-01-31,07:53:13,2026-01-31T07:53:13+01:00,STATION,"Médiathèque Emile Zola",11,5,16,0.6875,43.608218,3.89314
2026-01-31,07:53:13,2026-01-31T07:53:13+01:00,STATION,"Nombre d Or",3,13,16,0.1875,43.607859,3.886644
2026-01-31,07:53:13,2026-01-31T07:53:13+01:00,STATION,"Louis Blanc",12,4,16,0.75,43.614642,3.877648
2026-01-31,07:53:13,2026-01-31T07:53:13+01:00,STATION,"Gambetta",1,7,8,0.125,43.607106,3.870693
2026-01-31,07:53:13,2026-01-31T07:53:13+01:00,STATION,"Port Marianne",8,8,16,0.5,43.60032,3.89851
2026-01-31,07:53:13,2026-01-31T07:53:13+01:00,STATION,"Les Arceaux",4,4,8,0.5,43.612659,3.867734
2026-01-31,07:53:13,2026-01-31T07:53:13+01:00,STATION,"Cité Mion",3,4,8,0.5,43.601143,3.884373
2026-01-31,07:53:13,2026-01-31T07:53:13+01:00,STATION,"Nouveau Saint-Roch",2,6,8,0.25,43.599817,3.875757
2026-01-31,07:53:13,2026-01-31T07:53:13+01:00,STATION,"Renouvier",5,2,8,0.75,43.603553,3.867884
2026-01-31,07:53:13,2026-01-31T07:53:13+01:00,STATION,"Odysseum",0,8,8,0.0,43.603727,3.918979
2026-01-31,07:53:13,2026-01-31T07:53:13+01:00,STATION,"Saint-Denis",0,8,8,0.0,43.605021,3.875065
2026-01-31,07:53:13,2026-01-31T07:53:13+01:00,STATION,"Richter",15,1,16,0.9375,43.603424,3.899263
2026-01-31,07:53:13,2026-01-31T07:53:13+01:00,STATION,"Charles Flahault",4,4,8,0.5,43.622038,3.86672
2026-01-31,07:53:13,2026-01-31T07:53:13+01:00,STATION,"Voltaire",4,4,8,0.5,43.603767,3.888659
2026-01-31,07:53:13,2026-01-31T07:53:13+01:00,STATION,"Prés d Arènes",5,3,8,0.625,43.59048,3.884611
2026-01-31,07:53:13,2026-01-31T07:53:13+01:00,STATION,"Garcia Lorca",5,3,8,0.625,43.590757,3.890616
2026-01-31,07:53:13,2026-01-31T07:53:13+01:00,STATION,"Vert Bois",1,15,16,0.0625,43.63543,3.871179
2026-01-31,07:53:13,2026-01-31T07:53:13+01:00,STATION,"Malbosc",2,6,8,0.25,43.633679,3.832861
2026-01-31,07:53:13,2026-01-31T07:53:13+01:00,STATION,"Occitanie",14,18,32,0.4375,43.635689,3.849597
2026-01-31,07:53:13,2026-01-31T07:53:13+01:00,STATION,"FacdesSciences",15,9,24,0.625,43.631318,3.861299
2026-01-31,07:53:13,2026-01-31T07:53:13+01:00,STATION,"Fac de Lettres",1,11,12,0.08333333333333333,43.630437,3.869539
2026-01-31,07:53:13,2026-01-31T07:53:13+01:00,STATION,"Aiguelongue",5,2,8,0.75,43.626163,3.882492
2026-01-31,07:53:13,2026-01-31T07:53:13+01:00,STATION,"Jeu de Mail des Abbés",2,6,8,0.25,43.619701,3.883831
2026-01-31,07:53:13,2026-01-31T07:53:13+01:00,STATION,"Euromédecine",4,4,8,0.5,43.639119,3.828199
2026-01-31,07:53:13,2026-01-31T07:53:13+01:00,STATION,"Marie Caizergues",6,2,8,0.75,43.619871,3.873812
2026-01-31,07:53:13,2026-01-31T07:53:13+01:00,STATION,"Sabines",3,5,8,0.375,43.584211,3.860031
2026-01-31,07:53:13,2026-01-31T07:53:13+01:00,STATION,"Celleneuve",5,3,8,0.625,43.61467,3.832624
2026-01-31,07:53:13,2026-01-31T07:53:13+01:00,STATION,"Jardin de la Lironde",7,1,8,0.875,43.60585,3.911576
2026-01-31,07:53:13,2026-01-31T07:53:13+01:00,STATION,"Père Soulas",7,1,8,0.875,43.621983,3.855603
2026-01-31,07:53:13,2026-01-31T07:53:13+01:00,STATION,"Place Viala",6,1,8,0.875,43.616812,3.855075
2026-01-31,07:53:13,2026-01-31T07:53:13+01:00,STATION,"Hôtel du Département",2,6,8,0.25,43.621682,3.83477
2026-01-31,07:53:13,2026-01-31T07:53:13+01:00,STATION,"Tonnelles",0,8,8,0.0,43.615155,3.839466
2026-01-31,07:53:13,2026-01-31T07:53:13+01:00,STATION,"Parvis Jules Ferry - Gare Saint-Roch",1,7,8,0.125,43.603889,3.879362
2026-01-31,07:53:13,2026-01-31T07:53:13+01:00,STATION,"Pont de Lattes - Gare Saint-Roch",2,10,12,0.16666666666666666,43.606036,3.882393
2026-01-31,07:53:13,2026-01-31T07:53:13+01:00,STATION,"Deux Ponts - Gare Saint-Roch",0,8,8,0.0,43.604319,3.880916
2026-01-31,07:53:13,2026-01-31T07:53:13+01:00,STATION,"Providence - Ovalie",0,8,8,0.0,43.588239,3.853421
2026-01-31,07:53:13,2026-01-31T07:53:13+01:00,STATION,"Pérols Etang de l Or",40,28,68,0.5882352941176471,43.558351,3.963412
2026-01-31,07:53:13,2026-01-31T07:53:13+01:00,STATION,"Albert 1er - Cathédrale",2,9,12,0.25,43.614005,3.873218
2026-01-31,07:53:13,2026-01-31T07:53:13+01:00,STATION,"Saint-Guilhem - Courreau",1,7,8,0.125,43.608996,3.872752
2026-01-31,07:53:13,2026-01-31T07:53:13+01:00,STATION,"Sud De France",5,1,8,0.875,43.59562,3.9235
2026-01-31,07:53:13,2026-01-31T07:53:13+01:00,STATION,"Comedie Baudin",0,8,8,0.0,43.608717,3.880787
2026-01-31,07:53:13,2026-01-31T07:53:13+01:00,STATION,"Jean de Beins",5,11,16,0.3125,43.609857,3.883884
2026-01-31,08:28:52,2026-01-31T08:28:52+01:00,STATION,"Rue Jules Ferry - Gare Saint-Roch",2,10,12,0.16666666666666666,43.605366,3.881346
2026-01-31,08:28:52,2026-01-31T08:28:52+01:00,STATION,"Comédie",2,18,20,0.1,43.608148,3.878778
2026-01-31,08:28:52,2026-01-31T08:28:52+01:00,STATION,"Hôtel de Ville",9,6,16,0.625,43.599088,3.894866
2026-01-31,08:28:52,2026-01-31T08:28:52+01:00,STATION,"Corum",11,1,12,0.9166666666666666,43.613989,3.8816
2026-01-31,08:28:52,2026-01-31T08:28:52+01:00,STATION,"Place Albert 1er - St Charles",6,21,27,0.2222222222222222,43.616768,3.873375
2026-01-31,08:28:52,2026-01-31T08:28:52+01:00,STATION,"Foch",1,3,8,0.625,43.610989,3.873345
2026-01-31,08:28:52,2026-01-31T08:28:52+01:00,STATION,"Halles Castellane",0,12,12,0.0,43.609935,3.877208
2026-01-31,08:28:52,2026-01-31T08:28:52+01:00,STATION,"Observatoire",0,6,8,0.25,43.606301,3.87724
2026-01-31,08:28:52,2026-01-31T08:28:52+01:00,STATION,"Rondelet",1,15,16,0.0625,43.603038,3.875796
2026-01-31,08:28:52,2026-01-31T08:28:52+01:00,STATION,"Plan Cabanes",4,8,12,0.3333333333333333,43.608491,3.868389
2026-01-31,08:28:52,2026-01-31T08:28:52+01:00,STATION,"Boutonnet",8,4,12,0.6666666666666666,43.622629,3.868375
2026-01-31,08:28:52,2026-01-31T08:28:52+01:00,STATION,"Emile Combes",5,3,8,0.625,43.616742,3.87998
2026-01-31,08:28:52,2026-01-31T08:28:52+01:00,STATION,"Beaux-Arts",1,15,16,0.0625,43.616698,3.884981
2026-01-31,08:28:52,2026-01-31T08:28:52+01:00,STATION,"Les Aubes",7,1,8,0.875,43.618692,3.893844
2026-01-31,08:28:52,2026-01-31T08:28:52+01:00,STATION,"Antigone centre",7,5,12,0.5833333333333334,43.607942,3.890634
2026-01-31,08:28:52,2026-01-31T08:28:52+01:00,STATION,"Médiathèque Emile Zola",11,5,16,0.6875,43.608218,3.89314
2026-01-31,08:28:52,2026-01-31T08:28:52+01:00,STATION,"Nombre d Or",3,13,16,0.1875,43.607859,3.886644
2026-01-31,08:28:52,2026-01-31T08:28:52+01:00,STATION,"Louis Blanc",12,4,16,0.75,43.614642,3.877648
2026-01-31,08:28:52,2026-01-31T08:28:52+01:00,STATION,"Gambetta",1,7,8,0.125,43.607106,3.870693
2026-01-31,08:28:52,2026-01-31T08:28:52+01:00,STATION,"Port Marianne",8,8,16,0.5,43.60032,3.89851
2026-01-31,08:28:52,2026-01-31T08:28:52+01:00,STATION,"Les Arceaux",4,4,8,0.5,43.612659,3.867734
2026-01-31,08:28:52,2026-01-31T08:28:52+01:00,STATION,"Cité Mion",3,4,8,0.5,43.601143,3.884373
2026-01-31,08:28:52,2026-01-31T08:28:52+01:00,STATION,"Nouveau Saint-Roch",2,6,8,0.25,43.599817,3.875757
2026-01-31,08:28:52,2026-01-31T08:28:52+01:00,STATION,"Renouvier",5,2,8,0.75,43.603553,3.867884
2026-01-31,08:28:52,2026-01-31T08:28:52+01:00,STATION,"Odysseum",0,8,8,0.0,43.603727,3.918979
2026-01-31,08:28:52,2026-01-31T08:28:52+01:00,STATION,"Saint-Denis",0,8,8,0.0,43.605021,3.875065
2026-01-31,08:28:52,2026-01-31T08:28:52+01:00,STATION,"Richter",15,1,16,0.9375,43.603424,3.899263
2026-01-31,08:28:52,2026-01-31T08:28:52+01:00,STATION,"Charles Flahault",4,4,8,0.5,43.622038,3.86672
2026-01-31,08:28:52,2026-01-31T08:28:52+01:00,STATION,"Voltaire",4,4,8,0.5,43.603767,3.888659
2026-01-31,08:28:52,2026-01-31T08:28:52+01:00,STATION,"Prés d Arènes",5,3,8,0.625,43.59048,3.884611
2026-01-31,08:28:52,2026-01-31T08:28:52+01:00,STATION,"Garcia Lorca",5,3,8,0.625,43.590757,3.890616
2026-01-31,08:28:52,2026-01-31T08:28:52+01:00,STATION,"Vert Bois",1,15,16,0.0625,43.63543,3.871179
2026-01-31,08:28:52,2026-01-31T08:28:52+01:00,STATION,"Malbosc",2,6,8,0.25,43.633679,3.832861
2026-01-31,08:28:52,2026-01-31T08:28:52+01:00,STATION,"Occitanie",14,18,32,0.4375,43.635689,3.849597
2026-01-31,08:28:52,2026-01-31T08:28:52+01:00,STATION,"FacdesSciences",15,9,24,0.625,43.631318,3.861299
2026-01-31,08:28:52,2026-01-31T08:28:52+01:00,STATION,"Fac de Lettres",1,11,12,0.08333333333333333,43.630437,3.869539
2026-01-31,08:28:52,2026-01-31T08:28:52+01:00,STATION,"Aiguelongue",5,2,8,0.75,43.626163,3.882492
2026-01-31,08:28:52,2026-01-31T08:28:52+01:00,STATION,"Jeu de Mail des Abbés",2,6,8,0.25,43.619701,3.883831
2026-01-31,08:28:52,2026-01-31T08:28:52+01:00,STATION,"Euromédecine",4,4,8,0.5,43.639119,3.828199
2026-01-31,08:28:52,2026-01-31T08:28:52+01:00,STATION,"Marie Caizergues",6,2,8,0.75,43.619871,3.873812
2026-01-31,08:28:52,2026-01-31T08:28:52+01:00,STATION,"Sabines",3,5,8,0.375,43.584211,3.860031
2026-01-31,08:28:52,2026-01-31T08:28:52+01:00,STATION,"Celleneuve",5,3,8,0.625,43.61467,3.832624
2026-01-31,08:28:52,2026-01-31T08:28:52+01:00,STATION,"Jardin de la Lironde",7,1,8,0.875,43.60585,3.911576
2026-01-31,08:28:52,2026-01-31T08:28:52+01:00,STATION,"Père Soulas",7,1,8,0.875,43.621983,3.855603
2026-01-31,08:28:52,2026-01-31T08:28:52+01:00,STATION,"Place Viala",6,1,8,0.875,43.616812,3.855075
2026-01-31,08:28:52,2026-01-31T08:28:52+01:00,STATION,"Hôtel du Département",2,6,8,0.25,43.621682,3.83477
2026-01-31,08:28:52,2026-01-31T08:28:52+01:00,STATION,"Tonnelles",0,8,8,0.0,43.615155,3.839466
2026-01-31,08:28:52,2026-01-31T08:28:52+01:00,STATION,"Parvis Jules Ferry - Gare Saint-Roch",1,7,8,0.125,43.603889,3.879362
2026-01-31,08:28:52,2026-01-31T08:28:52+01:00,STATION,"Pont de Lattes - Gare Saint-Roch",2,10,12,0.16666666666666666,43.606036,3.882393
2026-01-31,08:28:52,2026-01-31T08:28:52+01:00,STATION,"Deux Ponts - Gare Saint-Roch",0,8,8,0.0,43.604319,3.880916
2026-01-31,08:28:52,2026-01-31T08:28:52+01:00,STATION,"Providence - Ovalie",0,8,8,0.0,43.588239,3.853421
2026-01-31,08:28:52,2026-01-31T08:28:52+01:00,STATION,"Pérols Etang de l Or",40,28,68,0.5882352941176471,43.558351,3.963412
2026-01-31,08:28:52,2026-01-31T08:28:52+01:00,STATION,"Albert 1er - Cathédrale",2,9,12,0.25,43.614005,3.873218
2026-01-31,08:28:52,2026-01-31T08:28:52+01:00,STATION,"Saint-Guilhem - Courreau",1,7,8,0.125,43.608996,3.872752
2026-01-31,08:28:52,2026-01-31T08:28:52+01:00,STATION,"Sud De France",5,1,8,0.875,43.59562,3.9235
2026-01-31,08:28:52,2026-01-31T08:28:52+01:00,STATION,"Comedie Baudin",0,8,8,0.0,43.608717,3.880787
2026-01-31,08:28:52,2026-01-31T08:28:52+01:00,STATION,"Jean de Beins",5,11,16,0.3125,43.609857,3.883884
2026-01-31,08:50:42,2026-01-31T08:50:42+01:00,STATION,"Rue Jules Ferry - Gare Saint-Roch",2,10,12,0.16666666666666666,43.605366,3.881346
2026-01-31,08:50:42,2026-01-31T08:50:42+01:00,STATION,"Comédie",2,18,20,0.1,43.608148,3.878778
2026-01-31,08:50:42,2026-01-31T08:50:42+01:00,STATION,"Hôtel de Ville",9,6,16,0.625,43.599088,3.894866
2026-01-31,08:50:42,2026-01-31T08:50:42+01:00,STATION,"Corum",11,1,12,0.9166666666666666,43.613989,3.8816
2026-01-31,08:50:42,2026-01-31T08:50:42+01:00,STATION,"Place Albert 1er - St Charles",6,21,27,0.2222222222222222,43.616768,3.873375
2026-01-31,08:50:42,2026-01-31T08:50:42+01:00,STATION,"Foch",1,3,8,0.625,43.610989,3.873345
2026-01-31,08:50:42,2026-01-31T08:50:42+01:00,STATION,"Halles Castellane",0,12,12,0.0,43.609935,3.877208
2026-01-31,08:50:42,2026-01-31T08:50:42+01:00,STATION,"Observatoire",0,6,8,0.25,43.606301,3.87724
2026-01-31,08:50:42,2026-01-31T08:50:42+01:00,STATION,"Rondelet",1,15,16,0.0625,43.603038,3.875796
2026-01-31,08:50:42,2026-01-31T08:50:42+01:00,STATION,"Plan Cabanes",4,8,12,0.3333333333333333,43.608491,3.868389
2026-01-31,08:50:42,2026-01-31T08:50:42+01:00,STATION,"Boutonnet",8,4,12,0.6666666666666666,43.622629,3.868375
2026-01-31,08:50:42,2026-01-31T08:50:42+01:00,STATION,"Emile Combes",5,3,8,0.625,43.616742,3.87998
2026-01-31,08:50:42,2026-01-31T08:50:42+01:00,STATION,"Beaux-Arts",1,15,16,0.0625,43.616698,3.884981
2026-01-31,08:50:42,2026-01-31T08:50:42+01:00,STATION,"Les Aubes",7,1,8,0.875,43.618692,3.893844
2026-01-31,08:50:42,2026-01-31T08:50:42+01:00,STATION,"Antigone centre",7,5,12,0.5833333333333334,43.607942,3.890634
2026-01-31,08:50:42,2026-01-31T08:50:42+01:00,STATION,"Médiathèque Emile Zola",11,5,16,0.6875,43.608218,3.89314
2026-01-31,08:50:42,2026-01-31T08:50:42+01:00,STATION,"Nombre d Or",3,13,16,0.1875,43.607859,3.886644
2026-01-31,08:50:42,2026-01-31T08:50:42+01:00,STATION,"Louis Blanc",12,4,16,0.75,43.614642,3.877648
2026-01-31,08:50:42,2026-01-31T08:50:42+01:00,STATION,"Gambetta",1,7,8,0.125,43.607106,3.870693
2026-01-31,08:50:42,2026-01-31T08:50:42+01:00,STATION,"Port Marianne",8,8,16,0.5,43.60032,3.89851
2026-01-31,08:50:42,2026-01-31T08:50:42+01:00,STATION,"Les Arceaux",4,4,8,0.5,43.612659,3.867734
2026-01-31,08:50:42,2026-01-31T08:50:42+01:00,STATION,"Cité Mion",3,4,8,0.5,43.601143,3.884373
2026-01-31,08:50:42,2026-01-31T08:50:42+01:00,STATION,"Nouveau Saint-Roch",2,6,8,0.25,43.599817,3.875757
2026-01-31,08:50:42,2026-01-31T08:50:42+01:00,STATION,"Renouvier",5,2,8,0.75,43.603553,3.867884
2026-01-31,08:50:42,2026-01-31T08:50:42+01:00,STATION,"Odysseum",0,8,8,0.0,43.603727,3.918979
2026-01-31,08:50:42,2026-01-31T08:50:42+01:00,STATION,"Saint-Denis",0,8,8,0.0,43.605021,3.875065
2026-01-31,08:50:42,2026-01-31T08:50:42+01:00,STATION,"Richter",15,1,16,0.9375,43.603424,3.899263
2026-01-31,08:50:42,2026-01-31T08:50:42+01:00,STATION,"Charles Flahault",4,4,8,0.5,43.622038,3.86672
2026-01-31,08:50:42,2026-01-31T08:50:42+01:00,STATION,"Voltaire",4,4,8,0.5,43.603767,3.888659
2026-01-31,08:50:42,2026-01-31T08:50:42+01:00,STATION,"Prés d Arènes",5,3,8,0.625,43.59048,3.884611
2026-01-31,08:50:42,2026-01-31T08:50:42+01:00,STATION,"Garcia Lorca",5,3,8,0.625,43.590757,3.890616
2026-01-31,08:50:42,2026-01-31T08:50:42+01:00,STATION,"Vert Bois",1,15,16,0.0625,43.63543,3.871179
2026-01-31,08:50:42,2026-01-31T08:50:42+01:00,STATION,"Malbosc",2,6,8,0.25,43.633679,3.832861
2026-01-31,08:50:42,2026-01-31T08:50:42+01:00,STATION,"Occitanie",14,18,32,0.4375,43.635689,3.849597
2026-01-31,08:50:42,2026-01-31T08:50:42+01:00,STATION,"FacdesSciences",15,9,24,0.625,43.631318,3.861299
2026-01-31,08:50:42,2026-01-31T08:50:42+01:00,STATION,"Fac de Lettres",1,11,12,0.08333333333333333,43.630437,3.869539
2026-01-31,08:50:42,2026-01-31T08:50:42+01:00,STATION,"Aiguelongue",5,2,8,0.75,43.626163,3.882492
2026-01-31,08:50:42,2026-01-31T08:50:42+01:00,STATION,"Jeu de Mail des Abbés",2,6,8,0.25,43.619701,3.883831
2026-01-31,08:50:42,2026-01-31T08:50:42+01:00,STATION,"Euromédecine",4,4,8,0.5,43.639119,3.828199
2026-01-31,08:50:42,2026-01-31T08:50:42+01:00,STATION,"Marie Caizergues",6,2,8,0.75,43.619871,3.873812
2026-01-31,08:50:42,2026-01-31T08:50:42+01:00,STATION,"Sabines",3,5,8,0.375,43.584211,3.860031
2026-01-31,08:50:42,2026-01-31T08:50:42+01:00,STATION,"Celleneuve",5,3,8,0.625,43.61467,3.832624
2026-01-31,08:50:42,2026-01-31T08:50:42+01:00,STATION,"Jardin de la Lironde",7,1,8,0.875,43.60585,3.911576
2026-01-31,08:50:42,2026-01-31T08:50:42+01:00,STATION,"Père Soulas",7,1,8,0.875,43.621983,3.855603
2026-01-31,08:50:42,2026-01-31T08:50:42+01:00,STATION,"Place Viala",6,1,8,0.875,43.616812,3.855075
2026-01-31,08:50:42,2026-01-31T08:50:42+01:00,STATION,"Hôtel du Département",2,6,8,0.25,43.621682,3.83477
2026-01-31,08:50:42,2026-01-31T08:50:42+01:00,STATION,"Tonnelles",0,8,8,0.0,43.615155,3.839466
2026-01-31,08:50:42,2026-01-31T08:50:42+01:00,STATION,"Parvis Jules Ferry - Gare Saint-Roch",1,7,8,0.125,43.603889,3.879362
2026-01-31,08:50:42,2026-01-31T08:50:42+01:00,STATION,"Pont de Lattes - Gare Saint-Roch",2,10,12,0.16666666666666666,43.606036,3.882393
2026-01-31,08:50:42,2026-01-31T08:50:42+01:00,STATION,"Deux Ponts - Gare Saint-Roch",0,8,8,0.0,43.604319,3.880916
2026-01-31,08:50:42,2026-01-31T08:50:42+01:00,STATION,"Providence - Ovalie",0,8,8,0.0,43.588239,3.853421
2026-01-31,08:50:42,2026-01-31T08:50:42+01:00,STATION,"Pérols Etang de l Or",40,28,68,0.5882352941176471,43.558351,3.963412
2026-01-31,08:50:42,2026-01-31T08:50:42+01:00,STATION,"Albert 1er - Cathédrale",2,9,12,0.25,43.614005,3.873218
2026-01-31,08:50:42,2026-01-31T08:50:42+01:00,STATION,"Saint-Guilhem - Courreau",1,7,8,0.125,43.608996,3.872752
2026-01-31,08:50:42,2026-01-31T08:50:42+01:00,STATION,"Sud De France",5,1,8,0.875,43.59562,3.9235
2026-01-31,08:50:42,2026-01-31T08:50:42+01:00,STATION,"Comedie Baudin",0,8,8,0.0,43.608717,3.880787
2026-01-31,08:50:42,2026-01-31T08:50:42+01:00,STATION,"Jean de Beins",5,11,16,0.3125,43.609857,3.883884
2026-01-31,09:30:38,2026-01-31T09:30:38+01:00,STATION,"Rue Jules Ferry - Gare Saint-Roch",2,10,12,0.16666666666666666,43.605366,3.881346
2026-01-31,09:30:38,2026-01-31T09:30:38+01:00,STATION,"Comédie",2,18,20,0.1,43.608148,3.878778
2026-01-31,09:30:38,2026-01-31T09:30:38+01:00,STATION,"Hôtel de Ville",9,6,16,0.625,43.599088,3.894866
2026-01-31,09:30:38,2026-01-31T09:30:38+01:00,STATION,"Corum",11,1,12,0.9166666666666666,43.613989,3.8816
2026-01-31,09:30:38,2026-01-31T09:30:38+01:00,STATION,"Place Albert 1er - St Charles",6,21,27,0.2222222222222222,43.616768,3.873375
2026-01-31,09:30:38,2026-01-31T09:30:38+01:00,STATION,"Foch",1,3,8,0.625,43.610989,3.873345
2026-01-31,09:30:38,2026-01-31T09:30:38+01:00,STATION,"Halles Castellane",0,12,12,0.0,43.609935,3.877208
2026-01-31,09:30:38,2026-01-31T09:30:38+01:00,STATION,"Observatoire",0,6,8,0.25,43.606301,3.87724
2026-01-31,09:30:38,2026-01-31T09:30:38+01:00,STATION,"Rondelet",1,15,16,0.0625,43.603038,3.875796
2026-01-31,09:30:38,2026-01-31T09:30:38+01:00,STATION,"Plan Cabanes",4,8,12,0.3333333333333333,43.608491,3.868389
2026-01-31,09:30:38,2026-01-31T09:30:38+01:00,STATION,"Boutonnet",8,4,12,0.6666666666666666,43.622629,3.868375
2026-01-31,09:30:38,2026-01-31T09:30:38+01:00,STATION,"Emile Combes",5,3,8,0.625,43.616742,3.87998
2026-01-31,09:30:38,2026-01-31T09:30:38+01:00,STATION,"Beaux-Arts",1,15,16,0.0625,43.616698,3.884981
2026-01-31,09:30:38,2026-01-31T09:30:38+01:00,STATION,"Les Aubes",7,1,8,0.875,43.618692,3.893844
2026-01-31,09:30:38,2026-01-31T09:30:38+01:00,STATION,"Antigone centre",8,4,12,0.6666666666666666,43.607942,3.890634
2026-01-31,09:30:38,2026-01-31T09:30:38+01:00,STATION,"Médiathèque Emile Zola",11,5,16,0.6875,43.608218,3.89314
2026-01-31,09:30:38,2026-01-31T09:30:38+01:00,STATION,"Nombre d Or",3,13,16,0.1875,43.607859,3.886644
2026-01-31,09:30:38,2026-01-31T09:30:38+01:00,STATION,"Louis Blanc",12,4,16,0.75,43.614642,3.877648
2026-01-31,09:30:38,2026-01-31T09:30:38+01:00,STATION,"Gambetta",1,7,8,0.125,43.607106,3.870693
2026-01-31,09:30:38,2026-01-31T09:30:38+01:00,STATION,"Port Marianne",8,8,16,0.5,43.60032,3.89851
2026-01-31,09:30:38,2026-01-31T09:30:38+01:00,STATION,"Les Arceaux",4,4,8,0.5,43.612659,3.867734
2026-01-31,09:30:38,2026-01-31T09:30:38+01:00,STATION,"Cité Mion",3,4,8,0.5,43.601143,3.884373
2026-01-31,09:30:38,2026-01-31T09:30:38+01:00,STATION,"Nouveau Saint-Roch",2,6,8,0.25,43.599817,3.875757
2026-01-31,09:30:38,2026-01-31T09:30:38+01:00,STATION,"Renouvier",5,2,8,0.75,43.603553,3.867884
2026-01-31,09:30:38,2026-01-31T09:30:38+01:00,STATION,"Odysseum",0,8,8,0.0,43.603727,3.918979
2026-01-31,09:30:38,2026-01-31T09:30:38+01:00,STATION,"Saint-Denis",0,8,8,0.0,43.605021,3.875065
2026-01-31,09:30:38,2026-01-31T09:30:38+01:00,STATION,"Richter",15,1,16,0.9375,43.603424,3.899263
2026-01-31,09:30:38,2026-01-31T09:30:38+01:00,STATION,"Charles Flahault",4,4,8,0.5,43.622038,3.86672
2026-01-31,09:30:38,2026-01-31T09:30:38+01:00,STATION,"Voltaire",4,4,8,0.5,43.603767,3.888659
2026-01-31,09:30:38,2026-01-31T09:30:38+01:00,STATION,"Prés d Arènes",5,3,8,0.625,43.59048,3.884611
2026-01-31,09:30:38,2026-01-31T09:30:38+01:00,STATION,"Garcia Lorca",5,3,8,0.625,43.590757,3.890616
2026-01-31,09:30:38,2026-01-31T09:30:38+01:00,STATION,"Vert Bois",1,15,16,0.0625,43.63543,3.871179
2026-01-31,09:30:38,2026-01-31T09:30:38+01:00,STATION,"Malbosc",2,6,8,0.25,43.633679,3.832861
2026-01-31,09:30:38,2026-01-31T09:30:38+01:00,STATION,"Occitanie",14,18,32,0.4375,43.635689,3.849597
2026-01-31,09:30:38,2026-01-31T09:30:38+01:00,STATION,"FacdesSciences",15,9,24,0.625,43.631318,3.861299
2026-01-31,09:30:38,2026-01-31T09:30:38+01:00,STATION,"Fac de Lettres",1,11,12,0.08333333333333333,43.630437,3.869539
2026-01-31,09:30:38,2026-01-31T09:30:38+01:00,STATION,"Aiguelongue",5,2,8,0.75,43.626163,3.882492
2026-01-31,09:30:38,2026-01-31T09:30:38+01:00,STATION,"Jeu de Mail des Abbés",2,6,8,0.25,43.619701,3.883831
2026-01-31,09:30:38,2026-01-31T09:30:38+01:00,STATION,"Euromédecine",4,4,8,0.5,43.639119,3.828199
2026-01-31,09:30:38,2026-01-31T09:30:38+01:00,STATION,"Marie Caizergues",6,2,8,0.75,43.619871,3.873812
2026-01-31,09:30:38,2026-01-31T09:30:38+01:00,STATION,"Sabines",3,5,8,0.375,43.584211,3.860031
2026-01-31,09:30:38,2026-01-31T09:30:38+01:00,STATION,"Celleneuve",5,3,8,0.625,43.61467,3.832624
2026-01-31,09:30:38,2026-01-31T09:30:38+01:00,STATION,"Jardin de la Lironde",7,1,8,0.875,43.60585,3.911576
2026-01-31,09:30:38,2026-01-31T09:30:38+01:00,STATION,"Père Soulas",7,1,8,0.875,43.621983,3.855603
2026-01-31,09:30:38,2026-01-31T09:30:38+01:00,STATION,"Place Viala",6,1,8,0.875,43.616812,3.855075
2026-01-31,09:30:38,2026-01-31T09:30:38+01:00,STATION,"Hôtel du Département",2,6,8,0.25,43.621682,3.83477
2026-01-31,09:30:38,2026-01-31T09:30:38+01:00,STATION,"Tonnelles",0,8,8,0.0,43.615155,3.839466
2026-01-31,09:30:38,2026-01-31T09:30:38+01:00,STATION,"Parvis Jules Ferry - Gare Saint-Roch",1,7,8,0.125,43.603889,3.879362
2026-01-31,09:30:38,2026-01-31T09:30:38+01:00,STATION,"Pont de Lattes - Gare Saint-Roch",2,10,12,0.16666666666666666,43.606036,3.882393
2026-01-31,09:30:38,2026-01-31T09:30:38+01:00,STATION,"Deux Ponts - Gare Saint-Roch",0,8,8,0.0,43.604319,3.880916
2026-01-31,09:30:38,2026-01-31T09:30:38+01:00,STATION,"Providence - Ovalie",0,8,8,0.0,43.588239,3.853421
2026-01-31,09:30:38,2026-01-31T09:30:38+01:00,STATION,"Pérols Etang de l Or",40,28,68,0.5882352941176471,43.558351,3.963412
2026-01-31,09:30:38,2026-01-31T09:30:38+01:00,STATION,"Albert 1er - Cathédrale",2,9,12,0.25,43.614005,3.873218
2026-01-31,09:30:38,2026-01-31T09:30:38+01:00,STATION,"Saint-Guilhem - Courreau",1,7,8,0.125,43.608996,3.872752
2026-01-31,09:30:38,2026-01-31T09:30:38+01:00,STATION,"Sud De France",5,1,8,0.875,43.59562,3.9235
2026-01-31,09:30:38,2026-01-31T09:30:38+01:00,STATION,"Comedie Baudin",0,8,8,0.0,43.608717,3.880787
2026-01-31,09:30:38,2026-01-31T09:30:38+01:00,STATION,"Jean de Beins",5,11,16,0.3125,43.609857,3.883884
2026-01-31,10:28:08,2026-01-31T10:28:08+01:00,STATION,"Rue Jules Ferry - Gare Saint-Roch",2,10,12,0.16666666666666666,43.605366,3.881346
2026-01-31,10:28:08,2026-01-31T10:28:08+01:00,STATION,"Comédie",2,18,20,0.1,43.608148,3.878778
2026-01-31,10:28:08,2026-01-31T10:28:08+01:00,STATION,"Hôtel de Ville",9,6,16,0.625,43.599088,3.894866
2026-01-31,10:28:08,2026-01-31T10:28:08+01:00,STATION,"Corum",11,1,12,0.9166666666666666,43.613989,3.8816
2026-01-31,10:28:08,2026-01-31T10:28:08+01:00,STATION,"Place Albert 1er - St Charles",6,21,27,0.2222222222222222,43.616768,3.873375
2026-01-31,10:28:08,2026-01-31T10:28:08+01:00,STATION,"Foch",1,3,8,0.625,43.610989,3.873345
2026-01-31,10:28:08,2026-01-31T10:28:08+01:00,STATION,"Halles Castellane",0,12,12,0.0,43.609935,3.877208
2026-01-31,10:28:08,2026-01-31T10:28:08+01:00,STATION,"Observatoire",0,6,8,0.25,43.606301,3.87724
2026-01-31,10:28:08,2026-01-31T10:28:08+01:00,STATION,"Rondelet",1,15,16,0.0625,43.603038,3.875796
2026-01-31,10:28:08,2026-01-31T10:28:08+01:00,STATION,"Plan Cabanes",4,8,12,0.3333333333333333,43.608491,3.868389
2026-01-31,10:28:08,2026-01-31T10:28:08+01:00,STATION,"Boutonnet",8,4,12,0.6666666666666666,43.622629,3.868375
2026-01-31,10:28:08,2026-01-31T10:28:08+01:00,STATION,"Emile Combes",5,3,8,0.625,43.616742,3.87998
2026-01-31,10:28:08,2026-01-31T10:28:08+01:00,STATION,"Beaux-Arts",1,15,16,0.0625,43.616698,3.884981
2026-01-31,10:28:08,2026-01-31T10:28:08+01:00,STATION,"Les Aubes",7,1,8,0.875,43.618692,3.893844
2026-01-31,10:28:08,2026-01-31T10:28:08+01:00,STATION,"Antigone centre",8,4,12,0.6666666666666666,43.607942,3.890634
2026-01-31,10:28:08,2026-01-31T10:28:08+01:00,STATION,"Médiathèque Emile Zola",11,5,16,0.6875,43.608218,3.89314
2026-01-31,10:28:08,2026-01-31T10:28:08+01:00,STATION,"Nombre d Or",3,13,16,0.1875,43.607859,3.886644
2026-01-31,10:28:08,2026-01-31T10:28:08+01:00,STATION,"Louis Blanc",12,4,16,0.75,43.614642,3.877648
2026-01-31,10:28:08,2026-01-31T10:28:08+01:00,STATION,"Gambetta",1,7,8,0.125,43.607106,3.870693
2026-01-31,10:28:08,2026-01-31T10:28:08+01:00,STATION,"Port Marianne",8,8,16,0.5,43.60032,3.89851
2026-01-31,10:28:08,2026-01-31T10:28:08+01:00,STATION,"Les Arceaux",4,4,8,0.5,43.612659,3.867734
2026-01-31,10:28:08,2026-01-31T10:28:08+01:00,STATION,"Cité Mion",3,4,8,0.5,43.601143,3.884373
2026-01-31,10:28:08,2026-01-31T10:28:08+01:00,STATION,"Nouveau Saint-Roch",2,6,8,0.25,43.599817,3.875757
2026-01-31,10:28:08,2026-01-31T10:28:08+01:00,STATION,"Renouvier",5,2,8,0.75,43.603553,3.867884
2026-01-31,10:28:08,2026-01-31T10:28:08+01:00,STATION,"Odysseum",0,8,8,0.0,43.603727,3.918979
2026-01-31,10:28:08,2026-01-31T10:28:08+01:00,STATION,"Saint-Denis",0,8,8,0.0,43.605021,3.875065
2026-01-31,10:28:08,2026-01-31T10:28:08+01:00,STATION,"Richter",15,1,16,0.9375,43.603424,3.899263
2026-01-31,10:28:08,2026-01-31T10:28:08+01:00,STATION,"Charles Flahault",4,4,8,0.5,43.622038,3.86672
2026-01-31,10:28:08,2026-01-31T10:28:08+01:00,STATION,"Voltaire",4,4,8,0.5,43.603767,3.888659
2026-01-31,10:28:08,2026-01-31T10:28:08+01:00,STATION,"Prés d Arènes",5,3,8,0.625,43.59048,3.884611
2026-01-31,10:28:08,2026-01-31T10:28:08+01:00,STATION,"Garcia Lorca",6,2,8,0.75,43.590757,3.890616
2026-01-31,10:28:08,2026-01-31T10:28:08+01:00,STATION,"Vert Bois",1,15,16,0.0625,43.63543,3.871179
2026-01-31,10:28:08,2026-01-31T10:28:08+01:00,STATION,"Malbosc",2,6,8,0.25,43.633679,3.832861
2026-01-31,10:28:08,2026-01-31T10:28:08+01:00,STATION,"Occitanie",14,18,32,0.4375,43.635689,3.849597
2026-01-31,10:28:08,2026-01-31T10:28:08+01:00,STATION,"FacdesSciences",15,9,24,0.625,43.631318,3.861299
2026-01-31,10:28:08,2026-01-31T10:28:08+01:00,STATION,"Fac de Lettres",1,11,12,0.08333333333333333,43.630437,3.869539
2026-01-31,10:28:08,2026-01-31T10:28:08+01:00,STATION,"Aiguelongue",5,2,8,0.75,43.626163,3.882492
2026-01-31,10:28:08,2026-01-31T10:28:08+01:00,STATION,"Jeu de Mail des Abbés",2,6,8,0.25,43.619701,3.883831
2026-01-31,10:28:08,2026-01-31T10:28:08+01:00,STATION,"Euromédecine",4,4,8,0.5,43.639119,3.828199
2026-01-31,10:28:08,2026-01-31T10:28:08+01:00,STATION,"Marie Caizergues",6,2,8,0.75,43.619871,3.873812
2026-01-31,10:28:08,2026-01-31T10:28:08+01:00,STATION,"Sabines",3,5,8,0.375,43.584211,3.860031
2026-01-31,10:28:08,2026-01-31T10:28:08+01:00,STATION,"Celleneuve",5,3,8,0.625,43.61467,3.832624
2026-01-31,10:28:08,2026-01-31T10:28:08+01:00,STATION,"Jardin de la Lironde",7,1,8,0.875,43.60585,3.911576
2026-01-31,10:28:08,2026-01-31T10:28:08+01:00,STATION,"Père Soulas",7,1,8,0.875,43.621983,3.855603
2026-01-31,10:28:08,2026-01-31T10:28:08+01:00,STATION,"Place Viala",5,2,8,0.75,43.616812,3.855075
2026-01-31,10:28:08,2026-01-31T10:28:08+01:00,STATION,"Hôtel du Département",2,6,8,0.25,43.621682,3.83477
2026-01-31,10:28:08,2026-01-31T10:28:08+01:00,STATION,"Tonnelles",0,8,8,0.0,43.615155,3.839466
2026-01-31,10:28:08,2026-01-31T10:28:08+01:00,STATION,"Parvis Jules Ferry - Gare Saint-Roch",1,7,8,0.125,43.603889,3.879362
2026-01-31,10:28:08,2026-01-31T10:28:08+01:00,STATION,"Pont de Lattes - Gare Saint-Roch",2,10,12,0.16666666666666666,43.606036,3.882393
2026-01-31,10:28:08,2026-01-31T10:28:08+01:00,STATION,"Deux Ponts - Gare Saint-Roch",0,8,8,0.0,43.604319,3.880916
2026-01-31,10:28:08,2026-01-31T10:28:08+01:00,STATION,"Providence - Ovalie",0,8,8,0.0,43.588239,3.853421
2026-01-31,10:28:08,2026-01-31T10:28:08+01:00,STATION,"Pérols Etang de l Or",40,28,68,0.5882352941176471,43.558351,3.963412
2026-01-31,10:28:08,2026-01-31T10:28:08+01:00,STATION,"Albert 1er - Cathédrale",2,9,12,0.25,43.614005,3.873218
2026-01-31,10:28:08,2026-01-31T10:28:08+01:00,STATION,"Saint-Guilhem - Courreau",1,7,8,0.125,43.608996,3.872752
2026-01-31,10:28:08,2026-01-31T10:28:08+01:00,STATION,"Sud De France",5,1,8,0.875,43.59562,3.9235
2026-01-31,10:28:08,2026-01-31T10:28:08+01:00,STATION,"Comedie Baudin",0,8,8,0.0,43.608717,3.880787
2026-01-31,10:28:08,2026-01-31T10:28:08+01:00,STATION,"Jean de Beins",5,11,16,0.3125,43.609857,3.883884
2026-01-31,10:52:34,2026-01-31T10:52:34+01:00,STATION,"Rue Jules Ferry - Gare Saint-Roch",2,10,12,0.16666666666666666,43.605366,3.881346
2026-01-31,10:52:34,2026-01-31T10:52:34+01:00,STATION,"Comédie",2,18,20,0.1,43.608148,3.878778
2026-01-31,10:52:34,2026-01-31T10:52:34+01:00,STATION,"Hôtel de Ville",9,6,16,0.625,43.599088,3.894866
2026-01-31,10:52:34,2026-01-31T10:52:34+01:00,STATION,"Corum",11,1,12,0.9166666666666666,43.613989,3.8816
2026-01-31,10:52:34,2026-01-31T10:52:34+01:00,STATION,"Place Albert 1er - St Charles",6,21,27,0.2222222222222222,43.616768,3.873375
2026-01-31,10:52:34,2026-01-31T10:52:34+01:00,STATION,"Foch",1,3,8,0.625,43.610989,3.873345
2026-01-31,10:52:34,2026-01-31T10:52:34+01:00,STATION,"Halles Castellane",0,12,12,0.0,43.609935,3.877208
2026-01-31,10:52:34,2026-01-31T10:52:34+01:00,STATION,"Observatoire",0,6,8,0.25,43.606301,3.87724
2026-01-31,10:52:34,2026-01-31T10:52:34+01:00,STATION,"Rondelet",1,15,16,0.0625,43.603038,3.875796
2026-01-31,10:52:34,2026-01-31T10:52:34+01:00,STATION,"Plan Cabanes",4,8,12,0.3333333333333333,43.608491,3.868389
2026-01-31,10:52:34,2026-01-31T10:52:34+01:00,STATION,"Boutonnet",8,4,12,0.6666666666666666,43.622629,3.868375
2026-01-31,10:52:34,2026-01-31T10:52:34+01:00,STATION,"Emile Combes",5,3,8,0.625,43.616742,3.87998
2026-01-31,10:52:34,2026-01-31T10:52:34+01:00,STATION,"Beaux-Arts",1,15,16,0.0625,43.616698,3.884981
2026-01-31,10:52:34,2026-01-31T10:52:34+01:00,STATION,"Les Aubes",7,1,8,0.875,43.618692,3.893844
2026-01-31,10:52:34,2026-01-31T10:52:34+01:00,STATION,"Antigone centre",8,4,12,0.6666666666666666,43.607942,3.890634
2026-01-31,10:52:34,2026-01-31T10:52:34+01:00,STATION,"Médiathèque Emile Zola",11,5,16,0.6875,43.608218,3.89314
2026-01-31,10:52:34,2026-01-31T10:52:34+01:00,STATION,"Nombre d Or",3,13,16,0.1875,43.607859,3.886644
2026-01-31,10:52:34,2026-01-31T10:52:34+01:00,STATION,"Louis Blanc",12,4,16,0.75,43.614642,3.877648
2026-01-31,10:52:34,2026-01-31T10:52:34+01:00,STATION,"Gambetta",1,7,8,0.125,43.607106,3.870693
2026-01-31,10:52:34,2026-01-31T10:52:34+01:00,STATION,"Port Marianne",8,8,16,0.5,43.60032,3.89851
2026-01-31,10:52:34,2026-01-31T10:52:34+01:00,STATION,"Les Arceaux",4,4,8,0.5,43.612659,3.867734
2026-01-31,10:52:34,2026-01-31T10:52:34+01:00,STATION,"Cité Mion",3,4,8,0.5,43.601143,3.884373
2026-01-31,10:52:34,2026-01-31T10:52:34+01:00,STATION,"Nouveau Saint-Roch",2,6,8,0.25,43.599817,3.875757
2026-01-31,10:52:34,2026-01-31T10:52:34+01:00,STATION,"Renouvier",5,2,8,0.75,43.603553,3.867884
2026-01-31,10:52:34,2026-01-31T10:52:34+01:00,STATION,"Odysseum",0,8,8,0.0,43.603727,3.918979
2026-01-31,10:52:34,2026-01-31T10:52:34+01:00,STATION,"Saint-Denis",0,8,8,0.0,43.605021,3.875065
2026-01-31,10:52:34,2026-01-31T10:52:34+01:00,STATION,"Richter",15,1,16,0.9375,43.603424,3.899263
2026-01-31,10:52:34,2026-01-31T10:52:34+01:00,STATION,"Charles Flahault",4,4,8,0.5,43.622038,3.86672
2026-01-31,10:52:34,2026-01-31T10:52:34+01:00,STATION,"Voltaire",4,4,8,0.5,43.603767,3.888659
2026-01-31,10:52:34,2026-01-31T10:52:34+01:00,STATION,"Prés d Arènes",5,3,8,0.625,43.59048,3.884611
2026-01-31,10:52:34,2026-01-31T10:52:34+01:00,STATION,"Garcia Lorca",6,2,8,0.75,43.590757,3.890616
2026-01-31,10:52:34,2026-01-31T10:52:34+01:00,STATION,"Vert Bois",1,15,16,0.0625,43.63543,3.871179
2026-01-31,10:52:34,2026-01-31T10:52:34+01:00,STATION,"Malbosc",2,6,8,0.25,43.633679,3.832861
2026-01-31,10:52:34,2026-01-31T10:52:34+01:00,STATION,"Occitanie",14,18,32,0.4375,43.635689,3.849597
2026-01-31,10:52:34,2026-01-31T10:52:34+01:00,STATION,"FacdesSciences",15,9,24,0.625,43.631318,3.861299
2026-01-31,10:52:34,2026-01-31T10:52:34+01:00,STATION,"Fac de Lettres",1,11,12,0.08333333333333333,43.630437,3.869539
2026-01-31,10:52:34,2026-01-31T10:52:34+01:00,STATION,"Aiguelongue",5,2,8,0.75,43.626163,3.882492
2026-01-31,10:52:34,2026-01-31T10:52:34+01:00,STATION,"Jeu de Mail des Abbés",2,6,8,0.25,43.619701,3.883831
2026-01-31,10:52:34,2026-01-31T10:52:34+01:00,STATION,"Euromédecine",4,4,8,0.5,43.639119,3.828199
2026-01-31,10:52:34,2026-01-31T10:52:34+01:00,STATION,"Marie Caizergues",6,2,8,0.75,43.619871,3.873812
2026-01-31,10:52:34,2026-01-31T10:52:34+01:00,STATION,"Sabines",3,5,8,0.375,43.584211,3.860031
2026-01-31,10:52:34,2026-01-31T10:52:34+01:00,STATION,"Celleneuve",5,3,8,0.625,43.61467,3.832624
2026-01-31,10:52:34,2026-01-31T10:52:34+01:00,STATION,"Jardin de la Lironde",7,1,8,0.875,43.60585,3.911576
2026-01-31,10:52:34,2026-01-31T10:52:34+01:00,STATION,"Père Soulas",7,1,8,0.875,43.621983,3.855603
2026-01-31,10:52:34,2026-01-31T10:52:34+01:00,STATION,"Place Viala",5,2,8,0.75,43.616812,3.855075
2026-01-31,10:52:34,2026-01-31T10:52:34+01:00,STATION,"Hôtel du Département",2,6,8,0.25,43.621682,3.83477
2026-01-31,10:52:34,2026-01-31T10:52:34+01:00,STATION,"Tonnelles",0,8,8,0.0,43.615155,3.839466
2026-01-31,10:52:34,2026-01-31T10:52:34+01:00,STATION,"Parvis Jules Ferry - Gare Saint-Roch",1,7,8,0.125,43.603889,3.879362
2026-01-31,10:52:34,2026-01-31T10:52:34+01:00,STATION,"Pont de Lattes - Gare Saint-Roch",2,10,12,0.16666666666666666,43.606036,3.882393
2026-01-31,10:52:34,2026-01-31T10:52:34+01:00,STATION,"Deux Ponts - Gare Saint-Roch",0,8,8,0.0,43.604319,3.880916
2026-01-31,10:52:34,2026-01-31T10:52:34+01:00,STATION,"Providence - Ovalie",0,8,8,0.0,43.588239,3.853421
2026-01-31,10:52:34,2026-01-31T10:52:34+01:00,STATION,"Pérols Etang de l Or",40,28,68,0.5882352941176471,43.558351,3.963412
2026-01-31,10:52:34,2026-01-31T10:52:34+01:00,STATION,"Albert 1er - Cathédrale",2,9,12,0.25,43.614005,3.873218
2026-01-31,10:52:34,2026-01-31T10:52:34+01:00,STATION,"Saint-Guilhem - Courreau",1,7,8,0.125,43.608996,3.872752
2026-01-31,10:52:34,2026-01-31T10:52:34+01:00,STATION,"Sud De France",5,1,8,0.875,43.59562,3.9235
2026-01-31,10:52:34,2026-01-31T10:52:34+01:00,STATION,"Comedie Baudin",0,8,8,0.0,43.608717,3.880787
2026-01-31,10:52:34,2026-01-31T10:52:34+01:00,STATION,"Jean de Beins",5,11,16,0.3125,43.609857,3.883884
2026-01-31,11:24:18,2026-01-31T11:24:18+01:00,STATION,"Rue Jules Ferry - Gare Saint-Roch",2,10,12,0.16666666666666666,43.605366,3.881346
2026-01-31,11:24:18,2026-01-31T11:24:18+01:00,STATION,"Comédie",2,18,20,0.1,43.608148,3.878778
2026-01-31,11:24:18,2026-01-31T11:24:18+01:00,STATION,"Hôtel de Ville",9,6,16,0.625,43.599088,3.894866
2026-01-31,11:24:18,2026-01-31T11:24:18+01:00,STATION,"Corum",11,1,12,0.9166666666666666,43.613989,3.8816
2026-01-31,11:24:18,2026-01-31T11:24:18+01:00,STATION,"Place Albert 1er - St Charles",6,21,27,0.2222222222222222,43.616768,3.873375
2026-01-31,11:24:18,2026-01-31T11:24:18+01:00,STATION,"Foch",1,3,8,0.625,43.610989,3.873345
2026-01-31,11:24:18,2026-01-31T11:24:18+01:00,STATION,"Halles Castellane",0,12,12,0.0,43.609935,3.877208
2026-01-31,11:24:18,2026-01-31T11:24:18+01:00,STATION,"Observatoire",0,6,8,0.25,43.606301,3.87724
2026-01-31,11:24:18,2026-01-31T11:24:18+01:00,STATION,"Rondelet",1,15,16,0.0625,43.603038,3.875796
2026-01-31,11:24:18,2026-01-31T11:24:18+01:00,STATION,"Plan Cabanes",3,9,12,0.25,43.608491,3.868389
2026-01-31,11:24:18,2026-01-31T11:24:18+01:00,STATION,"Boutonnet",8,4,12,0.6666666666666666,43.622629,3.868375
2026-01-31,11:24:18,2026-01-31T11:24:18+01:00,STATION,"Emile Combes",5,3,8,0.625,43.616742,3.87998
2026-01-31,11:24:18,2026-01-31T11:24:18+01:00,STATION,"Beaux-Arts",1,15,16,0.0625,43.616698,3.884981
2026-01-31,11:24:18,2026-01-31T11:24:18+01:00,STATION,"Les Aubes",7,1,8,0.875,43.618692,3.893844
2026-01-31,11:24:18,2026-01-31T11:24:18+01:00,STATION,"Antigone centre",8,4,12,0.6666666666666666,43.607942,3.890634
2026-01-31,11:24:18,2026-01-31T11:24:18+01:00,STATION,"Médiathèque Emile Zola",11,5,16,0.6875,43.608218,3.89314
2026-01-31,11:24:18,2026-01-31T11:24:18+01:00,STATION,"Nombre d Or",3,13,16,0.1875,43.607859,3.886644
2026-01-31,11:24:18,2026-01-31T11:24:18+01:00,STATION,"Louis Blanc",12,4,16,0.75,43.614642,3.877648
2026-01-31,11:24:18,2026-01-31T11:24:18+01:00,STATION,"Gambetta",1,7,8,0.125,43.607106,3.870693
2026-01-31,11:24:18,2026-01-31T11:24:18+01:00,STATION,"Port Marianne",8,8,16,0.5,43.60032,3.89851
2026-01-31,11:24:18,2026-01-31T11:24:18+01:00,STATION,"Les Arceaux",4,4,8,0.5,43.612659,3.867734
2026-01-31,11:24:18,2026-01-31T11:24:18+01:00,STATION,"Cité Mion",3,4,8,0.5,43.601143,3.884373
2026-01-31,11:24:18,2026-01-31T11:24:18+01:00,STATION,"Nouveau Saint-Roch",2,6,8,0.25,43.599817,3.875757
2026-01-31,11:24:18,2026-01-31T11:24:18+01:00,STATION,"Renouvier",5,2,8,0.75,43.603553,3.867884
2026-01-31,11:24:18,2026-01-31T11:24:18+01:00,STATION,"Odysseum",0,8,8,0.0,43.603727,3.918979
2026-01-31,11:24:18,2026-01-31T11:24:18+01:00,STATION,"Saint-Denis",0,8,8,0.0,43.605021,3.875065
2026-01-31,11:24:18,2026-01-31T11:24:18+01:00,STATION,"Richter",15,1,16,0.9375,43.603424,3.899263
2026-01-31,11:24:18,2026-01-31T11:24:18+01:00,STATION,"Charles Flahault",4,4,8,0.5,43.622038,3.86672
2026-01-31,11:24:18,2026-01-31T11:24:18+01:00,STATION,"Voltaire",4,4,8,0.5,43.603767,3.888659
2026-01-31,11:24:18,2026-01-31T11:24:18+01:00,STATION,"Prés d Arènes",4,4,8,0.5,43.59048,3.884611
2026-01-31,11:24:18,2026-01-31T11:24:18+01:00,STATION,"Garcia Lorca",6,2,8,0.75,43.590757,3.890616
2026-01-31,11:24:18,2026-01-31T11:24:18+01:00,STATION,"Vert Bois",1,15,16,0.0625,43.63543,3.871179
2026-01-31,11:24:18,2026-01-31T11:24:18+01:00,STATION,"Malbosc",2,6,8,0.25,43.633679,3.832861
2026-01-31,11:24:18,2026-01-31T11:24:18+01:00,STATION,"Occitanie",14,18,32,0.4375,43.635689,3.849597
2026-01-31,11:24:18,2026-01-31T11:24:18+01:00,STATION,"FacdesSciences",15,9,24,0.625,43.631318,3.861299
2026-01-31,11:24:18,2026-01-31T11:24:18+01:00,STATION,"Fac de Lettres",1,11,12,0.08333333333333333,43.630437,3.869539
2026-01-31,11:24:18,2026-01-31T11:24:18+01:00,STATION,"Aiguelongue",5,2,8,0.75,43.626163,3.882492
2026-01-31,11:24:18,2026-01-31T11:24:18+01:00,STATION,"Jeu de Mail des Abbés",2,6,8,0.25,43.619701,3.883831
2026-01-31,11:24:18,2026-01-31T11:24:18+01:00,STATION,"Euromédecine",4,4,8,0.5,43.639119,3.828199
2026-01-31,11:24:18,2026-01-31T11:24:18+01:00,STATION,"Marie Caizergues",6,2,8,0.75,43.619871,3.873812
2026-01-31,11:24:18,2026-01-31T11:24:18+01:00,STATION,"Sabines",3,5,8,0.375,43.584211,3.860031
2026-01-31,11:24:18,2026-01-31T11:24:18+01:00,STATION,"Celleneuve",5,3,8,0.625,43.61467,3.832624
2026-01-31,11:24:18,2026-01-31T11:24:18+01:00,STATION,"Jardin de la Lironde",7,1,8,0.875,43.60585,3.911576
2026-01-31,11:24:18,2026-01-31T11:24:18+01:00,STATION,"Père Soulas",7,1,8,0.875,43.621983,3.855603
2026-01-31,11:24:18,2026-01-31T11:24:18+01:00,STATION,"Place Viala",5,2,8,0.75,43.616812,3.855075
2026-01-31,11:24:18,2026-01-31T11:24:18+01:00,STATION,"Hôtel du Département",2,6,8,0.25,43.621682,3.83477
2026-01-31,11:24:18,2026-01-31T11:24:18+01:00,STATION,"Tonnelles",0,8,8,0.0,43.615155,3.839466
2026-01-31,11:24:18,2026-01-31T11:24:18+01:00,STATION,"Parvis Jules Ferry - Gare Saint-Roch",1,7,8,0.125,43.603889,3.879362
2026-01-31,11:24:18,2026-01-31T11:24:18+01:00,STATION,"Pont de Lattes - Gare Saint-Roch",2,10,12,0.16666666666666666,43.606036,3.882393
2026-01-31,11:24:18,2026-01-31T11:24:18+01:00,STATION,"Deux Ponts - Gare Saint-Roch",0,8,8,0.0,43.604319,3.880916
2026-01-31,11:24:18,2026-01-31T11:24:18+01:00,STATION,"Providence - Ovalie",0,8,8,0.0,43.588239,3.853421
2026-01-31,11:24:18,2026-01-31T11:24:18+01:00,STATION,"Pérols Etang de l Or",40,28,68,0.5882352941176471,43.558351,3.963412
2026-01-31,11:24:18,2026-01-31T11:24:18+01:00,STATION,"Albert 1er - Cathédrale",2,9,12,0.25,43.614005,3.873218
2026-01-31,11:24:18,2026-01-31T11:24:18+01:00,STATION,"Saint-Guilhem - Courreau",1,7,8,0.125,43.608996,3.872752
2026-01-31,11:24:18,2026-01-31T11:24:18+01:00,STATION,"Sud De France",5,1,8,0.875,43.59562,3.9235
2026-01-31,11:24:18,2026-01-31T11:24:18+01:00,STATION,"Comedie Baudin",0,8,8,0.0,43.608717,3.880787
2026-01-31,11:24:18,2026-01-31T11:24:18+01:00,STATION,"Jean de Beins",5,11,16,0.3125,43.609857,3.883884
2026-01-31,11:51:15,2026-01-31T11:51:15+01:00,STATION,"Rue Jules Ferry - Gare Saint-Roch",2,10,12,0.16666666666666666,43.605366,3.881346
2026-01-31,11:51:15,2026-01-31T11:51:15+01:00,STATION,"Comédie",2,18,20,0.1,43.608148,3.878778
2026-01-31,11:51:15,2026-01-31T11:51:15+01:00,STATION,"Hôtel de Ville",9,6,16,0.625,43.599088,3.894866
2026-01-31,11:51:15,2026-01-31T11:51:15+01:00,STATION,"Corum",11,1,12,0.9166666666666666,43.613989,3.8816
2026-01-31,11:51:15,2026-01-31T11:51:15+01:00,STATION,"Place Albert 1er - St Charles",4,23,27,0.14814814814814814,43.616768,3.873375
2026-01-31,11:51:15,2026-01-31T11:51:15+01:00,STATION,"Foch",1,3,8,0.625,43.610989,3.873345
2026-01-31,11:51:15,2026-01-31T11:51:15+01:00,STATION,"Halles Castellane",0,12,12,0.0,43.609935,3.877208
2026-01-31,11:51:15,2026-01-31T11:51:15+01:00,STATION,"Observatoire",0,6,8,0.25,43.606301,3.87724
2026-01-31,11:51:15,2026-01-31T11:51:15+01:00,STATION,"Rondelet",1,15,16,0.0625,43.603038,3.875796
2026-01-31,11:51:15,2026-01-31T11:51:15+01:00,STATION,"Plan Cabanes",4,8,12,0.3333333333333333,43.608491,3.868389
2026-01-31,11:51:15,2026-01-31T11:51:15+01:00,STATION,"Boutonnet",7,5,12,0.5833333333333334,43.622629,3.868375
2026-01-31,11:51:15,2026-01-31T11:51:15+01:00,STATION,"Emile Combes",5,3,8,0.625,43.616742,3.87998
2026-01-31,11:51:15,2026-01-31T11:51:15+01:00,STATION,"Beaux-Arts",1,15,16,0.0625,43.616698,3.884981
2026-01-31,11:51:15,2026-01-31T11:51:15+01:00,STATION,"Les Aubes",7,1,8,0.875,43.618692,3.893844
2026-01-31,11:51:15,2026-01-31T11:51:15+01:00,STATION,"Antigone centre",8,4,12,0.6666666666666666,43.607942,3.890634
2026-01-31,11:51:15,2026-01-31T11:51:15+01:00,STATION,"Médiathèque Emile Zola",11,5,16,0.6875,43.608218,3.89314
2026-01-31,11:51:15,2026-01-31T11:51:15+01:00,STATION,"Nombre d Or",3,13,16,0.1875,43.607859,3.886644
2026-01-31,11:51:15,2026-01-31T11:51:15+01:00,STATION,"Louis Blanc",12,4,16,0.75,43.614642,3.877648
2026-01-31,11:51:15,2026-01-31T11:51:15+01:00,STATION,"Gambetta",1,7,8,0.125,43.607106,3.870693
2026-01-31,11:51:15,2026-01-31T11:51:15+01:00,STATION,"Port Marianne",8,8,16,0.5,43.60032,3.89851
2026-01-31,11:51:15,2026-01-31T11:51:15+01:00,STATION,"Les Arceaux",4,4,8,0.5,43.612659,3.867734
2026-01-31,11:51:15,2026-01-31T11:51:15+01:00,STATION,"Cité Mion",3,4,8,0.5,43.601143,3.884373
2026-01-31,11:51:15,2026-01-31T11:51:15+01:00,STATION,"Nouveau Saint-Roch",2,6,8,0.25,43.599817,3.875757
2026-01-31,11:51:15,2026-01-31T11:51:15+01:00,STATION,"Renouvier",5,2,8,0.75,43.603553,3.867884
2026-01-31,11:51:15,2026-01-31T11:51:15+01:00,STATION,"Odysseum",0,8,8,0.0,43.603727,3.918979
2026-01-31,11:51:15,2026-01-31T11:51:15+01:00,STATION,"Saint-Denis",0,8,8,0.0,43.605021,3.875065
2026-01-31,11:51:15,2026-01-31T11:51:15+01:00,STATION,"Richter",15,1,16,0.9375,43.603424,3.899263
2026-01-31,11:51:15,2026-01-31T11:51:15+01:00,STATION,"Charles Flahault",4,4,8,0.5,43.622038,3.86672
2026-01-31,11:51:15,2026-01-31T11:51:15+01:00,STATION,"Voltaire",4,4,8,0.5,43.603767,3.888659
2026-01-31,11:51:15,2026-01-31T11:51:15+01:00,STATION,"Prés d Arènes",4,4,8,0.5,43.59048,3.884611
2026-01-31,11:51:15,2026-01-31T11:51:15+01:00,STATION,"Garcia Lorca",6,2,8,0.75,43.590757,3.890616
2026-01-31,11:51:15,2026-01-31T11:51:15+01:00,STATION,"Vert Bois",1,15,16,0.0625,43.63543,3.871179
2026-01-31,11:51:15,2026-01-31T11:51:15+01:00,STATION,"Malbosc",2,6,8,0.25,43.633679,3.832861
2026-01-31,11:51:15,2026-01-31T11:51:15+01:00,STATION,"Occitanie",14,18,32,0.4375,43.635689,3.849597
2026-01-31,11:51:15,2026-01-31T11:51:15+01:00,STATION,"FacdesSciences",15,9,24,0.625,43.631318,3.861299
2026-01-31,11:51:15,2026-01-31T11:51:15+01:00,STATION,"Fac de Lettres",3,9,12,0.25,43.630437,3.869539
2026-01-31,11:51:15,2026-01-31T11:51:15+01:00,STATION,"Aiguelongue",5,2,8,0.75,43.626163,3.882492
2026-01-31,11:51:15,2026-01-31T11:51:15+01:00,STATION,"Jeu de Mail des Abbés",2,6,8,0.25,43.619701,3.883831
2026-01-31,11:51:15,2026-01-31T11:51:15+01:00,STATION,"Euromédecine",4,4,8,0.5,43.639119,3.828199
2026-01-31,11:51:15,2026-01-31T11:51:15+01:00,STATION,"Marie Caizergues",6,2,8,0.75,43.619871,3.873812
2026-01-31,11:51:15,2026-01-31T11:51:15+01:00,STATION,"Sabines",3,5,8,0.375,43.584211,3.860031
2026-01-31,11:51:15,2026-01-31T11:51:15+01:00,STATION,"Celleneuve",5,3,8,0.625,43.61467,3.832624
2026-01-31,11:51:15,2026-01-31T11:51:15+01:00,STATION,"Jardin de la Lironde",7,1,8,0.875,43.60585,3.911576
2026-01-31,11:51:15,2026-01-31T11:51:15+01:00,STATION,"Père Soulas",7,1,8,0.875,43.621983,3.855603
2026-01-31,11:51:15,2026-01-31T11:51:15+01:00,STATION,"Place Viala",5,2,8,0.75,43.616812,3.855075
2026-01-31,11:51:15,2026-01-31T11:51:15+01:00,STATION,"Hôtel du Département",2,6,8,0.25,43.621682,3.83477
2026-01-31,11:51:15,2026-01-31T11:51:15+01:00,STATION,"Tonnelles",0,8,8,0.0,43.615155,3.839466
2026-01-31,11:51:15,2026-01-31T11:51:15+01:00,STATION,"Parvis Jules Ferry - Gare Saint-Roch",1,7,8,0.125,43.603889,3.879362
2026-01-31,11:51:15,2026-01-31T11:51:15+01:00,STATION,"Pont de Lattes - Gare Saint-Roch",2,10,12,0.16666666666666666,43.606036,3.882393
2026-01-31,11:51:15,2026-01-31T11:51:15+01:00,STATION,"Deux Ponts - Gare Saint-Roch",0,8,8,0.0,43.604319,3.880916
2026-01-31,11:51:15,2026-01-31T11:51:15+01:00,STATION,"Providence - Ovalie",0,8,8,0.0,43.588239,3.853421
2026-01-31,11:51:15,2026-01-31T11:51:15+01:00,STATION,"Pérols Etang de l Or",40,28,68,0.5882352941176471,43.558351,3.963412
2026-01-31,11:51:15,2026-01-31T11:51:15+01:00,STATION,"Albert 1er - Cathédrale",3,8,12,0.3333333333333333,43.614005,3.873218
2026-01-31,11:51:15,2026-01-31T11:51:15+01:00,STATION,"Saint-Guilhem - Courreau",2,6,8,0.25,43.608996,3.872752
2026-01-31,11:51:15,2026-01-31T11:51:15+01:00,STATION,"Sud De France",5,1,8,0.875,43.59562,3.9235
2026-01-31,11:51:15,2026-01-31T11:51:15+01:00,STATION,"Comedie Baudin",0,8,8,0.0,43.608717,3.880787
2026-01-31,11:51:15,2026-01-31T11:51:15+01:00,STATION,"Jean de Beins",5,11,16,0.3125,43.609857,3.883884
2026-01-31,12:20:29,2026-01-31T12:20:29+01:00,STATION,"Rue Jules Ferry - Gare Saint-Roch",2,10,12,0.16666666666666666,43.605366,3.881346
2026-01-31,12:20:29,2026-01-31T12:20:29+01:00,STATION,"Comédie",2,18,20,0.1,43.608148,3.878778
2026-01-31,12:20:29,2026-01-31T12:20:29+01:00,STATION,"Hôtel de Ville",9,6,16,0.625,43.599088,3.894866
2026-01-31,12:20:29,2026-01-31T12:20:29+01:00,STATION,"Corum",11,1,12,0.9166666666666666,43.613989,3.8816
2026-01-31,12:20:29,2026-01-31T12:20:29+01:00,STATION,"Place Albert 1er - St Charles",4,23,27,0.14814814814814814,43.616768,3.873375
2026-01-31,12:20:29,2026-01-31T12:20:29+01:00,STATION,"Foch",1,3,8,0.625,43.610989,3.873345
2026-01-31,12:20:29,2026-01-31T12:20:29+01:00,STATION,"Halles Castellane",0,12,12,0.0,43.609935,3.877208
2026-01-31,12:20:29,2026-01-31T12:20:29+01:00,STATION,"Observatoire",0,6,8,0.25,43.606301,3.87724
2026-01-31,12:20:29,2026-01-31T12:20:29+01:00,STATION,"Rondelet",1,15,16,0.0625,43.603038,3.875796
2026-01-31,12:20:29,2026-01-31T12:20:29+01:00,STATION,"Plan Cabanes",4,8,12,0.3333333333333333,43.608491,3.868389
2026-01-31,12:20:29,2026-01-31T12:20:29+01:00,STATION,"Boutonnet",7,5,12,0.5833333333333334,43.622629,3.868375
2026-01-31,12:20:29,2026-01-31T12:20:29+01:00,STATION,"Emile Combes",5,3,8,0.625,43.616742,3.87998
2026-01-31,12:20:29,2026-01-31T12:20:29+01:00,STATION,"Beaux-Arts",1,15,16,0.0625,43.616698,3.884981
2026-01-31,12:20:29,2026-01-31T12:20:29+01:00,STATION,"Les Aubes",7,1,8,0.875,43.618692,3.893844
2026-01-31,12:20:29,2026-01-31T12:20:29+01:00,STATION,"Antigone centre",8,4,12,0.6666666666666666,43.607942,3.890634
2026-01-31,12:20:29,2026-01-31T12:20:29+01:00,STATION,"Médiathèque Emile Zola",11,5,16,0.6875,43.608218,3.89314
2026-01-31,12:20:29,2026-01-31T12:20:29+01:00,STATION,"Nombre d Or",3,13,16,0.1875,43.607859,3.886644
2026-01-31,12:20:29,2026-01-31T12:20:29+01:00,STATION,"Louis Blanc",12,4,16,0.75,43.614642,3.877648
2026-01-31,12:20:29,2026-01-31T12:20:29+01:00,STATION,"Gambetta",1,7,8,0.125,43.607106,3.870693
2026-01-31,12:20:29,2026-01-31T12:20:29+01:00,STATION,"Port Marianne",8,8,16,0.5,43.60032,3.89851
2026-01-31,12:20:29,2026-01-31T12:20:29+01:00,STATION,"Les Arceaux",4,4,8,0.5,43.612659,3.867734
2026-01-31,12:20:29,2026-01-31T12:20:29+01:00,STATION,"Cité Mion",3,4,8,0.5,43.601143,3.884373
2026-01-31,12:20:29,2026-01-31T12:20:29+01:00,STATION,"Nouveau Saint-Roch",2,6,8,0.25,43.599817,3.875757
2026-01-31,12:20:29,2026-01-31T12:20:29+01:00,STATION,"Renouvier",5,2,8,0.75,43.603553,3.867884
2026-01-31,12:20:29,2026-01-31T12:20:29+01:00,STATION,"Odysseum",0,8,8,0.0,43.603727,3.918979
2026-01-31,12:20:29,2026-01-31T12:20:29+01:00,STATION,"Saint-Denis",0,8,8,0.0,43.605021,3.875065
2026-01-31,12:20:29,2026-01-31T12:20:29+01:00,STATION,"Richter",15,1,16,0.9375,43.603424,3.899263
2026-01-31,12:20:29,2026-01-31T12:20:29+01:00,STATION,"Charles Flahault",4,4,8,0.5,43.622038,3.86672
2026-01-31,12:20:29,2026-01-31T12:20:29+01:00,STATION,"Voltaire",4,4,8,0.5,43.603767,3.888659
2026-01-31,12:20:29,2026-01-31T12:20:29+01:00,STATION,"Prés d Arènes",4,4,8,0.5,43.59048,3.884611
2026-01-31,12:20:29,2026-01-31T12:20:29+01:00,STATION,"Garcia Lorca",6,2,8,0.75,43.590757,3.890616
2026-01-31,12:20:29,2026-01-31T12:20:29+01:00,STATION,"Vert Bois",1,15,16,0.0625,43.63543,3.871179
2026-01-31,12:20:29,2026-01-31T12:20:29+01:00,STATION,"Malbosc",2,6,8,0.25,43.633679,3.832861
2026-01-31,12:20:29,2026-01-31T12:20:29+01:00,STATION,"Occitanie",14,18,32,0.4375,43.635689,3.849597
2026-01-31,12:20:29,2026-01-31T12:20:29+01:00,STATION,"FacdesSciences",14,10,24,0.5833333333333334,43.631318,3.861299
2026-01-31,12:20:29,2026-01-31T12:20:29+01:00,STATION,"Fac de Lettres",3,9,12,0.25,43.630437,3.869539
2026-01-31,12:20:29,2026-01-31T12:20:29+01:00,STATION,"Aiguelongue",5,2,8,0.75,43.626163,3.882492
2026-01-31,12:20:29,2026-01-31T12:20:29+01:00,STATION,"Jeu de Mail des Abbés",2,6,8,0.25,43.619701,3.883831
2026-01-31,12:20:29,2026-01-31T12:20:29+01:00,STATION,"Euromédecine",4,4,8,0.5,43.639119,3.828199
2026-01-31,12:20:29,2026-01-31T12:20:29+01:00,STATION,"Marie Caizergues",6,2,8,0.75,43.619871,3.873812
2026-01-31,12:20:29,2026-01-31T12:20:29+01:00,STATION,"Sabines",3,5,8,0.375,43.584211,3.860031
2026-01-31,12:20:29,2026-01-31T12:20:29+01:00,STATION,"Celleneuve",5,3,8,0.625,43.61467,3.832624
2026-01-31,12:20:29,2026-01-31T12:20:29+01:00,STATION,"Jardin de la Lironde",7,1,8,0.875,43.60585,3.911576
2026-01-31,12:20:29,2026-01-31T12:20:29+01:00,STATION,"Père Soulas",7,1,8,0.875,43.621983,3.855603
2026-01-31,12:20:29,2026-01-31T12:20:29+01:00,STATION,"Place Viala",5,2,8,0.75,43.616812,3.855075
2026-01-31,12:20:29,2026-01-31T12:20:29+01:00,STATION,"Hôtel du Département",2,6,8,0.25,43.621682,3.83477
2026-01-31,12:20:29,2026-01-31T12:20:29+01:00,STATION,"Tonnelles",0,8,8,0.0,43.615155,3.839466
2026-01-31,12:20:29,2026-01-31T12:20:29+01:00,STATION,"Parvis Jules Ferry - Gare Saint-Roch",1,7,8,0.125,43.603889,3.879362
2026-01-31,12:20:29,2026-01-31T12:20:29+01:00,STATION,"Pont de Lattes - Gare Saint-Roch",2,10,12,0.16666666666666666,43.606036,3.882393
2026-01-31,12:20:29,2026-01-31T12:20:29+01:00,STATION,"Deux Ponts - Gare Saint-Roch",0,8,8,0.0,43.604319,3.880916
2026-01-31,12:20:29,2026-01-31T12:20:29+01:00,STATION,"Providence - Ovalie",0,8,8,0.0,43.588239,3.853421
2026-01-31,12:20:29,2026-01-31T12:20:29+01:00,STATION,"Pérols Etang de l Or",40,28,68,0.5882352941176471,43.558351,3.963412
2026-01-31,12:20:29,2026-01-31T12:20:29+01:00,STATION,"Albert 1er - Cathédrale",3,8,12,0.3333333333333333,43.614005,3.873218
2026-01-31,12:20:29,2026-01-31T12:20:29+01:00,STATION,"Saint-Guilhem - Courreau",3,5,8,0.375,43.608996,3.872752
2026-01-31,12:20:29,2026-01-31T12:20:29+01:00,STATION,"Sud De France",5,1,8,0.875,43.59562,3.9235
2026-01-31,12:20:29,2026-01-31T12:20:29+01:00,STATION,"Comedie Baudin",0,8,8,0.0,43.608717,3.880787
2026-01-31,12:20:29,2026-01-31T12:20:29+01:00,STATION,"Jean de Beins",5,11,16,0.3125,43.609857,3.883884
2026-01-31,12:43:16,2026-01-31T12:43:16+01:00,STATION,"Rue Jules Ferry - Gare Saint-Roch",2,10,12,0.16666666666666666,43.605366,3.881346
2026-01-31,12:43:16,2026-01-31T12:43:16+01:00,STATION,"Comédie",2,18,20,0.1,43.608148,3.878778
2026-01-31,12:43:16,2026-01-31T12:43:16+01:00,STATION,"Hôtel de Ville",9,6,16,0.625,43.599088,3.894866
2026-01-31,12:43:16,2026-01-31T12:43:16+01:00,STATION,"Corum",11,1,12,0.9166666666666666,43.613989,3.8816
2026-01-31,12:43:16,2026-01-31T12:43:16+01:00,STATION,"Place Albert 1er - St Charles",4,23,27,0.14814814814814814,43.616768,3.873375
2026-01-31,12:43:16,2026-01-31T12:43:16+01:00,STATION,"Foch",1,3,8,0.625,43.610989,3.873345
2026-01-31,12:43:16,2026-01-31T12:43:16+01:00,STATION,"Halles Castellane",0,12,12,0.0,43.609935,3.877208
2026-01-31,12:43:16,2026-01-31T12:43:16+01:00,STATION,"Observatoire",0,6,8,0.25,43.606301,3.87724
2026-01-31,12:43:16,2026-01-31T12:43:16+01:00,STATION,"Rondelet",1,15,16,0.0625,43.603038,3.875796
2026-01-31,12:43:16,2026-01-31T12:43:16+01:00,STATION,"Plan Cabanes",4,8,12,0.3333333333333333,43.608491,3.868389
2026-01-31,12:43:16,2026-01-31T12:43:16+01:00,STATION,"Boutonnet",7,5,12,0.5833333333333334,43.622629,3.868375
2026-01-31,12:43:16,2026-01-31T12:43:16+01:00,STATION,"Emile Combes",5,3,8,0.625,43.616742,3.87998
2026-01-31,12:43:16,2026-01-31T12:43:16+01:00,STATION,"Beaux-Arts",1,15,16,0.0625,43.616698,3.884981
2026-01-31,12:43:16,2026-01-31T12:43:16+01:00,STATION,"Les Aubes",7,1,8,0.875,43.618692,3.893844
2026-01-31,12:43:16,2026-01-31T12:43:16+01:00,STATION,"Antigone centre",8,4,12,0.6666666666666666,43.607942,3.890634
2026-01-31,12:43:16,2026-01-31T12:43:16+01:00,STATION,"Médiathèque Emile Zola",11,5,16,0.6875,43.608218,3.89314
2026-01-31,12:43:16,2026-01-31T12:43:16+01:00,STATION,"Nombre d Or",3,13,16,0.1875,43.607859,3.886644
2026-01-31,12:43:16,2026-01-31T12:43:16+01:00,STATION,"Louis Blanc",12,4,16,0.75,43.614642,3.877648
2026-01-31,12:43:16,2026-01-31T12:43:16+01:00,STATION,"Gambetta",1,7,8,0.125,43.607106,3.870693
2026-01-31,12:43:16,2026-01-31T12:43:16+01:00,STATION,"Port Marianne",8,8,16,0.5,43.60032,3.89851
2026-01-31,12:43:16,2026-01-31T12:43:16+01:00,STATION,"Les Arceaux",5,3,8,0.625,43.612659,3.867734
2026-01-31,12:43:16,2026-01-31T12:43:16+01:00,STATION,"Cité Mion",3,4,8,0.5,43.601143,3.884373
2026-01-31,12:43:16,2026-01-31T12:43:16+01:00,STATION,"Nouveau Saint-Roch",2,6,8,0.25,43.599817,3.875757
2026-01-31,12:43:16,2026-01-31T12:43:16+01:00,STATION,"Renouvier",5,2,8,0.75,43.603553,3.867884
2026-01-31,12:43:16,2026-01-31T12:43:16+01:00,STATION,"Odysseum",0,8,8,0.0,43.603727,3.918979
2026-01-31,12:43:16,2026-01-31T12:43:16+01:00,STATION,"Saint-Denis",0,8,8,0.0,43.605021,3.875065
2026-01-31,12:43:16,2026-01-31T12:43:16+01:00,STATION,"Richter",15,1,16,0.9375,43.603424,3.899263
2026-01-31,12:43:16,2026-01-31T12:43:16+01:00,STATION,"Charles Flahault",4,4,8,0.5,43.622038,3.86672
2026-01-31,12:43:16,2026-01-31T12:43:16+01:00,STATION,"Voltaire",4,4,8,0.5,43.603767,3.888659
2026-01-31,12:43:16,2026-01-31T12:43:16+01:00,STATION,"Prés d Arènes",4,4,8,0.5,43.59048,3.884611
2026-01-31,12:43:16,2026-01-31T12:43:16+01:00,STATION,"Garcia Lorca",6,2,8,0.75,43.590757,3.890616
2026-01-31,12:43:16,2026-01-31T12:43:16+01:00,STATION,"Vert Bois",1,15,16,0.0625,43.63543,3.871179
2026-01-31,12:43:16,2026-01-31T12:43:16+01:00,STATION,"Malbosc",2,6,8,0.25,43.633679,3.832861
2026-01-31,12:43:16,2026-01-31T12:43:16+01:00,STATION,"Occitanie",14,18,32,0.4375,43.635689,3.849597
2026-01-31,12:43:16,2026-01-31T12:43:16+01:00,STATION,"FacdesSciences",14,10,24,0.5833333333333334,43.631318,3.861299
2026-01-31,12:43:16,2026-01-31T12:43:16+01:00,STATION,"Fac de Lettres",3,9,12,0.25,43.630437,3.869539
2026-01-31,12:43:16,2026-01-31T12:43:16+01:00,STATION,"Aiguelongue",5,2,8,0.75,43.626163,3.882492
2026-01-31,12:43:16,2026-01-31T12:43:16+01:00,STATION,"Jeu de Mail des Abbés",2,6,8,0.25,43.619701,3.883831
2026-01-31,12:43:16,2026-01-31T12:43:16+01:00,STATION,"Euromédecine",4,4,8,0.5,43.639119,3.828199
2026-01-31,12:43:16,2026-01-31T12:43:16+01:00,STATION,"Marie Caizergues",6,2,8,0.75,43.619871,3.873812
2026-01-31,12:43:16,2026-01-31T12:43:16+01:00,STATION,"Sabines",3,5,8,0.375,43.584211,3.860031
2026-01-31,12:43:16,2026-01-31T12:43:16+01:00,STATION,"Celleneuve",5,3,8,0.625,43.61467,3.832624
2026-01-31,12:43:16,2026-01-31T12:43:16+01:00,STATION,"Jardin de la Lironde",7,1,8,0.875,43.60585,3.911576
2026-01-31,12:43:16,2026-01-31T12:43:16+01:00,STATION,"Père Soulas",7,1,8,0.875,43.621983,3.855603
2026-01-31,12:43:16,2026-01-31T12:43:16+01:00,STATION,"Place Viala",5,2,8,0.75,43.616812,3.855075
2026-01-31,12:43:16,2026-01-31T12:43:16+01:00,STATION,"Hôtel du Département",2,6,8,0.25,43.621682,3.83477
2026-01-31,12:43:16,2026-01-31T12:43:16+01:00,STATION,"Tonnelles",0,8,8,0.0,43.615155,3.839466
2026-01-31,12:43:16,2026-01-31T12:43:16+01:00,STATION,"Parvis Jules Ferry - Gare Saint-Roch",0,8,8,0.0,43.603889,3.879362
2026-01-31,12:43:16,2026-01-31T12:43:16+01:00,STATION,"Pont de Lattes - Gare Saint-Roch",2,10,12,0.16666666666666666,43.606036,3.882393
2026-01-31,12:43:16,2026-01-31T12:43:16+01:00,STATION,"Deux Ponts - Gare Saint-Roch",0,8,8,0.0,43.604319,3.880916
2026-01-31,12:43:16,2026-01-31T12:43:16+01:00,STATION,"Providence - Ovalie",0,8,8,0.0,43.588239,3.853421
2026-01-31,12:43:16,2026-01-31T12:43:16+01:00,STATION,"Pérols Etang de l Or",38,30,68,0.5588235294117647,43.558351,3.963412
2026-01-31,12:43:16,2026-01-31T12:43:16+01:00,STATION,"Albert 1er - Cathédrale",3,8,12,0.3333333333333333,43.614005,3.873218
2026-01-31,12:43:16,2026-01-31T12:43:16+01:00,STATION,"Saint-Guilhem - Courreau",3,5,8,0.375,43.608996,3.872752
2026-01-31,12:43:16,2026-01-31T12:43:16+01:00,STATION,"Sud De France",5,1,8,0.875,43.59562,3.9235
2026-01-31,12:43:16,2026-01-31T12:43:16+01:00,STATION,"Comedie Baudin",0,8,8,0.0,43.608717,3.880787
2026-01-31,12:43:16,2026-01-31T12:43:16+01:00,STATION,"Jean de Beins",5,11,16,0.3125,43.609857,3.883884
2026-01-31,13:47:11,2026-01-31T13:47:11+01:00,STATION,"Rue Jules Ferry - Gare Saint-Roch",2,10,12,0.16666666666666666,43.605366,3.881346
2026-01-31,13:47:11,2026-01-31T13:47:11+01:00,STATION,"Comédie",1,19,20,0.05,43.608148,3.878778
2026-01-31,13:47:11,2026-01-31T13:47:11+01:00,STATION,"Hôtel de Ville",10,5,16,0.6875,43.599088,3.894866
2026-01-31,13:47:11,2026-01-31T13:47:11+01:00,STATION,"Corum",11,1,12,0.9166666666666666,43.613989,3.8816
2026-01-31,13:47:11,2026-01-31T13:47:11+01:00,STATION,"Place Albert 1er - St Charles",5,22,27,0.18518518518518517,43.616768,3.873375
2026-01-31,13:47:11,2026-01-31T13:47:11+01:00,STATION,"Foch",1,3,8,0.625,43.610989,3.873345
2026-01-31,13:47:11,2026-01-31T13:47:11+01:00,STATION,"Halles Castellane",0,12,12,0.0,43.609935,3.877208
2026-01-31,13:47:11,2026-01-31T13:47:11+01:00,STATION,"Observatoire",0,6,8,0.25,43.606301,3.87724
2026-01-31,13:47:11,2026-01-31T13:47:11+01:00,STATION,"Rondelet",1,15,16,0.0625,43.603038,3.875796
2026-01-31,13:47:11,2026-01-31T13:47:11+01:00,STATION,"Plan Cabanes",4,8,12,0.3333333333333333,43.608491,3.868389
2026-01-31,13:47:11,2026-01-31T13:47:11+01:00,STATION,"Boutonnet",7,5,12,0.5833333333333334,43.622629,3.868375
2026-01-31,13:47:11,2026-01-31T13:47:11+01:00,STATION,"Emile Combes",5,3,8,0.625,43.616742,3.87998
2026-01-31,13:47:11,2026-01-31T13:47:11+01:00,STATION,"Beaux-Arts",1,15,16,0.0625,43.616698,3.884981
2026-01-31,13:47:11,2026-01-31T13:47:11+01:00,STATION,"Les Aubes",7,1,8,0.875,43.618692,3.893844
2026-01-31,13:47:11,2026-01-31T13:47:11+01:00,STATION,"Antigone centre",9,3,12,0.75,43.607942,3.890634
2026-01-31,13:47:11,2026-01-31T13:47:11+01:00,STATION,"Médiathèque Emile Zola",12,4,16,0.75,43.608218,3.89314
2026-01-31,13:47:11,2026-01-31T13:47:11+01:00,STATION,"Nombre d Or",3,13,16,0.1875,43.607859,3.886644
2026-01-31,13:47:11,2026-01-31T13:47:11+01:00,STATION,"Louis Blanc",12,4,16,0.75,43.614642,3.877648
2026-01-31,13:47:11,2026-01-31T13:47:11+01:00,STATION,"Gambetta",1,7,8,0.125,43.607106,3.870693
2026-01-31,13:47:11,2026-01-31T13:47:11+01:00,STATION,"Port Marianne",8,8,16,0.5,43.60032,3.89851
2026-01-31,13:47:11,2026-01-31T13:47:11+01:00,STATION,"Les Arceaux",4,4,8,0.5,43.612659,3.867734
2026-01-31,13:47:11,2026-01-31T13:47:11+01:00,STATION,"Cité Mion",3,4,8,0.5,43.601143,3.884373
2026-01-31,13:47:11,2026-01-31T13:47:11+01:00,STATION,"Nouveau Saint-Roch",2,6,8,0.25,43.599817,3.875757
2026-01-31,13:47:11,2026-01-31T13:47:11+01:00,STATION,"Renouvier",5,2,8,0.75,43.603553,3.867884
2026-01-31,13:47:11,2026-01-31T13:47:11+01:00,STATION,"Odysseum",0,8,8,0.0,43.603727,3.918979
2026-01-31,13:47:11,2026-01-31T13:47:11+01:00,STATION,"Saint-Denis",0,8,8,0.0,43.605021,3.875065
2026-01-31,13:47:11,2026-01-31T13:47:11+01:00,STATION,"Richter",15,1,16,0.9375,43.603424,3.899263
2026-01-31,13:47:11,2026-01-31T13:47:11+01:00,STATION,"Charles Flahault",4,4,8,0.5,43.622038,3.86672
2026-01-31,13:47:11,2026-01-31T13:47:11+01:00,STATION,"Voltaire",4,4,8,0.5,43.603767,3.888659
2026-01-31,13:47:11,2026-01-31T13:47:11+01:00,STATION,"Prés d Arènes",4,4,8,0.5,43.59048,3.884611
2026-01-31,13:47:11,2026-01-31T13:47:11+01:00,STATION,"Garcia Lorca",5,3,8,0.625,43.590757,3.890616
2026-01-31,13:47:11,2026-01-31T13:47:11+01:00,STATION,"Vert Bois",1,15,16,0.0625,43.63543,3.871179
2026-01-31,13:47:11,2026-01-31T13:47:11+01:00,STATION,"Malbosc",2,6,8,0.25,43.633679,3.832861
2026-01-31,13:47:11,2026-01-31T13:47:11+01:00,STATION,"Occitanie",14,18,32,0.4375,43.635689,3.849597
2026-01-31,13:47:11,2026-01-31T13:47:11+01:00,STATION,"FacdesSciences",14,10,24,0.5833333333333334,43.631318,3.861299
2026-01-31,13:47:11,2026-01-31T13:47:11+01:00,STATION,"Fac de Lettres",2,10,12,0.16666666666666666,43.630437,3.869539
2026-01-31,13:47:11,2026-01-31T13:47:11+01:00,STATION,"Aiguelongue",5,2,8,0.75,43.626163,3.882492
2026-01-31,13:47:11,2026-01-31T13:47:11+01:00,STATION,"Jeu de Mail des Abbés",2,6,8,0.25,43.619701,3.883831
2026-01-31,13:47:11,2026-01-31T13:47:11+01:00,STATION,"Euromédecine",4,4,8,0.5,43.639119,3.828199
2026-01-31,13:47:11,2026-01-31T13:47:11+01:00,STATION,"Marie Caizergues",6,2,8,0.75,43.619871,3.873812
2026-01-31,13:47:11,2026-01-31T13:47:11+01:00,STATION,"Sabines",2,6,8,0.25,43.584211,3.860031
2026-01-31,13:47:11,2026-01-31T13:47:11+01:00,STATION,"Celleneuve",5,3,8,0.625,43.61467,3.832624
2026-01-31,13:47:11,2026-01-31T13:47:11+01:00,STATION,"Jardin de la Lironde",7,1,8,0.875,43.60585,3.911576
2026-01-31,13:47:11,2026-01-31T13:47:11+01:00,STATION,"Père Soulas",7,1,8,0.875,43.621983,3.855603
2026-01-31,13:47:11,2026-01-31T13:47:11+01:00,STATION,"Place Viala",5,2,8,0.75,43.616812,3.855075
2026-01-31,13:47:11,2026-01-31T13:47:11+01:00,STATION,"Hôtel du Département",2,6,8,0.25,43.621682,3.83477
2026-01-31,13:47:11,2026-01-31T13:47:11+01:00,STATION,"Tonnelles",0,8,8,0.0,43.615155,3.839466
2026-01-31,13:47:11,2026-01-31T13:47:11+01:00,STATION,"Parvis Jules Ferry - Gare Saint-Roch",0,8,8,0.0,43.603889,3.879362
2026-01-31,13:47:11,2026-01-31T13:47:11+01:00,STATION,"Pont de Lattes - Gare Saint-Roch",2,10,12,0.16666666666666666,43.606036,3.882393
2026-01-31,13:47:11,2026-01-31T13:47:11+01:00,STATION,"Deux Ponts - Gare Saint-Roch",0,8,8,0.0,43.604319,3.880916
2026-01-31,13:47:11,2026-01-31T13:47:11+01:00,STATION,"Providence - Ovalie",0,8,8,0.0,43.588239,3.853421
2026-01-31,13:47:11,2026-01-31T13:47:11+01:00,STATION,"Pérols Etang de l Or",36,32,68,0.5294117647058824,43.558351,3.963412
2026-01-31,13:47:11,2026-01-31T13:47:11+01:00,STATION,"Albert 1er - Cathédrale",3,8,12,0.3333333333333333,43.614005,3.873218
2026-01-31,13:47:11,2026-01-31T13:47:11+01:00,STATION,"Saint-Guilhem - Courreau",2,6,8,0.25,43.608996,3.872752
2026-01-31,13:47:11,2026-01-31T13:47:11+01:00,STATION,"Sud De France",4,2,8,0.75,43.59562,3.9235
2026-01-31,13:47:11,2026-01-31T13:47:11+01:00,STATION,"Comedie Baudin",0,8,8,0.0,43.608717,3.880787
2026-01-31,13:47:11,2026-01-31T13:47:11+01:00,STATION,"Jean de Beins",5,11,16,0.3125,43.609857,3.883884
2026-01-31,14:40:56,2026-01-31T14:40:56+01:00,STATION,"Rue Jules Ferry - Gare Saint-Roch",2,10,12,0.16666666666666666,43.605366,3.881346
2026-01-31,14:40:56,2026-01-31T14:40:56+01:00,STATION,"Comédie",0,20,20,0.0,43.608148,3.878778
2026-01-31,14:40:56,2026-01-31T14:40:56+01:00,STATION,"Hôtel de Ville",10,5,16,0.6875,43.599088,3.894866
2026-01-31,14:40:56,2026-01-31T14:40:56+01:00,STATION,"Corum",11,1,12,0.9166666666666666,43.613989,3.8816
2026-01-31,14:40:56,2026-01-31T14:40:56+01:00,STATION,"Place Albert 1er - St Charles",5,22,27,0.18518518518518517,43.616768,3.873375
2026-01-31,14:40:56,2026-01-31T14:40:56+01:00,STATION,"Foch",1,3,8,0.625,43.610989,3.873345
2026-01-31,14:40:56,2026-01-31T14:40:56+01:00,STATION,"Halles Castellane",0,12,12,0.0,43.609935,3.877208
2026-01-31,14:40:56,2026-01-31T14:40:56+01:00,STATION,"Observatoire",2,4,8,0.5,43.606301,3.87724
2026-01-31,14:40:56,2026-01-31T14:40:56+01:00,STATION,"Rondelet",1,15,16,0.0625,43.603038,3.875796
2026-01-31,14:40:56,2026-01-31T14:40:56+01:00,STATION,"Plan Cabanes",4,8,12,0.3333333333333333,43.608491,3.868389
2026-01-31,14:40:56,2026-01-31T14:40:56+01:00,STATION,"Boutonnet",7,5,12,0.5833333333333334,43.622629,3.868375
2026-01-31,14:40:56,2026-01-31T14:40:56+01:00,STATION,"Emile Combes",5,3,8,0.625,43.616742,3.87998
2026-01-31,14:40:56,2026-01-31T14:40:56+01:00,STATION,"Beaux-Arts",1,15,16,0.0625,43.616698,3.884981
2026-01-31,14:40:56,2026-01-31T14:40:56+01:00,STATION,"Les Aubes",7,1,8,0.875,43.618692,3.893844
2026-01-31,14:40:56,2026-01-31T14:40:56+01:00,STATION,"Antigone centre",9,3,12,0.75,43.607942,3.890634
2026-01-31,14:40:56,2026-01-31T14:40:56+01:00,STATION,"Médiathèque Emile Zola",12,4,16,0.75,43.608218,3.89314
2026-01-31,14:40:56,2026-01-31T14:40:56+01:00,STATION,"Nombre d Or",3,13,16,0.1875,43.607859,3.886644
2026-01-31,14:40:56,2026-01-31T14:40:56+01:00,STATION,"Louis Blanc",11,5,16,0.6875,43.614642,3.877648
2026-01-31,14:40:56,2026-01-31T14:40:56+01:00,STATION,"Gambetta",1,7,8,0.125,43.607106,3.870693
2026-01-31,14:40:56,2026-01-31T14:40:56+01:00,STATION,"Port Marianne",6,10,16,0.375,43.60032,3.89851
2026-01-31,14:40:56,2026-01-31T14:40:56+01:00,STATION,"Les Arceaux",4,4,8,0.5,43.612659,3.867734
2026-01-31,14:40:56,2026-01-31T14:40:56+01:00,STATION,"Cité Mion",3,4,8,0.5,43.601143,3.884373
2026-01-31,14:40:56,2026-01-31T14:40:56+01:00,STATION,"Nouveau Saint-Roch",2,6,8,0.25,43.599817,3.875757
2026-01-31,14:40:56,2026-01-31T14:40:56+01:00,STATION,"Renouvier",5,2,8,0.75,43.603553,3.867884
2026-01-31,14:40:56,2026-01-31T14:40:56+01:00,STATION,"Odysseum",0,8,8,0.0,43.603727,3.918979
2026-01-31,14:40:56,2026-01-31T14:40:56+01:00,STATION,"Saint-Denis",0,8,8,0.0,43.605021,3.875065
2026-01-31,14:40:56,2026-01-31T14:40:56+01:00,STATION,"Richter",15,1,16,0.9375,43.603424,3.899263
2026-01-31,14:40:56,2026-01-31T14:40:56+01:00,STATION,"Charles Flahault",4,4,8,0.5,43.622038,3.86672
2026-01-31,14:40:56,2026-01-31T14:40:56+01:00,STATION,"Voltaire",1,7,8,0.125,43.603767,3.888659
2026-01-31,14:40:56,2026-01-31T14:40:56+01:00,STATION,"Prés d Arènes",4,4,8,0.5,43.59048,3.884611
2026-01-31,14:40:56,2026-01-31T14:40:56+01:00,STATION,"Garcia Lorca",5,3,8,0.625,43.590757,3.890616
2026-01-31,14:40:56,2026-01-31T14:40:56+01:00,STATION,"Vert Bois",1,15,16,0.0625,43.63543,3.871179
2026-01-31,14:40:56,2026-01-31T14:40:56+01:00,STATION,"Malbosc",2,6,8,0.25,43.633679,3.832861
2026-01-31,14:40:56,2026-01-31T14:40:56+01:00,STATION,"Occitanie",14,18,32,0.4375,43.635689,3.849597
2026-01-31,14:40:56,2026-01-31T14:40:56+01:00,STATION,"FacdesSciences",14,10,24,0.5833333333333334,43.631318,3.861299
2026-01-31,14:40:56,2026-01-31T14:40:56+01:00,STATION,"Fac de Lettres",2,10,12,0.16666666666666666,43.630437,3.869539
2026-01-31,14:40:56,2026-01-31T14:40:56+01:00,STATION,"Aiguelongue",5,2,8,0.75,43.626163,3.882492
2026-01-31,14:40:56,2026-01-31T14:40:56+01:00,STATION,"Jeu de Mail des Abbés",2,6,8,0.25,43.619701,3.883831
2026-01-31,14:40:56,2026-01-31T14:40:56+01:00,STATION,"Euromédecine",4,4,8,0.5,43.639119,3.828199
2026-01-31,14:40:56,2026-01-31T14:40:56+01:00,STATION,"Marie Caizergues",5,3,8,0.625,43.619871,3.873812
2026-01-31,14:40:56,2026-01-31T14:40:56+01:00,STATION,"Sabines",2,6,8,0.25,43.584211,3.860031
2026-01-31,14:40:56,2026-01-31T14:40:56+01:00,STATION,"Celleneuve",5,3,8,0.625,43.61467,3.832624
2026-01-31,14:40:56,2026-01-31T14:40:56+01:00,STATION,"Jardin de la Lironde",7,1,8,0.875,43.60585,3.911576
2026-01-31,14:40:56,2026-01-31T14:40:56+01:00,STATION,"Père Soulas",7,1,8,0.875,43.621983,3.855603
2026-01-31,14:40:56,2026-01-31T14:40:56+01:00,STATION,"Place Viala",4,3,8,0.625,43.616812,3.855075
2026-01-31,14:40:56,2026-01-31T14:40:56+01:00,STATION,"Hôtel du Département",2,6,8,0.25,43.621682,3.83477
2026-01-31,14:40:56,2026-01-31T14:40:56+01:00,STATION,"Tonnelles",0,8,8,0.0,43.615155,3.839466
2026-01-31,14:40:56,2026-01-31T14:40:56+01:00,STATION,"Parvis Jules Ferry - Gare Saint-Roch",0,8,8,0.0,43.603889,3.879362
2026-01-31,14:40:56,2026-01-31T14:40:56+01:00,STATION,"Pont de Lattes - Gare Saint-Roch",2,10,12,0.16666666666666666,43.606036,3.882393
2026-01-31,14:40:56,2026-01-31T14:40:56+01:00,STATION,"Deux Ponts - Gare Saint-Roch",0,8,8,0.0,43.604319,3.880916
2026-01-31,14:40:56,2026-01-31T14:40:56+01:00,STATION,"Providence - Ovalie",0,8,8,0.0,43.588239,3.853421
2026-01-31,14:40:56,2026-01-31T14:40:56+01:00,STATION,"Pérols Etang de l Or",36,32,68,0.5294117647058824,43.558351,3.963412
2026-01-31,14:40:56,2026-01-31T14:40:56+01:00,STATION,"Albert 1er - Cathédrale",3,8,12,0.3333333333333333,43.614005,3.873218
2026-01-31,14:40:56,2026-01-31T14:40:56+01:00,STATION,"Saint-Guilhem - Courreau",1,7,8,0.125,43.608996,3.872752
2026-01-31,14:40:56,2026-01-31T14:40:56+01:00,STATION,"Sud De France",5,1,8,0.875,43.59562,3.9235
2026-01-31,14:40:56,2026-01-31T14:40:56+01:00,STATION,"Comedie Baudin",0,8,8,0.0,43.608717,3.880787
2026-01-31,14:40:56,2026-01-31T14:40:56+01:00,STATION,"Jean de Beins",5,11,16,0.3125,43.609857,3.883884
