date,heure,timestamp,type,nom,velos_dispo,bornes_libres,total,taux_occupation_places,lat,lon
2026-04-25,00:12:22,2026-04-25T00:12:22+02:00,STATION,"Rue Jules Ferry - Gare Saint-Roch",3,9,12,0.25,43.605366,3.881346
2026-04-25,00:12:22,2026-04-25T00:12:22+02:00,STATION,"Comédie",10,10,20,0.5,43.608148,3.878778
2026-04-25,00:12:22,2026-04-25T00:12:22+02:00,STATION,"Hôtel de Ville",9,7,16,0.5625,43.599088,3.894866
2026-04-25,00:12:22,2026-04-25T00:12:22+02:00,STATION,"Corum",5,7,12,0.4166666666666667,43.613989,3.8816
2026-04-25,00:12:22,2026-04-25T00:12:22+02:00,STATION,"Place Albert 1er - St Charles",10,17,27,0.37037037037037035,43.616768,3.873375
2026-04-25,00:12:22,2026-04-25T00:12:22+02:00,STATION,"Foch",2,6,8,0.25,43.610989,3.873345
2026-04-25,00:12:22,2026-04-25T00:12:22+02:00,STATION,"Halles Castellane",0,12,12,0.0,43.609935,3.877208
2026-04-25,00:12:22,2026-04-25T00:12:22+02:00,STATION,"Observatoire",8,0,8,1.0,43.606301,3.87724
2026-04-25,00:12:22,2026-04-25T00:12:22+02:00,STATION,"Rondelet",3,13,16,0.1875,43.603038,3.875796
2026-04-25,00:12:22,2026-04-25T00:12:22+02:00,STATION,"Plan Cabanes",4,8,12,0.3333333333333333,43.608491,3.868389
2026-04-25,00:12:22,2026-04-25T00:12:22+02:00,STATION,"Boutonnet",3,8,12,0.3333333333333333,43.622629,3.868375
2026-04-25,00:12:22,2026-04-25T00:12:22+02:00,STATION,"Emile Combes",3,5,8,0.375,43.616742,3.87998
2026-04-25,00:12:22,2026-04-25T00:12:22+02:00,STATION,"Beaux-Arts",7,9,16,0.4375,43.616698,3.884981
2026-04-25,00:12:22,2026-04-25T00:12:22+02:00,STATION,"Les Aubes",5,3,8,0.625,43.618692,3.893844
2026-04-25,00:12:22,2026-04-25T00:12:22+02:00,STATION,"Antigone centre",6,6,12,0.5,43.607942,3.890634
2026-04-25,00:12:22,2026-04-25T00:12:22+02:00,STATION,"Médiathèque Emile Zola",8,8,16,0.5,43.608218,3.89314
2026-04-25,00:12:22,2026-04-25T00:12:22+02:00,STATION,"Nombre d Or",6,10,16,0.375,43.607859,3.886644
2026-04-25,00:12:22,2026-04-25T00:12:22+02:00,STATION,"Louis Blanc",14,2,16,0.875,43.614642,3.877648
2026-04-25,00:12:22,2026-04-25T00:12:22+02:00,STATION,"Gambetta",3,5,8,0.375,43.607106,3.870693
2026-04-25,00:12:22,2026-04-25T00:12:22+02:00,STATION,"Port Marianne",13,3,16,0.8125,43.60032,3.89851
2026-04-25,00:12:22,2026-04-25T00:12:22+02:00,STATION,"Les Arceaux",2,6,8,0.25,43.612659,3.867734
2026-04-25,00:12:22,2026-04-25T00:12:22+02:00,STATION,"Cité Mion",3,5,8,0.375,43.601143,3.884373
2026-04-25,00:12:22,2026-04-25T00:12:22+02:00,STATION,"Nouveau Saint-Roch",2,6,8,0.25,43.599817,3.875757
2026-04-25,00:12:22,2026-04-25T00:12:22+02:00,STATION,"Renouvier",2,5,8,0.375,43.603553,3.867884
2026-04-25,00:12:22,2026-04-25T00:12:22+02:00,STATION,"Odysseum",0,8,8,0.0,43.603727,3.918979
2026-04-25,00:12:22,2026-04-25T00:12:22+02:00,STATION,"Saint-Denis",0,8,8,0.0,43.605021,3.875065
2026-04-25,00:12:22,2026-04-25T00:12:22+02:00,STATION,"Richter",7,9,16,0.4375,43.603424,3.899263
2026-04-25,00:12:22,2026-04-25T00:12:22+02:00,STATION,"Charles Flahault",4,4,8,0.5,43.622038,3.86672
2026-04-25,00:12:22,2026-04-25T00:12:22+02:00,STATION,"Voltaire",8,0,8,1.0,43.603767,3.888659
2026-04-25,00:12:22,2026-04-25T00:12:22+02:00,STATION,"Prés d Arènes",4,4,8,0.5,43.59048,3.884611
2026-04-25,00:12:22,2026-04-25T00:12:22+02:00,STATION,"Garcia Lorca",3,5,8,0.375,43.590757,3.890616
2026-04-25,00:12:22,2026-04-25T00:12:22+02:00,STATION,"Vert Bois",6,10,16,0.375,43.63543,3.871179
2026-04-25,00:12:22,2026-04-25T00:12:22+02:00,STATION,"Malbosc",1,7,8,0.125,43.633679,3.832861
2026-04-25,00:12:22,2026-04-25T00:12:22+02:00,STATION,"Occitanie",4,28,32,0.125,43.635689,3.849597
2026-04-25,00:12:22,2026-04-25T00:12:22+02:00,STATION,"Fac des Sciences",9,15,24,0.375,43.631318,3.861299
2026-04-25,00:12:22,2026-04-25T00:12:22+02:00,STATION,"Fac de Lettres",1,11,12,0.08333333333333333,43.630437,3.869539
2026-04-25,00:12:22,2026-04-25T00:12:22+02:00,STATION,"Aiguelongue",6,1,8,0.875,43.626163,3.882492
2026-04-25,00:12:22,2026-04-25T00:12:22+02:00,STATION,"Jeu de Mail des Abbés",7,1,8,0.875,43.619701,3.883831
2026-04-25,00:12:22,2026-04-25T00:12:22+02:00,STATION,"Euromédecine",4,4,8,0.5,43.639119,3.828199
2026-04-25,00:12:22,2026-04-25T00:12:22+02:00,STATION,"Marie Caizergues",6,2,8,0.75,43.619871,3.873812
2026-04-25,00:12:22,2026-04-25T00:12:22+02:00,STATION,"Sabines",6,2,8,0.75,43.584211,3.860031
2026-04-25,00:12:22,2026-04-25T00:12:22+02:00,STATION,"Celleneuve",3,5,8,0.375,43.61467,3.832624
2026-04-25,00:12:22,2026-04-25T00:12:22+02:00,STATION,"Jardin de la Lironde",5,3,8,0.625,43.60585,3.911576
2026-04-25,00:12:22,2026-04-25T00:12:22+02:00,STATION,"Père Soulas",4,4,8,0.5,43.621983,3.855603
2026-04-25,00:12:22,2026-04-25T00:12:22+02:00,STATION,"Place Viala",1,6,8,0.25,43.616812,3.855075
2026-04-25,00:12:22,2026-04-25T00:12:22+02:00,STATION,"Hôtel du Département",1,7,8,0.125,43.621682,3.83477
2026-04-25,00:12:22,2026-04-25T00:12:22+02:00,STATION,"Tonnelles",5,3,8,0.625,43.615155,3.839466
2026-04-25,00:12:22,2026-04-25T00:12:22+02:00,STATION,"Parvis Jules Ferry - Gare Saint-Roch",1,7,8,0.125,43.603889,3.879362
2026-04-25,00:12:22,2026-04-25T00:12:22+02:00,STATION,"Pont de Lattes - Gare Saint-Roch",7,4,12,0.6666666666666666,43.606036,3.882393
2026-04-25,00:12:22,2026-04-25T00:12:22+02:00,STATION,"Deux Ponts - Gare Saint-Roch",0,8,8,0.0,43.604319,3.880916
2026-04-25,00:12:22,2026-04-25T00:12:22+02:00,STATION,"Providence - Ovalie",1,7,8,0.125,43.588239,3.853421
2026-04-25,00:12:22,2026-04-25T00:12:22+02:00,STATION,"Pérols Etang de l Or",37,31,68,0.5441176470588235,43.558351,3.963412
2026-04-25,00:12:22,2026-04-25T00:12:22+02:00,STATION,"Albert 1er - Cathédrale",4,8,12,0.3333333333333333,43.614005,3.873218
2026-04-25,00:12:22,2026-04-25T00:12:22+02:00,STATION,"Saint-Guilhem - Courreau",2,6,8,0.25,43.608996,3.872752
2026-04-25,00:12:22,2026-04-25T00:12:22+02:00,STATION,"Sud De France",1,7,8,0.125,43.59562,3.9235
2026-04-25,00:12:22,2026-04-25T00:12:22+02:00,STATION,"Comedie Baudin",0,8,8,0.0,43.608717,3.880787
2026-04-25,00:12:22,2026-04-25T00:12:22+02:00,STATION,"Jean de Beins",4,12,16,0.25,43.609857,3.883884
2026-04-25,01:11:44,2026-04-25T01:11:44+02:00,STATION,"Rue Jules Ferry - Gare Saint-Roch",3,9,12,0.25,43.605366,3.881346
2026-04-25,01:11:44,2026-04-25T01:11:44+02:00,STATION,"Comédie",10,10,20,0.5,43.608148,3.878778
2026-04-25,01:11:44,2026-04-25T01:11:44+02:00,STATION,"Hôtel de Ville",9,7,16,0.5625,43.599088,3.894866
2026-04-25,01:11:44,2026-04-25T01:11:44+02:00,STATION,"Corum",3,9,12,0.25,43.613989,3.8816
2026-04-25,01:11:44,2026-04-25T01:11:44+02:00,STATION,"Place Albert 1er - St Charles",6,21,27,0.2222222222222222,43.616768,3.873375
2026-04-25,01:11:44,2026-04-25T01:11:44+02:00,STATION,"Foch",2,6,8,0.25,43.610989,3.873345
2026-04-25,01:11:44,2026-04-25T01:11:44+02:00,STATION,"Halles Castellane",0,12,12,0.0,43.609935,3.877208
2026-04-25,01:11:44,2026-04-25T01:11:44+02:00,STATION,"Observatoire",9,0,8,1.0,43.606301,3.87724
2026-04-25,01:11:44,2026-04-25T01:11:44+02:00,STATION,"Rondelet",2,14,16,0.125,43.603038,3.875796
2026-04-25,01:11:44,2026-04-25T01:11:44+02:00,STATION,"Plan Cabanes",4,8,12,0.3333333333333333,43.608491,3.868389
2026-04-25,01:11:44,2026-04-25T01:11:44+02:00,STATION,"Boutonnet",6,5,12,0.5833333333333334,43.622629,3.868375
2026-04-25,01:11:44,2026-04-25T01:11:44+02:00,STATION,"Emile Combes",3,5,8,0.375,43.616742,3.87998
2026-04-25,01:11:44,2026-04-25T01:11:44+02:00,STATION,"Beaux-Arts",7,9,16,0.4375,43.616698,3.884981
2026-04-25,01:11:44,2026-04-25T01:11:44+02:00,STATION,"Les Aubes",7,1,8,0.875,43.618692,3.893844
2026-04-25,01:11:44,2026-04-25T01:11:44+02:00,STATION,"Antigone centre",6,6,12,0.5,43.607942,3.890634
2026-04-25,01:11:44,2026-04-25T01:11:44+02:00,STATION,"Médiathèque Emile Zola",8,8,16,0.5,43.608218,3.89314
2026-04-25,01:11:44,2026-04-25T01:11:44+02:00,STATION,"Nombre d Or",6,10,16,0.375,43.607859,3.886644
2026-04-25,01:11:44,2026-04-25T01:11:44+02:00,STATION,"Louis Blanc",13,3,16,0.8125,43.614642,3.877648
2026-04-25,01:11:44,2026-04-25T01:11:44+02:00,STATION,"Gambetta",3,5,8,0.375,43.607106,3.870693
2026-04-25,01:11:44,2026-04-25T01:11:44+02:00,STATION,"Port Marianne",13,3,16,0.8125,43.60032,3.89851
2026-04-25,01:11:44,2026-04-25T01:11:44+02:00,STATION,"Les Arceaux",2,6,8,0.25,43.612659,3.867734
2026-04-25,01:11:44,2026-04-25T01:11:44+02:00,STATION,"Cité Mion",3,5,8,0.375,43.601143,3.884373
2026-04-25,01:11:44,2026-04-25T01:11:44+02:00,STATION,"Nouveau Saint-Roch",3,5,8,0.375,43.599817,3.875757
2026-04-25,01:11:44,2026-04-25T01:11:44+02:00,STATION,"Renouvier",2,5,8,0.375,43.603553,3.867884
2026-04-25,01:11:44,2026-04-25T01:11:44+02:00,STATION,"Odysseum",0,8,8,0.0,43.603727,3.918979
2026-04-25,01:11:44,2026-04-25T01:11:44+02:00,STATION,"Saint-Denis",0,8,8,0.0,43.605021,3.875065
2026-04-25,01:11:44,2026-04-25T01:11:44+02:00,STATION,"Richter",7,9,16,0.4375,43.603424,3.899263
2026-04-25,01:11:44,2026-04-25T01:11:44+02:00,STATION,"Charles Flahault",4,4,8,0.5,43.622038,3.86672
2026-04-25,01:11:44,2026-04-25T01:11:44+02:00,STATION,"Voltaire",8,0,8,1.0,43.603767,3.888659
2026-04-25,01:11:44,2026-04-25T01:11:44+02:00,STATION,"Prés d Arènes",4,4,8,0.5,43.59048,3.884611
2026-04-25,01:11:44,2026-04-25T01:11:44+02:00,STATION,"Garcia Lorca",3,5,8,0.375,43.590757,3.890616
2026-04-25,01:11:44,2026-04-25T01:11:44+02:00,STATION,"Vert Bois",6,10,16,0.375,43.63543,3.871179
2026-04-25,01:11:44,2026-04-25T01:11:44+02:00,STATION,"Malbosc",1,7,8,0.125,43.633679,3.832861
2026-04-25,01:11:44,2026-04-25T01:11:44+02:00,STATION,"Occitanie",5,27,32,0.15625,43.635689,3.849597
2026-04-25,01:11:44,2026-04-25T01:11:44+02:00,STATION,"Fac des Sciences",8,16,24,0.3333333333333333,43.631318,3.861299
2026-04-25,01:11:44,2026-04-25T01:11:44+02:00,STATION,"Fac de Lettres",1,11,12,0.08333333333333333,43.630437,3.869539
2026-04-25,01:11:44,2026-04-25T01:11:44+02:00,STATION,"Aiguelongue",6,1,8,0.875,43.626163,3.882492
2026-04-25,01:11:44,2026-04-25T01:11:44+02:00,STATION,"Jeu de Mail des Abbés",7,1,8,0.875,43.619701,3.883831
2026-04-25,01:11:44,2026-04-25T01:11:44+02:00,STATION,"Euromédecine",4,4,8,0.5,43.639119,3.828199
2026-04-25,01:11:44,2026-04-25T01:11:44+02:00,STATION,"Marie Caizergues",6,2,8,0.75,43.619871,3.873812
2026-04-25,01:11:44,2026-04-25T01:11:44+02:00,STATION,"Sabines",7,1,8,0.875,43.584211,3.860031
2026-04-25,01:11:44,2026-04-25T01:11:44+02:00,STATION,"Celleneuve",3,5,8,0.375,43.61467,3.832624
2026-04-25,01:11:44,2026-04-25T01:11:44+02:00,STATION,"Jardin de la Lironde",5,3,8,0.625,43.60585,3.911576
2026-04-25,01:11:44,2026-04-25T01:11:44+02:00,STATION,"Père Soulas",5,3,8,0.625,43.621983,3.855603
2026-04-25,01:11:44,2026-04-25T01:11:44+02:00,STATION,"Place Viala",1,6,8,0.25,43.616812,3.855075
2026-04-25,01:11:44,2026-04-25T01:11:44+02:00,STATION,"Hôtel du Département",1,7,8,0.125,43.621682,3.83477
2026-04-25,01:11:44,2026-04-25T01:11:44+02:00,STATION,"Tonnelles",5,3,8,0.625,43.615155,3.839466
2026-04-25,01:11:44,2026-04-25T01:11:44+02:00,STATION,"Parvis Jules Ferry - Gare Saint-Roch",2,6,8,0.25,43.603889,3.879362
2026-04-25,01:11:44,2026-04-25T01:11:44+02:00,STATION,"Pont de Lattes - Gare Saint-Roch",6,5,12,0.5833333333333334,43.606036,3.882393
2026-04-25,01:11:44,2026-04-25T01:11:44+02:00,STATION,"Deux Ponts - Gare Saint-Roch",0,8,8,0.0,43.604319,3.880916
2026-04-25,01:11:44,2026-04-25T01:11:44+02:00,STATION,"Providence - Ovalie",1,7,8,0.125,43.588239,3.853421
2026-04-25,01:11:44,2026-04-25T01:11:44+02:00,STATION,"Pérols Etang de l Or",37,31,68,0.5441176470588235,43.558351,3.963412
2026-04-25,01:11:44,2026-04-25T01:11:44+02:00,STATION,"Albert 1er - Cathédrale",1,11,12,0.08333333333333333,43.614005,3.873218
2026-04-25,01:11:44,2026-04-25T01:11:44+02:00,STATION,"Saint-Guilhem - Courreau",2,6,8,0.25,43.608996,3.872752
2026-04-25,01:11:44,2026-04-25T01:11:44+02:00,STATION,"Sud De France",1,7,8,0.125,43.59562,3.9235
2026-04-25,01:11:44,2026-04-25T01:11:44+02:00,STATION,"Comedie Baudin",0,8,8,0.0,43.608717,3.880787
2026-04-25,01:11:44,2026-04-25T01:11:44+02:00,STATION,"Jean de Beins",4,12,16,0.25,43.609857,3.883884
2026-04-25,02:08:01,2026-04-25T02:08:01+02:00,STATION,"Rue Jules Ferry - Gare Saint-Roch",3,9,12,0.25,43.605366,3.881346
2026-04-25,02:08:01,2026-04-25T02:08:01+02:00,STATION,"Comédie",10,10,20,0.5,43.608148,3.878778
2026-04-25,02:08:01,2026-04-25T02:08:01+02:00,STATION,"Hôtel de Ville",9,7,16,0.5625,43.599088,3.894866
2026-04-25,02:08:01,2026-04-25T02:08:01+02:00,STATION,"Corum",5,7,12,0.4166666666666667,43.613989,3.8816
2026-04-25,02:08:01,2026-04-25T02:08:01+02:00,STATION,"Place Albert 1er - St Charles",6,21,27,0.2222222222222222,43.616768,3.873375
2026-04-25,02:08:01,2026-04-25T02:08:01+02:00,STATION,"Foch",2,6,8,0.25,43.610989,3.873345
2026-04-25,02:08:01,2026-04-25T02:08:01+02:00,STATION,"Halles Castellane",0,12,12,0.0,43.609935,3.877208
2026-04-25,02:08:01,2026-04-25T02:08:01+02:00,STATION,"Observatoire",9,0,8,1.0,43.606301,3.87724
2026-04-25,02:08:01,2026-04-25T02:08:01+02:00,STATION,"Rondelet",2,14,16,0.125,43.603038,3.875796
2026-04-25,02:08:01,2026-04-25T02:08:01+02:00,STATION,"Plan Cabanes",4,8,12,0.3333333333333333,43.608491,3.868389
2026-04-25,02:08:01,2026-04-25T02:08:01+02:00,STATION,"Boutonnet",6,5,12,0.5833333333333334,43.622629,3.868375
2026-04-25,02:08:01,2026-04-25T02:08:01+02:00,STATION,"Emile Combes",3,5,8,0.375,43.616742,3.87998
2026-04-25,02:08:01,2026-04-25T02:08:01+02:00,STATION,"Beaux-Arts",7,9,16,0.4375,43.616698,3.884981
2026-04-25,02:08:01,2026-04-25T02:08:01+02:00,STATION,"Les Aubes",7,1,8,0.875,43.618692,3.893844
2026-04-25,02:08:01,2026-04-25T02:08:01+02:00,STATION,"Antigone centre",6,6,12,0.5,43.607942,3.890634
2026-04-25,02:08:01,2026-04-25T02:08:01+02:00,STATION,"Médiathèque Emile Zola",11,5,16,0.6875,43.608218,3.89314
2026-04-25,02:08:01,2026-04-25T02:08:01+02:00,STATION,"Nombre d Or",6,10,16,0.375,43.607859,3.886644
2026-04-25,02:08:01,2026-04-25T02:08:01+02:00,STATION,"Louis Blanc",8,8,16,0.5,43.614642,3.877648
2026-04-25,02:08:01,2026-04-25T02:08:01+02:00,STATION,"Gambetta",3,5,8,0.375,43.607106,3.870693
2026-04-25,02:08:01,2026-04-25T02:08:01+02:00,STATION,"Port Marianne",13,3,16,0.8125,43.60032,3.89851
2026-04-25,02:08:01,2026-04-25T02:08:01+02:00,STATION,"Les Arceaux",2,6,8,0.25,43.612659,3.867734
2026-04-25,02:08:01,2026-04-25T02:08:01+02:00,STATION,"Cité Mion",3,5,8,0.375,43.601143,3.884373
2026-04-25,02:08:01,2026-04-25T02:08:01+02:00,STATION,"Nouveau Saint-Roch",4,4,8,0.5,43.599817,3.875757
2026-04-25,02:08:01,2026-04-25T02:08:01+02:00,STATION,"Renouvier",2,5,8,0.375,43.603553,3.867884
2026-04-25,02:08:01,2026-04-25T02:08:01+02:00,STATION,"Odysseum",0,8,8,0.0,43.603727,3.918979
2026-04-25,02:08:01,2026-04-25T02:08:01+02:00,STATION,"Saint-Denis",0,8,8,0.0,43.605021,3.875065
2026-04-25,02:08:01,2026-04-25T02:08:01+02:00,STATION,"Richter",7,9,16,0.4375,43.603424,3.899263
2026-04-25,02:08:01,2026-04-25T02:08:01+02:00,STATION,"Charles Flahault",4,4,8,0.5,43.622038,3.86672
2026-04-25,02:08:01,2026-04-25T02:08:01+02:00,STATION,"Voltaire",8,0,8,1.0,43.603767,3.888659
2026-04-25,02:08:01,2026-04-25T02:08:01+02:00,STATION,"Prés d Arènes",5,3,8,0.625,43.59048,3.884611
2026-04-25,02:08:01,2026-04-25T02:08:01+02:00,STATION,"Garcia Lorca",3,5,8,0.375,43.590757,3.890616
2026-04-25,02:08:01,2026-04-25T02:08:01+02:00,STATION,"Vert Bois",6,10,16,0.375,43.63543,3.871179
2026-04-25,02:08:01,2026-04-25T02:08:01+02:00,STATION,"Malbosc",1,7,8,0.125,43.633679,3.832861
2026-04-25,02:08:01,2026-04-25T02:08:01+02:00,STATION,"Occitanie",5,27,32,0.15625,43.635689,3.849597
2026-04-25,02:08:01,2026-04-25T02:08:01+02:00,STATION,"Fac des Sciences",8,16,24,0.3333333333333333,43.631318,3.861299
2026-04-25,02:08:01,2026-04-25T02:08:01+02:00,STATION,"Fac de Lettres",1,11,12,0.08333333333333333,43.630437,3.869539
2026-04-25,02:08:01,2026-04-25T02:08:01+02:00,STATION,"Aiguelongue",6,1,8,0.875,43.626163,3.882492
2026-04-25,02:08:01,2026-04-25T02:08:01+02:00,STATION,"Jeu de Mail des Abbés",8,0,8,1.0,43.619701,3.883831
2026-04-25,02:08:01,2026-04-25T02:08:01+02:00,STATION,"Euromédecine",4,4,8,0.5,43.639119,3.828199
2026-04-25,02:08:01,2026-04-25T02:08:01+02:00,STATION,"Marie Caizergues",6,2,8,0.75,43.619871,3.873812
2026-04-25,02:08:01,2026-04-25T02:08:01+02:00,STATION,"Sabines",7,1,8,0.875,43.584211,3.860031
2026-04-25,02:08:01,2026-04-25T02:08:01+02:00,STATION,"Celleneuve",4,4,8,0.5,43.61467,3.832624
2026-04-25,02:08:01,2026-04-25T02:08:01+02:00,STATION,"Jardin de la Lironde",5,3,8,0.625,43.60585,3.911576
2026-04-25,02:08:01,2026-04-25T02:08:01+02:00,STATION,"Père Soulas",5,3,8,0.625,43.621983,3.855603
2026-04-25,02:08:01,2026-04-25T02:08:01+02:00,STATION,"Place Viala",1,6,8,0.25,43.616812,3.855075
2026-04-25,02:08:01,2026-04-25T02:08:01+02:00,STATION,"Hôtel du Département",1,7,8,0.125,43.621682,3.83477
2026-04-25,02:08:01,2026-04-25T02:08:01+02:00,STATION,"Tonnelles",6,2,8,0.75,43.615155,3.839466
2026-04-25,02:08:01,2026-04-25T02:08:01+02:00,STATION,"Parvis Jules Ferry - Gare Saint-Roch",2,6,8,0.25,43.603889,3.879362
2026-04-25,02:08:01,2026-04-25T02:08:01+02:00,STATION,"Pont de Lattes - Gare Saint-Roch",6,5,12,0.5833333333333334,43.606036,3.882393
2026-04-25,02:08:01,2026-04-25T02:08:01+02:00,STATION,"Deux Ponts - Gare Saint-Roch",0,8,8,0.0,43.604319,3.880916
2026-04-25,02:08:01,2026-04-25T02:08:01+02:00,STATION,"Providence - Ovalie",1,7,8,0.125,43.588239,3.853421
2026-04-25,02:08:01,2026-04-25T02:08:01+02:00,STATION,"Pérols Etang de l Or",37,31,68,0.5441176470588235,43.558351,3.963412
2026-04-25,02:08:01,2026-04-25T02:08:01+02:00,STATION,"Albert 1er - Cathédrale",1,11,12,0.08333333333333333,43.614005,3.873218
2026-04-25,02:08:01,2026-04-25T02:08:01+02:00,STATION,"Saint-Guilhem - Courreau",3,5,8,0.375,43.608996,3.872752
2026-04-25,02:08:01,2026-04-25T02:08:01+02:00,STATION,"Sud De France",1,7,8,0.125,43.59562,3.9235
2026-04-25,02:08:01,2026-04-25T02:08:01+02:00,STATION,"Comedie Baudin",0,8,8,0.0,43.608717,3.880787
2026-04-25,02:08:01,2026-04-25T02:08:01+02:00,STATION,"Jean de Beins",4,12,16,0.25,43.609857,3.883884
2026-04-25,05:43:23,2026-04-25T05:43:23+02:00,STATION,"Rue Jules Ferry - Gare Saint-Roch",3,9,12,0.25,43.605366,3.881346
2026-04-25,05:43:23,2026-04-25T05:43:23+02:00,STATION,"Comédie",5,15,20,0.25,43.608148,3.878778
2026-04-25,05:43:23,2026-04-25T05:43:23+02:00,STATION,"Hôtel de Ville",9,7,16,0.5625,43.599088,3.894866
2026-04-25,05:43:23,2026-04-25T05:43:23+02:00,STATION,"Corum",4,8,12,0.3333333333333333,43.613989,3.8816
2026-04-25,05:43:23,2026-04-25T05:43:23+02:00,STATION,"Place Albert 1er - St Charles",5,22,27,0.18518518518518517,43.616768,3.873375
2026-04-25,05:43:23,2026-04-25T05:43:23+02:00,STATION,"Foch",2,6,8,0.25,43.610989,3.873345
2026-04-25,05:43:23,2026-04-25T05:43:23+02:00,STATION,"Halles Castellane",0,12,12,0.0,43.609935,3.877208
2026-04-25,05:43:23,2026-04-25T05:43:23+02:00,STATION,"Observatoire",8,0,8,1.0,43.606301,3.87724
2026-04-25,05:43:23,2026-04-25T05:43:23+02:00,STATION,"Rondelet",4,12,16,0.25,43.603038,3.875796
2026-04-25,05:43:23,2026-04-25T05:43:23+02:00,STATION,"Plan Cabanes",6,6,12,0.5,43.608491,3.868389
2026-04-25,05:43:23,2026-04-25T05:43:23+02:00,STATION,"Boutonnet",8,3,12,0.75,43.622629,3.868375
2026-04-25,05:43:23,2026-04-25T05:43:23+02:00,STATION,"Emile Combes",2,6,8,0.25,43.616742,3.87998
2026-04-25,05:43:23,2026-04-25T05:43:23+02:00,STATION,"Beaux-Arts",7,9,16,0.4375,43.616698,3.884981
2026-04-25,05:43:23,2026-04-25T05:43:23+02:00,STATION,"Les Aubes",7,1,8,0.875,43.618692,3.893844
2026-04-25,05:43:23,2026-04-25T05:43:23+02:00,STATION,"Antigone centre",6,6,12,0.5,43.607942,3.890634
2026-04-25,05:43:23,2026-04-25T05:43:23+02:00,STATION,"Médiathèque Emile Zola",12,4,16,0.75,43.608218,3.89314
2026-04-25,05:43:23,2026-04-25T05:43:23+02:00,STATION,"Nombre d Or",6,10,16,0.375,43.607859,3.886644
2026-04-25,05:43:23,2026-04-25T05:43:23+02:00,STATION,"Louis Blanc",5,11,16,0.3125,43.614642,3.877648
2026-04-25,05:43:23,2026-04-25T05:43:23+02:00,STATION,"Gambetta",3,5,8,0.375,43.607106,3.870693
2026-04-25,05:43:23,2026-04-25T05:43:23+02:00,STATION,"Port Marianne",13,3,16,0.8125,43.60032,3.89851
2026-04-25,05:43:23,2026-04-25T05:43:23+02:00,STATION,"Les Arceaux",4,4,8,0.5,43.612659,3.867734
2026-04-25,05:43:23,2026-04-25T05:43:23+02:00,STATION,"Cité Mion",3,5,8,0.375,43.601143,3.884373
2026-04-25,05:43:23,2026-04-25T05:43:23+02:00,STATION,"Nouveau Saint-Roch",4,4,8,0.5,43.599817,3.875757
2026-04-25,05:43:23,2026-04-25T05:43:23+02:00,STATION,"Renouvier",2,5,8,0.375,43.603553,3.867884
2026-04-25,05:43:23,2026-04-25T05:43:23+02:00,STATION,"Odysseum",0,8,8,0.0,43.603727,3.918979
2026-04-25,05:43:23,2026-04-25T05:43:23+02:00,STATION,"Saint-Denis",0,8,8,0.0,43.605021,3.875065
2026-04-25,05:43:23,2026-04-25T05:43:23+02:00,STATION,"Richter",7,9,16,0.4375,43.603424,3.899263
2026-04-25,05:43:23,2026-04-25T05:43:23+02:00,STATION,"Charles Flahault",2,6,8,0.25,43.622038,3.86672
2026-04-25,05:43:23,2026-04-25T05:43:23+02:00,STATION,"Voltaire",5,3,8,0.625,43.603767,3.888659
2026-04-25,05:43:23,2026-04-25T05:43:23+02:00,STATION,"Prés d Arènes",0,8,8,0.0,43.59048,3.884611
2026-04-25,05:43:23,2026-04-25T05:43:23+02:00,STATION,"Garcia Lorca",3,5,8,0.375,43.590757,3.890616
2026-04-25,05:43:23,2026-04-25T05:43:23+02:00,STATION,"Vert Bois",7,9,16,0.4375,43.63543,3.871179
2026-04-25,05:43:23,2026-04-25T05:43:23+02:00,STATION,"Malbosc",1,7,8,0.125,43.633679,3.832861
2026-04-25,05:43:23,2026-04-25T05:43:23+02:00,STATION,"Occitanie",9,23,32,0.28125,43.635689,3.849597
2026-04-25,05:43:23,2026-04-25T05:43:23+02:00,STATION,"Fac des Sciences",15,9,24,0.625,43.631318,3.861299
2026-04-25,05:43:23,2026-04-25T05:43:23+02:00,STATION,"Fac de Lettres",3,9,12,0.25,43.630437,3.869539
2026-04-25,05:43:23,2026-04-25T05:43:23+02:00,STATION,"Aiguelongue",7,0,8,1.0,43.626163,3.882492
2026-04-25,05:43:23,2026-04-25T05:43:23+02:00,STATION,"Jeu de Mail des Abbés",8,0,8,1.0,43.619701,3.883831
2026-04-25,05:43:23,2026-04-25T05:43:23+02:00,STATION,"Euromédecine",3,5,8,0.375,43.639119,3.828199
2026-04-25,05:43:23,2026-04-25T05:43:23+02:00,STATION,"Marie Caizergues",5,3,8,0.625,43.619871,3.873812
2026-04-25,05:43:23,2026-04-25T05:43:23+02:00,STATION,"Sabines",9,0,8,1.0,43.584211,3.860031
2026-04-25,05:43:23,2026-04-25T05:43:23+02:00,STATION,"Celleneuve",4,4,8,0.5,43.61467,3.832624
2026-04-25,05:43:23,2026-04-25T05:43:23+02:00,STATION,"Jardin de la Lironde",5,3,8,0.625,43.60585,3.911576
2026-04-25,05:43:23,2026-04-25T05:43:23+02:00,STATION,"Père Soulas",6,2,8,0.75,43.621983,3.855603
2026-04-25,05:43:23,2026-04-25T05:43:23+02:00,STATION,"Place Viala",1,6,8,0.25,43.616812,3.855075
2026-04-25,05:43:23,2026-04-25T05:43:23+02:00,STATION,"Hôtel du Département",1,7,8,0.125,43.621682,3.83477
2026-04-25,05:43:23,2026-04-25T05:43:23+02:00,STATION,"Tonnelles",5,3,8,0.625,43.615155,3.839466
2026-04-25,05:43:23,2026-04-25T05:43:23+02:00,STATION,"Parvis Jules Ferry - Gare Saint-Roch",2,6,8,0.25,43.603889,3.879362
2026-04-25,05:43:23,2026-04-25T05:43:23+02:00,STATION,"Pont de Lattes - Gare Saint-Roch",6,5,12,0.5833333333333334,43.606036,3.882393
2026-04-25,05:43:23,2026-04-25T05:43:23+02:00,STATION,"Deux Ponts - Gare Saint-Roch",0,8,8,0.0,43.604319,3.880916
2026-04-25,05:43:23,2026-04-25T05:43:23+02:00,STATION,"Providence - Ovalie",4,4,8,0.5,43.588239,3.853421
2026-04-25,05:43:23,2026-04-25T05:43:23+02:00,STATION,"Pérols Etang de l Or",37,31,68,0.5441176470588235,43.558351,3.963412
2026-04-25,05:43:23,2026-04-25T05:43:23+02:00,STATION,"Albert 1er - Cathédrale",0,12,12,0.0,43.614005,3.873218
2026-04-25,05:43:23,2026-04-25T05:43:23+02:00,STATION,"Saint-Guilhem - Courreau",3,5,8,0.375,43.608996,3.872752
2026-04-25,05:43:23,2026-04-25T05:43:23+02:00,STATION,"Sud De France",1,7,8,0.125,43.59562,3.9235
2026-04-25,05:43:23,2026-04-25T05:43:23+02:00,STATION,"Comedie Baudin",0,8,8,0.0,43.608717,3.880787
2026-04-25,05:43:23,2026-04-25T05:43:23+02:00,STATION,"Jean de Beins",4,12,16,0.25,43.609857,3.883884
2026-04-25,07:51:05,2026-04-25T07:51:05+02:00,STATION,"Rue Jules Ferry - Gare Saint-Roch",3,9,12,0.25,43.605366,3.881346
2026-04-25,07:51:05,2026-04-25T07:51:05+02:00,STATION,"Comédie",5,15,20,0.25,43.608148,3.878778
2026-04-25,07:51:05,2026-04-25T07:51:05+02:00,STATION,"Hôtel de Ville",9,7,16,0.5625,43.599088,3.894866
2026-04-25,07:51:05,2026-04-25T07:51:05+02:00,STATION,"Corum",4,8,12,0.3333333333333333,43.613989,3.8816
2026-04-25,07:51:05,2026-04-25T07:51:05+02:00,STATION,"Place Albert 1er - St Charles",5,22,27,0.18518518518518517,43.616768,3.873375
2026-04-25,07:51:05,2026-04-25T07:51:05+02:00,STATION,"Foch",2,6,8,0.25,43.610989,3.873345
2026-04-25,07:51:05,2026-04-25T07:51:05+02:00,STATION,"Halles Castellane",0,12,12,0.0,43.609935,3.877208
2026-04-25,07:51:05,2026-04-25T07:51:05+02:00,STATION,"Observatoire",8,0,8,1.0,43.606301,3.87724
2026-04-25,07:51:05,2026-04-25T07:51:05+02:00,STATION,"Rondelet",4,12,16,0.25,43.603038,3.875796
2026-04-25,07:51:05,2026-04-25T07:51:05+02:00,STATION,"Plan Cabanes",6,6,12,0.5,43.608491,3.868389
2026-04-25,07:51:05,2026-04-25T07:51:05+02:00,STATION,"Boutonnet",8,3,12,0.75,43.622629,3.868375
2026-04-25,07:51:05,2026-04-25T07:51:05+02:00,STATION,"Emile Combes",2,6,8,0.25,43.616742,3.87998
2026-04-25,07:51:05,2026-04-25T07:51:05+02:00,STATION,"Beaux-Arts",7,9,16,0.4375,43.616698,3.884981
2026-04-25,07:51:05,2026-04-25T07:51:05+02:00,STATION,"Les Aubes",7,1,8,0.875,43.618692,3.893844
2026-04-25,07:51:05,2026-04-25T07:51:05+02:00,STATION,"Antigone centre",6,6,12,0.5,43.607942,3.890634
2026-04-25,07:51:05,2026-04-25T07:51:05+02:00,STATION,"Médiathèque Emile Zola",12,4,16,0.75,43.608218,3.89314
2026-04-25,07:51:05,2026-04-25T07:51:05+02:00,STATION,"Nombre d Or",6,10,16,0.375,43.607859,3.886644
2026-04-25,07:51:05,2026-04-25T07:51:05+02:00,STATION,"Louis Blanc",5,11,16,0.3125,43.614642,3.877648
2026-04-25,07:51:05,2026-04-25T07:51:05+02:00,STATION,"Gambetta",3,5,8,0.375,43.607106,3.870693
2026-04-25,07:51:05,2026-04-25T07:51:05+02:00,STATION,"Port Marianne",13,3,16,0.8125,43.60032,3.89851
2026-04-25,07:51:05,2026-04-25T07:51:05+02:00,STATION,"Les Arceaux",4,4,8,0.5,43.612659,3.867734
2026-04-25,07:51:05,2026-04-25T07:51:05+02:00,STATION,"Cité Mion",3,5,8,0.375,43.601143,3.884373
2026-04-25,07:51:05,2026-04-25T07:51:05+02:00,STATION,"Nouveau Saint-Roch",4,4,8,0.5,43.599817,3.875757
2026-04-25,07:51:05,2026-04-25T07:51:05+02:00,STATION,"Renouvier",2,5,8,0.375,43.603553,3.867884
2026-04-25,07:51:05,2026-04-25T07:51:05+02:00,STATION,"Odysseum",0,8,8,0.0,43.603727,3.918979
2026-04-25,07:51:05,2026-04-25T07:51:05+02:00,STATION,"Saint-Denis",0,8,8,0.0,43.605021,3.875065
2026-04-25,07:51:05,2026-04-25T07:51:05+02:00,STATION,"Richter",7,9,16,0.4375,43.603424,3.899263
2026-04-25,07:51:05,2026-04-25T07:51:05+02:00,STATION,"Charles Flahault",2,6,8,0.25,43.622038,3.86672
2026-04-25,07:51:05,2026-04-25T07:51:05+02:00,STATION,"Voltaire",5,3,8,0.625,43.603767,3.888659
2026-04-25,07:51:05,2026-04-25T07:51:05+02:00,STATION,"Prés d Arènes",4,4,8,0.5,43.59048,3.884611
2026-04-25,07:51:05,2026-04-25T07:51:05+02:00,STATION,"Garcia Lorca",3,5,8,0.375,43.590757,3.890616
2026-04-25,07:51:05,2026-04-25T07:51:05+02:00,STATION,"Vert Bois",7,9,16,0.4375,43.63543,3.871179
2026-04-25,07:51:05,2026-04-25T07:51:05+02:00,STATION,"Malbosc",1,7,8,0.125,43.633679,3.832861
2026-04-25,07:51:05,2026-04-25T07:51:05+02:00,STATION,"Occitanie",8,24,32,0.25,43.635689,3.849597
2026-04-25,07:51:05,2026-04-25T07:51:05+02:00,STATION,"Fac des Sciences",15,9,24,0.625,43.631318,3.861299
2026-04-25,07:51:05,2026-04-25T07:51:05+02:00,STATION,"Fac de Lettres",3,9,12,0.25,43.630437,3.869539
2026-04-25,07:51:05,2026-04-25T07:51:05+02:00,STATION,"Aiguelongue",7,0,8,1.0,43.626163,3.882492
2026-04-25,07:51:05,2026-04-25T07:51:05+02:00,STATION,"Jeu de Mail des Abbés",8,0,8,1.0,43.619701,3.883831
2026-04-25,07:51:05,2026-04-25T07:51:05+02:00,STATION,"Euromédecine",3,5,8,0.375,43.639119,3.828199
2026-04-25,07:51:05,2026-04-25T07:51:05+02:00,STATION,"Marie Caizergues",5,3,8,0.625,43.619871,3.873812
2026-04-25,07:51:05,2026-04-25T07:51:05+02:00,STATION,"Sabines",5,3,8,0.625,43.584211,3.860031
2026-04-25,07:51:05,2026-04-25T07:51:05+02:00,STATION,"Celleneuve",4,4,8,0.5,43.61467,3.832624
2026-04-25,07:51:05,2026-04-25T07:51:05+02:00,STATION,"Jardin de la Lironde",5,3,8,0.625,43.60585,3.911576
2026-04-25,07:51:05,2026-04-25T07:51:05+02:00,STATION,"Père Soulas",6,2,8,0.75,43.621983,3.855603
2026-04-25,07:51:05,2026-04-25T07:51:05+02:00,STATION,"Place Viala",1,6,8,0.25,43.616812,3.855075
2026-04-25,07:51:05,2026-04-25T07:51:05+02:00,STATION,"Hôtel du Département",1,7,8,0.125,43.621682,3.83477
2026-04-25,07:51:05,2026-04-25T07:51:05+02:00,STATION,"Tonnelles",5,3,8,0.625,43.615155,3.839466
2026-04-25,07:51:05,2026-04-25T07:51:05+02:00,STATION,"Parvis Jules Ferry - Gare Saint-Roch",2,6,8,0.25,43.603889,3.879362
2026-04-25,07:51:05,2026-04-25T07:51:05+02:00,STATION,"Pont de Lattes - Gare Saint-Roch",6,5,12,0.5833333333333334,43.606036,3.882393
2026-04-25,07:51:05,2026-04-25T07:51:05+02:00,STATION,"Deux Ponts - Gare Saint-Roch",0,8,8,0.0,43.604319,3.880916
2026-04-25,07:51:05,2026-04-25T07:51:05+02:00,STATION,"Providence - Ovalie",4,4,8,0.5,43.588239,3.853421
2026-04-25,07:51:05,2026-04-25T07:51:05+02:00,STATION,"Pérols Etang de l Or",37,31,68,0.5441176470588235,43.558351,3.963412
2026-04-25,07:51:05,2026-04-25T07:51:05+02:00,STATION,"Albert 1er - Cathédrale",0,12,12,0.0,43.614005,3.873218
2026-04-25,07:51:05,2026-04-25T07:51:05+02:00,STATION,"Saint-Guilhem - Courreau",3,5,8,0.375,43.608996,3.872752
2026-04-25,07:51:05,2026-04-25T07:51:05+02:00,STATION,"Sud De France",1,7,8,0.125,43.59562,3.9235
2026-04-25,07:51:05,2026-04-25T07:51:05+02:00,STATION,"Comedie Baudin",0,8,8,0.0,43.608717,3.880787
2026-04-25,07:51:05,2026-04-25T07:51:05+02:00,STATION,"Jean de Beins",4,12,16,0.25,43.609857,3.883884
2026-04-25,09:19:51,2026-04-25T09:19:51+02:00,STATION,"Rue Jules Ferry - Gare Saint-Roch",3,9,12,0.25,43.605366,3.881346
2026-04-25,09:19:51,2026-04-25T09:19:51+02:00,STATION,"Comédie",5,15,20,0.25,43.608148,3.878778
2026-04-25,09:19:51,2026-04-25T09:19:51+02:00,STATION,"Hôtel de Ville",9,7,16,0.5625,43.599088,3.894866
2026-04-25,09:19:51,2026-04-25T09:19:51+02:00,STATION,"Corum",4,8,12,0.3333333333333333,43.613989,3.8816
2026-04-25,09:19:51,2026-04-25T09:19:51+02:00,STATION,"Place Albert 1er - St Charles",5,22,27,0.18518518518518517,43.616768,3.873375
2026-04-25,09:19:51,2026-04-25T09:19:51+02:00,STATION,"Foch",2,6,8,0.25,43.610989,3.873345
2026-04-25,09:19:51,2026-04-25T09:19:51+02:00,STATION,"Halles Castellane",0,12,12,0.0,43.609935,3.877208
2026-04-25,09:19:51,2026-04-25T09:19:51+02:00,STATION,"Observatoire",9,0,8,1.0,43.606301,3.87724
2026-04-25,09:19:51,2026-04-25T09:19:51+02:00,STATION,"Rondelet",4,12,16,0.25,43.603038,3.875796
2026-04-25,09:19:51,2026-04-25T09:19:51+02:00,STATION,"Plan Cabanes",5,7,12,0.4166666666666667,43.608491,3.868389
2026-04-25,09:19:51,2026-04-25T09:19:51+02:00,STATION,"Boutonnet",11,0,12,1.0,43.622629,3.868375
2026-04-25,09:19:51,2026-04-25T09:19:51+02:00,STATION,"Emile Combes",4,4,8,0.5,43.616742,3.87998
2026-04-25,09:19:51,2026-04-25T09:19:51+02:00,STATION,"Beaux-Arts",7,9,16,0.4375,43.616698,3.884981
2026-04-25,09:19:51,2026-04-25T09:19:51+02:00,STATION,"Les Aubes",4,4,8,0.5,43.618692,3.893844
2026-04-25,09:19:51,2026-04-25T09:19:51+02:00,STATION,"Antigone centre",6,6,12,0.5,43.607942,3.890634
2026-04-25,09:19:51,2026-04-25T09:19:51+02:00,STATION,"Médiathèque Emile Zola",12,4,16,0.75,43.608218,3.89314
2026-04-25,09:19:51,2026-04-25T09:19:51+02:00,STATION,"Nombre d Or",5,11,16,0.3125,43.607859,3.886644
2026-04-25,09:19:51,2026-04-25T09:19:51+02:00,STATION,"Louis Blanc",5,11,16,0.3125,43.614642,3.877648
2026-04-25,09:19:51,2026-04-25T09:19:51+02:00,STATION,"Gambetta",3,5,8,0.375,43.607106,3.870693
2026-04-25,09:19:51,2026-04-25T09:19:51+02:00,STATION,"Port Marianne",9,7,16,0.5625,43.60032,3.89851
2026-04-25,09:19:51,2026-04-25T09:19:51+02:00,STATION,"Les Arceaux",4,4,8,0.5,43.612659,3.867734
2026-04-25,09:19:51,2026-04-25T09:19:51+02:00,STATION,"Cité Mion",3,5,8,0.375,43.601143,3.884373
2026-04-25,09:19:51,2026-04-25T09:19:51+02:00,STATION,"Nouveau Saint-Roch",4,4,8,0.5,43.599817,3.875757
2026-04-25,09:19:51,2026-04-25T09:19:51+02:00,STATION,"Renouvier",2,5,8,0.375,43.603553,3.867884
2026-04-25,09:19:51,2026-04-25T09:19:51+02:00,STATION,"Odysseum",0,8,8,0.0,43.603727,3.918979
2026-04-25,09:19:51,2026-04-25T09:19:51+02:00,STATION,"Saint-Denis",0,8,8,0.0,43.605021,3.875065
2026-04-25,09:19:51,2026-04-25T09:19:51+02:00,STATION,"Richter",9,7,16,0.5625,43.603424,3.899263
2026-04-25,09:19:51,2026-04-25T09:19:51+02:00,STATION,"Charles Flahault",2,6,8,0.25,43.622038,3.86672
2026-04-25,09:19:51,2026-04-25T09:19:51+02:00,STATION,"Voltaire",5,3,8,0.625,43.603767,3.888659
2026-04-25,09:19:51,2026-04-25T09:19:51+02:00,STATION,"Prés d Arènes",4,4,8,0.5,43.59048,3.884611
2026-04-25,09:19:51,2026-04-25T09:19:51+02:00,STATION,"Garcia Lorca",3,5,8,0.375,43.590757,3.890616
2026-04-25,09:19:51,2026-04-25T09:19:51+02:00,STATION,"Vert Bois",7,9,16,0.4375,43.63543,3.871179
2026-04-25,09:19:51,2026-04-25T09:19:51+02:00,STATION,"Malbosc",1,7,8,0.125,43.633679,3.832861
2026-04-25,09:19:51,2026-04-25T09:19:51+02:00,STATION,"Occitanie",7,25,32,0.21875,43.635689,3.849597
2026-04-25,09:19:51,2026-04-25T09:19:51+02:00,STATION,"Fac des Sciences",14,10,24,0.5833333333333334,43.631318,3.861299
2026-04-25,09:19:51,2026-04-25T09:19:51+02:00,STATION,"Fac de Lettres",3,9,12,0.25,43.630437,3.869539
2026-04-25,09:19:51,2026-04-25T09:19:51+02:00,STATION,"Aiguelongue",7,0,8,1.0,43.626163,3.882492
2026-04-25,09:19:51,2026-04-25T09:19:51+02:00,STATION,"Jeu de Mail des Abbés",5,3,8,0.625,43.619701,3.883831
2026-04-25,09:19:51,2026-04-25T09:19:51+02:00,STATION,"Euromédecine",3,5,8,0.375,43.639119,3.828199
2026-04-25,09:19:51,2026-04-25T09:19:51+02:00,STATION,"Marie Caizergues",5,3,8,0.625,43.619871,3.873812
2026-04-25,09:19:51,2026-04-25T09:19:51+02:00,STATION,"Sabines",5,3,8,0.625,43.584211,3.860031
2026-04-25,09:19:51,2026-04-25T09:19:51+02:00,STATION,"Celleneuve",4,4,8,0.5,43.61467,3.832624
2026-04-25,09:19:51,2026-04-25T09:19:51+02:00,STATION,"Jardin de la Lironde",5,3,8,0.625,43.60585,3.911576
2026-04-25,09:19:51,2026-04-25T09:19:51+02:00,STATION,"Père Soulas",6,2,8,0.75,43.621983,3.855603
2026-04-25,09:19:51,2026-04-25T09:19:51+02:00,STATION,"Place Viala",1,6,8,0.25,43.616812,3.855075
2026-04-25,09:19:51,2026-04-25T09:19:51+02:00,STATION,"Hôtel du Département",1,7,8,0.125,43.621682,3.83477
2026-04-25,09:19:51,2026-04-25T09:19:51+02:00,STATION,"Tonnelles",5,3,8,0.625,43.615155,3.839466
2026-04-25,09:19:51,2026-04-25T09:19:51+02:00,STATION,"Parvis Jules Ferry - Gare Saint-Roch",2,6,8,0.25,43.603889,3.879362
2026-04-25,09:19:51,2026-04-25T09:19:51+02:00,STATION,"Pont de Lattes - Gare Saint-Roch",6,5,12,0.5833333333333334,43.606036,3.882393
2026-04-25,09:19:51,2026-04-25T09:19:51+02:00,STATION,"Deux Ponts - Gare Saint-Roch",0,8,8,0.0,43.604319,3.880916
2026-04-25,09:19:51,2026-04-25T09:19:51+02:00,STATION,"Providence - Ovalie",4,4,8,0.5,43.588239,3.853421
2026-04-25,09:19:51,2026-04-25T09:19:51+02:00,STATION,"Pérols Etang de l Or",35,33,68,0.5147058823529411,43.558351,3.963412
2026-04-25,09:19:51,2026-04-25T09:19:51+02:00,STATION,"Albert 1er - Cathédrale",5,7,12,0.4166666666666667,43.614005,3.873218
2026-04-25,09:19:51,2026-04-25T09:19:51+02:00,STATION,"Saint-Guilhem - Courreau",2,6,8,0.25,43.608996,3.872752
2026-04-25,09:19:51,2026-04-25T09:19:51+02:00,STATION,"Sud De France",1,7,8,0.125,43.59562,3.9235
2026-04-25,09:19:51,2026-04-25T09:19:51+02:00,STATION,"Comedie Baudin",0,8,8,0.0,43.608717,3.880787
2026-04-25,09:19:51,2026-04-25T09:19:51+02:00,STATION,"Jean de Beins",3,13,16,0.1875,43.609857,3.883884
2026-04-25,10:34:54,2026-04-25T10:34:54+02:00,STATION,"Rue Jules Ferry - Gare Saint-Roch",3,9,12,0.25,43.605366,3.881346
2026-04-25,10:34:54,2026-04-25T10:34:54+02:00,STATION,"Comédie",6,14,20,0.3,43.608148,3.878778
2026-04-25,10:34:54,2026-04-25T10:34:54+02:00,STATION,"Hôtel de Ville",9,7,16,0.5625,43.599088,3.894866
2026-04-25,10:34:54,2026-04-25T10:34:54+02:00,STATION,"Corum",4,8,12,0.3333333333333333,43.613989,3.8816
2026-04-25,10:34:54,2026-04-25T10:34:54+02:00,STATION,"Place Albert 1er - St Charles",6,21,27,0.2222222222222222,43.616768,3.873375
2026-04-25,10:34:54,2026-04-25T10:34:54+02:00,STATION,"Foch",4,4,8,0.5,43.610989,3.873345
2026-04-25,10:34:54,2026-04-25T10:34:54+02:00,STATION,"Halles Castellane",0,12,12,0.0,43.609935,3.877208
2026-04-25,10:34:54,2026-04-25T10:34:54+02:00,STATION,"Observatoire",7,0,8,1.0,43.606301,3.87724
2026-04-25,10:34:54,2026-04-25T10:34:54+02:00,STATION,"Rondelet",4,12,16,0.25,43.603038,3.875796
2026-04-25,10:34:54,2026-04-25T10:34:54+02:00,STATION,"Plan Cabanes",5,7,12,0.4166666666666667,43.608491,3.868389
2026-04-25,10:34:54,2026-04-25T10:34:54+02:00,STATION,"Boutonnet",11,0,12,1.0,43.622629,3.868375
2026-04-25,10:34:54,2026-04-25T10:34:54+02:00,STATION,"Emile Combes",4,4,8,0.5,43.616742,3.87998
2026-04-25,10:34:54,2026-04-25T10:34:54+02:00,STATION,"Beaux-Arts",7,9,16,0.4375,43.616698,3.884981
2026-04-25,10:34:54,2026-04-25T10:34:54+02:00,STATION,"Les Aubes",3,5,8,0.375,43.618692,3.893844
2026-04-25,10:34:54,2026-04-25T10:34:54+02:00,STATION,"Antigone centre",6,6,12,0.5,43.607942,3.890634
2026-04-25,10:34:54,2026-04-25T10:34:54+02:00,STATION,"Médiathèque Emile Zola",9,7,16,0.5625,43.608218,3.89314
2026-04-25,10:34:54,2026-04-25T10:34:54+02:00,STATION,"Nombre d Or",6,10,16,0.375,43.607859,3.886644
2026-04-25,10:34:54,2026-04-25T10:34:54+02:00,STATION,"Louis Blanc",5,11,16,0.3125,43.614642,3.877648
2026-04-25,10:34:54,2026-04-25T10:34:54+02:00,STATION,"Gambetta",2,6,8,0.25,43.607106,3.870693
2026-04-25,10:34:54,2026-04-25T10:34:54+02:00,STATION,"Port Marianne",9,7,16,0.5625,43.60032,3.89851
2026-04-25,10:34:54,2026-04-25T10:34:54+02:00,STATION,"Les Arceaux",6,2,8,0.75,43.612659,3.867734
2026-04-25,10:34:54,2026-04-25T10:34:54+02:00,STATION,"Cité Mion",3,5,8,0.375,43.601143,3.884373
2026-04-25,10:34:54,2026-04-25T10:34:54+02:00,STATION,"Nouveau Saint-Roch",4,4,8,0.5,43.599817,3.875757
2026-04-25,10:34:54,2026-04-25T10:34:54+02:00,STATION,"Renouvier",1,6,8,0.25,43.603553,3.867884
2026-04-25,10:34:54,2026-04-25T10:34:54+02:00,STATION,"Odysseum",0,8,8,0.0,43.603727,3.918979
2026-04-25,10:34:54,2026-04-25T10:34:54+02:00,STATION,"Saint-Denis",0,8,8,0.0,43.605021,3.875065
2026-04-25,10:34:54,2026-04-25T10:34:54+02:00,STATION,"Richter",10,6,16,0.625,43.603424,3.899263
2026-04-25,10:34:54,2026-04-25T10:34:54+02:00,STATION,"Charles Flahault",2,6,8,0.25,43.622038,3.86672
2026-04-25,10:34:54,2026-04-25T10:34:54+02:00,STATION,"Voltaire",5,3,8,0.625,43.603767,3.888659
2026-04-25,10:34:54,2026-04-25T10:34:54+02:00,STATION,"Prés d Arènes",4,4,8,0.5,43.59048,3.884611
2026-04-25,10:34:54,2026-04-25T10:34:54+02:00,STATION,"Garcia Lorca",3,5,8,0.375,43.590757,3.890616
2026-04-25,10:34:54,2026-04-25T10:34:54+02:00,STATION,"Vert Bois",7,9,16,0.4375,43.63543,3.871179
2026-04-25,10:34:54,2026-04-25T10:34:54+02:00,STATION,"Malbosc",1,7,8,0.125,43.633679,3.832861
2026-04-25,10:34:54,2026-04-25T10:34:54+02:00,STATION,"Occitanie",7,25,32,0.21875,43.635689,3.849597
2026-04-25,10:34:54,2026-04-25T10:34:54+02:00,STATION,"Fac des Sciences",14,10,24,0.5833333333333334,43.631318,3.861299
2026-04-25,10:34:54,2026-04-25T10:34:54+02:00,STATION,"Fac de Lettres",1,11,12,0.08333333333333333,43.630437,3.869539
2026-04-25,10:34:54,2026-04-25T10:34:54+02:00,STATION,"Aiguelongue",6,1,8,0.875,43.626163,3.882492
2026-04-25,10:34:54,2026-04-25T10:34:54+02:00,STATION,"Jeu de Mail des Abbés",5,3,8,0.625,43.619701,3.883831
2026-04-25,10:34:54,2026-04-25T10:34:54+02:00,STATION,"Euromédecine",3,5,8,0.375,43.639119,3.828199
2026-04-25,10:34:54,2026-04-25T10:34:54+02:00,STATION,"Marie Caizergues",5,3,8,0.625,43.619871,3.873812
2026-04-25,10:34:54,2026-04-25T10:34:54+02:00,STATION,"Sabines",5,3,8,0.625,43.584211,3.860031
2026-04-25,10:34:54,2026-04-25T10:34:54+02:00,STATION,"Celleneuve",4,4,8,0.5,43.61467,3.832624
2026-04-25,10:34:54,2026-04-25T10:34:54+02:00,STATION,"Jardin de la Lironde",5,3,8,0.625,43.60585,3.911576
2026-04-25,10:34:54,2026-04-25T10:34:54+02:00,STATION,"Père Soulas",6,2,8,0.75,43.621983,3.855603
2026-04-25,10:34:54,2026-04-25T10:34:54+02:00,STATION,"Place Viala",1,6,8,0.25,43.616812,3.855075
2026-04-25,10:34:54,2026-04-25T10:34:54+02:00,STATION,"Hôtel du Département",1,7,8,0.125,43.621682,3.83477
2026-04-25,10:34:54,2026-04-25T10:34:54+02:00,STATION,"Tonnelles",5,3,8,0.625,43.615155,3.839466
2026-04-25,10:34:54,2026-04-25T10:34:54+02:00,STATION,"Parvis Jules Ferry - Gare Saint-Roch",2,6,8,0.25,43.603889,3.879362
2026-04-25,10:34:54,2026-04-25T10:34:54+02:00,STATION,"Pont de Lattes - Gare Saint-Roch",6,5,12,0.5833333333333334,43.606036,3.882393
2026-04-25,10:34:54,2026-04-25T10:34:54+02:00,STATION,"Deux Ponts - Gare Saint-Roch",0,8,8,0.0,43.604319,3.880916
2026-04-25,10:34:54,2026-04-25T10:34:54+02:00,STATION,"Providence - Ovalie",4,4,8,0.5,43.588239,3.853421
2026-04-25,10:34:54,2026-04-25T10:34:54+02:00,STATION,"Pérols Etang de l Or",37,31,68,0.5441176470588235,43.558351,3.963412
2026-04-25,10:34:54,2026-04-25T10:34:54+02:00,STATION,"Albert 1er - Cathédrale",5,7,12,0.4166666666666667,43.614005,3.873218
2026-04-25,10:34:54,2026-04-25T10:34:54+02:00,STATION,"Saint-Guilhem - Courreau",2,6,8,0.25,43.608996,3.872752
2026-04-25,10:34:54,2026-04-25T10:34:54+02:00,STATION,"Sud De France",1,7,8,0.125,43.59562,3.9235
2026-04-25,10:34:54,2026-04-25T10:34:54+02:00,STATION,"Comedie Baudin",0,8,8,0.0,43.608717,3.880787
2026-04-25,10:34:54,2026-04-25T10:34:54+02:00,STATION,"Jean de Beins",3,13,16,0.1875,43.609857,3.883884
2026-04-25,11:57:23,2026-04-25T11:57:23+02:00,STATION,"Rue Jules Ferry - Gare Saint-Roch",3,9,12,0.25,43.605366,3.881346
2026-04-25,11:57:23,2026-04-25T11:57:23+02:00,STATION,"Comédie",5,15,20,0.25,43.608148,3.878778
2026-04-25,11:57:23,2026-04-25T11:57:23+02:00,STATION,"Hôtel de Ville",9,7,16,0.5625,43.599088,3.894866
2026-04-25,11:57:23,2026-04-25T11:57:23+02:00,STATION,"Corum",4,8,12,0.3333333333333333,43.613989,3.8816
2026-04-25,11:57:23,2026-04-25T11:57:23+02:00,STATION,"Place Albert 1er - St Charles",6,21,27,0.2222222222222222,43.616768,3.873375
2026-04-25,11:57:23,2026-04-25T11:57:23+02:00,STATION,"Foch",4,4,8,0.5,43.610989,3.873345
2026-04-25,11:57:23,2026-04-25T11:57:23+02:00,STATION,"Halles Castellane",0,12,12,0.0,43.609935,3.877208
2026-04-25,11:57:23,2026-04-25T11:57:23+02:00,STATION,"Observatoire",6,1,8,0.875,43.606301,3.87724
2026-04-25,11:57:23,2026-04-25T11:57:23+02:00,STATION,"Rondelet",4,12,16,0.25,43.603038,3.875796
2026-04-25,11:57:23,2026-04-25T11:57:23+02:00,STATION,"Plan Cabanes",5,7,12,0.4166666666666667,43.608491,3.868389
2026-04-25,11:57:23,2026-04-25T11:57:23+02:00,STATION,"Boutonnet",10,1,12,0.9166666666666666,43.622629,3.868375
2026-04-25,11:57:23,2026-04-25T11:57:23+02:00,STATION,"Emile Combes",4,4,8,0.5,43.616742,3.87998
2026-04-25,11:57:23,2026-04-25T11:57:23+02:00,STATION,"Beaux-Arts",5,11,16,0.3125,43.616698,3.884981
2026-04-25,11:57:23,2026-04-25T11:57:23+02:00,STATION,"Les Aubes",4,4,8,0.5,43.618692,3.893844
2026-04-25,11:57:23,2026-04-25T11:57:23+02:00,STATION,"Antigone centre",6,6,12,0.5,43.607942,3.890634
2026-04-25,11:57:23,2026-04-25T11:57:23+02:00,STATION,"Médiathèque Emile Zola",7,9,16,0.4375,43.608218,3.89314
2026-04-25,11:57:23,2026-04-25T11:57:23+02:00,STATION,"Nombre d Or",3,13,16,0.1875,43.607859,3.886644
2026-04-25,11:57:23,2026-04-25T11:57:23+02:00,STATION,"Louis Blanc",4,12,16,0.25,43.614642,3.877648
2026-04-25,11:57:23,2026-04-25T11:57:23+02:00,STATION,"Gambetta",2,6,8,0.25,43.607106,3.870693
2026-04-25,11:57:23,2026-04-25T11:57:23+02:00,STATION,"Port Marianne",6,10,16,0.375,43.60032,3.89851
2026-04-25,11:57:23,2026-04-25T11:57:23+02:00,STATION,"Les Arceaux",6,2,8,0.75,43.612659,3.867734
2026-04-25,11:57:23,2026-04-25T11:57:23+02:00,STATION,"Cité Mion",3,5,8,0.375,43.601143,3.884373
2026-04-25,11:57:23,2026-04-25T11:57:23+02:00,STATION,"Nouveau Saint-Roch",4,4,8,0.5,43.599817,3.875757
2026-04-25,11:57:23,2026-04-25T11:57:23+02:00,STATION,"Renouvier",2,5,8,0.375,43.603553,3.867884
2026-04-25,11:57:23,2026-04-25T11:57:23+02:00,STATION,"Odysseum",0,8,8,0.0,43.603727,3.918979
2026-04-25,11:57:23,2026-04-25T11:57:23+02:00,STATION,"Saint-Denis",0,8,8,0.0,43.605021,3.875065
2026-04-25,11:57:23,2026-04-25T11:57:23+02:00,STATION,"Richter",10,6,16,0.625,43.603424,3.899263
2026-04-25,11:57:23,2026-04-25T11:57:23+02:00,STATION,"Charles Flahault",1,7,8,0.125,43.622038,3.86672
2026-04-25,11:57:23,2026-04-25T11:57:23+02:00,STATION,"Voltaire",5,3,8,0.625,43.603767,3.888659
2026-04-25,11:57:23,2026-04-25T11:57:23+02:00,STATION,"Prés d Arènes",4,4,8,0.5,43.59048,3.884611
2026-04-25,11:57:23,2026-04-25T11:57:23+02:00,STATION,"Garcia Lorca",3,5,8,0.375,43.590757,3.890616
2026-04-25,11:57:23,2026-04-25T11:57:23+02:00,STATION,"Vert Bois",7,9,16,0.4375,43.63543,3.871179
2026-04-25,11:57:23,2026-04-25T11:57:23+02:00,STATION,"Malbosc",1,7,8,0.125,43.633679,3.832861
2026-04-25,11:57:23,2026-04-25T11:57:23+02:00,STATION,"Occitanie",7,25,32,0.21875,43.635689,3.849597
2026-04-25,11:57:23,2026-04-25T11:57:23+02:00,STATION,"Fac des Sciences",14,10,24,0.5833333333333334,43.631318,3.861299
2026-04-25,11:57:23,2026-04-25T11:57:23+02:00,STATION,"Fac de Lettres",2,10,12,0.16666666666666666,43.630437,3.869539
2026-04-25,11:57:23,2026-04-25T11:57:23+02:00,STATION,"Aiguelongue",6,1,8,0.875,43.626163,3.882492
2026-04-25,11:57:23,2026-04-25T11:57:23+02:00,STATION,"Jeu de Mail des Abbés",5,3,8,0.625,43.619701,3.883831
2026-04-25,11:57:23,2026-04-25T11:57:23+02:00,STATION,"Euromédecine",3,5,8,0.375,43.639119,3.828199
2026-04-25,11:57:23,2026-04-25T11:57:23+02:00,STATION,"Marie Caizergues",5,3,8,0.625,43.619871,3.873812
2026-04-25,11:57:23,2026-04-25T11:57:23+02:00,STATION,"Sabines",5,3,8,0.625,43.584211,3.860031
2026-04-25,11:57:23,2026-04-25T11:57:23+02:00,STATION,"Celleneuve",4,4,8,0.5,43.61467,3.832624
2026-04-25,11:57:23,2026-04-25T11:57:23+02:00,STATION,"Jardin de la Lironde",5,3,8,0.625,43.60585,3.911576
2026-04-25,11:57:23,2026-04-25T11:57:23+02:00,STATION,"Père Soulas",6,2,8,0.75,43.621983,3.855603
2026-04-25,11:57:23,2026-04-25T11:57:23+02:00,STATION,"Place Viala",1,6,8,0.25,43.616812,3.855075
2026-04-25,11:57:23,2026-04-25T11:57:23+02:00,STATION,"Hôtel du Département",1,7,8,0.125,43.621682,3.83477
2026-04-25,11:57:23,2026-04-25T11:57:23+02:00,STATION,"Tonnelles",6,2,8,0.75,43.615155,3.839466
2026-04-25,11:57:23,2026-04-25T11:57:23+02:00,STATION,"Parvis Jules Ferry - Gare Saint-Roch",3,5,8,0.375,43.603889,3.879362
2026-04-25,11:57:23,2026-04-25T11:57:23+02:00,STATION,"Pont de Lattes - Gare Saint-Roch",6,5,12,0.5833333333333334,43.606036,3.882393
2026-04-25,11:57:23,2026-04-25T11:57:23+02:00,STATION,"Deux Ponts - Gare Saint-Roch",0,8,8,0.0,43.604319,3.880916
2026-04-25,11:57:23,2026-04-25T11:57:23+02:00,STATION,"Providence - Ovalie",4,4,8,0.5,43.588239,3.853421
2026-04-25,11:57:23,2026-04-25T11:57:23+02:00,STATION,"Pérols Etang de l Or",35,33,68,0.5147058823529411,43.558351,3.963412
2026-04-25,11:57:23,2026-04-25T11:57:23+02:00,STATION,"Albert 1er - Cathédrale",5,7,12,0.4166666666666667,43.614005,3.873218
2026-04-25,11:57:23,2026-04-25T11:57:23+02:00,STATION,"Saint-Guilhem - Courreau",2,6,8,0.25,43.608996,3.872752
2026-04-25,11:57:23,2026-04-25T11:57:23+02:00,STATION,"Sud De France",1,7,8,0.125,43.59562,3.9235
2026-04-25,11:57:23,2026-04-25T11:57:23+02:00,STATION,"Comedie Baudin",0,8,8,0.0,43.608717,3.880787
2026-04-25,11:57:23,2026-04-25T11:57:23+02:00,STATION,"Jean de Beins",3,13,16,0.1875,43.609857,3.883884
2026-04-25,12:47:45,2026-04-25T12:47:45+02:00,STATION,"Rue Jules Ferry - Gare Saint-Roch",3,9,12,0.25,43.605366,3.881346
2026-04-25,12:47:45,2026-04-25T12:47:45+02:00,STATION,"Comédie",5,15,20,0.25,43.608148,3.878778
2026-04-25,12:47:45,2026-04-25T12:47:45+02:00,STATION,"Hôtel de Ville",8,8,16,0.5,43.599088,3.894866
2026-04-25,12:47:45,2026-04-25T12:47:45+02:00,STATION,"Corum",4,8,12,0.3333333333333333,43.613989,3.8816
2026-04-25,12:47:45,2026-04-25T12:47:45+02:00,STATION,"Place Albert 1er - St Charles",4,23,27,0.14814814814814814,43.616768,3.873375
2026-04-25,12:47:45,2026-04-25T12:47:45+02:00,STATION,"Foch",3,5,8,0.375,43.610989,3.873345
2026-04-25,12:47:45,2026-04-25T12:47:45+02:00,STATION,"Halles Castellane",0,12,12,0.0,43.609935,3.877208
2026-04-25,12:47:45,2026-04-25T12:47:45+02:00,STATION,"Observatoire",4,3,8,0.625,43.606301,3.87724
2026-04-25,12:47:45,2026-04-25T12:47:45+02:00,STATION,"Rondelet",5,11,16,0.3125,43.603038,3.875796
2026-04-25,12:47:45,2026-04-25T12:47:45+02:00,STATION,"Plan Cabanes",5,7,12,0.4166666666666667,43.608491,3.868389
2026-04-25,12:47:45,2026-04-25T12:47:45+02:00,STATION,"Boutonnet",10,1,12,0.9166666666666666,43.622629,3.868375
2026-04-25,12:47:45,2026-04-25T12:47:45+02:00,STATION,"Emile Combes",4,4,8,0.5,43.616742,3.87998
2026-04-25,12:47:45,2026-04-25T12:47:45+02:00,STATION,"Beaux-Arts",5,11,16,0.3125,43.616698,3.884981
2026-04-25,12:47:45,2026-04-25T12:47:45+02:00,STATION,"Les Aubes",4,4,8,0.5,43.618692,3.893844
2026-04-25,12:47:45,2026-04-25T12:47:45+02:00,STATION,"Antigone centre",6,6,12,0.5,43.607942,3.890634
2026-04-25,12:47:45,2026-04-25T12:47:45+02:00,STATION,"Médiathèque Emile Zola",8,8,16,0.5,43.608218,3.89314
2026-04-25,12:47:45,2026-04-25T12:47:45+02:00,STATION,"Nombre d Or",3,13,16,0.1875,43.607859,3.886644
2026-04-25,12:47:45,2026-04-25T12:47:45+02:00,STATION,"Louis Blanc",4,12,16,0.25,43.614642,3.877648
2026-04-25,12:47:45,2026-04-25T12:47:45+02:00,STATION,"Gambetta",2,6,8,0.25,43.607106,3.870693
2026-04-25,12:47:45,2026-04-25T12:47:45+02:00,STATION,"Port Marianne",3,13,16,0.1875,43.60032,3.89851
2026-04-25,12:47:45,2026-04-25T12:47:45+02:00,STATION,"Les Arceaux",5,3,8,0.625,43.612659,3.867734
2026-04-25,12:47:45,2026-04-25T12:47:45+02:00,STATION,"Cité Mion",3,5,8,0.375,43.601143,3.884373
2026-04-25,12:47:45,2026-04-25T12:47:45+02:00,STATION,"Nouveau Saint-Roch",4,4,8,0.5,43.599817,3.875757
2026-04-25,12:47:45,2026-04-25T12:47:45+02:00,STATION,"Renouvier",2,5,8,0.375,43.603553,3.867884
2026-04-25,12:47:45,2026-04-25T12:47:45+02:00,STATION,"Odysseum",0,8,8,0.0,43.603727,3.918979
2026-04-25,12:47:45,2026-04-25T12:47:45+02:00,STATION,"Saint-Denis",0,8,8,0.0,43.605021,3.875065
2026-04-25,12:47:45,2026-04-25T12:47:45+02:00,STATION,"Richter",10,6,16,0.625,43.603424,3.899263
2026-04-25,12:47:45,2026-04-25T12:47:45+02:00,STATION,"Charles Flahault",1,7,8,0.125,43.622038,3.86672
2026-04-25,12:47:45,2026-04-25T12:47:45+02:00,STATION,"Voltaire",5,3,8,0.625,43.603767,3.888659
2026-04-25,12:47:45,2026-04-25T12:47:45+02:00,STATION,"Prés d Arènes",5,3,8,0.625,43.59048,3.884611
2026-04-25,12:47:45,2026-04-25T12:47:45+02:00,STATION,"Garcia Lorca",3,5,8,0.375,43.590757,3.890616
2026-04-25,12:47:45,2026-04-25T12:47:45+02:00,STATION,"Vert Bois",7,9,16,0.4375,43.63543,3.871179
2026-04-25,12:47:45,2026-04-25T12:47:45+02:00,STATION,"Malbosc",1,7,8,0.125,43.633679,3.832861
2026-04-25,12:47:45,2026-04-25T12:47:45+02:00,STATION,"Occitanie",7,25,32,0.21875,43.635689,3.849597
2026-04-25,12:47:45,2026-04-25T12:47:45+02:00,STATION,"Fac des Sciences",13,11,24,0.5416666666666666,43.631318,3.861299
2026-04-25,12:47:45,2026-04-25T12:47:45+02:00,STATION,"Fac de Lettres",2,10,12,0.16666666666666666,43.630437,3.869539
2026-04-25,12:47:45,2026-04-25T12:47:45+02:00,STATION,"Aiguelongue",6,1,8,0.875,43.626163,3.882492
2026-04-25,12:47:45,2026-04-25T12:47:45+02:00,STATION,"Jeu de Mail des Abbés",5,3,8,0.625,43.619701,3.883831
2026-04-25,12:47:45,2026-04-25T12:47:45+02:00,STATION,"Euromédecine",3,5,8,0.375,43.639119,3.828199
2026-04-25,12:47:45,2026-04-25T12:47:45+02:00,STATION,"Marie Caizergues",5,3,8,0.625,43.619871,3.873812
2026-04-25,12:47:45,2026-04-25T12:47:45+02:00,STATION,"Sabines",5,3,8,0.625,43.584211,3.860031
2026-04-25,12:47:45,2026-04-25T12:47:45+02:00,STATION,"Celleneuve",3,5,8,0.375,43.61467,3.832624
2026-04-25,12:47:45,2026-04-25T12:47:45+02:00,STATION,"Jardin de la Lironde",5,3,8,0.625,43.60585,3.911576
2026-04-25,12:47:45,2026-04-25T12:47:45+02:00,STATION,"Père Soulas",4,4,8,0.5,43.621983,3.855603
2026-04-25,12:47:45,2026-04-25T12:47:45+02:00,STATION,"Place Viala",1,6,8,0.25,43.616812,3.855075
2026-04-25,12:47:45,2026-04-25T12:47:45+02:00,STATION,"Hôtel du Département",1,7,8,0.125,43.621682,3.83477
2026-04-25,12:47:45,2026-04-25T12:47:45+02:00,STATION,"Tonnelles",6,2,8,0.75,43.615155,3.839466
2026-04-25,12:47:45,2026-04-25T12:47:45+02:00,STATION,"Parvis Jules Ferry - Gare Saint-Roch",3,5,8,0.375,43.603889,3.879362
2026-04-25,12:47:45,2026-04-25T12:47:45+02:00,STATION,"Pont de Lattes - Gare Saint-Roch",6,5,12,0.5833333333333334,43.606036,3.882393
2026-04-25,12:47:45,2026-04-25T12:47:45+02:00,STATION,"Deux Ponts - Gare Saint-Roch",0,8,8,0.0,43.604319,3.880916
2026-04-25,12:47:45,2026-04-25T12:47:45+02:00,STATION,"Providence - Ovalie",4,4,8,0.5,43.588239,3.853421
2026-04-25,12:47:45,2026-04-25T12:47:45+02:00,STATION,"Pérols Etang de l Or",28,40,68,0.4117647058823529,43.558351,3.963412
2026-04-25,12:47:45,2026-04-25T12:47:45+02:00,STATION,"Albert 1er - Cathédrale",5,7,12,0.4166666666666667,43.614005,3.873218
2026-04-25,12:47:45,2026-04-25T12:47:45+02:00,STATION,"Saint-Guilhem - Courreau",1,7,8,0.125,43.608996,3.872752
2026-04-25,12:47:45,2026-04-25T12:47:45+02:00,STATION,"Sud De France",1,7,8,0.125,43.59562,3.9235
2026-04-25,12:47:45,2026-04-25T12:47:45+02:00,STATION,"Comedie Baudin",0,8,8,0.0,43.608717,3.880787
2026-04-25,12:47:45,2026-04-25T12:47:45+02:00,STATION,"Jean de Beins",3,13,16,0.1875,43.609857,3.883884
2026-04-25,13:41:46,2026-04-25T13:41:46+02:00,STATION,"Rue Jules Ferry - Gare Saint-Roch",3,9,12,0.25,43.605366,3.881346
2026-04-25,13:41:46,2026-04-25T13:41:46+02:00,STATION,"Comédie",6,14,20,0.3,43.608148,3.878778
2026-04-25,13:41:46,2026-04-25T13:41:46+02:00,STATION,"Hôtel de Ville",8,8,16,0.5,43.599088,3.894866
2026-04-25,13:41:46,2026-04-25T13:41:46+02:00,STATION,"Corum",3,9,12,0.25,43.613989,3.8816
2026-04-25,13:41:46,2026-04-25T13:41:46+02:00,STATION,"Place Albert 1er - St Charles",3,24,27,0.1111111111111111,43.616768,3.873375
2026-04-25,13:41:46,2026-04-25T13:41:46+02:00,STATION,"Foch",3,5,8,0.375,43.610989,3.873345
2026-04-25,13:41:46,2026-04-25T13:41:46+02:00,STATION,"Halles Castellane",0,12,12,0.0,43.609935,3.877208
2026-04-25,13:41:46,2026-04-25T13:41:46+02:00,STATION,"Observatoire",4,3,8,0.625,43.606301,3.87724
2026-04-25,13:41:46,2026-04-25T13:41:46+02:00,STATION,"Rondelet",5,11,16,0.3125,43.603038,3.875796
2026-04-25,13:41:46,2026-04-25T13:41:46+02:00,STATION,"Plan Cabanes",6,6,12,0.5,43.608491,3.868389
2026-04-25,13:41:46,2026-04-25T13:41:46+02:00,STATION,"Boutonnet",9,2,12,0.8333333333333334,43.622629,3.868375
2026-04-25,13:41:46,2026-04-25T13:41:46+02:00,STATION,"Emile Combes",4,4,8,0.5,43.616742,3.87998
2026-04-25,13:41:46,2026-04-25T13:41:46+02:00,STATION,"Beaux-Arts",5,11,16,0.3125,43.616698,3.884981
2026-04-25,13:41:46,2026-04-25T13:41:46+02:00,STATION,"Les Aubes",4,4,8,0.5,43.618692,3.893844
2026-04-25,13:41:46,2026-04-25T13:41:46+02:00,STATION,"Antigone centre",6,6,12,0.5,43.607942,3.890634
2026-04-25,13:41:46,2026-04-25T13:41:46+02:00,STATION,"Médiathèque Emile Zola",7,9,16,0.4375,43.608218,3.89314
2026-04-25,13:41:46,2026-04-25T13:41:46+02:00,STATION,"Nombre d Or",3,13,16,0.1875,43.607859,3.886644
2026-04-25,13:41:46,2026-04-25T13:41:46+02:00,STATION,"Louis Blanc",5,11,16,0.3125,43.614642,3.877648
2026-04-25,13:41:46,2026-04-25T13:41:46+02:00,STATION,"Gambetta",2,6,8,0.25,43.607106,3.870693
2026-04-25,13:41:46,2026-04-25T13:41:46+02:00,STATION,"Port Marianne",3,13,16,0.1875,43.60032,3.89851
2026-04-25,13:41:46,2026-04-25T13:41:46+02:00,STATION,"Les Arceaux",5,3,8,0.625,43.612659,3.867734
2026-04-25,13:41:46,2026-04-25T13:41:46+02:00,STATION,"Cité Mion",3,5,8,0.375,43.601143,3.884373
2026-04-25,13:41:46,2026-04-25T13:41:46+02:00,STATION,"Nouveau Saint-Roch",4,4,8,0.5,43.599817,3.875757
2026-04-25,13:41:46,2026-04-25T13:41:46+02:00,STATION,"Renouvier",3,4,8,0.5,43.603553,3.867884
2026-04-25,13:41:46,2026-04-25T13:41:46+02:00,STATION,"Odysseum",0,8,8,0.0,43.603727,3.918979
2026-04-25,13:41:46,2026-04-25T13:41:46+02:00,STATION,"Saint-Denis",0,8,8,0.0,43.605021,3.875065
2026-04-25,13:41:46,2026-04-25T13:41:46+02:00,STATION,"Richter",10,6,16,0.625,43.603424,3.899263
2026-04-25,13:41:46,2026-04-25T13:41:46+02:00,STATION,"Charles Flahault",1,7,8,0.125,43.622038,3.86672
2026-04-25,13:41:46,2026-04-25T13:41:46+02:00,STATION,"Voltaire",5,3,8,0.625,43.603767,3.888659
2026-04-25,13:41:46,2026-04-25T13:41:46+02:00,STATION,"Prés d Arènes",5,3,8,0.625,43.59048,3.884611
2026-04-25,13:41:46,2026-04-25T13:41:46+02:00,STATION,"Garcia Lorca",3,5,8,0.375,43.590757,3.890616
2026-04-25,13:41:46,2026-04-25T13:41:46+02:00,STATION,"Vert Bois",4,12,16,0.25,43.63543,3.871179
2026-04-25,13:41:46,2026-04-25T13:41:46+02:00,STATION,"Malbosc",1,7,8,0.125,43.633679,3.832861
2026-04-25,13:41:46,2026-04-25T13:41:46+02:00,STATION,"Occitanie",7,25,32,0.21875,43.635689,3.849597
2026-04-25,13:41:46,2026-04-25T13:41:46+02:00,STATION,"Fac des Sciences",13,11,24,0.5416666666666666,43.631318,3.861299
2026-04-25,13:41:46,2026-04-25T13:41:46+02:00,STATION,"Fac de Lettres",2,10,12,0.16666666666666666,43.630437,3.869539
2026-04-25,13:41:46,2026-04-25T13:41:46+02:00,STATION,"Aiguelongue",6,1,8,0.875,43.626163,3.882492
2026-04-25,13:41:46,2026-04-25T13:41:46+02:00,STATION,"Jeu de Mail des Abbés",5,3,8,0.625,43.619701,3.883831
2026-04-25,13:41:46,2026-04-25T13:41:46+02:00,STATION,"Euromédecine",3,5,8,0.375,43.639119,3.828199
2026-04-25,13:41:46,2026-04-25T13:41:46+02:00,STATION,"Marie Caizergues",5,3,8,0.625,43.619871,3.873812
2026-04-25,13:41:46,2026-04-25T13:41:46+02:00,STATION,"Sabines",5,3,8,0.625,43.584211,3.860031
2026-04-25,13:41:46,2026-04-25T13:41:46+02:00,STATION,"Celleneuve",2,6,8,0.25,43.61467,3.832624
2026-04-25,13:41:46,2026-04-25T13:41:46+02:00,STATION,"Jardin de la Lironde",5,3,8,0.625,43.60585,3.911576
2026-04-25,13:41:46,2026-04-25T13:41:46+02:00,STATION,"Père Soulas",4,4,8,0.5,43.621983,3.855603
2026-04-25,13:41:46,2026-04-25T13:41:46+02:00,STATION,"Place Viala",1,6,8,0.25,43.616812,3.855075
2026-04-25,13:41:46,2026-04-25T13:41:46+02:00,STATION,"Hôtel du Département",1,7,8,0.125,43.621682,3.83477
2026-04-25,13:41:46,2026-04-25T13:41:46+02:00,STATION,"Tonnelles",5,3,8,0.625,43.615155,3.839466
2026-04-25,13:41:46,2026-04-25T13:41:46+02:00,STATION,"Parvis Jules Ferry - Gare Saint-Roch",3,5,8,0.375,43.603889,3.879362
2026-04-25,13:41:46,2026-04-25T13:41:46+02:00,STATION,"Pont de Lattes - Gare Saint-Roch",6,5,12,0.5833333333333334,43.606036,3.882393
2026-04-25,13:41:46,2026-04-25T13:41:46+02:00,STATION,"Deux Ponts - Gare Saint-Roch",0,8,8,0.0,43.604319,3.880916
2026-04-25,13:41:46,2026-04-25T13:41:46+02:00,STATION,"Providence - Ovalie",4,4,8,0.5,43.588239,3.853421
2026-04-25,13:41:46,2026-04-25T13:41:46+02:00,STATION,"Pérols Etang de l Or",24,44,68,0.35294117647058826,43.558351,3.963412
2026-04-25,13:41:46,2026-04-25T13:41:46+02:00,STATION,"Albert 1er - Cathédrale",5,7,12,0.4166666666666667,43.614005,3.873218
2026-04-25,13:41:46,2026-04-25T13:41:46+02:00,STATION,"Saint-Guilhem - Courreau",1,7,8,0.125,43.608996,3.872752
2026-04-25,13:41:46,2026-04-25T13:41:46+02:00,STATION,"Sud De France",1,7,8,0.125,43.59562,3.9235
2026-04-25,13:41:46,2026-04-25T13:41:46+02:00,STATION,"Comedie Baudin",0,8,8,0.0,43.608717,3.880787
2026-04-25,13:41:46,2026-04-25T13:41:46+02:00,STATION,"Jean de Beins",1,15,16,0.0625,43.609857,3.883884
2026-04-25,15:07:16,2026-04-25T15:07:16+02:00,STATION,"Rue Jules Ferry - Gare Saint-Roch",2,10,12,0.16666666666666666,43.605366,3.881346
2026-04-25,15:07:16,2026-04-25T15:07:16+02:00,STATION,"Comédie",6,14,20,0.3,43.608148,3.878778
2026-04-25,15:07:16,2026-04-25T15:07:16+02:00,STATION,"Hôtel de Ville",8,8,16,0.5,43.599088,3.894866
2026-04-25,15:07:16,2026-04-25T15:07:16+02:00,STATION,"Corum",3,9,12,0.25,43.613989,3.8816
2026-04-25,15:07:16,2026-04-25T15:07:16+02:00,STATION,"Place Albert 1er - St Charles",2,25,27,0.07407407407407407,43.616768,3.873375
2026-04-25,15:07:16,2026-04-25T15:07:16+02:00,STATION,"Foch",3,5,8,0.375,43.610989,3.873345
2026-04-25,15:07:16,2026-04-25T15:07:16+02:00,STATION,"Halles Castellane",0,12,12,0.0,43.609935,3.877208
2026-04-25,15:07:16,2026-04-25T15:07:16+02:00,STATION,"Observatoire",4,3,8,0.625,43.606301,3.87724
2026-04-25,15:07:16,2026-04-25T15:07:16+02:00,STATION,"Rondelet",3,13,16,0.1875,43.603038,3.875796
2026-04-25,15:07:16,2026-04-25T15:07:16+02:00,STATION,"Plan Cabanes",6,6,12,0.5,43.608491,3.868389
2026-04-25,15:07:16,2026-04-25T15:07:16+02:00,STATION,"Boutonnet",9,2,12,0.8333333333333334,43.622629,3.868375
2026-04-25,15:07:16,2026-04-25T15:07:16+02:00,STATION,"Emile Combes",4,4,8,0.5,43.616742,3.87998
2026-04-25,15:07:16,2026-04-25T15:07:16+02:00,STATION,"Beaux-Arts",5,11,16,0.3125,43.616698,3.884981
2026-04-25,15:07:16,2026-04-25T15:07:16+02:00,STATION,"Les Aubes",2,6,8,0.25,43.618692,3.893844
2026-04-25,15:07:16,2026-04-25T15:07:16+02:00,STATION,"Antigone centre",6,6,12,0.5,43.607942,3.890634
2026-04-25,15:07:16,2026-04-25T15:07:16+02:00,STATION,"Médiathèque Emile Zola",6,10,16,0.375,43.608218,3.89314
2026-04-25,15:07:16,2026-04-25T15:07:16+02:00,STATION,"Nombre d Or",5,11,16,0.3125,43.607859,3.886644
2026-04-25,15:07:16,2026-04-25T15:07:16+02:00,STATION,"Louis Blanc",5,11,16,0.3125,43.614642,3.877648
2026-04-25,15:07:16,2026-04-25T15:07:16+02:00,STATION,"Gambetta",3,5,8,0.375,43.607106,3.870693
2026-04-25,15:07:16,2026-04-25T15:07:16+02:00,STATION,"Port Marianne",3,13,16,0.1875,43.60032,3.89851
2026-04-25,15:07:16,2026-04-25T15:07:16+02:00,STATION,"Les Arceaux",5,3,8,0.625,43.612659,3.867734
2026-04-25,15:07:16,2026-04-25T15:07:16+02:00,STATION,"Cité Mion",3,5,8,0.375,43.601143,3.884373
2026-04-25,15:07:16,2026-04-25T15:07:16+02:00,STATION,"Nouveau Saint-Roch",4,4,8,0.5,43.599817,3.875757
2026-04-25,15:07:16,2026-04-25T15:07:16+02:00,STATION,"Renouvier",3,4,8,0.5,43.603553,3.867884
2026-04-25,15:07:16,2026-04-25T15:07:16+02:00,STATION,"Odysseum",0,8,8,0.0,43.603727,3.918979
2026-04-25,15:07:16,2026-04-25T15:07:16+02:00,STATION,"Saint-Denis",0,8,8,0.0,43.605021,3.875065
2026-04-25,15:07:16,2026-04-25T15:07:16+02:00,STATION,"Richter",10,6,16,0.625,43.603424,3.899263
2026-04-25,15:07:16,2026-04-25T15:07:16+02:00,STATION,"Charles Flahault",1,7,8,0.125,43.622038,3.86672
2026-04-25,15:07:16,2026-04-25T15:07:16+02:00,STATION,"Voltaire",5,3,8,0.625,43.603767,3.888659
2026-04-25,15:07:16,2026-04-25T15:07:16+02:00,STATION,"Prés d Arènes",5,3,8,0.625,43.59048,3.884611
2026-04-25,15:07:16,2026-04-25T15:07:16+02:00,STATION,"Garcia Lorca",3,5,8,0.375,43.590757,3.890616
2026-04-25,15:07:16,2026-04-25T15:07:16+02:00,STATION,"Vert Bois",6,10,16,0.375,43.63543,3.871179
2026-04-25,15:07:16,2026-04-25T15:07:16+02:00,STATION,"Malbosc",1,7,8,0.125,43.633679,3.832861
2026-04-25,15:07:16,2026-04-25T15:07:16+02:00,STATION,"Occitanie",6,26,32,0.1875,43.635689,3.849597
2026-04-25,15:07:16,2026-04-25T15:07:16+02:00,STATION,"Fac des Sciences",13,11,24,0.5416666666666666,43.631318,3.861299
2026-04-25,15:07:16,2026-04-25T15:07:16+02:00,STATION,"Fac de Lettres",2,10,12,0.16666666666666666,43.630437,3.869539
2026-04-25,15:07:16,2026-04-25T15:07:16+02:00,STATION,"Aiguelongue",6,1,8,0.875,43.626163,3.882492
2026-04-25,15:07:16,2026-04-25T15:07:16+02:00,STATION,"Jeu de Mail des Abbés",5,3,8,0.625,43.619701,3.883831
2026-04-25,15:07:16,2026-04-25T15:07:16+02:00,STATION,"Euromédecine",3,5,8,0.375,43.639119,3.828199
2026-04-25,15:07:16,2026-04-25T15:07:16+02:00,STATION,"Marie Caizergues",5,3,8,0.625,43.619871,3.873812
2026-04-25,15:07:16,2026-04-25T15:07:16+02:00,STATION,"Sabines",5,3,8,0.625,43.584211,3.860031
2026-04-25,15:07:16,2026-04-25T15:07:16+02:00,STATION,"Celleneuve",2,6,8,0.25,43.61467,3.832624
2026-04-25,15:07:16,2026-04-25T15:07:16+02:00,STATION,"Jardin de la Lironde",5,3,8,0.625,43.60585,3.911576
2026-04-25,15:07:16,2026-04-25T15:07:16+02:00,STATION,"Père Soulas",4,4,8,0.5,43.621983,3.855603
2026-04-25,15:07:16,2026-04-25T15:07:16+02:00,STATION,"Place Viala",1,6,8,0.25,43.616812,3.855075
2026-04-25,15:07:16,2026-04-25T15:07:16+02:00,STATION,"Hôtel du Département",1,7,8,0.125,43.621682,3.83477
2026-04-25,15:07:16,2026-04-25T15:07:16+02:00,STATION,"Tonnelles",5,3,8,0.625,43.615155,3.839466
2026-04-25,15:07:16,2026-04-25T15:07:16+02:00,STATION,"Parvis Jules Ferry - Gare Saint-Roch",1,7,8,0.125,43.603889,3.879362
2026-04-25,15:07:16,2026-04-25T15:07:16+02:00,STATION,"Pont de Lattes - Gare Saint-Roch",6,5,12,0.5833333333333334,43.606036,3.882393
2026-04-25,15:07:16,2026-04-25T15:07:16+02:00,STATION,"Deux Ponts - Gare Saint-Roch",0,8,8,0.0,43.604319,3.880916
2026-04-25,15:07:16,2026-04-25T15:07:16+02:00,STATION,"Providence - Ovalie",4,4,8,0.5,43.588239,3.853421
2026-04-25,15:07:16,2026-04-25T15:07:16+02:00,STATION,"Pérols Etang de l Or",20,48,68,0.29411764705882354,43.558351,3.963412
2026-04-25,15:07:16,2026-04-25T15:07:16+02:00,STATION,"Albert 1er - Cathédrale",5,7,12,0.4166666666666667,43.614005,3.873218
2026-04-25,15:07:16,2026-04-25T15:07:16+02:00,STATION,"Saint-Guilhem - Courreau",1,7,8,0.125,43.608996,3.872752
2026-04-25,15:07:16,2026-04-25T15:07:16+02:00,STATION,"Sud De France",1,7,8,0.125,43.59562,3.9235
2026-04-25,15:07:16,2026-04-25T15:07:16+02:00,STATION,"Comedie Baudin",0,8,8,0.0,43.608717,3.880787
2026-04-25,15:07:16,2026-04-25T15:07:16+02:00,STATION,"Jean de Beins",1,15,16,0.0625,43.609857,3.883884
2026-04-25,16:16:50,2026-04-25T16:16:50+02:00,STATION,"Rue Jules Ferry - Gare Saint-Roch",4,8,12,0.3333333333333333,43.605366,3.881346
2026-04-25,16:16:50,2026-04-25T16:16:50+02:00,STATION,"Comédie",6,14,20,0.3,43.608148,3.878778
2026-04-25,16:16:50,2026-04-25T16:16:50+02:00,STATION,"Hôtel de Ville",9,7,16,0.5625,43.599088,3.894866
2026-04-25,16:16:50,2026-04-25T16:16:50+02:00,STATION,"Corum",4,8,12,0.3333333333333333,43.613989,3.8816
2026-04-25,16:16:50,2026-04-25T16:16:50+02:00,STATION,"Place Albert 1er - St Charles",2,25,27,0.07407407407407407,43.616768,3.873375
2026-04-25,16:16:50,2026-04-25T16:16:50+02:00,STATION,"Foch",3,5,8,0.375,43.610989,3.873345
2026-04-25,16:16:50,2026-04-25T16:16:50+02:00,STATION,"Halles Castellane",0,12,12,0.0,43.609935,3.877208
2026-04-25,16:16:50,2026-04-25T16:16:50+02:00,STATION,"Observatoire",3,4,8,0.5,43.606301,3.87724
2026-04-25,16:16:50,2026-04-25T16:16:50+02:00,STATION,"Rondelet",3,13,16,0.1875,43.603038,3.875796
2026-04-25,16:16:50,2026-04-25T16:16:50+02:00,STATION,"Plan Cabanes",4,8,12,0.3333333333333333,43.608491,3.868389
2026-04-25,16:16:50,2026-04-25T16:16:50+02:00,STATION,"Boutonnet",9,2,12,0.8333333333333334,43.622629,3.868375
2026-04-25,16:16:50,2026-04-25T16:16:50+02:00,STATION,"Emile Combes",4,4,8,0.5,43.616742,3.87998
2026-04-25,16:16:50,2026-04-25T16:16:50+02:00,STATION,"Beaux-Arts",2,14,16,0.125,43.616698,3.884981
2026-04-25,16:16:50,2026-04-25T16:16:50+02:00,STATION,"Les Aubes",2,6,8,0.25,43.618692,3.893844
2026-04-25,16:16:50,2026-04-25T16:16:50+02:00,STATION,"Antigone centre",6,6,12,0.5,43.607942,3.890634
2026-04-25,16:16:50,2026-04-25T16:16:50+02:00,STATION,"Médiathèque Emile Zola",7,9,16,0.4375,43.608218,3.89314
2026-04-25,16:16:50,2026-04-25T16:16:50+02:00,STATION,"Nombre d Or",5,11,16,0.3125,43.607859,3.886644
2026-04-25,16:16:50,2026-04-25T16:16:50+02:00,STATION,"Louis Blanc",6,10,16,0.375,43.614642,3.877648
2026-04-25,16:16:50,2026-04-25T16:16:50+02:00,STATION,"Gambetta",3,5,8,0.375,43.607106,3.870693
2026-04-25,16:16:50,2026-04-25T16:16:50+02:00,STATION,"Port Marianne",3,13,16,0.1875,43.60032,3.89851
2026-04-25,16:16:50,2026-04-25T16:16:50+02:00,STATION,"Les Arceaux",4,4,8,0.5,43.612659,3.867734
2026-04-25,16:16:50,2026-04-25T16:16:50+02:00,STATION,"Cité Mion",3,5,8,0.375,43.601143,3.884373
2026-04-25,16:16:50,2026-04-25T16:16:50+02:00,STATION,"Nouveau Saint-Roch",4,4,8,0.5,43.599817,3.875757
2026-04-25,16:16:50,2026-04-25T16:16:50+02:00,STATION,"Renouvier",4,3,8,0.625,43.603553,3.867884
2026-04-25,16:16:50,2026-04-25T16:16:50+02:00,STATION,"Odysseum",0,8,8,0.0,43.603727,3.918979
2026-04-25,16:16:50,2026-04-25T16:16:50+02:00,STATION,"Saint-Denis",0,8,8,0.0,43.605021,3.875065
2026-04-25,16:16:50,2026-04-25T16:16:50+02:00,STATION,"Richter",12,4,16,0.75,43.603424,3.899263
2026-04-25,16:16:50,2026-04-25T16:16:50+02:00,STATION,"Charles Flahault",1,7,8,0.125,43.622038,3.86672
2026-04-25,16:16:50,2026-04-25T16:16:50+02:00,STATION,"Voltaire",5,3,8,0.625,43.603767,3.888659
2026-04-25,16:16:50,2026-04-25T16:16:50+02:00,STATION,"Prés d Arènes",1,7,8,0.125,43.59048,3.884611
2026-04-25,16:16:50,2026-04-25T16:16:50+02:00,STATION,"Garcia Lorca",3,5,8,0.375,43.590757,3.890616
2026-04-25,16:16:50,2026-04-25T16:16:50+02:00,STATION,"Vert Bois",8,8,16,0.5,43.63543,3.871179
2026-04-25,16:16:50,2026-04-25T16:16:50+02:00,STATION,"Malbosc",1,7,8,0.125,43.633679,3.832861
2026-04-25,16:16:50,2026-04-25T16:16:50+02:00,STATION,"Occitanie",6,26,32,0.1875,43.635689,3.849597
2026-04-25,16:16:50,2026-04-25T16:16:50+02:00,STATION,"Fac des Sciences",13,11,24,0.5416666666666666,43.631318,3.861299
2026-04-25,16:16:50,2026-04-25T16:16:50+02:00,STATION,"Fac de Lettres",1,11,12,0.08333333333333333,43.630437,3.869539
2026-04-25,16:16:50,2026-04-25T16:16:50+02:00,STATION,"Aiguelongue",4,3,8,0.625,43.626163,3.882492
2026-04-25,16:16:50,2026-04-25T16:16:50+02:00,STATION,"Jeu de Mail des Abbés",5,3,8,0.625,43.619701,3.883831
2026-04-25,16:16:50,2026-04-25T16:16:50+02:00,STATION,"Euromédecine",3,5,8,0.375,43.639119,3.828199
2026-04-25,16:16:50,2026-04-25T16:16:50+02:00,STATION,"Marie Caizergues",5,3,8,0.625,43.619871,3.873812
2026-04-25,16:16:50,2026-04-25T16:16:50+02:00,STATION,"Sabines",5,3,8,0.625,43.584211,3.860031
2026-04-25,16:16:50,2026-04-25T16:16:50+02:00,STATION,"Celleneuve",4,4,8,0.5,43.61467,3.832624
2026-04-25,16:16:50,2026-04-25T16:16:50+02:00,STATION,"Jardin de la Lironde",4,4,8,0.5,43.60585,3.911576
2026-04-25,16:16:50,2026-04-25T16:16:50+02:00,STATION,"Père Soulas",4,4,8,0.5,43.621983,3.855603
2026-04-25,16:16:50,2026-04-25T16:16:50+02:00,STATION,"Place Viala",1,6,8,0.25,43.616812,3.855075
2026-04-25,16:16:50,2026-04-25T16:16:50+02:00,STATION,"Hôtel du Département",1,7,8,0.125,43.621682,3.83477
2026-04-25,16:16:50,2026-04-25T16:16:50+02:00,STATION,"Tonnelles",5,3,8,0.625,43.615155,3.839466
2026-04-25,16:16:50,2026-04-25T16:16:50+02:00,STATION,"Parvis Jules Ferry - Gare Saint-Roch",1,7,8,0.125,43.603889,3.879362
2026-04-25,16:16:50,2026-04-25T16:16:50+02:00,STATION,"Pont de Lattes - Gare Saint-Roch",5,6,12,0.5,43.606036,3.882393
2026-04-25,16:16:50,2026-04-25T16:16:50+02:00,STATION,"Deux Ponts - Gare Saint-Roch",0,8,8,0.0,43.604319,3.880916
2026-04-25,16:16:50,2026-04-25T16:16:50+02:00,STATION,"Providence - Ovalie",4,4,8,0.5,43.588239,3.853421
2026-04-25,16:16:50,2026-04-25T16:16:50+02:00,STATION,"Pérols Etang de l Or",8,60,68,0.11764705882352941,43.558351,3.963412
2026-04-25,16:16:50,2026-04-25T16:16:50+02:00,STATION,"Albert 1er - Cathédrale",5,7,12,0.4166666666666667,43.614005,3.873218
2026-04-25,16:16:50,2026-04-25T16:16:50+02:00,STATION,"Saint-Guilhem - Courreau",3,5,8,0.375,43.608996,3.872752
2026-04-25,16:16:50,2026-04-25T16:16:50+02:00,STATION,"Sud De France",1,7,8,0.125,43.59562,3.9235
2026-04-25,16:16:50,2026-04-25T16:16:50+02:00,STATION,"Comedie Baudin",0,8,8,0.0,43.608717,3.880787
2026-04-25,16:16:50,2026-04-25T16:16:50+02:00,STATION,"Jean de Beins",1,15,16,0.0625,43.609857,3.883884
2026-04-25,17:12:27,2026-04-25T17:12:27+02:00,STATION,"Rue Jules Ferry - Gare Saint-Roch",0,12,12,0.0,43.605366,3.881346
2026-04-25,17:12:27,2026-04-25T17:12:27+02:00,STATION,"Comédie",8,12,20,0.4,43.608148,3.878778
2026-04-25,17:12:27,2026-04-25T17:12:27+02:00,STATION,"Hôtel de Ville",6,10,16,0.375,43.599088,3.894866
2026-04-25,17:12:27,2026-04-25T17:12:27+02:00,STATION,"Corum",6,6,12,0.5,43.613989,3.8816
2026-04-25,17:12:27,2026-04-25T17:12:27+02:00,STATION,"Place Albert 1er - St Charles",3,24,27,0.1111111111111111,43.616768,3.873375
2026-04-25,17:12:27,2026-04-25T17:12:27+02:00,STATION,"Foch",3,5,8,0.375,43.610989,3.873345
2026-04-25,17:12:27,2026-04-25T17:12:27+02:00,STATION,"Halles Castellane",0,12,12,0.0,43.609935,3.877208
2026-04-25,17:12:27,2026-04-25T17:12:27+02:00,STATION,"Observatoire",3,4,8,0.5,43.606301,3.87724
2026-04-25,17:12:27,2026-04-25T17:12:27+02:00,STATION,"Rondelet",2,14,16,0.125,43.603038,3.875796
2026-04-25,17:12:27,2026-04-25T17:12:27+02:00,STATION,"Plan Cabanes",4,8,12,0.3333333333333333,43.608491,3.868389
2026-04-25,17:12:27,2026-04-25T17:12:27+02:00,STATION,"Boutonnet",2,9,12,0.25,43.622629,3.868375
2026-04-25,17:12:27,2026-04-25T17:12:27+02:00,STATION,"Emile Combes",4,4,8,0.5,43.616742,3.87998
2026-04-25,17:12:27,2026-04-25T17:12:27+02:00,STATION,"Beaux-Arts",4,12,16,0.25,43.616698,3.884981
2026-04-25,17:12:27,2026-04-25T17:12:27+02:00,STATION,"Les Aubes",2,6,8,0.25,43.618692,3.893844
2026-04-25,17:12:27,2026-04-25T17:12:27+02:00,STATION,"Antigone centre",6,6,12,0.5,43.607942,3.890634
2026-04-25,17:12:27,2026-04-25T17:12:27+02:00,STATION,"Médiathèque Emile Zola",7,9,16,0.4375,43.608218,3.89314
2026-04-25,17:12:27,2026-04-25T17:12:27+02:00,STATION,"Nombre d Or",5,11,16,0.3125,43.607859,3.886644
2026-04-25,17:12:27,2026-04-25T17:12:27+02:00,STATION,"Louis Blanc",5,11,16,0.3125,43.614642,3.877648
2026-04-25,17:12:27,2026-04-25T17:12:27+02:00,STATION,"Gambetta",3,5,8,0.375,43.607106,3.870693
2026-04-25,17:12:27,2026-04-25T17:12:27+02:00,STATION,"Port Marianne",7,9,16,0.4375,43.60032,3.89851
2026-04-25,17:12:27,2026-04-25T17:12:27+02:00,STATION,"Les Arceaux",4,4,8,0.5,43.612659,3.867734
2026-04-25,17:12:27,2026-04-25T17:12:27+02:00,STATION,"Cité Mion",3,5,8,0.375,43.601143,3.884373
2026-04-25,17:12:27,2026-04-25T17:12:27+02:00,STATION,"Nouveau Saint-Roch",4,4,8,0.5,43.599817,3.875757
2026-04-25,17:12:27,2026-04-25T17:12:27+02:00,STATION,"Renouvier",4,3,8,0.625,43.603553,3.867884
2026-04-25,17:12:27,2026-04-25T17:12:27+02:00,STATION,"Odysseum",0,8,8,0.0,43.603727,3.918979
2026-04-25,17:12:27,2026-04-25T17:12:27+02:00,STATION,"Saint-Denis",0,8,8,0.0,43.605021,3.875065
2026-04-25,17:12:27,2026-04-25T17:12:27+02:00,STATION,"Richter",12,4,16,0.75,43.603424,3.899263
2026-04-25,17:12:27,2026-04-25T17:12:27+02:00,STATION,"Charles Flahault",1,7,8,0.125,43.622038,3.86672
2026-04-25,17:12:27,2026-04-25T17:12:27+02:00,STATION,"Voltaire",4,4,8,0.5,43.603767,3.888659
2026-04-25,17:12:27,2026-04-25T17:12:27+02:00,STATION,"Prés d Arènes",1,7,8,0.125,43.59048,3.884611
2026-04-25,17:12:27,2026-04-25T17:12:27+02:00,STATION,"Garcia Lorca",3,5,8,0.375,43.590757,3.890616
2026-04-25,17:12:27,2026-04-25T17:12:27+02:00,STATION,"Vert Bois",8,8,16,0.5,43.63543,3.871179
2026-04-25,17:12:27,2026-04-25T17:12:27+02:00,STATION,"Malbosc",1,7,8,0.125,43.633679,3.832861
2026-04-25,17:12:27,2026-04-25T17:12:27+02:00,STATION,"Occitanie",5,27,32,0.15625,43.635689,3.849597
2026-04-25,17:12:27,2026-04-25T17:12:27+02:00,STATION,"Fac des Sciences",13,11,24,0.5416666666666666,43.631318,3.861299
2026-04-25,17:12:27,2026-04-25T17:12:27+02:00,STATION,"Fac de Lettres",1,11,12,0.08333333333333333,43.630437,3.869539
2026-04-25,17:12:27,2026-04-25T17:12:27+02:00,STATION,"Aiguelongue",2,5,8,0.375,43.626163,3.882492
2026-04-25,17:12:27,2026-04-25T17:12:27+02:00,STATION,"Jeu de Mail des Abbés",5,3,8,0.625,43.619701,3.883831
2026-04-25,17:12:27,2026-04-25T17:12:27+02:00,STATION,"Euromédecine",3,5,8,0.375,43.639119,3.828199
2026-04-25,17:12:27,2026-04-25T17:12:27+02:00,STATION,"Marie Caizergues",5,3,8,0.625,43.619871,3.873812
2026-04-25,17:12:27,2026-04-25T17:12:27+02:00,STATION,"Sabines",5,3,8,0.625,43.584211,3.860031
2026-04-25,17:12:27,2026-04-25T17:12:27+02:00,STATION,"Celleneuve",4,4,8,0.5,43.61467,3.832624
2026-04-25,17:12:27,2026-04-25T17:12:27+02:00,STATION,"Jardin de la Lironde",4,4,8,0.5,43.60585,3.911576
2026-04-25,17:12:27,2026-04-25T17:12:27+02:00,STATION,"Père Soulas",4,4,8,0.5,43.621983,3.855603
2026-04-25,17:12:27,2026-04-25T17:12:27+02:00,STATION,"Place Viala",1,6,8,0.25,43.616812,3.855075
2026-04-25,17:12:27,2026-04-25T17:12:27+02:00,STATION,"Hôtel du Département",1,7,8,0.125,43.621682,3.83477
2026-04-25,17:12:27,2026-04-25T17:12:27+02:00,STATION,"Tonnelles",6,2,8,0.75,43.615155,3.839466
2026-04-25,17:12:27,2026-04-25T17:12:27+02:00,STATION,"Parvis Jules Ferry - Gare Saint-Roch",1,7,8,0.125,43.603889,3.879362
2026-04-25,17:12:27,2026-04-25T17:12:27+02:00,STATION,"Pont de Lattes - Gare Saint-Roch",5,6,12,0.5,43.606036,3.882393
2026-04-25,17:12:27,2026-04-25T17:12:27+02:00,STATION,"Deux Ponts - Gare Saint-Roch",0,8,8,0.0,43.604319,3.880916
2026-04-25,17:12:27,2026-04-25T17:12:27+02:00,STATION,"Providence - Ovalie",4,4,8,0.5,43.588239,3.853421
2026-04-25,17:12:27,2026-04-25T17:12:27+02:00,STATION,"Pérols Etang de l Or",11,57,68,0.16176470588235295,43.558351,3.963412
2026-04-25,17:12:27,2026-04-25T17:12:27+02:00,STATION,"Albert 1er - Cathédrale",5,7,12,0.4166666666666667,43.614005,3.873218
2026-04-25,17:12:27,2026-04-25T17:12:27+02:00,STATION,"Saint-Guilhem - Courreau",3,5,8,0.375,43.608996,3.872752
2026-04-25,17:12:27,2026-04-25T17:12:27+02:00,STATION,"Sud De France",1,7,8,0.125,43.59562,3.9235
2026-04-25,17:12:27,2026-04-25T17:12:27+02:00,STATION,"Comedie Baudin",0,8,8,0.0,43.608717,3.880787
2026-04-25,17:12:27,2026-04-25T17:12:27+02:00,STATION,"Jean de Beins",1,15,16,0.0625,43.609857,3.883884
2026-04-25,18:08:14,2026-04-25T18:08:14+02:00,STATION,"Rue Jules Ferry - Gare Saint-Roch",0,12,12,0.0,43.605366,3.881346
2026-04-25,18:08:14,2026-04-25T18:08:14+02:00,STATION,"Comédie",9,11,20,0.45,43.608148,3.878778
2026-04-25,18:08:14,2026-04-25T18:08:14+02:00,STATION,"Hôtel de Ville",9,7,16,0.5625,43.599088,3.894866
2026-04-25,18:08:14,2026-04-25T18:08:14+02:00,STATION,"Corum",5,7,12,0.4166666666666667,43.613989,3.8816
2026-04-25,18:08:14,2026-04-25T18:08:14+02:00,STATION,"Place Albert 1er - St Charles",3,24,27,0.1111111111111111,43.616768,3.873375
2026-04-25,18:08:14,2026-04-25T18:08:14+02:00,STATION,"Foch",3,5,8,0.375,43.610989,3.873345
2026-04-25,18:08:14,2026-04-25T18:08:14+02:00,STATION,"Halles Castellane",0,12,12,0.0,43.609935,3.877208
2026-04-25,18:08:14,2026-04-25T18:08:14+02:00,STATION,"Observatoire",4,3,8,0.625,43.606301,3.87724
2026-04-25,18:08:14,2026-04-25T18:08:14+02:00,STATION,"Rondelet",2,14,16,0.125,43.603038,3.875796
2026-04-25,18:08:14,2026-04-25T18:08:14+02:00,STATION,"Plan Cabanes",3,9,12,0.25,43.608491,3.868389
2026-04-25,18:08:14,2026-04-25T18:08:14+02:00,STATION,"Boutonnet",2,9,12,0.25,43.622629,3.868375
2026-04-25,18:08:14,2026-04-25T18:08:14+02:00,STATION,"Emile Combes",7,1,8,0.875,43.616742,3.87998
2026-04-25,18:08:14,2026-04-25T18:08:14+02:00,STATION,"Beaux-Arts",5,11,16,0.3125,43.616698,3.884981
2026-04-25,18:08:14,2026-04-25T18:08:14+02:00,STATION,"Les Aubes",2,6,8,0.25,43.618692,3.893844
2026-04-25,18:08:14,2026-04-25T18:08:14+02:00,STATION,"Antigone centre",6,6,12,0.5,43.607942,3.890634
2026-04-25,18:08:14,2026-04-25T18:08:14+02:00,STATION,"Médiathèque Emile Zola",9,7,16,0.5625,43.608218,3.89314
2026-04-25,18:08:14,2026-04-25T18:08:14+02:00,STATION,"Nombre d Or",5,11,16,0.3125,43.607859,3.886644
2026-04-25,18:08:14,2026-04-25T18:08:14+02:00,STATION,"Louis Blanc",5,11,16,0.3125,43.614642,3.877648
2026-04-25,18:08:14,2026-04-25T18:08:14+02:00,STATION,"Gambetta",3,5,8,0.375,43.607106,3.870693
2026-04-25,18:08:14,2026-04-25T18:08:14+02:00,STATION,"Port Marianne",6,10,16,0.375,43.60032,3.89851
2026-04-25,18:08:14,2026-04-25T18:08:14+02:00,STATION,"Les Arceaux",4,4,8,0.5,43.612659,3.867734
2026-04-25,18:08:14,2026-04-25T18:08:14+02:00,STATION,"Cité Mion",3,5,8,0.375,43.601143,3.884373
2026-04-25,18:08:14,2026-04-25T18:08:14+02:00,STATION,"Nouveau Saint-Roch",4,4,8,0.5,43.599817,3.875757
2026-04-25,18:08:14,2026-04-25T18:08:14+02:00,STATION,"Renouvier",4,3,8,0.625,43.603553,3.867884
2026-04-25,18:08:14,2026-04-25T18:08:14+02:00,STATION,"Odysseum",0,8,8,0.0,43.603727,3.918979
2026-04-25,18:08:14,2026-04-25T18:08:14+02:00,STATION,"Saint-Denis",0,8,8,0.0,43.605021,3.875065
2026-04-25,18:08:14,2026-04-25T18:08:14+02:00,STATION,"Richter",12,4,16,0.75,43.603424,3.899263
2026-04-25,18:08:14,2026-04-25T18:08:14+02:00,STATION,"Charles Flahault",1,7,8,0.125,43.622038,3.86672
2026-04-25,18:08:14,2026-04-25T18:08:14+02:00,STATION,"Voltaire",4,4,8,0.5,43.603767,3.888659
2026-04-25,18:08:14,2026-04-25T18:08:14+02:00,STATION,"Prés d Arènes",1,7,8,0.125,43.59048,3.884611
2026-04-25,18:08:14,2026-04-25T18:08:14+02:00,STATION,"Garcia Lorca",7,1,8,0.875,43.590757,3.890616
2026-04-25,18:08:14,2026-04-25T18:08:14+02:00,STATION,"Vert Bois",8,8,16,0.5,43.63543,3.871179
2026-04-25,18:08:14,2026-04-25T18:08:14+02:00,STATION,"Malbosc",1,7,8,0.125,43.633679,3.832861
2026-04-25,18:08:14,2026-04-25T18:08:14+02:00,STATION,"Occitanie",6,26,32,0.1875,43.635689,3.849597
2026-04-25,18:08:14,2026-04-25T18:08:14+02:00,STATION,"Fac des Sciences",12,12,24,0.5,43.631318,3.861299
2026-04-25,18:08:14,2026-04-25T18:08:14+02:00,STATION,"Fac de Lettres",1,11,12,0.08333333333333333,43.630437,3.869539
2026-04-25,18:08:14,2026-04-25T18:08:14+02:00,STATION,"Aiguelongue",3,4,8,0.5,43.626163,3.882492
2026-04-25,18:08:14,2026-04-25T18:08:14+02:00,STATION,"Jeu de Mail des Abbés",4,4,8,0.5,43.619701,3.883831
2026-04-25,18:08:14,2026-04-25T18:08:14+02:00,STATION,"Euromédecine",3,5,8,0.375,43.639119,3.828199
2026-04-25,18:08:14,2026-04-25T18:08:14+02:00,STATION,"Marie Caizergues",4,4,8,0.5,43.619871,3.873812
2026-04-25,18:08:14,2026-04-25T18:08:14+02:00,STATION,"Sabines",5,3,8,0.625,43.584211,3.860031
2026-04-25,18:08:14,2026-04-25T18:08:14+02:00,STATION,"Celleneuve",4,4,8,0.5,43.61467,3.832624
2026-04-25,18:08:14,2026-04-25T18:08:14+02:00,STATION,"Jardin de la Lironde",4,4,8,0.5,43.60585,3.911576
2026-04-25,18:08:14,2026-04-25T18:08:14+02:00,STATION,"Père Soulas",4,4,8,0.5,43.621983,3.855603
2026-04-25,18:08:14,2026-04-25T18:08:14+02:00,STATION,"Place Viala",2,5,8,0.375,43.616812,3.855075
2026-04-25,18:08:14,2026-04-25T18:08:14+02:00,STATION,"Hôtel du Département",1,7,8,0.125,43.621682,3.83477
2026-04-25,18:08:14,2026-04-25T18:08:14+02:00,STATION,"Tonnelles",5,3,8,0.625,43.615155,3.839466
2026-04-25,18:08:14,2026-04-25T18:08:14+02:00,STATION,"Parvis Jules Ferry - Gare Saint-Roch",1,7,8,0.125,43.603889,3.879362
2026-04-25,18:08:14,2026-04-25T18:08:14+02:00,STATION,"Pont de Lattes - Gare Saint-Roch",5,6,12,0.5,43.606036,3.882393
2026-04-25,18:08:14,2026-04-25T18:08:14+02:00,STATION,"Deux Ponts - Gare Saint-Roch",0,8,8,0.0,43.604319,3.880916
2026-04-25,18:08:14,2026-04-25T18:08:14+02:00,STATION,"Providence - Ovalie",4,4,8,0.5,43.588239,3.853421
2026-04-25,18:08:14,2026-04-25T18:08:14+02:00,STATION,"Pérols Etang de l Or",12,56,68,0.17647058823529413,43.558351,3.963412
2026-04-25,18:08:14,2026-04-25T18:08:14+02:00,STATION,"Albert 1er - Cathédrale",5,7,12,0.4166666666666667,43.614005,3.873218
2026-04-25,18:08:14,2026-04-25T18:08:14+02:00,STATION,"Saint-Guilhem - Courreau",2,6,8,0.25,43.608996,3.872752
2026-04-25,18:08:14,2026-04-25T18:08:14+02:00,STATION,"Sud De France",1,7,8,0.125,43.59562,3.9235
2026-04-25,18:08:14,2026-04-25T18:08:14+02:00,STATION,"Comedie Baudin",0,8,8,0.0,43.608717,3.880787
2026-04-25,18:08:14,2026-04-25T18:08:14+02:00,STATION,"Jean de Beins",1,15,16,0.0625,43.609857,3.883884
2026-04-25,19:13:44,2026-04-25T19:13:44+02:00,STATION,"Rue Jules Ferry - Gare Saint-Roch",2,10,12,0.16666666666666666,43.605366,3.881346
2026-04-25,19:13:44,2026-04-25T19:13:44+02:00,STATION,"Comédie",8,12,20,0.4,43.608148,3.878778
2026-04-25,19:13:44,2026-04-25T19:13:44+02:00,STATION,"Hôtel de Ville",10,6,16,0.625,43.599088,3.894866
2026-04-25,19:13:44,2026-04-25T19:13:44+02:00,STATION,"Corum",9,3,12,0.75,43.613989,3.8816
2026-04-25,19:13:44,2026-04-25T19:13:44+02:00,STATION,"Place Albert 1er - St Charles",4,23,27,0.14814814814814814,43.616768,3.873375
2026-04-25,19:13:44,2026-04-25T19:13:44+02:00,STATION,"Foch",3,5,8,0.375,43.610989,3.873345
2026-04-25,19:13:44,2026-04-25T19:13:44+02:00,STATION,"Halles Castellane",0,12,12,0.0,43.609935,3.877208
2026-04-25,19:13:44,2026-04-25T19:13:44+02:00,STATION,"Observatoire",5,2,8,0.75,43.606301,3.87724
2026-04-25,19:13:44,2026-04-25T19:13:44+02:00,STATION,"Rondelet",3,13,16,0.1875,43.603038,3.875796
2026-04-25,19:13:44,2026-04-25T19:13:44+02:00,STATION,"Plan Cabanes",4,8,12,0.3333333333333333,43.608491,3.868389
2026-04-25,19:13:44,2026-04-25T19:13:44+02:00,STATION,"Boutonnet",2,9,12,0.25,43.622629,3.868375
2026-04-25,19:13:44,2026-04-25T19:13:44+02:00,STATION,"Emile Combes",7,1,8,0.875,43.616742,3.87998
2026-04-25,19:13:44,2026-04-25T19:13:44+02:00,STATION,"Beaux-Arts",5,11,16,0.3125,43.616698,3.884981
2026-04-25,19:13:44,2026-04-25T19:13:44+02:00,STATION,"Les Aubes",2,6,8,0.25,43.618692,3.893844
2026-04-25,19:13:44,2026-04-25T19:13:44+02:00,STATION,"Antigone centre",6,6,12,0.5,43.607942,3.890634
2026-04-25,19:13:44,2026-04-25T19:13:44+02:00,STATION,"Médiathèque Emile Zola",10,6,16,0.625,43.608218,3.89314
2026-04-25,19:13:44,2026-04-25T19:13:44+02:00,STATION,"Nombre d Or",10,6,16,0.625,43.607859,3.886644
2026-04-25,19:13:44,2026-04-25T19:13:44+02:00,STATION,"Louis Blanc",6,10,16,0.375,43.614642,3.877648
2026-04-25,19:13:44,2026-04-25T19:13:44+02:00,STATION,"Gambetta",3,5,8,0.375,43.607106,3.870693
2026-04-25,19:13:44,2026-04-25T19:13:44+02:00,STATION,"Port Marianne",8,8,16,0.5,43.60032,3.89851
2026-04-25,19:13:44,2026-04-25T19:13:44+02:00,STATION,"Les Arceaux",4,4,8,0.5,43.612659,3.867734
2026-04-25,19:13:44,2026-04-25T19:13:44+02:00,STATION,"Cité Mion",3,5,8,0.375,43.601143,3.884373
2026-04-25,19:13:44,2026-04-25T19:13:44+02:00,STATION,"Nouveau Saint-Roch",4,4,8,0.5,43.599817,3.875757
2026-04-25,19:13:44,2026-04-25T19:13:44+02:00,STATION,"Renouvier",4,3,8,0.625,43.603553,3.867884
2026-04-25,19:13:44,2026-04-25T19:13:44+02:00,STATION,"Odysseum",0,8,8,0.0,43.603727,3.918979
2026-04-25,19:13:44,2026-04-25T19:13:44+02:00,STATION,"Saint-Denis",0,8,8,0.0,43.605021,3.875065
2026-04-25,19:13:44,2026-04-25T19:13:44+02:00,STATION,"Richter",10,6,16,0.625,43.603424,3.899263
2026-04-25,19:13:44,2026-04-25T19:13:44+02:00,STATION,"Charles Flahault",1,7,8,0.125,43.622038,3.86672
2026-04-25,19:13:44,2026-04-25T19:13:44+02:00,STATION,"Voltaire",4,4,8,0.5,43.603767,3.888659
2026-04-25,19:13:44,2026-04-25T19:13:44+02:00,STATION,"Prés d Arènes",2,6,8,0.25,43.59048,3.884611
2026-04-25,19:13:44,2026-04-25T19:13:44+02:00,STATION,"Garcia Lorca",7,1,8,0.875,43.590757,3.890616
2026-04-25,19:13:44,2026-04-25T19:13:44+02:00,STATION,"Vert Bois",8,8,16,0.5,43.63543,3.871179
2026-04-25,19:13:44,2026-04-25T19:13:44+02:00,STATION,"Malbosc",1,7,8,0.125,43.633679,3.832861
2026-04-25,19:13:44,2026-04-25T19:13:44+02:00,STATION,"Occitanie",6,26,32,0.1875,43.635689,3.849597
2026-04-25,19:13:44,2026-04-25T19:13:44+02:00,STATION,"Fac des Sciences",11,13,24,0.4583333333333333,43.631318,3.861299
2026-04-25,19:13:44,2026-04-25T19:13:44+02:00,STATION,"Fac de Lettres",2,10,12,0.16666666666666666,43.630437,3.869539
2026-04-25,19:13:44,2026-04-25T19:13:44+02:00,STATION,"Aiguelongue",3,4,8,0.5,43.626163,3.882492
2026-04-25,19:13:44,2026-04-25T19:13:44+02:00,STATION,"Jeu de Mail des Abbés",4,4,8,0.5,43.619701,3.883831
2026-04-25,19:13:44,2026-04-25T19:13:44+02:00,STATION,"Euromédecine",3,5,8,0.375,43.639119,3.828199
2026-04-25,19:13:44,2026-04-25T19:13:44+02:00,STATION,"Marie Caizergues",4,4,8,0.5,43.619871,3.873812
2026-04-25,19:13:44,2026-04-25T19:13:44+02:00,STATION,"Sabines",5,3,8,0.625,43.584211,3.860031
2026-04-25,19:13:44,2026-04-25T19:13:44+02:00,STATION,"Celleneuve",3,5,8,0.375,43.61467,3.832624
2026-04-25,19:13:44,2026-04-25T19:13:44+02:00,STATION,"Jardin de la Lironde",4,4,8,0.5,43.60585,3.911576
2026-04-25,19:13:44,2026-04-25T19:13:44+02:00,STATION,"Père Soulas",4,4,8,0.5,43.621983,3.855603
2026-04-25,19:13:44,2026-04-25T19:13:44+02:00,STATION,"Place Viala",1,6,8,0.25,43.616812,3.855075
2026-04-25,19:13:44,2026-04-25T19:13:44+02:00,STATION,"Hôtel du Département",1,7,8,0.125,43.621682,3.83477
2026-04-25,19:13:44,2026-04-25T19:13:44+02:00,STATION,"Tonnelles",5,3,8,0.625,43.615155,3.839466
2026-04-25,19:13:44,2026-04-25T19:13:44+02:00,STATION,"Parvis Jules Ferry - Gare Saint-Roch",1,7,8,0.125,43.603889,3.879362
2026-04-25,19:13:44,2026-04-25T19:13:44+02:00,STATION,"Pont de Lattes - Gare Saint-Roch",6,5,12,0.5833333333333334,43.606036,3.882393
2026-04-25,19:13:44,2026-04-25T19:13:44+02:00,STATION,"Deux Ponts - Gare Saint-Roch",0,8,8,0.0,43.604319,3.880916
2026-04-25,19:13:44,2026-04-25T19:13:44+02:00,STATION,"Providence - Ovalie",4,4,8,0.5,43.588239,3.853421
2026-04-25,19:13:44,2026-04-25T19:13:44+02:00,STATION,"Pérols Etang de l Or",20,48,68,0.29411764705882354,43.558351,3.963412
2026-04-25,19:13:44,2026-04-25T19:13:44+02:00,STATION,"Albert 1er - Cathédrale",5,7,12,0.4166666666666667,43.614005,3.873218
2026-04-25,19:13:44,2026-04-25T19:13:44+02:00,STATION,"Saint-Guilhem - Courreau",1,7,8,0.125,43.608996,3.872752
2026-04-25,19:13:44,2026-04-25T19:13:44+02:00,STATION,"Sud De France",1,7,8,0.125,43.59562,3.9235
2026-04-25,19:13:44,2026-04-25T19:13:44+02:00,STATION,"Comedie Baudin",0,8,8,0.0,43.608717,3.880787
2026-04-25,19:13:44,2026-04-25T19:13:44+02:00,STATION,"Jean de Beins",1,15,16,0.0625,43.609857,3.883884
2026-04-25,20:08:21,2026-04-25T20:08:21+02:00,STATION,"Rue Jules Ferry - Gare Saint-Roch",2,10,12,0.16666666666666666,43.605366,3.881346
2026-04-25,20:08:21,2026-04-25T20:08:21+02:00,STATION,"Comédie",7,13,20,0.35,43.608148,3.878778
2026-04-25,20:08:21,2026-04-25T20:08:21+02:00,STATION,"Hôtel de Ville",12,4,16,0.75,43.599088,3.894866
2026-04-25,20:08:21,2026-04-25T20:08:21+02:00,STATION,"Corum",9,3,12,0.75,43.613989,3.8816
2026-04-25,20:08:21,2026-04-25T20:08:21+02:00,STATION,"Place Albert 1er - St Charles",4,23,27,0.14814814814814814,43.616768,3.873375
2026-04-25,20:08:21,2026-04-25T20:08:21+02:00,STATION,"Foch",3,5,8,0.375,43.610989,3.873345
2026-04-25,20:08:21,2026-04-25T20:08:21+02:00,STATION,"Halles Castellane",0,12,12,0.0,43.609935,3.877208
2026-04-25,20:08:21,2026-04-25T20:08:21+02:00,STATION,"Observatoire",6,1,8,0.875,43.606301,3.87724
2026-04-25,20:08:21,2026-04-25T20:08:21+02:00,STATION,"Rondelet",3,13,16,0.1875,43.603038,3.875796
2026-04-25,20:08:21,2026-04-25T20:08:21+02:00,STATION,"Plan Cabanes",5,7,12,0.4166666666666667,43.608491,3.868389
2026-04-25,20:08:21,2026-04-25T20:08:21+02:00,STATION,"Boutonnet",2,9,12,0.25,43.622629,3.868375
2026-04-25,20:08:21,2026-04-25T20:08:21+02:00,STATION,"Emile Combes",7,1,8,0.875,43.616742,3.87998
2026-04-25,20:08:21,2026-04-25T20:08:21+02:00,STATION,"Beaux-Arts",5,11,16,0.3125,43.616698,3.884981
2026-04-25,20:08:21,2026-04-25T20:08:21+02:00,STATION,"Les Aubes",2,6,8,0.25,43.618692,3.893844
2026-04-25,20:08:21,2026-04-25T20:08:21+02:00,STATION,"Antigone centre",6,6,12,0.5,43.607942,3.890634
2026-04-25,20:08:21,2026-04-25T20:08:21+02:00,STATION,"Médiathèque Emile Zola",11,5,16,0.6875,43.608218,3.89314
2026-04-25,20:08:21,2026-04-25T20:08:21+02:00,STATION,"Nombre d Or",10,6,16,0.625,43.607859,3.886644
2026-04-25,20:08:21,2026-04-25T20:08:21+02:00,STATION,"Louis Blanc",6,10,16,0.375,43.614642,3.877648
2026-04-25,20:08:21,2026-04-25T20:08:21+02:00,STATION,"Gambetta",3,5,8,0.375,43.607106,3.870693
2026-04-25,20:08:21,2026-04-25T20:08:21+02:00,STATION,"Port Marianne",11,5,16,0.6875,43.60032,3.89851
2026-04-25,20:08:21,2026-04-25T20:08:21+02:00,STATION,"Les Arceaux",4,4,8,0.5,43.612659,3.867734
2026-04-25,20:08:21,2026-04-25T20:08:21+02:00,STATION,"Cité Mion",3,5,8,0.375,43.601143,3.884373
2026-04-25,20:08:21,2026-04-25T20:08:21+02:00,STATION,"Nouveau Saint-Roch",4,4,8,0.5,43.599817,3.875757
2026-04-25,20:08:21,2026-04-25T20:08:21+02:00,STATION,"Renouvier",4,3,8,0.625,43.603553,3.867884
2026-04-25,20:08:21,2026-04-25T20:08:21+02:00,STATION,"Odysseum",0,8,8,0.0,43.603727,3.918979
2026-04-25,20:08:21,2026-04-25T20:08:21+02:00,STATION,"Saint-Denis",0,8,8,0.0,43.605021,3.875065
2026-04-25,20:08:21,2026-04-25T20:08:21+02:00,STATION,"Richter",9,7,16,0.5625,43.603424,3.899263
2026-04-25,20:08:21,2026-04-25T20:08:21+02:00,STATION,"Charles Flahault",1,7,8,0.125,43.622038,3.86672
2026-04-25,20:08:21,2026-04-25T20:08:21+02:00,STATION,"Voltaire",4,4,8,0.5,43.603767,3.888659
2026-04-25,20:08:21,2026-04-25T20:08:21+02:00,STATION,"Prés d Arènes",2,6,8,0.25,43.59048,3.884611
2026-04-25,20:08:21,2026-04-25T20:08:21+02:00,STATION,"Garcia Lorca",8,0,8,1.0,43.590757,3.890616
2026-04-25,20:08:21,2026-04-25T20:08:21+02:00,STATION,"Vert Bois",7,9,16,0.4375,43.63543,3.871179
2026-04-25,20:08:21,2026-04-25T20:08:21+02:00,STATION,"Malbosc",1,7,8,0.125,43.633679,3.832861
2026-04-25,20:08:21,2026-04-25T20:08:21+02:00,STATION,"Occitanie",7,25,32,0.21875,43.635689,3.849597
2026-04-25,20:08:21,2026-04-25T20:08:21+02:00,STATION,"Fac des Sciences",11,13,24,0.4583333333333333,43.631318,3.861299
2026-04-25,20:08:21,2026-04-25T20:08:21+02:00,STATION,"Fac de Lettres",3,9,12,0.25,43.630437,3.869539
2026-04-25,20:08:21,2026-04-25T20:08:21+02:00,STATION,"Aiguelongue",4,3,8,0.625,43.626163,3.882492
2026-04-25,20:08:21,2026-04-25T20:08:21+02:00,STATION,"Jeu de Mail des Abbés",4,4,8,0.5,43.619701,3.883831
2026-04-25,20:08:21,2026-04-25T20:08:21+02:00,STATION,"Euromédecine",3,5,8,0.375,43.639119,3.828199
2026-04-25,20:08:21,2026-04-25T20:08:21+02:00,STATION,"Marie Caizergues",4,4,8,0.5,43.619871,3.873812
2026-04-25,20:08:21,2026-04-25T20:08:21+02:00,STATION,"Sabines",5,3,8,0.625,43.584211,3.860031
2026-04-25,20:08:21,2026-04-25T20:08:21+02:00,STATION,"Celleneuve",1,7,8,0.125,43.61467,3.832624
2026-04-25,20:08:21,2026-04-25T20:08:21+02:00,STATION,"Jardin de la Lironde",4,4,8,0.5,43.60585,3.911576
2026-04-25,20:08:21,2026-04-25T20:08:21+02:00,STATION,"Père Soulas",4,4,8,0.5,43.621983,3.855603
2026-04-25,20:08:21,2026-04-25T20:08:21+02:00,STATION,"Place Viala",1,6,8,0.25,43.616812,3.855075
2026-04-25,20:08:21,2026-04-25T20:08:21+02:00,STATION,"Hôtel du Département",1,7,8,0.125,43.621682,3.83477
2026-04-25,20:08:21,2026-04-25T20:08:21+02:00,STATION,"Tonnelles",5,3,8,0.625,43.615155,3.839466
2026-04-25,20:08:21,2026-04-25T20:08:21+02:00,STATION,"Parvis Jules Ferry - Gare Saint-Roch",1,7,8,0.125,43.603889,3.879362
2026-04-25,20:08:21,2026-04-25T20:08:21+02:00,STATION,"Pont de Lattes - Gare Saint-Roch",6,5,12,0.5833333333333334,43.606036,3.882393
2026-04-25,20:08:21,2026-04-25T20:08:21+02:00,STATION,"Deux Ponts - Gare Saint-Roch",0,8,8,0.0,43.604319,3.880916
2026-04-25,20:08:21,2026-04-25T20:08:21+02:00,STATION,"Providence - Ovalie",4,4,8,0.5,43.588239,3.853421
2026-04-25,20:08:21,2026-04-25T20:08:21+02:00,STATION,"Pérols Etang de l Or",26,42,68,0.38235294117647056,43.558351,3.963412
2026-04-25,20:08:21,2026-04-25T20:08:21+02:00,STATION,"Albert 1er - Cathédrale",5,7,12,0.4166666666666667,43.614005,3.873218
2026-04-25,20:08:21,2026-04-25T20:08:21+02:00,STATION,"Saint-Guilhem - Courreau",1,7,8,0.125,43.608996,3.872752
2026-04-25,20:08:21,2026-04-25T20:08:21+02:00,STATION,"Sud De France",1,7,8,0.125,43.59562,3.9235
2026-04-25,20:08:21,2026-04-25T20:08:21+02:00,STATION,"Comedie Baudin",0,8,8,0.0,43.608717,3.880787
2026-04-25,20:08:21,2026-04-25T20:08:21+02:00,STATION,"Jean de Beins",1,15,16,0.0625,43.609857,3.883884
2026-04-25,21:29:31,2026-04-25T21:29:31+02:00,STATION,"Rue Jules Ferry - Gare Saint-Roch",3,9,12,0.25,43.605366,3.881346
2026-04-25,21:29:31,2026-04-25T21:29:31+02:00,STATION,"Comédie",8,12,20,0.4,43.608148,3.878778
2026-04-25,21:29:31,2026-04-25T21:29:31+02:00,STATION,"Hôtel de Ville",11,5,16,0.6875,43.599088,3.894866
2026-04-25,21:29:31,2026-04-25T21:29:31+02:00,STATION,"Corum",8,4,12,0.6666666666666666,43.613989,3.8816
2026-04-25,21:29:31,2026-04-25T21:29:31+02:00,STATION,"Place Albert 1er - St Charles",5,22,27,0.18518518518518517,43.616768,3.873375
2026-04-25,21:29:31,2026-04-25T21:29:31+02:00,STATION,"Foch",3,5,8,0.375,43.610989,3.873345
2026-04-25,21:29:31,2026-04-25T21:29:31+02:00,STATION,"Halles Castellane",0,12,12,0.0,43.609935,3.877208
2026-04-25,21:29:31,2026-04-25T21:29:31+02:00,STATION,"Observatoire",4,3,8,0.625,43.606301,3.87724
2026-04-25,21:29:31,2026-04-25T21:29:31+02:00,STATION,"Rondelet",3,13,16,0.1875,43.603038,3.875796
2026-04-25,21:29:31,2026-04-25T21:29:31+02:00,STATION,"Plan Cabanes",6,6,12,0.5,43.608491,3.868389
2026-04-25,21:29:31,2026-04-25T21:29:31+02:00,STATION,"Boutonnet",2,9,12,0.25,43.622629,3.868375
2026-04-25,21:29:31,2026-04-25T21:29:31+02:00,STATION,"Emile Combes",8,0,8,1.0,43.616742,3.87998
2026-04-25,21:29:31,2026-04-25T21:29:31+02:00,STATION,"Beaux-Arts",5,11,16,0.3125,43.616698,3.884981
2026-04-25,21:29:31,2026-04-25T21:29:31+02:00,STATION,"Les Aubes",2,6,8,0.25,43.618692,3.893844
2026-04-25,21:29:31,2026-04-25T21:29:31+02:00,STATION,"Antigone centre",6,6,12,0.5,43.607942,3.890634
2026-04-25,21:29:31,2026-04-25T21:29:31+02:00,STATION,"Médiathèque Emile Zola",11,5,16,0.6875,43.608218,3.89314
2026-04-25,21:29:31,2026-04-25T21:29:31+02:00,STATION,"Nombre d Or",10,6,16,0.625,43.607859,3.886644
2026-04-25,21:29:31,2026-04-25T21:29:31+02:00,STATION,"Louis Blanc",7,9,16,0.4375,43.614642,3.877648
2026-04-25,21:29:31,2026-04-25T21:29:31+02:00,STATION,"Gambetta",3,5,8,0.375,43.607106,3.870693
2026-04-25,21:29:31,2026-04-25T21:29:31+02:00,STATION,"Port Marianne",11,5,16,0.6875,43.60032,3.89851
2026-04-25,21:29:31,2026-04-25T21:29:31+02:00,STATION,"Les Arceaux",4,4,8,0.5,43.612659,3.867734
2026-04-25,21:29:31,2026-04-25T21:29:31+02:00,STATION,"Cité Mion",3,5,8,0.375,43.601143,3.884373
2026-04-25,21:29:31,2026-04-25T21:29:31+02:00,STATION,"Nouveau Saint-Roch",4,4,8,0.5,43.599817,3.875757
2026-04-25,21:29:31,2026-04-25T21:29:31+02:00,STATION,"Renouvier",4,3,8,0.625,43.603553,3.867884
2026-04-25,21:29:31,2026-04-25T21:29:31+02:00,STATION,"Odysseum",0,8,8,0.0,43.603727,3.918979
2026-04-25,21:29:31,2026-04-25T21:29:31+02:00,STATION,"Saint-Denis",0,8,8,0.0,43.605021,3.875065
2026-04-25,21:29:31,2026-04-25T21:29:31+02:00,STATION,"Richter",9,7,16,0.5625,43.603424,3.899263
2026-04-25,21:29:31,2026-04-25T21:29:31+02:00,STATION,"Charles Flahault",2,6,8,0.25,43.622038,3.86672
2026-04-25,21:29:31,2026-04-25T21:29:31+02:00,STATION,"Voltaire",9,0,8,1.0,43.603767,3.888659
2026-04-25,21:29:31,2026-04-25T21:29:31+02:00,STATION,"Prés d Arènes",2,6,8,0.25,43.59048,3.884611
2026-04-25,21:29:31,2026-04-25T21:29:31+02:00,STATION,"Garcia Lorca",6,2,8,0.75,43.590757,3.890616
2026-04-25,21:29:31,2026-04-25T21:29:31+02:00,STATION,"Vert Bois",7,9,16,0.4375,43.63543,3.871179
2026-04-25,21:29:31,2026-04-25T21:29:31+02:00,STATION,"Malbosc",1,7,8,0.125,43.633679,3.832861
2026-04-25,21:29:31,2026-04-25T21:29:31+02:00,STATION,"Occitanie",6,26,32,0.1875,43.635689,3.849597
2026-04-25,21:29:31,2026-04-25T21:29:31+02:00,STATION,"Fac des Sciences",9,15,24,0.375,43.631318,3.861299
2026-04-25,21:29:31,2026-04-25T21:29:31+02:00,STATION,"Fac de Lettres",5,7,12,0.4166666666666667,43.630437,3.869539
2026-04-25,21:29:31,2026-04-25T21:29:31+02:00,STATION,"Aiguelongue",5,2,8,0.75,43.626163,3.882492
2026-04-25,21:29:31,2026-04-25T21:29:31+02:00,STATION,"Jeu de Mail des Abbés",4,4,8,0.5,43.619701,3.883831
2026-04-25,21:29:31,2026-04-25T21:29:31+02:00,STATION,"Euromédecine",3,5,8,0.375,43.639119,3.828199
2026-04-25,21:29:31,2026-04-25T21:29:31+02:00,STATION,"Marie Caizergues",5,3,8,0.625,43.619871,3.873812
2026-04-25,21:29:31,2026-04-25T21:29:31+02:00,STATION,"Sabines",5,3,8,0.625,43.584211,3.860031
2026-04-25,21:29:31,2026-04-25T21:29:31+02:00,STATION,"Celleneuve",1,7,8,0.125,43.61467,3.832624
2026-04-25,21:29:31,2026-04-25T21:29:31+02:00,STATION,"Jardin de la Lironde",4,4,8,0.5,43.60585,3.911576
2026-04-25,21:29:31,2026-04-25T21:29:31+02:00,STATION,"Père Soulas",4,4,8,0.5,43.621983,3.855603
2026-04-25,21:29:31,2026-04-25T21:29:31+02:00,STATION,"Place Viala",1,6,8,0.25,43.616812,3.855075
2026-04-25,21:29:31,2026-04-25T21:29:31+02:00,STATION,"Hôtel du Département",1,7,8,0.125,43.621682,3.83477
2026-04-25,21:29:31,2026-04-25T21:29:31+02:00,STATION,"Tonnelles",5,3,8,0.625,43.615155,3.839466
2026-04-25,21:29:31,2026-04-25T21:29:31+02:00,STATION,"Parvis Jules Ferry - Gare Saint-Roch",1,7,8,0.125,43.603889,3.879362
2026-04-25,21:29:31,2026-04-25T21:29:31+02:00,STATION,"Pont de Lattes - Gare Saint-Roch",7,4,12,0.6666666666666666,43.606036,3.882393
2026-04-25,21:29:31,2026-04-25T21:29:31+02:00,STATION,"Deux Ponts - Gare Saint-Roch",0,8,8,0.0,43.604319,3.880916
2026-04-25,21:29:31,2026-04-25T21:29:31+02:00,STATION,"Providence - Ovalie",4,4,8,0.5,43.588239,3.853421
2026-04-25,21:29:31,2026-04-25T21:29:31+02:00,STATION,"Pérols Etang de l Or",34,34,68,0.5,43.558351,3.963412
2026-04-25,21:29:31,2026-04-25T21:29:31+02:00,STATION,"Albert 1er - Cathédrale",5,7,12,0.4166666666666667,43.614005,3.873218
2026-04-25,21:29:31,2026-04-25T21:29:31+02:00,STATION,"Saint-Guilhem - Courreau",1,7,8,0.125,43.608996,3.872752
2026-04-25,21:29:31,2026-04-25T21:29:31+02:00,STATION,"Sud De France",1,7,8,0.125,43.59562,3.9235
2026-04-25,21:29:31,2026-04-25T21:29:31+02:00,STATION,"Comedie Baudin",0,8,8,0.0,43.608717,3.880787
2026-04-25,21:29:31,2026-04-25T21:29:31+02:00,STATION,"Jean de Beins",2,14,16,0.125,43.609857,3.883884
