date,heure,timestamp,type,nom,velos_dispo,bornes_libres,total,taux_occupation_places,lat,lon
2026-02-16,00:27:04,2026-02-16T00:27:04+01:00,STATION,"Rue Jules Ferry - Gare Saint-Roch",3,9,12,0.25,43.605366,3.881346
2026-02-16,00:27:04,2026-02-16T00:27:04+01:00,STATION,"Comédie",17,3,20,0.85,43.608148,3.878778
2026-02-16,00:27:04,2026-02-16T00:27:04+01:00,STATION,"Hôtel de Ville",10,5,16,0.6875,43.599088,3.894866
2026-02-16,00:27:04,2026-02-16T00:27:04+01:00,STATION,"Corum",1,11,12,0.08333333333333333,43.613989,3.8816
2026-02-16,00:27:04,2026-02-16T00:27:04+01:00,STATION,"Place Albert 1er - St Charles",6,21,27,0.2222222222222222,43.616768,3.873375
2026-02-16,00:27:04,2026-02-16T00:27:04+01:00,STATION,"Foch",1,7,8,0.125,43.610989,3.873345
2026-02-16,00:27:04,2026-02-16T00:27:04+01:00,STATION,"Halles Castellane",0,12,12,0.0,43.609935,3.877208
2026-02-16,00:27:04,2026-02-16T00:27:04+01:00,STATION,"Observatoire",4,3,8,0.625,43.606301,3.87724
2026-02-16,00:27:04,2026-02-16T00:27:04+01:00,STATION,"Rondelet",4,12,16,0.25,43.603038,3.875796
2026-02-16,00:27:04,2026-02-16T00:27:04+01:00,STATION,"Plan Cabanes",3,9,12,0.25,43.608491,3.868389
2026-02-16,00:27:04,2026-02-16T00:27:04+01:00,STATION,"Boutonnet",2,10,12,0.16666666666666666,43.622629,3.868375
2026-02-16,00:27:04,2026-02-16T00:27:04+01:00,STATION,"Emile Combes",3,5,8,0.375,43.616742,3.87998
2026-02-16,00:27:04,2026-02-16T00:27:04+01:00,STATION,"Beaux-Arts",1,15,16,0.0625,43.616698,3.884981
2026-02-16,00:27:04,2026-02-16T00:27:04+01:00,STATION,"Les Aubes",3,5,8,0.375,43.618692,3.893844
2026-02-16,00:27:04,2026-02-16T00:27:04+01:00,STATION,"Antigone centre",7,5,12,0.5833333333333334,43.607942,3.890634
2026-02-16,00:27:04,2026-02-16T00:27:04+01:00,STATION,"Médiathèque Emile Zola",7,9,16,0.4375,43.608218,3.89314
2026-02-16,00:27:04,2026-02-16T00:27:04+01:00,STATION,"Nombre d Or",4,12,16,0.25,43.607859,3.886644
2026-02-16,00:27:04,2026-02-16T00:27:04+01:00,STATION,"Louis Blanc",3,13,16,0.1875,43.614642,3.877648
2026-02-16,00:27:04,2026-02-16T00:27:04+01:00,STATION,"Gambetta",3,5,8,0.375,43.607106,3.870693
2026-02-16,00:27:04,2026-02-16T00:27:04+01:00,STATION,"Port Marianne",14,2,16,0.875,43.60032,3.89851
2026-02-16,00:27:04,2026-02-16T00:27:04+01:00,STATION,"Les Arceaux",3,5,8,0.375,43.612659,3.867734
2026-02-16,00:27:04,2026-02-16T00:27:04+01:00,STATION,"Cité Mion",3,4,8,0.5,43.601143,3.884373
2026-02-16,00:27:04,2026-02-16T00:27:04+01:00,STATION,"Nouveau Saint-Roch",2,6,8,0.25,43.599817,3.875757
2026-02-16,00:27:04,2026-02-16T00:27:04+01:00,STATION,"Renouvier",3,5,8,0.375,43.603553,3.867884
2026-02-16,00:27:04,2026-02-16T00:27:04+01:00,STATION,"Odysseum",0,8,8,0.0,43.603727,3.918979
2026-02-16,00:27:04,2026-02-16T00:27:04+01:00,STATION,"Saint-Denis",0,8,8,0.0,43.605021,3.875065
2026-02-16,00:27:04,2026-02-16T00:27:04+01:00,STATION,"Richter",9,7,16,0.5625,43.603424,3.899263
2026-02-16,00:27:04,2026-02-16T00:27:04+01:00,STATION,"Charles Flahault",2,6,8,0.25,43.622038,3.86672
2026-02-16,00:27:04,2026-02-16T00:27:04+01:00,STATION,"Voltaire",1,7,8,0.125,43.603767,3.888659
2026-02-16,00:27:04,2026-02-16T00:27:04+01:00,STATION,"Prés d Arènes",8,0,8,1.0,43.59048,3.884611
2026-02-16,00:27:04,2026-02-16T00:27:04+01:00,STATION,"Garcia Lorca",5,3,8,0.625,43.590757,3.890616
2026-02-16,00:27:04,2026-02-16T00:27:04+01:00,STATION,"Vert Bois",4,12,16,0.25,43.63543,3.871179
2026-02-16,00:27:04,2026-02-16T00:27:04+01:00,STATION,"Malbosc",4,4,8,0.5,43.633679,3.832861
2026-02-16,00:27:04,2026-02-16T00:27:04+01:00,STATION,"Occitanie",22,10,32,0.6875,43.635689,3.849597
2026-02-16,00:27:04,2026-02-16T00:27:04+01:00,STATION,"FacdesSciences",18,6,24,0.75,43.631318,3.861299
2026-02-16,00:27:04,2026-02-16T00:27:04+01:00,STATION,"Fac de Lettres",1,11,12,0.08333333333333333,43.630437,3.869539
2026-02-16,00:27:04,2026-02-16T00:27:04+01:00,STATION,"Aiguelongue",3,4,8,0.5,43.626163,3.882492
2026-02-16,00:27:04,2026-02-16T00:27:04+01:00,STATION,"Jeu de Mail des Abbés",6,2,8,0.75,43.619701,3.883831
2026-02-16,00:27:04,2026-02-16T00:27:04+01:00,STATION,"Euromédecine",1,7,8,0.125,43.639119,3.828199
2026-02-16,00:27:04,2026-02-16T00:27:04+01:00,STATION,"Marie Caizergues",5,3,8,0.625,43.619871,3.873812
2026-02-16,00:27:04,2026-02-16T00:27:04+01:00,STATION,"Sabines",0,8,8,0.0,43.584211,3.860031
2026-02-16,00:27:04,2026-02-16T00:27:04+01:00,STATION,"Celleneuve",7,1,8,0.875,43.61467,3.832624
2026-02-16,00:27:04,2026-02-16T00:27:04+01:00,STATION,"Jardin de la Lironde",7,1,8,0.875,43.60585,3.911576
2026-02-16,00:27:04,2026-02-16T00:27:04+01:00,STATION,"Père Soulas",4,4,8,0.5,43.621983,3.855603
2026-02-16,00:27:04,2026-02-16T00:27:04+01:00,STATION,"Place Viala",2,6,8,0.25,43.616812,3.855075
2026-02-16,00:27:04,2026-02-16T00:27:04+01:00,STATION,"Hôtel du Département",3,5,8,0.375,43.621682,3.83477
2026-02-16,00:27:04,2026-02-16T00:27:04+01:00,STATION,"Tonnelles",2,6,8,0.25,43.615155,3.839466
2026-02-16,00:27:04,2026-02-16T00:27:04+01:00,STATION,"Parvis Jules Ferry - Gare Saint-Roch",2,6,8,0.25,43.603889,3.879362
2026-02-16,00:27:04,2026-02-16T00:27:04+01:00,STATION,"Pont de Lattes - Gare Saint-Roch",1,11,12,0.08333333333333333,43.606036,3.882393
2026-02-16,00:27:04,2026-02-16T00:27:04+01:00,STATION,"Deux Ponts - Gare Saint-Roch",0,8,8,0.0,43.604319,3.880916
2026-02-16,00:27:04,2026-02-16T00:27:04+01:00,STATION,"Providence - Ovalie",3,5,8,0.375,43.588239,3.853421
2026-02-16,00:27:04,2026-02-16T00:27:04+01:00,STATION,"Pérols Etang de l Or",54,14,68,0.7941176470588235,43.558351,3.963412
2026-02-16,00:27:04,2026-02-16T00:27:04+01:00,STATION,"Albert 1er - Cathédrale",2,10,12,0.16666666666666666,43.614005,3.873218
2026-02-16,00:27:04,2026-02-16T00:27:04+01:00,STATION,"Saint-Guilhem - Courreau",0,8,8,0.0,43.608996,3.872752
2026-02-16,00:27:04,2026-02-16T00:27:04+01:00,STATION,"Sud De France",8,0,8,1.0,43.59562,3.9235
2026-02-16,00:27:04,2026-02-16T00:27:04+01:00,STATION,"Comedie Baudin",0,8,8,0.0,43.608717,3.880787
2026-02-16,00:27:04,2026-02-16T00:27:04+01:00,STATION,"Jean de Beins",7,9,16,0.4375,43.609857,3.883884
2026-02-16,00:52:04,2026-02-16T00:52:04+01:00,STATION,"Rue Jules Ferry - Gare Saint-Roch",3,9,12,0.25,43.605366,3.881346
2026-02-16,00:52:04,2026-02-16T00:52:04+01:00,STATION,"Comédie",17,3,20,0.85,43.608148,3.878778
2026-02-16,00:52:04,2026-02-16T00:52:04+01:00,STATION,"Hôtel de Ville",10,5,16,0.6875,43.599088,3.894866
2026-02-16,00:52:04,2026-02-16T00:52:04+01:00,STATION,"Corum",1,11,12,0.08333333333333333,43.613989,3.8816
2026-02-16,00:52:04,2026-02-16T00:52:04+01:00,STATION,"Place Albert 1er - St Charles",6,21,27,0.2222222222222222,43.616768,3.873375
2026-02-16,00:52:04,2026-02-16T00:52:04+01:00,STATION,"Foch",1,7,8,0.125,43.610989,3.873345
2026-02-16,00:52:04,2026-02-16T00:52:04+01:00,STATION,"Halles Castellane",0,12,12,0.0,43.609935,3.877208
2026-02-16,00:52:04,2026-02-16T00:52:04+01:00,STATION,"Observatoire",4,3,8,0.625,43.606301,3.87724
2026-02-16,00:52:04,2026-02-16T00:52:04+01:00,STATION,"Rondelet",4,12,16,0.25,43.603038,3.875796
2026-02-16,00:52:04,2026-02-16T00:52:04+01:00,STATION,"Plan Cabanes",3,9,12,0.25,43.608491,3.868389
2026-02-16,00:52:04,2026-02-16T00:52:04+01:00,STATION,"Boutonnet",2,10,12,0.16666666666666666,43.622629,3.868375
2026-02-16,00:52:04,2026-02-16T00:52:04+01:00,STATION,"Emile Combes",3,5,8,0.375,43.616742,3.87998
2026-02-16,00:52:04,2026-02-16T00:52:04+01:00,STATION,"Beaux-Arts",1,15,16,0.0625,43.616698,3.884981
2026-02-16,00:52:04,2026-02-16T00:52:04+01:00,STATION,"Les Aubes",3,5,8,0.375,43.618692,3.893844
2026-02-16,00:52:04,2026-02-16T00:52:04+01:00,STATION,"Antigone centre",7,5,12,0.5833333333333334,43.607942,3.890634
2026-02-16,00:52:04,2026-02-16T00:52:04+01:00,STATION,"Médiathèque Emile Zola",7,9,16,0.4375,43.608218,3.89314
2026-02-16,00:52:04,2026-02-16T00:52:04+01:00,STATION,"Nombre d Or",4,12,16,0.25,43.607859,3.886644
2026-02-16,00:52:04,2026-02-16T00:52:04+01:00,STATION,"Louis Blanc",3,13,16,0.1875,43.614642,3.877648
2026-02-16,00:52:04,2026-02-16T00:52:04+01:00,STATION,"Gambetta",3,5,8,0.375,43.607106,3.870693
2026-02-16,00:52:04,2026-02-16T00:52:04+01:00,STATION,"Port Marianne",14,2,16,0.875,43.60032,3.89851
2026-02-16,00:52:04,2026-02-16T00:52:04+01:00,STATION,"Les Arceaux",3,5,8,0.375,43.612659,3.867734
2026-02-16,00:52:04,2026-02-16T00:52:04+01:00,STATION,"Cité Mion",3,4,8,0.5,43.601143,3.884373
2026-02-16,00:52:04,2026-02-16T00:52:04+01:00,STATION,"Nouveau Saint-Roch",2,6,8,0.25,43.599817,3.875757
2026-02-16,00:52:04,2026-02-16T00:52:04+01:00,STATION,"Renouvier",4,4,8,0.5,43.603553,3.867884
2026-02-16,00:52:04,2026-02-16T00:52:04+01:00,STATION,"Odysseum",0,8,8,0.0,43.603727,3.918979
2026-02-16,00:52:04,2026-02-16T00:52:04+01:00,STATION,"Saint-Denis",0,8,8,0.0,43.605021,3.875065
2026-02-16,00:52:04,2026-02-16T00:52:04+01:00,STATION,"Richter",9,7,16,0.5625,43.603424,3.899263
2026-02-16,00:52:04,2026-02-16T00:52:04+01:00,STATION,"Charles Flahault",2,6,8,0.25,43.622038,3.86672
2026-02-16,00:52:04,2026-02-16T00:52:04+01:00,STATION,"Voltaire",1,7,8,0.125,43.603767,3.888659
2026-02-16,00:52:04,2026-02-16T00:52:04+01:00,STATION,"Prés d Arènes",8,0,8,1.0,43.59048,3.884611
2026-02-16,00:52:04,2026-02-16T00:52:04+01:00,STATION,"Garcia Lorca",5,3,8,0.625,43.590757,3.890616
2026-02-16,00:52:04,2026-02-16T00:52:04+01:00,STATION,"Vert Bois",4,12,16,0.25,43.63543,3.871179
2026-02-16,00:52:04,2026-02-16T00:52:04+01:00,STATION,"Malbosc",4,4,8,0.5,43.633679,3.832861
2026-02-16,00:52:04,2026-02-16T00:52:04+01:00,STATION,"Occitanie",22,10,32,0.6875,43.635689,3.849597
2026-02-16,00:52:04,2026-02-16T00:52:04+01:00,STATION,"FacdesSciences",17,7,24,0.7083333333333334,43.631318,3.861299
2026-02-16,00:52:04,2026-02-16T00:52:04+01:00,STATION,"Fac de Lettres",1,11,12,0.08333333333333333,43.630437,3.869539
2026-02-16,00:52:04,2026-02-16T00:52:04+01:00,STATION,"Aiguelongue",3,4,8,0.5,43.626163,3.882492
2026-02-16,00:52:04,2026-02-16T00:52:04+01:00,STATION,"Jeu de Mail des Abbés",6,2,8,0.75,43.619701,3.883831
2026-02-16,00:52:04,2026-02-16T00:52:04+01:00,STATION,"Euromédecine",1,7,8,0.125,43.639119,3.828199
2026-02-16,00:52:04,2026-02-16T00:52:04+01:00,STATION,"Marie Caizergues",5,3,8,0.625,43.619871,3.873812
2026-02-16,00:52:04,2026-02-16T00:52:04+01:00,STATION,"Sabines",0,8,8,0.0,43.584211,3.860031
2026-02-16,00:52:04,2026-02-16T00:52:04+01:00,STATION,"Celleneuve",7,1,8,0.875,43.61467,3.832624
2026-02-16,00:52:04,2026-02-16T00:52:04+01:00,STATION,"Jardin de la Lironde",7,1,8,0.875,43.60585,3.911576
2026-02-16,00:52:04,2026-02-16T00:52:04+01:00,STATION,"Père Soulas",4,4,8,0.5,43.621983,3.855603
2026-02-16,00:52:04,2026-02-16T00:52:04+01:00,STATION,"Place Viala",2,6,8,0.25,43.616812,3.855075
2026-02-16,00:52:04,2026-02-16T00:52:04+01:00,STATION,"Hôtel du Département",3,5,8,0.375,43.621682,3.83477
2026-02-16,00:52:04,2026-02-16T00:52:04+01:00,STATION,"Tonnelles",2,6,8,0.25,43.615155,3.839466
2026-02-16,00:52:04,2026-02-16T00:52:04+01:00,STATION,"Parvis Jules Ferry - Gare Saint-Roch",2,6,8,0.25,43.603889,3.879362
2026-02-16,00:52:04,2026-02-16T00:52:04+01:00,STATION,"Pont de Lattes - Gare Saint-Roch",1,11,12,0.08333333333333333,43.606036,3.882393
2026-02-16,00:52:04,2026-02-16T00:52:04+01:00,STATION,"Deux Ponts - Gare Saint-Roch",0,8,8,0.0,43.604319,3.880916
2026-02-16,00:52:04,2026-02-16T00:52:04+01:00,STATION,"Providence - Ovalie",3,5,8,0.375,43.588239,3.853421
2026-02-16,00:52:04,2026-02-16T00:52:04+01:00,STATION,"Pérols Etang de l Or",54,14,68,0.7941176470588235,43.558351,3.963412
2026-02-16,00:52:04,2026-02-16T00:52:04+01:00,STATION,"Albert 1er - Cathédrale",2,10,12,0.16666666666666666,43.614005,3.873218
2026-02-16,00:52:04,2026-02-16T00:52:04+01:00,STATION,"Saint-Guilhem - Courreau",0,8,8,0.0,43.608996,3.872752
2026-02-16,00:52:04,2026-02-16T00:52:04+01:00,STATION,"Sud De France",8,0,8,1.0,43.59562,3.9235
2026-02-16,00:52:04,2026-02-16T00:52:04+01:00,STATION,"Comedie Baudin",0,8,8,0.0,43.608717,3.880787
2026-02-16,00:52:04,2026-02-16T00:52:04+01:00,STATION,"Jean de Beins",7,9,16,0.4375,43.609857,3.883884
2026-02-16,03:08:16,2026-02-16T03:08:16+01:00,STATION,"Rue Jules Ferry - Gare Saint-Roch",3,9,12,0.25,43.605366,3.881346
2026-02-16,03:08:16,2026-02-16T03:08:16+01:00,STATION,"Comédie",17,3,20,0.85,43.608148,3.878778
2026-02-16,03:08:16,2026-02-16T03:08:16+01:00,STATION,"Hôtel de Ville",10,5,16,0.6875,43.599088,3.894866
2026-02-16,03:08:16,2026-02-16T03:08:16+01:00,STATION,"Corum",1,11,12,0.08333333333333333,43.613989,3.8816
2026-02-16,03:08:16,2026-02-16T03:08:16+01:00,STATION,"Place Albert 1er - St Charles",5,22,27,0.18518518518518517,43.616768,3.873375
2026-02-16,03:08:16,2026-02-16T03:08:16+01:00,STATION,"Foch",1,7,8,0.125,43.610989,3.873345
2026-02-16,03:08:16,2026-02-16T03:08:16+01:00,STATION,"Halles Castellane",0,12,12,0.0,43.609935,3.877208
2026-02-16,03:08:16,2026-02-16T03:08:16+01:00,STATION,"Observatoire",3,4,8,0.5,43.606301,3.87724
2026-02-16,03:08:16,2026-02-16T03:08:16+01:00,STATION,"Rondelet",4,12,16,0.25,43.603038,3.875796
2026-02-16,03:08:16,2026-02-16T03:08:16+01:00,STATION,"Plan Cabanes",2,10,12,0.16666666666666666,43.608491,3.868389
2026-02-16,03:08:16,2026-02-16T03:08:16+01:00,STATION,"Boutonnet",2,10,12,0.16666666666666666,43.622629,3.868375
2026-02-16,03:08:16,2026-02-16T03:08:16+01:00,STATION,"Emile Combes",3,5,8,0.375,43.616742,3.87998
2026-02-16,03:08:16,2026-02-16T03:08:16+01:00,STATION,"Beaux-Arts",1,15,16,0.0625,43.616698,3.884981
2026-02-16,03:08:16,2026-02-16T03:08:16+01:00,STATION,"Les Aubes",3,5,8,0.375,43.618692,3.893844
2026-02-16,03:08:16,2026-02-16T03:08:16+01:00,STATION,"Antigone centre",7,5,12,0.5833333333333334,43.607942,3.890634
2026-02-16,03:08:16,2026-02-16T03:08:16+01:00,STATION,"Médiathèque Emile Zola",7,9,16,0.4375,43.608218,3.89314
2026-02-16,03:08:16,2026-02-16T03:08:16+01:00,STATION,"Nombre d Or",4,12,16,0.25,43.607859,3.886644
2026-02-16,03:08:16,2026-02-16T03:08:16+01:00,STATION,"Louis Blanc",3,13,16,0.1875,43.614642,3.877648
2026-02-16,03:08:16,2026-02-16T03:08:16+01:00,STATION,"Gambetta",4,4,8,0.5,43.607106,3.870693
2026-02-16,03:08:16,2026-02-16T03:08:16+01:00,STATION,"Port Marianne",14,2,16,0.875,43.60032,3.89851
2026-02-16,03:08:16,2026-02-16T03:08:16+01:00,STATION,"Les Arceaux",3,5,8,0.375,43.612659,3.867734
2026-02-16,03:08:16,2026-02-16T03:08:16+01:00,STATION,"Cité Mion",3,4,8,0.5,43.601143,3.884373
2026-02-16,03:08:16,2026-02-16T03:08:16+01:00,STATION,"Nouveau Saint-Roch",3,5,8,0.375,43.599817,3.875757
2026-02-16,03:08:16,2026-02-16T03:08:16+01:00,STATION,"Renouvier",4,4,8,0.5,43.603553,3.867884
2026-02-16,03:08:16,2026-02-16T03:08:16+01:00,STATION,"Odysseum",0,8,8,0.0,43.603727,3.918979
2026-02-16,03:08:16,2026-02-16T03:08:16+01:00,STATION,"Saint-Denis",0,8,8,0.0,43.605021,3.875065
2026-02-16,03:08:16,2026-02-16T03:08:16+01:00,STATION,"Richter",9,7,16,0.5625,43.603424,3.899263
2026-02-16,03:08:16,2026-02-16T03:08:16+01:00,STATION,"Charles Flahault",2,6,8,0.25,43.622038,3.86672
2026-02-16,03:08:16,2026-02-16T03:08:16+01:00,STATION,"Voltaire",1,7,8,0.125,43.603767,3.888659
2026-02-16,03:08:16,2026-02-16T03:08:16+01:00,STATION,"Prés d Arènes",8,0,8,1.0,43.59048,3.884611
2026-02-16,03:08:16,2026-02-16T03:08:16+01:00,STATION,"Garcia Lorca",6,2,8,0.75,43.590757,3.890616
2026-02-16,03:08:16,2026-02-16T03:08:16+01:00,STATION,"Vert Bois",4,12,16,0.25,43.63543,3.871179
2026-02-16,03:08:16,2026-02-16T03:08:16+01:00,STATION,"Malbosc",4,4,8,0.5,43.633679,3.832861
2026-02-16,03:08:16,2026-02-16T03:08:16+01:00,STATION,"Occitanie",22,10,32,0.6875,43.635689,3.849597
2026-02-16,03:08:16,2026-02-16T03:08:16+01:00,STATION,"FacdesSciences",17,7,24,0.7083333333333334,43.631318,3.861299
2026-02-16,03:08:16,2026-02-16T03:08:16+01:00,STATION,"Fac de Lettres",1,11,12,0.08333333333333333,43.630437,3.869539
2026-02-16,03:08:16,2026-02-16T03:08:16+01:00,STATION,"Aiguelongue",3,4,8,0.5,43.626163,3.882492
2026-02-16,03:08:16,2026-02-16T03:08:16+01:00,STATION,"Jeu de Mail des Abbés",6,2,8,0.75,43.619701,3.883831
2026-02-16,03:08:16,2026-02-16T03:08:16+01:00,STATION,"Euromédecine",1,7,8,0.125,43.639119,3.828199
2026-02-16,03:08:16,2026-02-16T03:08:16+01:00,STATION,"Marie Caizergues",6,2,8,0.75,43.619871,3.873812
2026-02-16,03:08:16,2026-02-16T03:08:16+01:00,STATION,"Sabines",0,8,8,0.0,43.584211,3.860031
2026-02-16,03:08:16,2026-02-16T03:08:16+01:00,STATION,"Celleneuve",7,1,8,0.875,43.61467,3.832624
2026-02-16,03:08:16,2026-02-16T03:08:16+01:00,STATION,"Jardin de la Lironde",7,1,8,0.875,43.60585,3.911576
2026-02-16,03:08:16,2026-02-16T03:08:16+01:00,STATION,"Père Soulas",4,4,8,0.5,43.621983,3.855603
2026-02-16,03:08:16,2026-02-16T03:08:16+01:00,STATION,"Place Viala",2,6,8,0.25,43.616812,3.855075
2026-02-16,03:08:16,2026-02-16T03:08:16+01:00,STATION,"Hôtel du Département",4,4,8,0.5,43.621682,3.83477
2026-02-16,03:08:16,2026-02-16T03:08:16+01:00,STATION,"Tonnelles",3,5,8,0.375,43.615155,3.839466
2026-02-16,03:08:16,2026-02-16T03:08:16+01:00,STATION,"Parvis Jules Ferry - Gare Saint-Roch",2,6,8,0.25,43.603889,3.879362
2026-02-16,03:08:16,2026-02-16T03:08:16+01:00,STATION,"Pont de Lattes - Gare Saint-Roch",1,11,12,0.08333333333333333,43.606036,3.882393
2026-02-16,03:08:16,2026-02-16T03:08:16+01:00,STATION,"Deux Ponts - Gare Saint-Roch",0,8,8,0.0,43.604319,3.880916
2026-02-16,03:08:16,2026-02-16T03:08:16+01:00,STATION,"Providence - Ovalie",1,7,8,0.125,43.588239,3.853421
2026-02-16,03:08:16,2026-02-16T03:08:16+01:00,STATION,"Pérols Etang de l Or",54,14,68,0.7941176470588235,43.558351,3.963412
2026-02-16,03:08:16,2026-02-16T03:08:16+01:00,STATION,"Albert 1er - Cathédrale",2,10,12,0.16666666666666666,43.614005,3.873218
2026-02-16,03:08:16,2026-02-16T03:08:16+01:00,STATION,"Saint-Guilhem - Courreau",0,8,8,0.0,43.608996,3.872752
2026-02-16,03:08:16,2026-02-16T03:08:16+01:00,STATION,"Sud De France",8,0,8,1.0,43.59562,3.9235
2026-02-16,03:08:16,2026-02-16T03:08:16+01:00,STATION,"Comedie Baudin",0,8,8,0.0,43.608717,3.880787
2026-02-16,03:08:16,2026-02-16T03:08:16+01:00,STATION,"Jean de Beins",7,9,16,0.4375,43.609857,3.883884
2026-02-16,05:37:47,2026-02-16T05:37:47+01:00,STATION,"Rue Jules Ferry - Gare Saint-Roch",3,9,12,0.25,43.605366,3.881346
2026-02-16,05:37:47,2026-02-16T05:37:47+01:00,STATION,"Comédie",17,3,20,0.85,43.608148,3.878778
2026-02-16,05:37:47,2026-02-16T05:37:47+01:00,STATION,"Hôtel de Ville",10,5,16,0.6875,43.599088,3.894866
2026-02-16,05:37:47,2026-02-16T05:37:47+01:00,STATION,"Corum",0,12,12,0.0,43.613989,3.8816
2026-02-16,05:37:47,2026-02-16T05:37:47+01:00,STATION,"Place Albert 1er - St Charles",5,22,27,0.18518518518518517,43.616768,3.873375
2026-02-16,05:37:47,2026-02-16T05:37:47+01:00,STATION,"Foch",1,7,8,0.125,43.610989,3.873345
2026-02-16,05:37:47,2026-02-16T05:37:47+01:00,STATION,"Halles Castellane",0,12,12,0.0,43.609935,3.877208
2026-02-16,05:37:47,2026-02-16T05:37:47+01:00,STATION,"Observatoire",3,4,8,0.5,43.606301,3.87724
2026-02-16,05:37:47,2026-02-16T05:37:47+01:00,STATION,"Rondelet",4,12,16,0.25,43.603038,3.875796
2026-02-16,05:37:47,2026-02-16T05:37:47+01:00,STATION,"Plan Cabanes",2,10,12,0.16666666666666666,43.608491,3.868389
2026-02-16,05:37:47,2026-02-16T05:37:47+01:00,STATION,"Boutonnet",2,10,12,0.16666666666666666,43.622629,3.868375
2026-02-16,05:37:47,2026-02-16T05:37:47+01:00,STATION,"Emile Combes",3,5,8,0.375,43.616742,3.87998
2026-02-16,05:37:47,2026-02-16T05:37:47+01:00,STATION,"Beaux-Arts",1,15,16,0.0625,43.616698,3.884981
2026-02-16,05:37:47,2026-02-16T05:37:47+01:00,STATION,"Les Aubes",3,5,8,0.375,43.618692,3.893844
2026-02-16,05:37:47,2026-02-16T05:37:47+01:00,STATION,"Antigone centre",7,5,12,0.5833333333333334,43.607942,3.890634
2026-02-16,05:37:47,2026-02-16T05:37:47+01:00,STATION,"Médiathèque Emile Zola",7,9,16,0.4375,43.608218,3.89314
2026-02-16,05:37:47,2026-02-16T05:37:47+01:00,STATION,"Nombre d Or",4,12,16,0.25,43.607859,3.886644
2026-02-16,05:37:47,2026-02-16T05:37:47+01:00,STATION,"Louis Blanc",3,13,16,0.1875,43.614642,3.877648
2026-02-16,05:37:47,2026-02-16T05:37:47+01:00,STATION,"Gambetta",4,4,8,0.5,43.607106,3.870693
2026-02-16,05:37:47,2026-02-16T05:37:47+01:00,STATION,"Port Marianne",14,2,16,0.875,43.60032,3.89851
2026-02-16,05:37:47,2026-02-16T05:37:47+01:00,STATION,"Les Arceaux",3,5,8,0.375,43.612659,3.867734
2026-02-16,05:37:47,2026-02-16T05:37:47+01:00,STATION,"Cité Mion",3,4,8,0.5,43.601143,3.884373
2026-02-16,05:37:47,2026-02-16T05:37:47+01:00,STATION,"Nouveau Saint-Roch",4,4,8,0.5,43.599817,3.875757
2026-02-16,05:37:47,2026-02-16T05:37:47+01:00,STATION,"Renouvier",4,4,8,0.5,43.603553,3.867884
2026-02-16,05:37:47,2026-02-16T05:37:47+01:00,STATION,"Odysseum",0,8,8,0.0,43.603727,3.918979
2026-02-16,05:37:47,2026-02-16T05:37:47+01:00,STATION,"Saint-Denis",0,8,8,0.0,43.605021,3.875065
2026-02-16,05:37:47,2026-02-16T05:37:47+01:00,STATION,"Richter",9,7,16,0.5625,43.603424,3.899263
2026-02-16,05:37:47,2026-02-16T05:37:47+01:00,STATION,"Charles Flahault",2,6,8,0.25,43.622038,3.86672
2026-02-16,05:37:47,2026-02-16T05:37:47+01:00,STATION,"Voltaire",1,7,8,0.125,43.603767,3.888659
2026-02-16,05:37:47,2026-02-16T05:37:47+01:00,STATION,"Prés d Arènes",8,0,8,1.0,43.59048,3.884611
2026-02-16,05:37:47,2026-02-16T05:37:47+01:00,STATION,"Garcia Lorca",6,2,8,0.75,43.590757,3.890616
2026-02-16,05:37:47,2026-02-16T05:37:47+01:00,STATION,"Vert Bois",4,12,16,0.25,43.63543,3.871179
2026-02-16,05:37:47,2026-02-16T05:37:47+01:00,STATION,"Malbosc",4,4,8,0.5,43.633679,3.832861
2026-02-16,05:37:47,2026-02-16T05:37:47+01:00,STATION,"Occitanie",21,11,32,0.65625,43.635689,3.849597
2026-02-16,05:37:47,2026-02-16T05:37:47+01:00,STATION,"FacdesSciences",17,7,24,0.7083333333333334,43.631318,3.861299
2026-02-16,05:37:47,2026-02-16T05:37:47+01:00,STATION,"Fac de Lettres",1,11,12,0.08333333333333333,43.630437,3.869539
2026-02-16,05:37:47,2026-02-16T05:37:47+01:00,STATION,"Aiguelongue",3,4,8,0.5,43.626163,3.882492
2026-02-16,05:37:47,2026-02-16T05:37:47+01:00,STATION,"Jeu de Mail des Abbés",6,2,8,0.75,43.619701,3.883831
2026-02-16,05:37:47,2026-02-16T05:37:47+01:00,STATION,"Euromédecine",1,7,8,0.125,43.639119,3.828199
2026-02-16,05:37:47,2026-02-16T05:37:47+01:00,STATION,"Marie Caizergues",6,2,8,0.75,43.619871,3.873812
2026-02-16,05:37:47,2026-02-16T05:37:47+01:00,STATION,"Sabines",0,8,8,0.0,43.584211,3.860031
2026-02-16,05:37:47,2026-02-16T05:37:47+01:00,STATION,"Celleneuve",7,1,8,0.875,43.61467,3.832624
2026-02-16,05:37:47,2026-02-16T05:37:47+01:00,STATION,"Jardin de la Lironde",7,1,8,0.875,43.60585,3.911576
2026-02-16,05:37:47,2026-02-16T05:37:47+01:00,STATION,"Père Soulas",4,4,8,0.5,43.621983,3.855603
2026-02-16,05:37:47,2026-02-16T05:37:47+01:00,STATION,"Place Viala",2,6,8,0.25,43.616812,3.855075
2026-02-16,05:37:47,2026-02-16T05:37:47+01:00,STATION,"Hôtel du Département",4,4,8,0.5,43.621682,3.83477
2026-02-16,05:37:47,2026-02-16T05:37:47+01:00,STATION,"Tonnelles",3,5,8,0.375,43.615155,3.839466
2026-02-16,05:37:47,2026-02-16T05:37:47+01:00,STATION,"Parvis Jules Ferry - Gare Saint-Roch",2,6,8,0.25,43.603889,3.879362
2026-02-16,05:37:47,2026-02-16T05:37:47+01:00,STATION,"Pont de Lattes - Gare Saint-Roch",1,11,12,0.08333333333333333,43.606036,3.882393
2026-02-16,05:37:47,2026-02-16T05:37:47+01:00,STATION,"Deux Ponts - Gare Saint-Roch",0,8,8,0.0,43.604319,3.880916
2026-02-16,05:37:47,2026-02-16T05:37:47+01:00,STATION,"Providence - Ovalie",1,7,8,0.125,43.588239,3.853421
2026-02-16,05:37:47,2026-02-16T05:37:47+01:00,STATION,"Pérols Etang de l Or",54,14,68,0.7941176470588235,43.558351,3.963412
2026-02-16,05:37:47,2026-02-16T05:37:47+01:00,STATION,"Albert 1er - Cathédrale",2,10,12,0.16666666666666666,43.614005,3.873218
2026-02-16,05:37:47,2026-02-16T05:37:47+01:00,STATION,"Saint-Guilhem - Courreau",0,8,8,0.0,43.608996,3.872752
2026-02-16,05:37:47,2026-02-16T05:37:47+01:00,STATION,"Sud De France",8,0,8,1.0,43.59562,3.9235
2026-02-16,05:37:47,2026-02-16T05:37:47+01:00,STATION,"Comedie Baudin",0,8,8,0.0,43.608717,3.880787
2026-02-16,05:37:47,2026-02-16T05:37:47+01:00,STATION,"Jean de Beins",7,9,16,0.4375,43.609857,3.883884
2026-02-16,07:06:34,2026-02-16T07:06:34+01:00,STATION,"Rue Jules Ferry - Gare Saint-Roch",3,9,12,0.25,43.605366,3.881346
2026-02-16,07:06:34,2026-02-16T07:06:34+01:00,STATION,"Comédie",17,3,20,0.85,43.608148,3.878778
2026-02-16,07:06:34,2026-02-16T07:06:34+01:00,STATION,"Hôtel de Ville",10,5,16,0.6875,43.599088,3.894866
2026-02-16,07:06:34,2026-02-16T07:06:34+01:00,STATION,"Corum",0,12,12,0.0,43.613989,3.8816
2026-02-16,07:06:34,2026-02-16T07:06:34+01:00,STATION,"Place Albert 1er - St Charles",5,22,27,0.18518518518518517,43.616768,3.873375
2026-02-16,07:06:34,2026-02-16T07:06:34+01:00,STATION,"Foch",1,7,8,0.125,43.610989,3.873345
2026-02-16,07:06:34,2026-02-16T07:06:34+01:00,STATION,"Halles Castellane",0,12,12,0.0,43.609935,3.877208
2026-02-16,07:06:34,2026-02-16T07:06:34+01:00,STATION,"Observatoire",3,4,8,0.5,43.606301,3.87724
2026-02-16,07:06:34,2026-02-16T07:06:34+01:00,STATION,"Rondelet",4,12,16,0.25,43.603038,3.875796
2026-02-16,07:06:34,2026-02-16T07:06:34+01:00,STATION,"Plan Cabanes",2,10,12,0.16666666666666666,43.608491,3.868389
2026-02-16,07:06:34,2026-02-16T07:06:34+01:00,STATION,"Boutonnet",2,10,12,0.16666666666666666,43.622629,3.868375
2026-02-16,07:06:34,2026-02-16T07:06:34+01:00,STATION,"Emile Combes",3,5,8,0.375,43.616742,3.87998
2026-02-16,07:06:34,2026-02-16T07:06:34+01:00,STATION,"Beaux-Arts",1,15,16,0.0625,43.616698,3.884981
2026-02-16,07:06:34,2026-02-16T07:06:34+01:00,STATION,"Les Aubes",3,5,8,0.375,43.618692,3.893844
2026-02-16,07:06:34,2026-02-16T07:06:34+01:00,STATION,"Antigone centre",7,5,12,0.5833333333333334,43.607942,3.890634
2026-02-16,07:06:34,2026-02-16T07:06:34+01:00,STATION,"Médiathèque Emile Zola",7,9,16,0.4375,43.608218,3.89314
2026-02-16,07:06:34,2026-02-16T07:06:34+01:00,STATION,"Nombre d Or",4,12,16,0.25,43.607859,3.886644
2026-02-16,07:06:34,2026-02-16T07:06:34+01:00,STATION,"Louis Blanc",3,13,16,0.1875,43.614642,3.877648
2026-02-16,07:06:34,2026-02-16T07:06:34+01:00,STATION,"Gambetta",4,4,8,0.5,43.607106,3.870693
2026-02-16,07:06:34,2026-02-16T07:06:34+01:00,STATION,"Port Marianne",14,2,16,0.875,43.60032,3.89851
2026-02-16,07:06:34,2026-02-16T07:06:34+01:00,STATION,"Les Arceaux",3,5,8,0.375,43.612659,3.867734
2026-02-16,07:06:34,2026-02-16T07:06:34+01:00,STATION,"Cité Mion",3,4,8,0.5,43.601143,3.884373
2026-02-16,07:06:34,2026-02-16T07:06:34+01:00,STATION,"Nouveau Saint-Roch",4,4,8,0.5,43.599817,3.875757
2026-02-16,07:06:34,2026-02-16T07:06:34+01:00,STATION,"Renouvier",3,5,8,0.375,43.603553,3.867884
2026-02-16,07:06:34,2026-02-16T07:06:34+01:00,STATION,"Odysseum",0,8,8,0.0,43.603727,3.918979
2026-02-16,07:06:34,2026-02-16T07:06:34+01:00,STATION,"Saint-Denis",0,8,8,0.0,43.605021,3.875065
2026-02-16,07:06:34,2026-02-16T07:06:34+01:00,STATION,"Richter",9,7,16,0.5625,43.603424,3.899263
2026-02-16,07:06:34,2026-02-16T07:06:34+01:00,STATION,"Charles Flahault",2,6,8,0.25,43.622038,3.86672
2026-02-16,07:06:34,2026-02-16T07:06:34+01:00,STATION,"Voltaire",1,7,8,0.125,43.603767,3.888659
2026-02-16,07:06:34,2026-02-16T07:06:34+01:00,STATION,"Prés d Arènes",8,0,8,1.0,43.59048,3.884611
2026-02-16,07:06:34,2026-02-16T07:06:34+01:00,STATION,"Garcia Lorca",6,2,8,0.75,43.590757,3.890616
2026-02-16,07:06:34,2026-02-16T07:06:34+01:00,STATION,"Vert Bois",4,12,16,0.25,43.63543,3.871179
2026-02-16,07:06:34,2026-02-16T07:06:34+01:00,STATION,"Malbosc",4,4,8,0.5,43.633679,3.832861
2026-02-16,07:06:34,2026-02-16T07:06:34+01:00,STATION,"Occitanie",22,10,32,0.6875,43.635689,3.849597
2026-02-16,07:06:34,2026-02-16T07:06:34+01:00,STATION,"FacdesSciences",19,5,24,0.7916666666666666,43.631318,3.861299
2026-02-16,07:06:34,2026-02-16T07:06:34+01:00,STATION,"Fac de Lettres",1,11,12,0.08333333333333333,43.630437,3.869539
2026-02-16,07:06:34,2026-02-16T07:06:34+01:00,STATION,"Aiguelongue",3,4,8,0.5,43.626163,3.882492
2026-02-16,07:06:34,2026-02-16T07:06:34+01:00,STATION,"Jeu de Mail des Abbés",6,2,8,0.75,43.619701,3.883831
2026-02-16,07:06:34,2026-02-16T07:06:34+01:00,STATION,"Euromédecine",1,7,8,0.125,43.639119,3.828199
2026-02-16,07:06:34,2026-02-16T07:06:34+01:00,STATION,"Marie Caizergues",6,2,8,0.75,43.619871,3.873812
2026-02-16,07:06:34,2026-02-16T07:06:34+01:00,STATION,"Sabines",0,8,8,0.0,43.584211,3.860031
2026-02-16,07:06:34,2026-02-16T07:06:34+01:00,STATION,"Celleneuve",7,1,8,0.875,43.61467,3.832624
2026-02-16,07:06:34,2026-02-16T07:06:34+01:00,STATION,"Jardin de la Lironde",7,1,8,0.875,43.60585,3.911576
2026-02-16,07:06:34,2026-02-16T07:06:34+01:00,STATION,"Père Soulas",4,4,8,0.5,43.621983,3.855603
2026-02-16,07:06:34,2026-02-16T07:06:34+01:00,STATION,"Place Viala",2,6,8,0.25,43.616812,3.855075
2026-02-16,07:06:34,2026-02-16T07:06:34+01:00,STATION,"Hôtel du Département",4,4,8,0.5,43.621682,3.83477
2026-02-16,07:06:34,2026-02-16T07:06:34+01:00,STATION,"Tonnelles",1,7,8,0.125,43.615155,3.839466
2026-02-16,07:06:34,2026-02-16T07:06:34+01:00,STATION,"Parvis Jules Ferry - Gare Saint-Roch",2,6,8,0.25,43.603889,3.879362
2026-02-16,07:06:34,2026-02-16T07:06:34+01:00,STATION,"Pont de Lattes - Gare Saint-Roch",2,10,12,0.16666666666666666,43.606036,3.882393
2026-02-16,07:06:34,2026-02-16T07:06:34+01:00,STATION,"Deux Ponts - Gare Saint-Roch",0,8,8,0.0,43.604319,3.880916
2026-02-16,07:06:34,2026-02-16T07:06:34+01:00,STATION,"Providence - Ovalie",1,7,8,0.125,43.588239,3.853421
2026-02-16,07:06:34,2026-02-16T07:06:34+01:00,STATION,"Pérols Etang de l Or",54,14,68,0.7941176470588235,43.558351,3.963412
2026-02-16,07:06:34,2026-02-16T07:06:34+01:00,STATION,"Albert 1er - Cathédrale",2,10,12,0.16666666666666666,43.614005,3.873218
2026-02-16,07:06:34,2026-02-16T07:06:34+01:00,STATION,"Saint-Guilhem - Courreau",0,8,8,0.0,43.608996,3.872752
2026-02-16,07:06:34,2026-02-16T07:06:34+01:00,STATION,"Sud De France",8,0,8,1.0,43.59562,3.9235
2026-02-16,07:06:34,2026-02-16T07:06:34+01:00,STATION,"Comedie Baudin",0,8,8,0.0,43.608717,3.880787
2026-02-16,07:06:34,2026-02-16T07:06:34+01:00,STATION,"Jean de Beins",7,9,16,0.4375,43.609857,3.883884
2026-02-16,08:36:35,2026-02-16T08:36:35+01:00,STATION,"Rue Jules Ferry - Gare Saint-Roch",3,9,12,0.25,43.605366,3.881346
2026-02-16,08:36:35,2026-02-16T08:36:35+01:00,STATION,"Comédie",17,3,20,0.85,43.608148,3.878778
2026-02-16,08:36:35,2026-02-16T08:36:35+01:00,STATION,"Hôtel de Ville",9,6,16,0.625,43.599088,3.894866
2026-02-16,08:36:35,2026-02-16T08:36:35+01:00,STATION,"Corum",0,12,12,0.0,43.613989,3.8816
2026-02-16,08:36:35,2026-02-16T08:36:35+01:00,STATION,"Place Albert 1er - St Charles",4,23,27,0.14814814814814814,43.616768,3.873375
2026-02-16,08:36:35,2026-02-16T08:36:35+01:00,STATION,"Foch",1,7,8,0.125,43.610989,3.873345
2026-02-16,08:36:35,2026-02-16T08:36:35+01:00,STATION,"Halles Castellane",0,12,12,0.0,43.609935,3.877208
2026-02-16,08:36:35,2026-02-16T08:36:35+01:00,STATION,"Observatoire",3,4,8,0.5,43.606301,3.87724
2026-02-16,08:36:35,2026-02-16T08:36:35+01:00,STATION,"Rondelet",5,11,16,0.3125,43.603038,3.875796
2026-02-16,08:36:35,2026-02-16T08:36:35+01:00,STATION,"Plan Cabanes",2,10,12,0.16666666666666666,43.608491,3.868389
2026-02-16,08:36:35,2026-02-16T08:36:35+01:00,STATION,"Boutonnet",2,10,12,0.16666666666666666,43.622629,3.868375
2026-02-16,08:36:35,2026-02-16T08:36:35+01:00,STATION,"Emile Combes",4,4,8,0.5,43.616742,3.87998
2026-02-16,08:36:35,2026-02-16T08:36:35+01:00,STATION,"Beaux-Arts",1,15,16,0.0625,43.616698,3.884981
2026-02-16,08:36:35,2026-02-16T08:36:35+01:00,STATION,"Les Aubes",2,6,8,0.25,43.618692,3.893844
2026-02-16,08:36:35,2026-02-16T08:36:35+01:00,STATION,"Antigone centre",7,5,12,0.5833333333333334,43.607942,3.890634
2026-02-16,08:36:35,2026-02-16T08:36:35+01:00,STATION,"Médiathèque Emile Zola",7,9,16,0.4375,43.608218,3.89314
2026-02-16,08:36:35,2026-02-16T08:36:35+01:00,STATION,"Nombre d Or",4,12,16,0.25,43.607859,3.886644
2026-02-16,08:36:35,2026-02-16T08:36:35+01:00,STATION,"Louis Blanc",3,13,16,0.1875,43.614642,3.877648
2026-02-16,08:36:35,2026-02-16T08:36:35+01:00,STATION,"Gambetta",4,4,8,0.5,43.607106,3.870693
2026-02-16,08:36:35,2026-02-16T08:36:35+01:00,STATION,"Port Marianne",14,2,16,0.875,43.60032,3.89851
2026-02-16,08:36:35,2026-02-16T08:36:35+01:00,STATION,"Les Arceaux",4,4,8,0.5,43.612659,3.867734
2026-02-16,08:36:35,2026-02-16T08:36:35+01:00,STATION,"Cité Mion",3,4,8,0.5,43.601143,3.884373
2026-02-16,08:36:35,2026-02-16T08:36:35+01:00,STATION,"Nouveau Saint-Roch",4,4,8,0.5,43.599817,3.875757
2026-02-16,08:36:35,2026-02-16T08:36:35+01:00,STATION,"Renouvier",2,6,8,0.25,43.603553,3.867884
2026-02-16,08:36:35,2026-02-16T08:36:35+01:00,STATION,"Odysseum",0,8,8,0.0,43.603727,3.918979
2026-02-16,08:36:35,2026-02-16T08:36:35+01:00,STATION,"Saint-Denis",0,8,8,0.0,43.605021,3.875065
2026-02-16,08:36:35,2026-02-16T08:36:35+01:00,STATION,"Richter",11,5,16,0.6875,43.603424,3.899263
2026-02-16,08:36:35,2026-02-16T08:36:35+01:00,STATION,"Charles Flahault",2,6,8,0.25,43.622038,3.86672
2026-02-16,08:36:35,2026-02-16T08:36:35+01:00,STATION,"Voltaire",1,7,8,0.125,43.603767,3.888659
2026-02-16,08:36:35,2026-02-16T08:36:35+01:00,STATION,"Prés d Arènes",8,0,8,1.0,43.59048,3.884611
2026-02-16,08:36:35,2026-02-16T08:36:35+01:00,STATION,"Garcia Lorca",6,2,8,0.75,43.590757,3.890616
2026-02-16,08:36:35,2026-02-16T08:36:35+01:00,STATION,"Vert Bois",4,12,16,0.25,43.63543,3.871179
2026-02-16,08:36:35,2026-02-16T08:36:35+01:00,STATION,"Malbosc",4,4,8,0.5,43.633679,3.832861
2026-02-16,08:36:35,2026-02-16T08:36:35+01:00,STATION,"Occitanie",21,11,32,0.65625,43.635689,3.849597
2026-02-16,08:36:35,2026-02-16T08:36:35+01:00,STATION,"FacdesSciences",18,6,24,0.75,43.631318,3.861299
2026-02-16,08:36:35,2026-02-16T08:36:35+01:00,STATION,"Fac de Lettres",1,11,12,0.08333333333333333,43.630437,3.869539
2026-02-16,08:36:35,2026-02-16T08:36:35+01:00,STATION,"Aiguelongue",3,4,8,0.5,43.626163,3.882492
2026-02-16,08:36:35,2026-02-16T08:36:35+01:00,STATION,"Jeu de Mail des Abbés",6,2,8,0.75,43.619701,3.883831
2026-02-16,08:36:35,2026-02-16T08:36:35+01:00,STATION,"Euromédecine",1,7,8,0.125,43.639119,3.828199
2026-02-16,08:36:35,2026-02-16T08:36:35+01:00,STATION,"Marie Caizergues",6,2,8,0.75,43.619871,3.873812
2026-02-16,08:36:35,2026-02-16T08:36:35+01:00,STATION,"Sabines",0,8,8,0.0,43.584211,3.860031
2026-02-16,08:36:35,2026-02-16T08:36:35+01:00,STATION,"Celleneuve",7,1,8,0.875,43.61467,3.832624
2026-02-16,08:36:35,2026-02-16T08:36:35+01:00,STATION,"Jardin de la Lironde",7,1,8,0.875,43.60585,3.911576
2026-02-16,08:36:35,2026-02-16T08:36:35+01:00,STATION,"Père Soulas",4,4,8,0.5,43.621983,3.855603
2026-02-16,08:36:35,2026-02-16T08:36:35+01:00,STATION,"Place Viala",1,7,8,0.125,43.616812,3.855075
2026-02-16,08:36:35,2026-02-16T08:36:35+01:00,STATION,"Hôtel du Département",4,4,8,0.5,43.621682,3.83477
2026-02-16,08:36:35,2026-02-16T08:36:35+01:00,STATION,"Tonnelles",1,7,8,0.125,43.615155,3.839466
2026-02-16,08:36:35,2026-02-16T08:36:35+01:00,STATION,"Parvis Jules Ferry - Gare Saint-Roch",2,6,8,0.25,43.603889,3.879362
2026-02-16,08:36:35,2026-02-16T08:36:35+01:00,STATION,"Pont de Lattes - Gare Saint-Roch",1,11,12,0.08333333333333333,43.606036,3.882393
2026-02-16,08:36:35,2026-02-16T08:36:35+01:00,STATION,"Deux Ponts - Gare Saint-Roch",0,8,8,0.0,43.604319,3.880916
2026-02-16,08:36:35,2026-02-16T08:36:35+01:00,STATION,"Providence - Ovalie",1,7,8,0.125,43.588239,3.853421
2026-02-16,08:36:35,2026-02-16T08:36:35+01:00,STATION,"Pérols Etang de l Or",54,14,68,0.7941176470588235,43.558351,3.963412
2026-02-16,08:36:35,2026-02-16T08:36:35+01:00,STATION,"Albert 1er - Cathédrale",2,10,12,0.16666666666666666,43.614005,3.873218
2026-02-16,08:36:35,2026-02-16T08:36:35+01:00,STATION,"Saint-Guilhem - Courreau",0,8,8,0.0,43.608996,3.872752
2026-02-16,08:36:35,2026-02-16T08:36:35+01:00,STATION,"Sud De France",8,0,8,1.0,43.59562,3.9235
2026-02-16,08:36:35,2026-02-16T08:36:35+01:00,STATION,"Comedie Baudin",0,8,8,0.0,43.608717,3.880787
2026-02-16,08:36:35,2026-02-16T08:36:35+01:00,STATION,"Jean de Beins",7,9,16,0.4375,43.609857,3.883884
2026-02-16,09:49:13,2026-02-16T09:49:13+01:00,STATION,"Rue Jules Ferry - Gare Saint-Roch",1,11,12,0.08333333333333333,43.605366,3.881346
2026-02-16,09:49:13,2026-02-16T09:49:13+01:00,STATION,"Comédie",17,3,20,0.85,43.608148,3.878778
2026-02-16,09:49:13,2026-02-16T09:49:13+01:00,STATION,"Hôtel de Ville",9,6,16,0.625,43.599088,3.894866
2026-02-16,09:49:13,2026-02-16T09:49:13+01:00,STATION,"Corum",0,12,12,0.0,43.613989,3.8816
2026-02-16,09:49:13,2026-02-16T09:49:13+01:00,STATION,"Place Albert 1er - St Charles",4,23,27,0.14814814814814814,43.616768,3.873375
2026-02-16,09:49:13,2026-02-16T09:49:13+01:00,STATION,"Foch",1,7,8,0.125,43.610989,3.873345
2026-02-16,09:49:13,2026-02-16T09:49:13+01:00,STATION,"Halles Castellane",0,12,12,0.0,43.609935,3.877208
2026-02-16,09:49:13,2026-02-16T09:49:13+01:00,STATION,"Observatoire",3,4,8,0.5,43.606301,3.87724
2026-02-16,09:49:13,2026-02-16T09:49:13+01:00,STATION,"Rondelet",5,11,16,0.3125,43.603038,3.875796
2026-02-16,09:49:13,2026-02-16T09:49:13+01:00,STATION,"Plan Cabanes",2,10,12,0.16666666666666666,43.608491,3.868389
2026-02-16,09:49:13,2026-02-16T09:49:13+01:00,STATION,"Boutonnet",2,10,12,0.16666666666666666,43.622629,3.868375
2026-02-16,09:49:13,2026-02-16T09:49:13+01:00,STATION,"Emile Combes",4,4,8,0.5,43.616742,3.87998
2026-02-16,09:49:13,2026-02-16T09:49:13+01:00,STATION,"Beaux-Arts",1,15,16,0.0625,43.616698,3.884981
2026-02-16,09:49:13,2026-02-16T09:49:13+01:00,STATION,"Les Aubes",2,6,8,0.25,43.618692,3.893844
2026-02-16,09:49:13,2026-02-16T09:49:13+01:00,STATION,"Antigone centre",7,5,12,0.5833333333333334,43.607942,3.890634
2026-02-16,09:49:13,2026-02-16T09:49:13+01:00,STATION,"Médiathèque Emile Zola",8,8,16,0.5,43.608218,3.89314
2026-02-16,09:49:13,2026-02-16T09:49:13+01:00,STATION,"Nombre d Or",4,12,16,0.25,43.607859,3.886644
2026-02-16,09:49:13,2026-02-16T09:49:13+01:00,STATION,"Louis Blanc",3,13,16,0.1875,43.614642,3.877648
2026-02-16,09:49:13,2026-02-16T09:49:13+01:00,STATION,"Gambetta",4,4,8,0.5,43.607106,3.870693
2026-02-16,09:49:13,2026-02-16T09:49:13+01:00,STATION,"Port Marianne",14,2,16,0.875,43.60032,3.89851
2026-02-16,09:49:13,2026-02-16T09:49:13+01:00,STATION,"Les Arceaux",4,4,8,0.5,43.612659,3.867734
2026-02-16,09:49:13,2026-02-16T09:49:13+01:00,STATION,"Cité Mion",3,4,8,0.5,43.601143,3.884373
2026-02-16,09:49:13,2026-02-16T09:49:13+01:00,STATION,"Nouveau Saint-Roch",4,4,8,0.5,43.599817,3.875757
2026-02-16,09:49:13,2026-02-16T09:49:13+01:00,STATION,"Renouvier",2,6,8,0.25,43.603553,3.867884
2026-02-16,09:49:13,2026-02-16T09:49:13+01:00,STATION,"Odysseum",0,8,8,0.0,43.603727,3.918979
2026-02-16,09:49:13,2026-02-16T09:49:13+01:00,STATION,"Saint-Denis",0,8,8,0.0,43.605021,3.875065
2026-02-16,09:49:13,2026-02-16T09:49:13+01:00,STATION,"Richter",11,5,16,0.6875,43.603424,3.899263
2026-02-16,09:49:13,2026-02-16T09:49:13+01:00,STATION,"Charles Flahault",1,7,8,0.125,43.622038,3.86672
2026-02-16,09:49:13,2026-02-16T09:49:13+01:00,STATION,"Voltaire",1,7,8,0.125,43.603767,3.888659
2026-02-16,09:49:13,2026-02-16T09:49:13+01:00,STATION,"Prés d Arènes",8,0,8,1.0,43.59048,3.884611
2026-02-16,09:49:13,2026-02-16T09:49:13+01:00,STATION,"Garcia Lorca",6,2,8,0.75,43.590757,3.890616
2026-02-16,09:49:13,2026-02-16T09:49:13+01:00,STATION,"Vert Bois",4,12,16,0.25,43.63543,3.871179
2026-02-16,09:49:13,2026-02-16T09:49:13+01:00,STATION,"Malbosc",4,4,8,0.5,43.633679,3.832861
2026-02-16,09:49:13,2026-02-16T09:49:13+01:00,STATION,"Occitanie",22,10,32,0.6875,43.635689,3.849597
2026-02-16,09:49:13,2026-02-16T09:49:13+01:00,STATION,"FacdesSciences",20,4,24,0.8333333333333334,43.631318,3.861299
2026-02-16,09:49:13,2026-02-16T09:49:13+01:00,STATION,"Fac de Lettres",1,11,12,0.08333333333333333,43.630437,3.869539
2026-02-16,09:49:13,2026-02-16T09:49:13+01:00,STATION,"Aiguelongue",3,4,8,0.5,43.626163,3.882492
2026-02-16,09:49:13,2026-02-16T09:49:13+01:00,STATION,"Jeu de Mail des Abbés",6,2,8,0.75,43.619701,3.883831
2026-02-16,09:49:13,2026-02-16T09:49:13+01:00,STATION,"Euromédecine",1,7,8,0.125,43.639119,3.828199
2026-02-16,09:49:13,2026-02-16T09:49:13+01:00,STATION,"Marie Caizergues",6,2,8,0.75,43.619871,3.873812
2026-02-16,09:49:13,2026-02-16T09:49:13+01:00,STATION,"Sabines",0,8,8,0.0,43.584211,3.860031
2026-02-16,09:49:13,2026-02-16T09:49:13+01:00,STATION,"Celleneuve",7,1,8,0.875,43.61467,3.832624
2026-02-16,09:49:13,2026-02-16T09:49:13+01:00,STATION,"Jardin de la Lironde",7,1,8,0.875,43.60585,3.911576
2026-02-16,09:49:13,2026-02-16T09:49:13+01:00,STATION,"Père Soulas",4,4,8,0.5,43.621983,3.855603
2026-02-16,09:49:13,2026-02-16T09:49:13+01:00,STATION,"Place Viala",1,7,8,0.125,43.616812,3.855075
2026-02-16,09:49:13,2026-02-16T09:49:13+01:00,STATION,"Hôtel du Département",4,4,8,0.5,43.621682,3.83477
2026-02-16,09:49:13,2026-02-16T09:49:13+01:00,STATION,"Tonnelles",1,7,8,0.125,43.615155,3.839466
2026-02-16,09:49:13,2026-02-16T09:49:13+01:00,STATION,"Parvis Jules Ferry - Gare Saint-Roch",2,6,8,0.25,43.603889,3.879362
2026-02-16,09:49:13,2026-02-16T09:49:13+01:00,STATION,"Pont de Lattes - Gare Saint-Roch",1,11,12,0.08333333333333333,43.606036,3.882393
2026-02-16,09:49:13,2026-02-16T09:49:13+01:00,STATION,"Deux Ponts - Gare Saint-Roch",0,8,8,0.0,43.604319,3.880916
2026-02-16,09:49:13,2026-02-16T09:49:13+01:00,STATION,"Providence - Ovalie",1,7,8,0.125,43.588239,3.853421
2026-02-16,09:49:13,2026-02-16T09:49:13+01:00,STATION,"Pérols Etang de l Or",54,14,68,0.7941176470588235,43.558351,3.963412
2026-02-16,09:49:13,2026-02-16T09:49:13+01:00,STATION,"Albert 1er - Cathédrale",2,10,12,0.16666666666666666,43.614005,3.873218
2026-02-16,09:49:13,2026-02-16T09:49:13+01:00,STATION,"Saint-Guilhem - Courreau",0,8,8,0.0,43.608996,3.872752
2026-02-16,09:49:13,2026-02-16T09:49:13+01:00,STATION,"Sud De France",8,0,8,1.0,43.59562,3.9235
2026-02-16,09:49:13,2026-02-16T09:49:13+01:00,STATION,"Comedie Baudin",0,8,8,0.0,43.608717,3.880787
2026-02-16,09:49:13,2026-02-16T09:49:13+01:00,STATION,"Jean de Beins",7,9,16,0.4375,43.609857,3.883884
2026-02-16,10:54:52,2026-02-16T10:54:52+01:00,STATION,"Rue Jules Ferry - Gare Saint-Roch",1,11,12,0.08333333333333333,43.605366,3.881346
2026-02-16,10:54:52,2026-02-16T10:54:52+01:00,STATION,"Comédie",17,3,20,0.85,43.608148,3.878778
2026-02-16,10:54:52,2026-02-16T10:54:52+01:00,STATION,"Hôtel de Ville",9,6,16,0.625,43.599088,3.894866
2026-02-16,10:54:52,2026-02-16T10:54:52+01:00,STATION,"Corum",1,11,12,0.08333333333333333,43.613989,3.8816
2026-02-16,10:54:52,2026-02-16T10:54:52+01:00,STATION,"Place Albert 1er - St Charles",3,24,27,0.1111111111111111,43.616768,3.873375
2026-02-16,10:54:52,2026-02-16T10:54:52+01:00,STATION,"Foch",1,7,8,0.125,43.610989,3.873345
2026-02-16,10:54:52,2026-02-16T10:54:52+01:00,STATION,"Halles Castellane",0,12,12,0.0,43.609935,3.877208
2026-02-16,10:54:52,2026-02-16T10:54:52+01:00,STATION,"Observatoire",2,5,8,0.375,43.606301,3.87724
2026-02-16,10:54:52,2026-02-16T10:54:52+01:00,STATION,"Rondelet",5,11,16,0.3125,43.603038,3.875796
2026-02-16,10:54:52,2026-02-16T10:54:52+01:00,STATION,"Plan Cabanes",2,10,12,0.16666666666666666,43.608491,3.868389
2026-02-16,10:54:52,2026-02-16T10:54:52+01:00,STATION,"Boutonnet",2,10,12,0.16666666666666666,43.622629,3.868375
2026-02-16,10:54:52,2026-02-16T10:54:52+01:00,STATION,"Emile Combes",4,4,8,0.5,43.616742,3.87998
2026-02-16,10:54:52,2026-02-16T10:54:52+01:00,STATION,"Beaux-Arts",1,15,16,0.0625,43.616698,3.884981
2026-02-16,10:54:52,2026-02-16T10:54:52+01:00,STATION,"Les Aubes",2,6,8,0.25,43.618692,3.893844
2026-02-16,10:54:52,2026-02-16T10:54:52+01:00,STATION,"Antigone centre",7,5,12,0.5833333333333334,43.607942,3.890634
2026-02-16,10:54:52,2026-02-16T10:54:52+01:00,STATION,"Médiathèque Emile Zola",9,7,16,0.5625,43.608218,3.89314
2026-02-16,10:54:52,2026-02-16T10:54:52+01:00,STATION,"Nombre d Or",4,12,16,0.25,43.607859,3.886644
2026-02-16,10:54:52,2026-02-16T10:54:52+01:00,STATION,"Louis Blanc",3,13,16,0.1875,43.614642,3.877648
2026-02-16,10:54:52,2026-02-16T10:54:52+01:00,STATION,"Gambetta",4,4,8,0.5,43.607106,3.870693
2026-02-16,10:54:52,2026-02-16T10:54:52+01:00,STATION,"Port Marianne",14,2,16,0.875,43.60032,3.89851
2026-02-16,10:54:52,2026-02-16T10:54:52+01:00,STATION,"Les Arceaux",4,4,8,0.5,43.612659,3.867734
2026-02-16,10:54:52,2026-02-16T10:54:52+01:00,STATION,"Cité Mion",3,4,8,0.5,43.601143,3.884373
2026-02-16,10:54:52,2026-02-16T10:54:52+01:00,STATION,"Nouveau Saint-Roch",4,4,8,0.5,43.599817,3.875757
2026-02-16,10:54:52,2026-02-16T10:54:52+01:00,STATION,"Renouvier",2,6,8,0.25,43.603553,3.867884
2026-02-16,10:54:52,2026-02-16T10:54:52+01:00,STATION,"Odysseum",0,8,8,0.0,43.603727,3.918979
2026-02-16,10:54:52,2026-02-16T10:54:52+01:00,STATION,"Saint-Denis",0,8,8,0.0,43.605021,3.875065
2026-02-16,10:54:52,2026-02-16T10:54:52+01:00,STATION,"Richter",11,5,16,0.6875,43.603424,3.899263
2026-02-16,10:54:52,2026-02-16T10:54:52+01:00,STATION,"Charles Flahault",1,7,8,0.125,43.622038,3.86672
2026-02-16,10:54:52,2026-02-16T10:54:52+01:00,STATION,"Voltaire",1,7,8,0.125,43.603767,3.888659
2026-02-16,10:54:52,2026-02-16T10:54:52+01:00,STATION,"Prés d Arènes",8,0,8,1.0,43.59048,3.884611
2026-02-16,10:54:52,2026-02-16T10:54:52+01:00,STATION,"Garcia Lorca",7,1,8,0.875,43.590757,3.890616
2026-02-16,10:54:52,2026-02-16T10:54:52+01:00,STATION,"Vert Bois",5,11,16,0.3125,43.63543,3.871179
2026-02-16,10:54:52,2026-02-16T10:54:52+01:00,STATION,"Malbosc",4,4,8,0.5,43.633679,3.832861
2026-02-16,10:54:52,2026-02-16T10:54:52+01:00,STATION,"Occitanie",22,10,32,0.6875,43.635689,3.849597
2026-02-16,10:54:52,2026-02-16T10:54:52+01:00,STATION,"FacdesSciences",21,3,24,0.875,43.631318,3.861299
2026-02-16,10:54:52,2026-02-16T10:54:52+01:00,STATION,"Fac de Lettres",1,11,12,0.08333333333333333,43.630437,3.869539
2026-02-16,10:54:52,2026-02-16T10:54:52+01:00,STATION,"Aiguelongue",3,4,8,0.5,43.626163,3.882492
2026-02-16,10:54:52,2026-02-16T10:54:52+01:00,STATION,"Jeu de Mail des Abbés",6,2,8,0.75,43.619701,3.883831
2026-02-16,10:54:52,2026-02-16T10:54:52+01:00,STATION,"Euromédecine",1,7,8,0.125,43.639119,3.828199
2026-02-16,10:54:52,2026-02-16T10:54:52+01:00,STATION,"Marie Caizergues",6,2,8,0.75,43.619871,3.873812
2026-02-16,10:54:52,2026-02-16T10:54:52+01:00,STATION,"Sabines",0,8,8,0.0,43.584211,3.860031
2026-02-16,10:54:52,2026-02-16T10:54:52+01:00,STATION,"Celleneuve",7,1,8,0.875,43.61467,3.832624
2026-02-16,10:54:52,2026-02-16T10:54:52+01:00,STATION,"Jardin de la Lironde",7,1,8,0.875,43.60585,3.911576
2026-02-16,10:54:52,2026-02-16T10:54:52+01:00,STATION,"Père Soulas",4,4,8,0.5,43.621983,3.855603
2026-02-16,10:54:52,2026-02-16T10:54:52+01:00,STATION,"Place Viala",2,6,8,0.25,43.616812,3.855075
2026-02-16,10:54:52,2026-02-16T10:54:52+01:00,STATION,"Hôtel du Département",5,3,8,0.625,43.621682,3.83477
2026-02-16,10:54:52,2026-02-16T10:54:52+01:00,STATION,"Tonnelles",1,7,8,0.125,43.615155,3.839466
2026-02-16,10:54:52,2026-02-16T10:54:52+01:00,STATION,"Parvis Jules Ferry - Gare Saint-Roch",1,7,8,0.125,43.603889,3.879362
2026-02-16,10:54:52,2026-02-16T10:54:52+01:00,STATION,"Pont de Lattes - Gare Saint-Roch",1,11,12,0.08333333333333333,43.606036,3.882393
2026-02-16,10:54:52,2026-02-16T10:54:52+01:00,STATION,"Deux Ponts - Gare Saint-Roch",0,8,8,0.0,43.604319,3.880916
2026-02-16,10:54:52,2026-02-16T10:54:52+01:00,STATION,"Providence - Ovalie",1,7,8,0.125,43.588239,3.853421
2026-02-16,10:54:52,2026-02-16T10:54:52+01:00,STATION,"Pérols Etang de l Or",54,14,68,0.7941176470588235,43.558351,3.963412
2026-02-16,10:54:52,2026-02-16T10:54:52+01:00,STATION,"Albert 1er - Cathédrale",2,10,12,0.16666666666666666,43.614005,3.873218
2026-02-16,10:54:52,2026-02-16T10:54:52+01:00,STATION,"Saint-Guilhem - Courreau",0,8,8,0.0,43.608996,3.872752
2026-02-16,10:54:52,2026-02-16T10:54:52+01:00,STATION,"Sud De France",8,0,8,1.0,43.59562,3.9235
2026-02-16,10:54:52,2026-02-16T10:54:52+01:00,STATION,"Comedie Baudin",0,8,8,0.0,43.608717,3.880787
2026-02-16,10:54:52,2026-02-16T10:54:52+01:00,STATION,"Jean de Beins",7,9,16,0.4375,43.609857,3.883884
2026-02-16,11:51:38,2026-02-16T11:51:38+01:00,STATION,"Rue Jules Ferry - Gare Saint-Roch",1,11,12,0.08333333333333333,43.605366,3.881346
2026-02-16,11:51:38,2026-02-16T11:51:38+01:00,STATION,"Comédie",17,3,20,0.85,43.608148,3.878778
2026-02-16,11:51:38,2026-02-16T11:51:38+01:00,STATION,"Hôtel de Ville",9,6,16,0.625,43.599088,3.894866
2026-02-16,11:51:38,2026-02-16T11:51:38+01:00,STATION,"Corum",0,12,12,0.0,43.613989,3.8816
2026-02-16,11:51:38,2026-02-16T11:51:38+01:00,STATION,"Place Albert 1er - St Charles",3,24,27,0.1111111111111111,43.616768,3.873375
2026-02-16,11:51:38,2026-02-16T11:51:38+01:00,STATION,"Foch",1,7,8,0.125,43.610989,3.873345
2026-02-16,11:51:38,2026-02-16T11:51:38+01:00,STATION,"Halles Castellane",0,12,12,0.0,43.609935,3.877208
2026-02-16,11:51:38,2026-02-16T11:51:38+01:00,STATION,"Observatoire",2,5,8,0.375,43.606301,3.87724
2026-02-16,11:51:38,2026-02-16T11:51:38+01:00,STATION,"Rondelet",5,11,16,0.3125,43.603038,3.875796
2026-02-16,11:51:38,2026-02-16T11:51:38+01:00,STATION,"Plan Cabanes",2,10,12,0.16666666666666666,43.608491,3.868389
2026-02-16,11:51:38,2026-02-16T11:51:38+01:00,STATION,"Boutonnet",2,10,12,0.16666666666666666,43.622629,3.868375
2026-02-16,11:51:38,2026-02-16T11:51:38+01:00,STATION,"Emile Combes",4,4,8,0.5,43.616742,3.87998
2026-02-16,11:51:38,2026-02-16T11:51:38+01:00,STATION,"Beaux-Arts",1,15,16,0.0625,43.616698,3.884981
2026-02-16,11:51:38,2026-02-16T11:51:38+01:00,STATION,"Les Aubes",2,6,8,0.25,43.618692,3.893844
2026-02-16,11:51:38,2026-02-16T11:51:38+01:00,STATION,"Antigone centre",7,5,12,0.5833333333333334,43.607942,3.890634
2026-02-16,11:51:38,2026-02-16T11:51:38+01:00,STATION,"Médiathèque Emile Zola",9,7,16,0.5625,43.608218,3.89314
2026-02-16,11:51:38,2026-02-16T11:51:38+01:00,STATION,"Nombre d Or",4,12,16,0.25,43.607859,3.886644
2026-02-16,11:51:38,2026-02-16T11:51:38+01:00,STATION,"Louis Blanc",2,14,16,0.125,43.614642,3.877648
2026-02-16,11:51:38,2026-02-16T11:51:38+01:00,STATION,"Gambetta",4,4,8,0.5,43.607106,3.870693
2026-02-16,11:51:38,2026-02-16T11:51:38+01:00,STATION,"Port Marianne",13,3,16,0.8125,43.60032,3.89851
2026-02-16,11:51:38,2026-02-16T11:51:38+01:00,STATION,"Les Arceaux",5,3,8,0.625,43.612659,3.867734
2026-02-16,11:51:38,2026-02-16T11:51:38+01:00,STATION,"Cité Mion",2,5,8,0.375,43.601143,3.884373
2026-02-16,11:51:38,2026-02-16T11:51:38+01:00,STATION,"Nouveau Saint-Roch",4,4,8,0.5,43.599817,3.875757
2026-02-16,11:51:38,2026-02-16T11:51:38+01:00,STATION,"Renouvier",2,6,8,0.25,43.603553,3.867884
2026-02-16,11:51:38,2026-02-16T11:51:38+01:00,STATION,"Odysseum",0,8,8,0.0,43.603727,3.918979
2026-02-16,11:51:38,2026-02-16T11:51:38+01:00,STATION,"Saint-Denis",0,8,8,0.0,43.605021,3.875065
2026-02-16,11:51:38,2026-02-16T11:51:38+01:00,STATION,"Richter",12,4,16,0.75,43.603424,3.899263
2026-02-16,11:51:38,2026-02-16T11:51:38+01:00,STATION,"Charles Flahault",1,7,8,0.125,43.622038,3.86672
2026-02-16,11:51:38,2026-02-16T11:51:38+01:00,STATION,"Voltaire",1,7,8,0.125,43.603767,3.888659
2026-02-16,11:51:38,2026-02-16T11:51:38+01:00,STATION,"Prés d Arènes",8,0,8,1.0,43.59048,3.884611
2026-02-16,11:51:38,2026-02-16T11:51:38+01:00,STATION,"Garcia Lorca",6,2,8,0.75,43.590757,3.890616
2026-02-16,11:51:38,2026-02-16T11:51:38+01:00,STATION,"Vert Bois",5,11,16,0.3125,43.63543,3.871179
2026-02-16,11:51:38,2026-02-16T11:51:38+01:00,STATION,"Malbosc",4,4,8,0.5,43.633679,3.832861
2026-02-16,11:51:38,2026-02-16T11:51:38+01:00,STATION,"Occitanie",22,10,32,0.6875,43.635689,3.849597
2026-02-16,11:51:38,2026-02-16T11:51:38+01:00,STATION,"FacdesSciences",17,7,24,0.7083333333333334,43.631318,3.861299
2026-02-16,11:51:38,2026-02-16T11:51:38+01:00,STATION,"Fac de Lettres",1,11,12,0.08333333333333333,43.630437,3.869539
2026-02-16,11:51:38,2026-02-16T11:51:38+01:00,STATION,"Aiguelongue",3,4,8,0.5,43.626163,3.882492
2026-02-16,11:51:38,2026-02-16T11:51:38+01:00,STATION,"Jeu de Mail des Abbés",6,2,8,0.75,43.619701,3.883831
2026-02-16,11:51:38,2026-02-16T11:51:38+01:00,STATION,"Euromédecine",1,7,8,0.125,43.639119,3.828199
2026-02-16,11:51:38,2026-02-16T11:51:38+01:00,STATION,"Marie Caizergues",5,3,8,0.625,43.619871,3.873812
2026-02-16,11:51:38,2026-02-16T11:51:38+01:00,STATION,"Sabines",0,8,8,0.0,43.584211,3.860031
2026-02-16,11:51:38,2026-02-16T11:51:38+01:00,STATION,"Celleneuve",7,1,8,0.875,43.61467,3.832624
2026-02-16,11:51:38,2026-02-16T11:51:38+01:00,STATION,"Jardin de la Lironde",7,1,8,0.875,43.60585,3.911576
2026-02-16,11:51:38,2026-02-16T11:51:38+01:00,STATION,"Père Soulas",5,3,8,0.625,43.621983,3.855603
2026-02-16,11:51:38,2026-02-16T11:51:38+01:00,STATION,"Place Viala",2,6,8,0.25,43.616812,3.855075
2026-02-16,11:51:38,2026-02-16T11:51:38+01:00,STATION,"Hôtel du Département",5,3,8,0.625,43.621682,3.83477
2026-02-16,11:51:38,2026-02-16T11:51:38+01:00,STATION,"Tonnelles",1,7,8,0.125,43.615155,3.839466
2026-02-16,11:51:38,2026-02-16T11:51:38+01:00,STATION,"Parvis Jules Ferry - Gare Saint-Roch",1,7,8,0.125,43.603889,3.879362
2026-02-16,11:51:38,2026-02-16T11:51:38+01:00,STATION,"Pont de Lattes - Gare Saint-Roch",1,11,12,0.08333333333333333,43.606036,3.882393
2026-02-16,11:51:38,2026-02-16T11:51:38+01:00,STATION,"Deux Ponts - Gare Saint-Roch",0,8,8,0.0,43.604319,3.880916
2026-02-16,11:51:38,2026-02-16T11:51:38+01:00,STATION,"Providence - Ovalie",1,7,8,0.125,43.588239,3.853421
2026-02-16,11:51:38,2026-02-16T11:51:38+01:00,STATION,"Pérols Etang de l Or",54,14,68,0.7941176470588235,43.558351,3.963412
2026-02-16,11:51:38,2026-02-16T11:51:38+01:00,STATION,"Albert 1er - Cathédrale",2,10,12,0.16666666666666666,43.614005,3.873218
2026-02-16,11:51:38,2026-02-16T11:51:38+01:00,STATION,"Saint-Guilhem - Courreau",0,8,8,0.0,43.608996,3.872752
2026-02-16,11:51:38,2026-02-16T11:51:38+01:00,STATION,"Sud De France",8,0,8,1.0,43.59562,3.9235
2026-02-16,11:51:38,2026-02-16T11:51:38+01:00,STATION,"Comedie Baudin",0,8,8,0.0,43.608717,3.880787
2026-02-16,11:51:38,2026-02-16T11:51:38+01:00,STATION,"Jean de Beins",7,9,16,0.4375,43.609857,3.883884
2026-02-16,12:40:43,2026-02-16T12:40:43+01:00,STATION,"Rue Jules Ferry - Gare Saint-Roch",1,11,12,0.08333333333333333,43.605366,3.881346
2026-02-16,12:40:43,2026-02-16T12:40:43+01:00,STATION,"Comédie",14,6,20,0.7,43.608148,3.878778
2026-02-16,12:40:43,2026-02-16T12:40:43+01:00,STATION,"Hôtel de Ville",9,6,16,0.625,43.599088,3.894866
2026-02-16,12:40:43,2026-02-16T12:40:43+01:00,STATION,"Corum",0,12,12,0.0,43.613989,3.8816
2026-02-16,12:40:43,2026-02-16T12:40:43+01:00,STATION,"Place Albert 1er - St Charles",4,23,27,0.14814814814814814,43.616768,3.873375
2026-02-16,12:40:43,2026-02-16T12:40:43+01:00,STATION,"Foch",1,7,8,0.125,43.610989,3.873345
2026-02-16,12:40:43,2026-02-16T12:40:43+01:00,STATION,"Halles Castellane",0,12,12,0.0,43.609935,3.877208
2026-02-16,12:40:43,2026-02-16T12:40:43+01:00,STATION,"Observatoire",3,4,8,0.5,43.606301,3.87724
2026-02-16,12:40:43,2026-02-16T12:40:43+01:00,STATION,"Rondelet",5,11,16,0.3125,43.603038,3.875796
2026-02-16,12:40:43,2026-02-16T12:40:43+01:00,STATION,"Plan Cabanes",1,11,12,0.08333333333333333,43.608491,3.868389
2026-02-16,12:40:43,2026-02-16T12:40:43+01:00,STATION,"Boutonnet",2,10,12,0.16666666666666666,43.622629,3.868375
2026-02-16,12:40:43,2026-02-16T12:40:43+01:00,STATION,"Emile Combes",4,4,8,0.5,43.616742,3.87998
2026-02-16,12:40:43,2026-02-16T12:40:43+01:00,STATION,"Beaux-Arts",1,15,16,0.0625,43.616698,3.884981
2026-02-16,12:40:43,2026-02-16T12:40:43+01:00,STATION,"Les Aubes",3,5,8,0.375,43.618692,3.893844
2026-02-16,12:40:43,2026-02-16T12:40:43+01:00,STATION,"Antigone centre",7,5,12,0.5833333333333334,43.607942,3.890634
2026-02-16,12:40:43,2026-02-16T12:40:43+01:00,STATION,"Médiathèque Emile Zola",9,7,16,0.5625,43.608218,3.89314
2026-02-16,12:40:43,2026-02-16T12:40:43+01:00,STATION,"Nombre d Or",4,12,16,0.25,43.607859,3.886644
2026-02-16,12:40:43,2026-02-16T12:40:43+01:00,STATION,"Louis Blanc",2,14,16,0.125,43.614642,3.877648
2026-02-16,12:40:43,2026-02-16T12:40:43+01:00,STATION,"Gambetta",4,4,8,0.5,43.607106,3.870693
2026-02-16,12:40:43,2026-02-16T12:40:43+01:00,STATION,"Port Marianne",13,3,16,0.8125,43.60032,3.89851
2026-02-16,12:40:43,2026-02-16T12:40:43+01:00,STATION,"Les Arceaux",4,4,8,0.5,43.612659,3.867734
2026-02-16,12:40:43,2026-02-16T12:40:43+01:00,STATION,"Cité Mion",2,5,8,0.375,43.601143,3.884373
2026-02-16,12:40:43,2026-02-16T12:40:43+01:00,STATION,"Nouveau Saint-Roch",5,3,8,0.625,43.599817,3.875757
2026-02-16,12:40:43,2026-02-16T12:40:43+01:00,STATION,"Renouvier",2,6,8,0.25,43.603553,3.867884
2026-02-16,12:40:43,2026-02-16T12:40:43+01:00,STATION,"Odysseum",0,8,8,0.0,43.603727,3.918979
2026-02-16,12:40:43,2026-02-16T12:40:43+01:00,STATION,"Saint-Denis",0,8,8,0.0,43.605021,3.875065
2026-02-16,12:40:43,2026-02-16T12:40:43+01:00,STATION,"Richter",12,4,16,0.75,43.603424,3.899263
2026-02-16,12:40:43,2026-02-16T12:40:43+01:00,STATION,"Charles Flahault",1,7,8,0.125,43.622038,3.86672
2026-02-16,12:40:43,2026-02-16T12:40:43+01:00,STATION,"Voltaire",2,6,8,0.25,43.603767,3.888659
2026-02-16,12:40:43,2026-02-16T12:40:43+01:00,STATION,"Prés d Arènes",8,0,8,1.0,43.59048,3.884611
2026-02-16,12:40:43,2026-02-16T12:40:43+01:00,STATION,"Garcia Lorca",6,2,8,0.75,43.590757,3.890616
2026-02-16,12:40:43,2026-02-16T12:40:43+01:00,STATION,"Vert Bois",5,11,16,0.3125,43.63543,3.871179
2026-02-16,12:40:43,2026-02-16T12:40:43+01:00,STATION,"Malbosc",4,4,8,0.5,43.633679,3.832861
2026-02-16,12:40:43,2026-02-16T12:40:43+01:00,STATION,"Occitanie",22,10,32,0.6875,43.635689,3.849597
2026-02-16,12:40:43,2026-02-16T12:40:43+01:00,STATION,"FacdesSciences",17,7,24,0.7083333333333334,43.631318,3.861299
2026-02-16,12:40:43,2026-02-16T12:40:43+01:00,STATION,"Fac de Lettres",3,9,12,0.25,43.630437,3.869539
2026-02-16,12:40:43,2026-02-16T12:40:43+01:00,STATION,"Aiguelongue",3,4,8,0.5,43.626163,3.882492
2026-02-16,12:40:43,2026-02-16T12:40:43+01:00,STATION,"Jeu de Mail des Abbés",6,2,8,0.75,43.619701,3.883831
2026-02-16,12:40:43,2026-02-16T12:40:43+01:00,STATION,"Euromédecine",1,7,8,0.125,43.639119,3.828199
2026-02-16,12:40:43,2026-02-16T12:40:43+01:00,STATION,"Marie Caizergues",5,3,8,0.625,43.619871,3.873812
2026-02-16,12:40:43,2026-02-16T12:40:43+01:00,STATION,"Sabines",0,8,8,0.0,43.584211,3.860031
2026-02-16,12:40:43,2026-02-16T12:40:43+01:00,STATION,"Celleneuve",7,1,8,0.875,43.61467,3.832624
2026-02-16,12:40:43,2026-02-16T12:40:43+01:00,STATION,"Jardin de la Lironde",7,1,8,0.875,43.60585,3.911576
2026-02-16,12:40:43,2026-02-16T12:40:43+01:00,STATION,"Père Soulas",4,4,8,0.5,43.621983,3.855603
2026-02-16,12:40:43,2026-02-16T12:40:43+01:00,STATION,"Place Viala",2,6,8,0.25,43.616812,3.855075
2026-02-16,12:40:43,2026-02-16T12:40:43+01:00,STATION,"Hôtel du Département",5,3,8,0.625,43.621682,3.83477
2026-02-16,12:40:43,2026-02-16T12:40:43+01:00,STATION,"Tonnelles",1,7,8,0.125,43.615155,3.839466
2026-02-16,12:40:43,2026-02-16T12:40:43+01:00,STATION,"Parvis Jules Ferry - Gare Saint-Roch",1,7,8,0.125,43.603889,3.879362
2026-02-16,12:40:43,2026-02-16T12:40:43+01:00,STATION,"Pont de Lattes - Gare Saint-Roch",1,11,12,0.08333333333333333,43.606036,3.882393
2026-02-16,12:40:43,2026-02-16T12:40:43+01:00,STATION,"Deux Ponts - Gare Saint-Roch",0,8,8,0.0,43.604319,3.880916
2026-02-16,12:40:43,2026-02-16T12:40:43+01:00,STATION,"Providence - Ovalie",1,7,8,0.125,43.588239,3.853421
2026-02-16,12:40:43,2026-02-16T12:40:43+01:00,STATION,"Pérols Etang de l Or",54,14,68,0.7941176470588235,43.558351,3.963412
2026-02-16,12:40:43,2026-02-16T12:40:43+01:00,STATION,"Albert 1er - Cathédrale",3,9,12,0.25,43.614005,3.873218
2026-02-16,12:40:43,2026-02-16T12:40:43+01:00,STATION,"Saint-Guilhem - Courreau",0,8,8,0.0,43.608996,3.872752
2026-02-16,12:40:43,2026-02-16T12:40:43+01:00,STATION,"Sud De France",7,1,8,0.875,43.59562,3.9235
2026-02-16,12:40:43,2026-02-16T12:40:43+01:00,STATION,"Comedie Baudin",0,8,8,0.0,43.608717,3.880787
2026-02-16,12:40:43,2026-02-16T12:40:43+01:00,STATION,"Jean de Beins",7,9,16,0.4375,43.609857,3.883884
2026-02-16,14:03:30,2026-02-16T14:03:30+01:00,STATION,"Rue Jules Ferry - Gare Saint-Roch",1,11,12,0.08333333333333333,43.605366,3.881346
2026-02-16,14:03:30,2026-02-16T14:03:30+01:00,STATION,"Comédie",13,7,20,0.65,43.608148,3.878778
2026-02-16,14:03:30,2026-02-16T14:03:30+01:00,STATION,"Hôtel de Ville",9,6,16,0.625,43.599088,3.894866
2026-02-16,14:03:30,2026-02-16T14:03:30+01:00,STATION,"Corum",1,11,12,0.08333333333333333,43.613989,3.8816
2026-02-16,14:03:30,2026-02-16T14:03:30+01:00,STATION,"Place Albert 1er - St Charles",4,23,27,0.14814814814814814,43.616768,3.873375
2026-02-16,14:03:30,2026-02-16T14:03:30+01:00,STATION,"Foch",1,7,8,0.125,43.610989,3.873345
2026-02-16,14:03:30,2026-02-16T14:03:30+01:00,STATION,"Halles Castellane",0,12,12,0.0,43.609935,3.877208
2026-02-16,14:03:30,2026-02-16T14:03:30+01:00,STATION,"Observatoire",1,6,8,0.25,43.606301,3.87724
2026-02-16,14:03:30,2026-02-16T14:03:30+01:00,STATION,"Rondelet",5,11,16,0.3125,43.603038,3.875796
2026-02-16,14:03:30,2026-02-16T14:03:30+01:00,STATION,"Plan Cabanes",1,11,12,0.08333333333333333,43.608491,3.868389
2026-02-16,14:03:30,2026-02-16T14:03:30+01:00,STATION,"Boutonnet",2,10,12,0.16666666666666666,43.622629,3.868375
2026-02-16,14:03:30,2026-02-16T14:03:30+01:00,STATION,"Emile Combes",4,4,8,0.5,43.616742,3.87998
2026-02-16,14:03:30,2026-02-16T14:03:30+01:00,STATION,"Beaux-Arts",1,15,16,0.0625,43.616698,3.884981
2026-02-16,14:03:30,2026-02-16T14:03:30+01:00,STATION,"Les Aubes",3,5,8,0.375,43.618692,3.893844
2026-02-16,14:03:30,2026-02-16T14:03:30+01:00,STATION,"Antigone centre",7,5,12,0.5833333333333334,43.607942,3.890634
2026-02-16,14:03:30,2026-02-16T14:03:30+01:00,STATION,"Médiathèque Emile Zola",7,9,16,0.4375,43.608218,3.89314
2026-02-16,14:03:30,2026-02-16T14:03:30+01:00,STATION,"Nombre d Or",4,12,16,0.25,43.607859,3.886644
2026-02-16,14:03:30,2026-02-16T14:03:30+01:00,STATION,"Louis Blanc",3,13,16,0.1875,43.614642,3.877648
2026-02-16,14:03:30,2026-02-16T14:03:30+01:00,STATION,"Gambetta",5,3,8,0.625,43.607106,3.870693
2026-02-16,14:03:30,2026-02-16T14:03:30+01:00,STATION,"Port Marianne",13,3,16,0.8125,43.60032,3.89851
2026-02-16,14:03:30,2026-02-16T14:03:30+01:00,STATION,"Les Arceaux",2,6,8,0.25,43.612659,3.867734
2026-02-16,14:03:30,2026-02-16T14:03:30+01:00,STATION,"Cité Mion",2,5,8,0.375,43.601143,3.884373
2026-02-16,14:03:30,2026-02-16T14:03:30+01:00,STATION,"Nouveau Saint-Roch",5,3,8,0.625,43.599817,3.875757
2026-02-16,14:03:30,2026-02-16T14:03:30+01:00,STATION,"Renouvier",2,6,8,0.25,43.603553,3.867884
2026-02-16,14:03:30,2026-02-16T14:03:30+01:00,STATION,"Odysseum",0,8,8,0.0,43.603727,3.918979
2026-02-16,14:03:30,2026-02-16T14:03:30+01:00,STATION,"Saint-Denis",0,8,8,0.0,43.605021,3.875065
2026-02-16,14:03:30,2026-02-16T14:03:30+01:00,STATION,"Richter",13,3,16,0.8125,43.603424,3.899263
2026-02-16,14:03:30,2026-02-16T14:03:30+01:00,STATION,"Charles Flahault",1,7,8,0.125,43.622038,3.86672
2026-02-16,14:03:30,2026-02-16T14:03:30+01:00,STATION,"Voltaire",2,6,8,0.25,43.603767,3.888659
2026-02-16,14:03:30,2026-02-16T14:03:30+01:00,STATION,"Prés d Arènes",8,0,8,1.0,43.59048,3.884611
2026-02-16,14:03:30,2026-02-16T14:03:30+01:00,STATION,"Garcia Lorca",6,2,8,0.75,43.590757,3.890616
2026-02-16,14:03:30,2026-02-16T14:03:30+01:00,STATION,"Vert Bois",5,11,16,0.3125,43.63543,3.871179
2026-02-16,14:03:30,2026-02-16T14:03:30+01:00,STATION,"Malbosc",4,4,8,0.5,43.633679,3.832861
2026-02-16,14:03:30,2026-02-16T14:03:30+01:00,STATION,"Occitanie",21,11,32,0.65625,43.635689,3.849597
2026-02-16,14:03:30,2026-02-16T14:03:30+01:00,STATION,"FacdesSciences",19,5,24,0.7916666666666666,43.631318,3.861299
2026-02-16,14:03:30,2026-02-16T14:03:30+01:00,STATION,"Fac de Lettres",3,9,12,0.25,43.630437,3.869539
2026-02-16,14:03:30,2026-02-16T14:03:30+01:00,STATION,"Aiguelongue",2,5,8,0.375,43.626163,3.882492
2026-02-16,14:03:30,2026-02-16T14:03:30+01:00,STATION,"Jeu de Mail des Abbés",6,2,8,0.75,43.619701,3.883831
2026-02-16,14:03:30,2026-02-16T14:03:30+01:00,STATION,"Euromédecine",1,7,8,0.125,43.639119,3.828199
2026-02-16,14:03:30,2026-02-16T14:03:30+01:00,STATION,"Marie Caizergues",6,2,8,0.75,43.619871,3.873812
2026-02-16,14:03:30,2026-02-16T14:03:30+01:00,STATION,"Sabines",0,8,8,0.0,43.584211,3.860031
2026-02-16,14:03:30,2026-02-16T14:03:30+01:00,STATION,"Celleneuve",7,1,8,0.875,43.61467,3.832624
2026-02-16,14:03:30,2026-02-16T14:03:30+01:00,STATION,"Jardin de la Lironde",7,1,8,0.875,43.60585,3.911576
2026-02-16,14:03:30,2026-02-16T14:03:30+01:00,STATION,"Père Soulas",3,5,8,0.375,43.621983,3.855603
2026-02-16,14:03:30,2026-02-16T14:03:30+01:00,STATION,"Place Viala",2,6,8,0.25,43.616812,3.855075
2026-02-16,14:03:30,2026-02-16T14:03:30+01:00,STATION,"Hôtel du Département",5,3,8,0.625,43.621682,3.83477
2026-02-16,14:03:30,2026-02-16T14:03:30+01:00,STATION,"Tonnelles",1,7,8,0.125,43.615155,3.839466
2026-02-16,14:03:30,2026-02-16T14:03:30+01:00,STATION,"Parvis Jules Ferry - Gare Saint-Roch",2,6,8,0.25,43.603889,3.879362
2026-02-16,14:03:30,2026-02-16T14:03:30+01:00,STATION,"Pont de Lattes - Gare Saint-Roch",1,11,12,0.08333333333333333,43.606036,3.882393
2026-02-16,14:03:30,2026-02-16T14:03:30+01:00,STATION,"Deux Ponts - Gare Saint-Roch",0,8,8,0.0,43.604319,3.880916
2026-02-16,14:03:30,2026-02-16T14:03:30+01:00,STATION,"Providence - Ovalie",1,7,8,0.125,43.588239,3.853421
2026-02-16,14:03:30,2026-02-16T14:03:30+01:00,STATION,"Pérols Etang de l Or",54,14,68,0.7941176470588235,43.558351,3.963412
2026-02-16,14:03:30,2026-02-16T14:03:30+01:00,STATION,"Albert 1er - Cathédrale",3,9,12,0.25,43.614005,3.873218
2026-02-16,14:03:30,2026-02-16T14:03:30+01:00,STATION,"Saint-Guilhem - Courreau",0,8,8,0.0,43.608996,3.872752
2026-02-16,14:03:30,2026-02-16T14:03:30+01:00,STATION,"Sud De France",6,2,8,0.75,43.59562,3.9235
2026-02-16,14:03:30,2026-02-16T14:03:30+01:00,STATION,"Comedie Baudin",0,8,8,0.0,43.608717,3.880787
2026-02-16,14:03:30,2026-02-16T14:03:30+01:00,STATION,"Jean de Beins",7,9,16,0.4375,43.609857,3.883884
2026-02-16,15:26:40,2026-02-16T15:26:40+01:00,STATION,"Rue Jules Ferry - Gare Saint-Roch",2,10,12,0.16666666666666666,43.605366,3.881346
2026-02-16,15:26:40,2026-02-16T15:26:40+01:00,STATION,"Comédie",13,7,20,0.65,43.608148,3.878778
2026-02-16,15:26:40,2026-02-16T15:26:40+01:00,STATION,"Hôtel de Ville",9,6,16,0.625,43.599088,3.894866
2026-02-16,15:26:40,2026-02-16T15:26:40+01:00,STATION,"Corum",3,9,12,0.25,43.613989,3.8816
2026-02-16,15:26:40,2026-02-16T15:26:40+01:00,STATION,"Place Albert 1er - St Charles",5,22,27,0.18518518518518517,43.616768,3.873375
2026-02-16,15:26:40,2026-02-16T15:26:40+01:00,STATION,"Foch",1,7,8,0.125,43.610989,3.873345
2026-02-16,15:26:40,2026-02-16T15:26:40+01:00,STATION,"Halles Castellane",0,12,12,0.0,43.609935,3.877208
2026-02-16,15:26:40,2026-02-16T15:26:40+01:00,STATION,"Observatoire",1,6,8,0.25,43.606301,3.87724
2026-02-16,15:26:40,2026-02-16T15:26:40+01:00,STATION,"Rondelet",5,11,16,0.3125,43.603038,3.875796
2026-02-16,15:26:40,2026-02-16T15:26:40+01:00,STATION,"Plan Cabanes",1,11,12,0.08333333333333333,43.608491,3.868389
2026-02-16,15:26:40,2026-02-16T15:26:40+01:00,STATION,"Boutonnet",4,8,12,0.3333333333333333,43.622629,3.868375
2026-02-16,15:26:40,2026-02-16T15:26:40+01:00,STATION,"Emile Combes",3,5,8,0.375,43.616742,3.87998
2026-02-16,15:26:40,2026-02-16T15:26:40+01:00,STATION,"Beaux-Arts",1,15,16,0.0625,43.616698,3.884981
2026-02-16,15:26:40,2026-02-16T15:26:40+01:00,STATION,"Les Aubes",3,5,8,0.375,43.618692,3.893844
2026-02-16,15:26:40,2026-02-16T15:26:40+01:00,STATION,"Antigone centre",7,5,12,0.5833333333333334,43.607942,3.890634
2026-02-16,15:26:40,2026-02-16T15:26:40+01:00,STATION,"Médiathèque Emile Zola",9,7,16,0.5625,43.608218,3.89314
2026-02-16,15:26:40,2026-02-16T15:26:40+01:00,STATION,"Nombre d Or",4,12,16,0.25,43.607859,3.886644
2026-02-16,15:26:40,2026-02-16T15:26:40+01:00,STATION,"Louis Blanc",3,13,16,0.1875,43.614642,3.877648
2026-02-16,15:26:40,2026-02-16T15:26:40+01:00,STATION,"Gambetta",5,3,8,0.625,43.607106,3.870693
2026-02-16,15:26:40,2026-02-16T15:26:40+01:00,STATION,"Port Marianne",13,3,16,0.8125,43.60032,3.89851
2026-02-16,15:26:40,2026-02-16T15:26:40+01:00,STATION,"Les Arceaux",2,6,8,0.25,43.612659,3.867734
2026-02-16,15:26:40,2026-02-16T15:26:40+01:00,STATION,"Cité Mion",2,5,8,0.375,43.601143,3.884373
2026-02-16,15:26:40,2026-02-16T15:26:40+01:00,STATION,"Nouveau Saint-Roch",5,3,8,0.625,43.599817,3.875757
2026-02-16,15:26:40,2026-02-16T15:26:40+01:00,STATION,"Renouvier",2,6,8,0.25,43.603553,3.867884
2026-02-16,15:26:40,2026-02-16T15:26:40+01:00,STATION,"Odysseum",0,8,8,0.0,43.603727,3.918979
2026-02-16,15:26:40,2026-02-16T15:26:40+01:00,STATION,"Saint-Denis",0,8,8,0.0,43.605021,3.875065
2026-02-16,15:26:40,2026-02-16T15:26:40+01:00,STATION,"Richter",14,2,16,0.875,43.603424,3.899263
2026-02-16,15:26:40,2026-02-16T15:26:40+01:00,STATION,"Charles Flahault",1,7,8,0.125,43.622038,3.86672
2026-02-16,15:26:40,2026-02-16T15:26:40+01:00,STATION,"Voltaire",1,7,8,0.125,43.603767,3.888659
2026-02-16,15:26:40,2026-02-16T15:26:40+01:00,STATION,"Prés d Arènes",8,0,8,1.0,43.59048,3.884611
2026-02-16,15:26:40,2026-02-16T15:26:40+01:00,STATION,"Garcia Lorca",6,2,8,0.75,43.590757,3.890616
2026-02-16,15:26:40,2026-02-16T15:26:40+01:00,STATION,"Vert Bois",5,11,16,0.3125,43.63543,3.871179
2026-02-16,15:26:40,2026-02-16T15:26:40+01:00,STATION,"Malbosc",4,4,8,0.5,43.633679,3.832861
2026-02-16,15:26:40,2026-02-16T15:26:40+01:00,STATION,"Occitanie",21,11,32,0.65625,43.635689,3.849597
2026-02-16,15:26:40,2026-02-16T15:26:40+01:00,STATION,"FacdesSciences",20,4,24,0.8333333333333334,43.631318,3.861299
2026-02-16,15:26:40,2026-02-16T15:26:40+01:00,STATION,"Fac de Lettres",1,11,12,0.08333333333333333,43.630437,3.869539
2026-02-16,15:26:40,2026-02-16T15:26:40+01:00,STATION,"Aiguelongue",2,5,8,0.375,43.626163,3.882492
2026-02-16,15:26:40,2026-02-16T15:26:40+01:00,STATION,"Jeu de Mail des Abbés",5,3,8,0.625,43.619701,3.883831
2026-02-16,15:26:40,2026-02-16T15:26:40+01:00,STATION,"Euromédecine",1,7,8,0.125,43.639119,3.828199
2026-02-16,15:26:40,2026-02-16T15:26:40+01:00,STATION,"Marie Caizergues",3,5,8,0.375,43.619871,3.873812
2026-02-16,15:26:40,2026-02-16T15:26:40+01:00,STATION,"Sabines",0,8,8,0.0,43.584211,3.860031
2026-02-16,15:26:40,2026-02-16T15:26:40+01:00,STATION,"Celleneuve",7,1,8,0.875,43.61467,3.832624
2026-02-16,15:26:40,2026-02-16T15:26:40+01:00,STATION,"Jardin de la Lironde",7,1,8,0.875,43.60585,3.911576
2026-02-16,15:26:40,2026-02-16T15:26:40+01:00,STATION,"Père Soulas",2,6,8,0.25,43.621983,3.855603
2026-02-16,15:26:40,2026-02-16T15:26:40+01:00,STATION,"Place Viala",2,6,8,0.25,43.616812,3.855075
2026-02-16,15:26:40,2026-02-16T15:26:40+01:00,STATION,"Hôtel du Département",4,4,8,0.5,43.621682,3.83477
2026-02-16,15:26:40,2026-02-16T15:26:40+01:00,STATION,"Tonnelles",1,7,8,0.125,43.615155,3.839466
2026-02-16,15:26:40,2026-02-16T15:26:40+01:00,STATION,"Parvis Jules Ferry - Gare Saint-Roch",2,6,8,0.25,43.603889,3.879362
2026-02-16,15:26:40,2026-02-16T15:26:40+01:00,STATION,"Pont de Lattes - Gare Saint-Roch",0,12,12,0.0,43.606036,3.882393
2026-02-16,15:26:40,2026-02-16T15:26:40+01:00,STATION,"Deux Ponts - Gare Saint-Roch",0,8,8,0.0,43.604319,3.880916
2026-02-16,15:26:40,2026-02-16T15:26:40+01:00,STATION,"Providence - Ovalie",1,7,8,0.125,43.588239,3.853421
2026-02-16,15:26:40,2026-02-16T15:26:40+01:00,STATION,"Pérols Etang de l Or",52,16,68,0.7647058823529411,43.558351,3.963412
2026-02-16,15:26:40,2026-02-16T15:26:40+01:00,STATION,"Albert 1er - Cathédrale",4,8,12,0.3333333333333333,43.614005,3.873218
2026-02-16,15:26:40,2026-02-16T15:26:40+01:00,STATION,"Saint-Guilhem - Courreau",0,8,8,0.0,43.608996,3.872752
2026-02-16,15:26:40,2026-02-16T15:26:40+01:00,STATION,"Sud De France",7,1,8,0.875,43.59562,3.9235
2026-02-16,15:26:40,2026-02-16T15:26:40+01:00,STATION,"Comedie Baudin",0,8,8,0.0,43.608717,3.880787
2026-02-16,15:26:40,2026-02-16T15:26:40+01:00,STATION,"Jean de Beins",7,9,16,0.4375,43.609857,3.883884
2026-02-16,16:09:19,2026-02-16T16:09:19+01:00,STATION,"Rue Jules Ferry - Gare Saint-Roch",2,10,12,0.16666666666666666,43.605366,3.881346
2026-02-16,16:09:19,2026-02-16T16:09:19+01:00,STATION,"Comédie",13,7,20,0.65,43.608148,3.878778
2026-02-16,16:09:19,2026-02-16T16:09:19+01:00,STATION,"Hôtel de Ville",9,6,16,0.625,43.599088,3.894866
2026-02-16,16:09:19,2026-02-16T16:09:19+01:00,STATION,"Corum",3,9,12,0.25,43.613989,3.8816
2026-02-16,16:09:19,2026-02-16T16:09:19+01:00,STATION,"Place Albert 1er - St Charles",5,22,27,0.18518518518518517,43.616768,3.873375
2026-02-16,16:09:19,2026-02-16T16:09:19+01:00,STATION,"Foch",1,7,8,0.125,43.610989,3.873345
2026-02-16,16:09:19,2026-02-16T16:09:19+01:00,STATION,"Halles Castellane",0,12,12,0.0,43.609935,3.877208
2026-02-16,16:09:19,2026-02-16T16:09:19+01:00,STATION,"Observatoire",1,6,8,0.25,43.606301,3.87724
2026-02-16,16:09:19,2026-02-16T16:09:19+01:00,STATION,"Rondelet",5,11,16,0.3125,43.603038,3.875796
2026-02-16,16:09:19,2026-02-16T16:09:19+01:00,STATION,"Plan Cabanes",1,11,12,0.08333333333333333,43.608491,3.868389
2026-02-16,16:09:19,2026-02-16T16:09:19+01:00,STATION,"Boutonnet",5,7,12,0.4166666666666667,43.622629,3.868375
2026-02-16,16:09:19,2026-02-16T16:09:19+01:00,STATION,"Emile Combes",4,4,8,0.5,43.616742,3.87998
2026-02-16,16:09:19,2026-02-16T16:09:19+01:00,STATION,"Beaux-Arts",1,15,16,0.0625,43.616698,3.884981
2026-02-16,16:09:19,2026-02-16T16:09:19+01:00,STATION,"Les Aubes",3,5,8,0.375,43.618692,3.893844
2026-02-16,16:09:19,2026-02-16T16:09:19+01:00,STATION,"Antigone centre",7,5,12,0.5833333333333334,43.607942,3.890634
2026-02-16,16:09:19,2026-02-16T16:09:19+01:00,STATION,"Médiathèque Emile Zola",8,8,16,0.5,43.608218,3.89314
2026-02-16,16:09:19,2026-02-16T16:09:19+01:00,STATION,"Nombre d Or",4,12,16,0.25,43.607859,3.886644
2026-02-16,16:09:19,2026-02-16T16:09:19+01:00,STATION,"Louis Blanc",3,13,16,0.1875,43.614642,3.877648
2026-02-16,16:09:19,2026-02-16T16:09:19+01:00,STATION,"Gambetta",3,5,8,0.375,43.607106,3.870693
2026-02-16,16:09:19,2026-02-16T16:09:19+01:00,STATION,"Port Marianne",14,2,16,0.875,43.60032,3.89851
2026-02-16,16:09:19,2026-02-16T16:09:19+01:00,STATION,"Les Arceaux",2,6,8,0.25,43.612659,3.867734
2026-02-16,16:09:19,2026-02-16T16:09:19+01:00,STATION,"Cité Mion",2,5,8,0.375,43.601143,3.884373
2026-02-16,16:09:19,2026-02-16T16:09:19+01:00,STATION,"Nouveau Saint-Roch",5,3,8,0.625,43.599817,3.875757
2026-02-16,16:09:19,2026-02-16T16:09:19+01:00,STATION,"Renouvier",2,6,8,0.25,43.603553,3.867884
2026-02-16,16:09:19,2026-02-16T16:09:19+01:00,STATION,"Odysseum",0,8,8,0.0,43.603727,3.918979
2026-02-16,16:09:19,2026-02-16T16:09:19+01:00,STATION,"Saint-Denis",0,8,8,0.0,43.605021,3.875065
2026-02-16,16:09:19,2026-02-16T16:09:19+01:00,STATION,"Richter",6,10,16,0.375,43.603424,3.899263
2026-02-16,16:09:19,2026-02-16T16:09:19+01:00,STATION,"Charles Flahault",1,7,8,0.125,43.622038,3.86672
2026-02-16,16:09:19,2026-02-16T16:09:19+01:00,STATION,"Voltaire",1,7,8,0.125,43.603767,3.888659
2026-02-16,16:09:19,2026-02-16T16:09:19+01:00,STATION,"Prés d Arènes",8,0,8,1.0,43.59048,3.884611
2026-02-16,16:09:19,2026-02-16T16:09:19+01:00,STATION,"Garcia Lorca",6,2,8,0.75,43.590757,3.890616
2026-02-16,16:09:19,2026-02-16T16:09:19+01:00,STATION,"Vert Bois",3,13,16,0.1875,43.63543,3.871179
2026-02-16,16:09:19,2026-02-16T16:09:19+01:00,STATION,"Malbosc",4,4,8,0.5,43.633679,3.832861
2026-02-16,16:09:19,2026-02-16T16:09:19+01:00,STATION,"Occitanie",20,12,32,0.625,43.635689,3.849597
2026-02-16,16:09:19,2026-02-16T16:09:19+01:00,STATION,"FacdesSciences",19,5,24,0.7916666666666666,43.631318,3.861299
2026-02-16,16:09:19,2026-02-16T16:09:19+01:00,STATION,"Fac de Lettres",1,11,12,0.08333333333333333,43.630437,3.869539
2026-02-16,16:09:19,2026-02-16T16:09:19+01:00,STATION,"Aiguelongue",2,5,8,0.375,43.626163,3.882492
2026-02-16,16:09:19,2026-02-16T16:09:19+01:00,STATION,"Jeu de Mail des Abbés",5,3,8,0.625,43.619701,3.883831
2026-02-16,16:09:19,2026-02-16T16:09:19+01:00,STATION,"Euromédecine",1,7,8,0.125,43.639119,3.828199
2026-02-16,16:09:19,2026-02-16T16:09:19+01:00,STATION,"Marie Caizergues",3,5,8,0.375,43.619871,3.873812
2026-02-16,16:09:19,2026-02-16T16:09:19+01:00,STATION,"Sabines",0,8,8,0.0,43.584211,3.860031
2026-02-16,16:09:19,2026-02-16T16:09:19+01:00,STATION,"Celleneuve",4,4,8,0.5,43.61467,3.832624
2026-02-16,16:09:19,2026-02-16T16:09:19+01:00,STATION,"Jardin de la Lironde",7,1,8,0.875,43.60585,3.911576
2026-02-16,16:09:19,2026-02-16T16:09:19+01:00,STATION,"Père Soulas",3,5,8,0.375,43.621983,3.855603
2026-02-16,16:09:19,2026-02-16T16:09:19+01:00,STATION,"Place Viala",2,6,8,0.25,43.616812,3.855075
2026-02-16,16:09:19,2026-02-16T16:09:19+01:00,STATION,"Hôtel du Département",4,4,8,0.5,43.621682,3.83477
2026-02-16,16:09:19,2026-02-16T16:09:19+01:00,STATION,"Tonnelles",4,4,8,0.5,43.615155,3.839466
2026-02-16,16:09:19,2026-02-16T16:09:19+01:00,STATION,"Parvis Jules Ferry - Gare Saint-Roch",3,5,8,0.375,43.603889,3.879362
2026-02-16,16:09:19,2026-02-16T16:09:19+01:00,STATION,"Pont de Lattes - Gare Saint-Roch",0,12,12,0.0,43.606036,3.882393
2026-02-16,16:09:19,2026-02-16T16:09:19+01:00,STATION,"Deux Ponts - Gare Saint-Roch",0,8,8,0.0,43.604319,3.880916
2026-02-16,16:09:19,2026-02-16T16:09:19+01:00,STATION,"Providence - Ovalie",1,7,8,0.125,43.588239,3.853421
2026-02-16,16:09:19,2026-02-16T16:09:19+01:00,STATION,"Pérols Etang de l Or",52,16,68,0.7647058823529411,43.558351,3.963412
2026-02-16,16:09:19,2026-02-16T16:09:19+01:00,STATION,"Albert 1er - Cathédrale",4,8,12,0.3333333333333333,43.614005,3.873218
2026-02-16,16:09:19,2026-02-16T16:09:19+01:00,STATION,"Saint-Guilhem - Courreau",0,8,8,0.0,43.608996,3.872752
2026-02-16,16:09:19,2026-02-16T16:09:19+01:00,STATION,"Sud De France",7,1,8,0.875,43.59562,3.9235
2026-02-16,16:09:19,2026-02-16T16:09:19+01:00,STATION,"Comedie Baudin",0,8,8,0.0,43.608717,3.880787
2026-02-16,16:09:19,2026-02-16T16:09:19+01:00,STATION,"Jean de Beins",7,9,16,0.4375,43.609857,3.883884
2026-02-16,17:05:51,2026-02-16T17:05:51+01:00,STATION,"Rue Jules Ferry - Gare Saint-Roch",5,7,12,0.4166666666666667,43.605366,3.881346
2026-02-16,17:05:51,2026-02-16T17:05:51+01:00,STATION,"Comédie",13,7,20,0.65,43.608148,3.878778
2026-02-16,17:05:51,2026-02-16T17:05:51+01:00,STATION,"Hôtel de Ville",9,6,16,0.625,43.599088,3.894866
2026-02-16,17:05:51,2026-02-16T17:05:51+01:00,STATION,"Corum",3,9,12,0.25,43.613989,3.8816
2026-02-16,17:05:51,2026-02-16T17:05:51+01:00,STATION,"Place Albert 1er - St Charles",5,22,27,0.18518518518518517,43.616768,3.873375
2026-02-16,17:05:51,2026-02-16T17:05:51+01:00,STATION,"Foch",4,4,8,0.5,43.610989,3.873345
2026-02-16,17:05:51,2026-02-16T17:05:51+01:00,STATION,"Halles Castellane",0,12,12,0.0,43.609935,3.877208
2026-02-16,17:05:51,2026-02-16T17:05:51+01:00,STATION,"Observatoire",3,4,8,0.5,43.606301,3.87724
2026-02-16,17:05:51,2026-02-16T17:05:51+01:00,STATION,"Rondelet",5,11,16,0.3125,43.603038,3.875796
2026-02-16,17:05:51,2026-02-16T17:05:51+01:00,STATION,"Plan Cabanes",1,11,12,0.08333333333333333,43.608491,3.868389
2026-02-16,17:05:51,2026-02-16T17:05:51+01:00,STATION,"Boutonnet",6,6,12,0.5,43.622629,3.868375
2026-02-16,17:05:51,2026-02-16T17:05:51+01:00,STATION,"Emile Combes",4,4,8,0.5,43.616742,3.87998
2026-02-16,17:05:51,2026-02-16T17:05:51+01:00,STATION,"Beaux-Arts",1,15,16,0.0625,43.616698,3.884981
2026-02-16,17:05:51,2026-02-16T17:05:51+01:00,STATION,"Les Aubes",3,5,8,0.375,43.618692,3.893844
2026-02-16,17:05:51,2026-02-16T17:05:51+01:00,STATION,"Antigone centre",7,5,12,0.5833333333333334,43.607942,3.890634
2026-02-16,17:05:51,2026-02-16T17:05:51+01:00,STATION,"Médiathèque Emile Zola",8,8,16,0.5,43.608218,3.89314
2026-02-16,17:05:51,2026-02-16T17:05:51+01:00,STATION,"Nombre d Or",4,12,16,0.25,43.607859,3.886644
2026-02-16,17:05:51,2026-02-16T17:05:51+01:00,STATION,"Louis Blanc",4,12,16,0.25,43.614642,3.877648
2026-02-16,17:05:51,2026-02-16T17:05:51+01:00,STATION,"Gambetta",3,5,8,0.375,43.607106,3.870693
2026-02-16,17:05:51,2026-02-16T17:05:51+01:00,STATION,"Port Marianne",9,7,16,0.5625,43.60032,3.89851
2026-02-16,17:05:51,2026-02-16T17:05:51+01:00,STATION,"Les Arceaux",2,6,8,0.25,43.612659,3.867734
2026-02-16,17:05:51,2026-02-16T17:05:51+01:00,STATION,"Cité Mion",2,5,8,0.375,43.601143,3.884373
2026-02-16,17:05:51,2026-02-16T17:05:51+01:00,STATION,"Nouveau Saint-Roch",5,3,8,0.625,43.599817,3.875757
2026-02-16,17:05:51,2026-02-16T17:05:51+01:00,STATION,"Renouvier",2,6,8,0.25,43.603553,3.867884
2026-02-16,17:05:51,2026-02-16T17:05:51+01:00,STATION,"Odysseum",0,8,8,0.0,43.603727,3.918979
2026-02-16,17:05:51,2026-02-16T17:05:51+01:00,STATION,"Saint-Denis",0,8,8,0.0,43.605021,3.875065
2026-02-16,17:05:51,2026-02-16T17:05:51+01:00,STATION,"Richter",5,11,16,0.3125,43.603424,3.899263
2026-02-16,17:05:51,2026-02-16T17:05:51+01:00,STATION,"Charles Flahault",1,7,8,0.125,43.622038,3.86672
2026-02-16,17:05:51,2026-02-16T17:05:51+01:00,STATION,"Voltaire",1,7,8,0.125,43.603767,3.888659
2026-02-16,17:05:51,2026-02-16T17:05:51+01:00,STATION,"Prés d Arènes",8,0,8,1.0,43.59048,3.884611
2026-02-16,17:05:51,2026-02-16T17:05:51+01:00,STATION,"Garcia Lorca",6,2,8,0.75,43.590757,3.890616
2026-02-16,17:05:51,2026-02-16T17:05:51+01:00,STATION,"Vert Bois",3,13,16,0.1875,43.63543,3.871179
2026-02-16,17:05:51,2026-02-16T17:05:51+01:00,STATION,"Malbosc",4,4,8,0.5,43.633679,3.832861
2026-02-16,17:05:51,2026-02-16T17:05:51+01:00,STATION,"Occitanie",20,12,32,0.625,43.635689,3.849597
2026-02-16,17:05:51,2026-02-16T17:05:51+01:00,STATION,"FacdesSciences",20,4,24,0.8333333333333334,43.631318,3.861299
2026-02-16,17:05:51,2026-02-16T17:05:51+01:00,STATION,"Fac de Lettres",1,11,12,0.08333333333333333,43.630437,3.869539
2026-02-16,17:05:51,2026-02-16T17:05:51+01:00,STATION,"Aiguelongue",2,5,8,0.375,43.626163,3.882492
2026-02-16,17:05:51,2026-02-16T17:05:51+01:00,STATION,"Jeu de Mail des Abbés",6,2,8,0.75,43.619701,3.883831
2026-02-16,17:05:51,2026-02-16T17:05:51+01:00,STATION,"Euromédecine",1,7,8,0.125,43.639119,3.828199
2026-02-16,17:05:51,2026-02-16T17:05:51+01:00,STATION,"Marie Caizergues",3,5,8,0.375,43.619871,3.873812
2026-02-16,17:05:51,2026-02-16T17:05:51+01:00,STATION,"Sabines",0,8,8,0.0,43.584211,3.860031
2026-02-16,17:05:51,2026-02-16T17:05:51+01:00,STATION,"Celleneuve",4,4,8,0.5,43.61467,3.832624
2026-02-16,17:05:51,2026-02-16T17:05:51+01:00,STATION,"Jardin de la Lironde",7,1,8,0.875,43.60585,3.911576
2026-02-16,17:05:51,2026-02-16T17:05:51+01:00,STATION,"Père Soulas",3,5,8,0.375,43.621983,3.855603
2026-02-16,17:05:51,2026-02-16T17:05:51+01:00,STATION,"Place Viala",2,6,8,0.25,43.616812,3.855075
2026-02-16,17:05:51,2026-02-16T17:05:51+01:00,STATION,"Hôtel du Département",5,3,8,0.625,43.621682,3.83477
2026-02-16,17:05:51,2026-02-16T17:05:51+01:00,STATION,"Tonnelles",4,4,8,0.5,43.615155,3.839466
2026-02-16,17:05:51,2026-02-16T17:05:51+01:00,STATION,"Parvis Jules Ferry - Gare Saint-Roch",4,4,8,0.5,43.603889,3.879362
2026-02-16,17:05:51,2026-02-16T17:05:51+01:00,STATION,"Pont de Lattes - Gare Saint-Roch",4,8,12,0.3333333333333333,43.606036,3.882393
2026-02-16,17:05:51,2026-02-16T17:05:51+01:00,STATION,"Deux Ponts - Gare Saint-Roch",0,8,8,0.0,43.604319,3.880916
2026-02-16,17:05:51,2026-02-16T17:05:51+01:00,STATION,"Providence - Ovalie",1,7,8,0.125,43.588239,3.853421
2026-02-16,17:05:51,2026-02-16T17:05:51+01:00,STATION,"Pérols Etang de l Or",56,12,68,0.8235294117647058,43.558351,3.963412
2026-02-16,17:05:51,2026-02-16T17:05:51+01:00,STATION,"Albert 1er - Cathédrale",3,9,12,0.25,43.614005,3.873218
2026-02-16,17:05:51,2026-02-16T17:05:51+01:00,STATION,"Saint-Guilhem - Courreau",0,8,8,0.0,43.608996,3.872752
2026-02-16,17:05:51,2026-02-16T17:05:51+01:00,STATION,"Sud De France",7,1,8,0.875,43.59562,3.9235
2026-02-16,17:05:51,2026-02-16T17:05:51+01:00,STATION,"Comedie Baudin",0,8,8,0.0,43.608717,3.880787
2026-02-16,17:05:51,2026-02-16T17:05:51+01:00,STATION,"Jean de Beins",6,10,16,0.375,43.609857,3.883884
2026-02-16,18:10:35,2026-02-16T18:10:35+01:00,STATION,"Rue Jules Ferry - Gare Saint-Roch",5,7,12,0.4166666666666667,43.605366,3.881346
2026-02-16,18:10:35,2026-02-16T18:10:35+01:00,STATION,"Comédie",13,7,20,0.65,43.608148,3.878778
2026-02-16,18:10:35,2026-02-16T18:10:35+01:00,STATION,"Hôtel de Ville",8,7,16,0.5625,43.599088,3.894866
2026-02-16,18:10:35,2026-02-16T18:10:35+01:00,STATION,"Corum",3,9,12,0.25,43.613989,3.8816
2026-02-16,18:10:35,2026-02-16T18:10:35+01:00,STATION,"Place Albert 1er - St Charles",6,21,27,0.2222222222222222,43.616768,3.873375
2026-02-16,18:10:35,2026-02-16T18:10:35+01:00,STATION,"Foch",4,4,8,0.5,43.610989,3.873345
2026-02-16,18:10:35,2026-02-16T18:10:35+01:00,STATION,"Halles Castellane",0,12,12,0.0,43.609935,3.877208
2026-02-16,18:10:35,2026-02-16T18:10:35+01:00,STATION,"Observatoire",3,4,8,0.5,43.606301,3.87724
2026-02-16,18:10:35,2026-02-16T18:10:35+01:00,STATION,"Rondelet",5,11,16,0.3125,43.603038,3.875796
2026-02-16,18:10:35,2026-02-16T18:10:35+01:00,STATION,"Plan Cabanes",0,12,12,0.0,43.608491,3.868389
2026-02-16,18:10:35,2026-02-16T18:10:35+01:00,STATION,"Boutonnet",6,6,12,0.5,43.622629,3.868375
2026-02-16,18:10:35,2026-02-16T18:10:35+01:00,STATION,"Emile Combes",4,4,8,0.5,43.616742,3.87998
2026-02-16,18:10:35,2026-02-16T18:10:35+01:00,STATION,"Beaux-Arts",1,15,16,0.0625,43.616698,3.884981
2026-02-16,18:10:35,2026-02-16T18:10:35+01:00,STATION,"Les Aubes",3,5,8,0.375,43.618692,3.893844
2026-02-16,18:10:35,2026-02-16T18:10:35+01:00,STATION,"Antigone centre",7,5,12,0.5833333333333334,43.607942,3.890634
2026-02-16,18:10:35,2026-02-16T18:10:35+01:00,STATION,"Médiathèque Emile Zola",8,8,16,0.5,43.608218,3.89314
2026-02-16,18:10:35,2026-02-16T18:10:35+01:00,STATION,"Nombre d Or",4,12,16,0.25,43.607859,3.886644
2026-02-16,18:10:35,2026-02-16T18:10:35+01:00,STATION,"Louis Blanc",4,12,16,0.25,43.614642,3.877648
2026-02-16,18:10:35,2026-02-16T18:10:35+01:00,STATION,"Gambetta",3,5,8,0.375,43.607106,3.870693
2026-02-16,18:10:35,2026-02-16T18:10:35+01:00,STATION,"Port Marianne",9,7,16,0.5625,43.60032,3.89851
2026-02-16,18:10:35,2026-02-16T18:10:35+01:00,STATION,"Les Arceaux",3,5,8,0.375,43.612659,3.867734
2026-02-16,18:10:35,2026-02-16T18:10:35+01:00,STATION,"Cité Mion",2,5,8,0.375,43.601143,3.884373
2026-02-16,18:10:35,2026-02-16T18:10:35+01:00,STATION,"Nouveau Saint-Roch",5,3,8,0.625,43.599817,3.875757
2026-02-16,18:10:35,2026-02-16T18:10:35+01:00,STATION,"Renouvier",2,6,8,0.25,43.603553,3.867884
2026-02-16,18:10:35,2026-02-16T18:10:35+01:00,STATION,"Odysseum",0,8,8,0.0,43.603727,3.918979
2026-02-16,18:10:35,2026-02-16T18:10:35+01:00,STATION,"Saint-Denis",0,8,8,0.0,43.605021,3.875065
2026-02-16,18:10:35,2026-02-16T18:10:35+01:00,STATION,"Richter",5,11,16,0.3125,43.603424,3.899263
2026-02-16,18:10:35,2026-02-16T18:10:35+01:00,STATION,"Charles Flahault",1,7,8,0.125,43.622038,3.86672
2026-02-16,18:10:35,2026-02-16T18:10:35+01:00,STATION,"Voltaire",1,7,8,0.125,43.603767,3.888659
2026-02-16,18:10:35,2026-02-16T18:10:35+01:00,STATION,"Prés d Arènes",4,4,8,0.5,43.59048,3.884611
2026-02-16,18:10:35,2026-02-16T18:10:35+01:00,STATION,"Garcia Lorca",7,1,8,0.875,43.590757,3.890616
2026-02-16,18:10:35,2026-02-16T18:10:35+01:00,STATION,"Vert Bois",3,13,16,0.1875,43.63543,3.871179
2026-02-16,18:10:35,2026-02-16T18:10:35+01:00,STATION,"Malbosc",4,4,8,0.5,43.633679,3.832861
2026-02-16,18:10:35,2026-02-16T18:10:35+01:00,STATION,"Occitanie",21,11,32,0.65625,43.635689,3.849597
2026-02-16,18:10:35,2026-02-16T18:10:35+01:00,STATION,"FacdesSciences",19,5,24,0.7916666666666666,43.631318,3.861299
2026-02-16,18:10:35,2026-02-16T18:10:35+01:00,STATION,"Fac de Lettres",2,10,12,0.16666666666666666,43.630437,3.869539
2026-02-16,18:10:35,2026-02-16T18:10:35+01:00,STATION,"Aiguelongue",2,5,8,0.375,43.626163,3.882492
2026-02-16,18:10:35,2026-02-16T18:10:35+01:00,STATION,"Jeu de Mail des Abbés",6,2,8,0.75,43.619701,3.883831
2026-02-16,18:10:35,2026-02-16T18:10:35+01:00,STATION,"Euromédecine",1,7,8,0.125,43.639119,3.828199
2026-02-16,18:10:35,2026-02-16T18:10:35+01:00,STATION,"Marie Caizergues",1,7,8,0.125,43.619871,3.873812
2026-02-16,18:10:35,2026-02-16T18:10:35+01:00,STATION,"Sabines",0,8,8,0.0,43.584211,3.860031
2026-02-16,18:10:35,2026-02-16T18:10:35+01:00,STATION,"Celleneuve",4,4,8,0.5,43.61467,3.832624
2026-02-16,18:10:35,2026-02-16T18:10:35+01:00,STATION,"Jardin de la Lironde",8,0,8,1.0,43.60585,3.911576
2026-02-16,18:10:35,2026-02-16T18:10:35+01:00,STATION,"Père Soulas",2,6,8,0.25,43.621983,3.855603
2026-02-16,18:10:35,2026-02-16T18:10:35+01:00,STATION,"Place Viala",1,7,8,0.125,43.616812,3.855075
2026-02-16,18:10:35,2026-02-16T18:10:35+01:00,STATION,"Hôtel du Département",5,3,8,0.625,43.621682,3.83477
2026-02-16,18:10:35,2026-02-16T18:10:35+01:00,STATION,"Tonnelles",4,4,8,0.5,43.615155,3.839466
2026-02-16,18:10:35,2026-02-16T18:10:35+01:00,STATION,"Parvis Jules Ferry - Gare Saint-Roch",4,4,8,0.5,43.603889,3.879362
2026-02-16,18:10:35,2026-02-16T18:10:35+01:00,STATION,"Pont de Lattes - Gare Saint-Roch",4,8,12,0.3333333333333333,43.606036,3.882393
2026-02-16,18:10:35,2026-02-16T18:10:35+01:00,STATION,"Deux Ponts - Gare Saint-Roch",0,8,8,0.0,43.604319,3.880916
2026-02-16,18:10:35,2026-02-16T18:10:35+01:00,STATION,"Providence - Ovalie",1,7,8,0.125,43.588239,3.853421
2026-02-16,18:10:35,2026-02-16T18:10:35+01:00,STATION,"Pérols Etang de l Or",59,9,68,0.8676470588235294,43.558351,3.963412
2026-02-16,18:10:35,2026-02-16T18:10:35+01:00,STATION,"Albert 1er - Cathédrale",3,9,12,0.25,43.614005,3.873218
2026-02-16,18:10:35,2026-02-16T18:10:35+01:00,STATION,"Saint-Guilhem - Courreau",4,4,8,0.5,43.608996,3.872752
2026-02-16,18:10:35,2026-02-16T18:10:35+01:00,STATION,"Sud De France",7,1,8,0.875,43.59562,3.9235
2026-02-16,18:10:35,2026-02-16T18:10:35+01:00,STATION,"Comedie Baudin",0,8,8,0.0,43.608717,3.880787
2026-02-16,18:10:35,2026-02-16T18:10:35+01:00,STATION,"Jean de Beins",6,10,16,0.375,43.609857,3.883884
2026-02-16,19:03:31,2026-02-16T19:03:31+01:00,STATION,"Rue Jules Ferry - Gare Saint-Roch",5,7,12,0.4166666666666667,43.605366,3.881346
2026-02-16,19:03:31,2026-02-16T19:03:31+01:00,STATION,"Comédie",12,8,20,0.6,43.608148,3.878778
2026-02-16,19:03:31,2026-02-16T19:03:31+01:00,STATION,"Hôtel de Ville",8,7,16,0.5625,43.599088,3.894866
2026-02-16,19:03:31,2026-02-16T19:03:31+01:00,STATION,"Corum",3,9,12,0.25,43.613989,3.8816
2026-02-16,19:03:31,2026-02-16T19:03:31+01:00,STATION,"Place Albert 1er - St Charles",6,21,27,0.2222222222222222,43.616768,3.873375
2026-02-16,19:03:31,2026-02-16T19:03:31+01:00,STATION,"Foch",4,4,8,0.5,43.610989,3.873345
2026-02-16,19:03:31,2026-02-16T19:03:31+01:00,STATION,"Halles Castellane",0,12,12,0.0,43.609935,3.877208
2026-02-16,19:03:31,2026-02-16T19:03:31+01:00,STATION,"Observatoire",4,3,8,0.625,43.606301,3.87724
2026-02-16,19:03:31,2026-02-16T19:03:31+01:00,STATION,"Rondelet",5,11,16,0.3125,43.603038,3.875796
2026-02-16,19:03:31,2026-02-16T19:03:31+01:00,STATION,"Plan Cabanes",0,12,12,0.0,43.608491,3.868389
2026-02-16,19:03:31,2026-02-16T19:03:31+01:00,STATION,"Boutonnet",5,7,12,0.4166666666666667,43.622629,3.868375
2026-02-16,19:03:31,2026-02-16T19:03:31+01:00,STATION,"Emile Combes",5,3,8,0.625,43.616742,3.87998
2026-02-16,19:03:31,2026-02-16T19:03:31+01:00,STATION,"Beaux-Arts",1,15,16,0.0625,43.616698,3.884981
2026-02-16,19:03:31,2026-02-16T19:03:31+01:00,STATION,"Les Aubes",3,5,8,0.375,43.618692,3.893844
2026-02-16,19:03:31,2026-02-16T19:03:31+01:00,STATION,"Antigone centre",8,4,12,0.6666666666666666,43.607942,3.890634
2026-02-16,19:03:31,2026-02-16T19:03:31+01:00,STATION,"Médiathèque Emile Zola",8,8,16,0.5,43.608218,3.89314
2026-02-16,19:03:31,2026-02-16T19:03:31+01:00,STATION,"Nombre d Or",4,12,16,0.25,43.607859,3.886644
2026-02-16,19:03:31,2026-02-16T19:03:31+01:00,STATION,"Louis Blanc",2,14,16,0.125,43.614642,3.877648
2026-02-16,19:03:31,2026-02-16T19:03:31+01:00,STATION,"Gambetta",3,5,8,0.375,43.607106,3.870693
2026-02-16,19:03:31,2026-02-16T19:03:31+01:00,STATION,"Port Marianne",9,7,16,0.5625,43.60032,3.89851
2026-02-16,19:03:31,2026-02-16T19:03:31+01:00,STATION,"Les Arceaux",3,5,8,0.375,43.612659,3.867734
2026-02-16,19:03:31,2026-02-16T19:03:31+01:00,STATION,"Cité Mion",2,5,8,0.375,43.601143,3.884373
2026-02-16,19:03:31,2026-02-16T19:03:31+01:00,STATION,"Nouveau Saint-Roch",5,3,8,0.625,43.599817,3.875757
2026-02-16,19:03:31,2026-02-16T19:03:31+01:00,STATION,"Renouvier",2,6,8,0.25,43.603553,3.867884
2026-02-16,19:03:31,2026-02-16T19:03:31+01:00,STATION,"Odysseum",0,8,8,0.0,43.603727,3.918979
2026-02-16,19:03:31,2026-02-16T19:03:31+01:00,STATION,"Saint-Denis",0,8,8,0.0,43.605021,3.875065
2026-02-16,19:03:31,2026-02-16T19:03:31+01:00,STATION,"Richter",6,10,16,0.375,43.603424,3.899263
2026-02-16,19:03:31,2026-02-16T19:03:31+01:00,STATION,"Charles Flahault",1,7,8,0.125,43.622038,3.86672
2026-02-16,19:03:31,2026-02-16T19:03:31+01:00,STATION,"Voltaire",1,7,8,0.125,43.603767,3.888659
2026-02-16,19:03:31,2026-02-16T19:03:31+01:00,STATION,"Prés d Arènes",4,4,8,0.5,43.59048,3.884611
2026-02-16,19:03:31,2026-02-16T19:03:31+01:00,STATION,"Garcia Lorca",7,1,8,0.875,43.590757,3.890616
2026-02-16,19:03:31,2026-02-16T19:03:31+01:00,STATION,"Vert Bois",3,13,16,0.1875,43.63543,3.871179
2026-02-16,19:03:31,2026-02-16T19:03:31+01:00,STATION,"Malbosc",4,4,8,0.5,43.633679,3.832861
2026-02-16,19:03:31,2026-02-16T19:03:31+01:00,STATION,"Occitanie",17,15,32,0.53125,43.635689,3.849597
2026-02-16,19:03:31,2026-02-16T19:03:31+01:00,STATION,"FacdesSciences",19,5,24,0.7916666666666666,43.631318,3.861299
2026-02-16,19:03:31,2026-02-16T19:03:31+01:00,STATION,"Fac de Lettres",2,10,12,0.16666666666666666,43.630437,3.869539
2026-02-16,19:03:31,2026-02-16T19:03:31+01:00,STATION,"Aiguelongue",3,4,8,0.5,43.626163,3.882492
2026-02-16,19:03:31,2026-02-16T19:03:31+01:00,STATION,"Jeu de Mail des Abbés",6,2,8,0.75,43.619701,3.883831
2026-02-16,19:03:31,2026-02-16T19:03:31+01:00,STATION,"Euromédecine",1,7,8,0.125,43.639119,3.828199
2026-02-16,19:03:31,2026-02-16T19:03:31+01:00,STATION,"Marie Caizergues",1,7,8,0.125,43.619871,3.873812
2026-02-16,19:03:31,2026-02-16T19:03:31+01:00,STATION,"Sabines",0,8,8,0.0,43.584211,3.860031
2026-02-16,19:03:31,2026-02-16T19:03:31+01:00,STATION,"Celleneuve",4,4,8,0.5,43.61467,3.832624
2026-02-16,19:03:31,2026-02-16T19:03:31+01:00,STATION,"Jardin de la Lironde",8,0,8,1.0,43.60585,3.911576
2026-02-16,19:03:31,2026-02-16T19:03:31+01:00,STATION,"Père Soulas",2,6,8,0.25,43.621983,3.855603
2026-02-16,19:03:31,2026-02-16T19:03:31+01:00,STATION,"Place Viala",1,7,8,0.125,43.616812,3.855075
2026-02-16,19:03:31,2026-02-16T19:03:31+01:00,STATION,"Hôtel du Département",5,3,8,0.625,43.621682,3.83477
2026-02-16,19:03:31,2026-02-16T19:03:31+01:00,STATION,"Tonnelles",4,4,8,0.5,43.615155,3.839466
2026-02-16,19:03:31,2026-02-16T19:03:31+01:00,STATION,"Parvis Jules Ferry - Gare Saint-Roch",4,4,8,0.5,43.603889,3.879362
2026-02-16,19:03:31,2026-02-16T19:03:31+01:00,STATION,"Pont de Lattes - Gare Saint-Roch",4,8,12,0.3333333333333333,43.606036,3.882393
2026-02-16,19:03:31,2026-02-16T19:03:31+01:00,STATION,"Deux Ponts - Gare Saint-Roch",0,8,8,0.0,43.604319,3.880916
2026-02-16,19:03:31,2026-02-16T19:03:31+01:00,STATION,"Providence - Ovalie",1,7,8,0.125,43.588239,3.853421
2026-02-16,19:03:31,2026-02-16T19:03:31+01:00,STATION,"Pérols Etang de l Or",59,9,68,0.8676470588235294,43.558351,3.963412
2026-02-16,19:03:31,2026-02-16T19:03:31+01:00,STATION,"Albert 1er - Cathédrale",3,9,12,0.25,43.614005,3.873218
2026-02-16,19:03:31,2026-02-16T19:03:31+01:00,STATION,"Saint-Guilhem - Courreau",4,4,8,0.5,43.608996,3.872752
2026-02-16,19:03:31,2026-02-16T19:03:31+01:00,STATION,"Sud De France",7,1,8,0.875,43.59562,3.9235
2026-02-16,19:03:31,2026-02-16T19:03:31+01:00,STATION,"Comedie Baudin",0,8,8,0.0,43.608717,3.880787
2026-02-16,19:03:31,2026-02-16T19:03:31+01:00,STATION,"Jean de Beins",6,10,16,0.375,43.609857,3.883884
2026-02-16,20:10:15,2026-02-16T20:10:15+01:00,STATION,"Rue Jules Ferry - Gare Saint-Roch",4,8,12,0.3333333333333333,43.605366,3.881346
2026-02-16,20:10:15,2026-02-16T20:10:15+01:00,STATION,"Comédie",11,9,20,0.55,43.608148,3.878778
2026-02-16,20:10:15,2026-02-16T20:10:15+01:00,STATION,"Hôtel de Ville",9,6,16,0.625,43.599088,3.894866
2026-02-16,20:10:15,2026-02-16T20:10:15+01:00,STATION,"Corum",5,7,12,0.4166666666666667,43.613989,3.8816
2026-02-16,20:10:15,2026-02-16T20:10:15+01:00,STATION,"Place Albert 1er - St Charles",6,21,27,0.2222222222222222,43.616768,3.873375
2026-02-16,20:10:15,2026-02-16T20:10:15+01:00,STATION,"Foch",4,4,8,0.5,43.610989,3.873345
2026-02-16,20:10:15,2026-02-16T20:10:15+01:00,STATION,"Halles Castellane",0,12,12,0.0,43.609935,3.877208
2026-02-16,20:10:15,2026-02-16T20:10:15+01:00,STATION,"Observatoire",4,3,8,0.625,43.606301,3.87724
2026-02-16,20:10:15,2026-02-16T20:10:15+01:00,STATION,"Rondelet",5,11,16,0.3125,43.603038,3.875796
2026-02-16,20:10:15,2026-02-16T20:10:15+01:00,STATION,"Plan Cabanes",0,12,12,0.0,43.608491,3.868389
2026-02-16,20:10:15,2026-02-16T20:10:15+01:00,STATION,"Boutonnet",4,8,12,0.3333333333333333,43.622629,3.868375
2026-02-16,20:10:15,2026-02-16T20:10:15+01:00,STATION,"Emile Combes",5,3,8,0.625,43.616742,3.87998
2026-02-16,20:10:15,2026-02-16T20:10:15+01:00,STATION,"Beaux-Arts",1,15,16,0.0625,43.616698,3.884981
2026-02-16,20:10:15,2026-02-16T20:10:15+01:00,STATION,"Les Aubes",2,6,8,0.25,43.618692,3.893844
2026-02-16,20:10:15,2026-02-16T20:10:15+01:00,STATION,"Antigone centre",8,4,12,0.6666666666666666,43.607942,3.890634
2026-02-16,20:10:15,2026-02-16T20:10:15+01:00,STATION,"Médiathèque Emile Zola",8,8,16,0.5,43.608218,3.89314
2026-02-16,20:10:15,2026-02-16T20:10:15+01:00,STATION,"Nombre d Or",4,12,16,0.25,43.607859,3.886644
2026-02-16,20:10:15,2026-02-16T20:10:15+01:00,STATION,"Louis Blanc",3,13,16,0.1875,43.614642,3.877648
2026-02-16,20:10:15,2026-02-16T20:10:15+01:00,STATION,"Gambetta",3,5,8,0.375,43.607106,3.870693
2026-02-16,20:10:15,2026-02-16T20:10:15+01:00,STATION,"Port Marianne",9,7,16,0.5625,43.60032,3.89851
2026-02-16,20:10:15,2026-02-16T20:10:15+01:00,STATION,"Les Arceaux",3,5,8,0.375,43.612659,3.867734
2026-02-16,20:10:15,2026-02-16T20:10:15+01:00,STATION,"Cité Mion",3,4,8,0.5,43.601143,3.884373
2026-02-16,20:10:15,2026-02-16T20:10:15+01:00,STATION,"Nouveau Saint-Roch",5,3,8,0.625,43.599817,3.875757
2026-02-16,20:10:15,2026-02-16T20:10:15+01:00,STATION,"Renouvier",2,6,8,0.25,43.603553,3.867884
2026-02-16,20:10:15,2026-02-16T20:10:15+01:00,STATION,"Odysseum",0,8,8,0.0,43.603727,3.918979
2026-02-16,20:10:15,2026-02-16T20:10:15+01:00,STATION,"Saint-Denis",0,8,8,0.0,43.605021,3.875065
2026-02-16,20:10:15,2026-02-16T20:10:15+01:00,STATION,"Richter",7,9,16,0.4375,43.603424,3.899263
2026-02-16,20:10:15,2026-02-16T20:10:15+01:00,STATION,"Charles Flahault",1,7,8,0.125,43.622038,3.86672
2026-02-16,20:10:15,2026-02-16T20:10:15+01:00,STATION,"Voltaire",2,6,8,0.25,43.603767,3.888659
2026-02-16,20:10:15,2026-02-16T20:10:15+01:00,STATION,"Prés d Arènes",3,5,8,0.375,43.59048,3.884611
2026-02-16,20:10:15,2026-02-16T20:10:15+01:00,STATION,"Garcia Lorca",7,1,8,0.875,43.590757,3.890616
2026-02-16,20:10:15,2026-02-16T20:10:15+01:00,STATION,"Vert Bois",3,13,16,0.1875,43.63543,3.871179
2026-02-16,20:10:15,2026-02-16T20:10:15+01:00,STATION,"Malbosc",3,5,8,0.375,43.633679,3.832861
2026-02-16,20:10:15,2026-02-16T20:10:15+01:00,STATION,"Occitanie",18,14,32,0.5625,43.635689,3.849597
2026-02-16,20:10:15,2026-02-16T20:10:15+01:00,STATION,"FacdesSciences",18,6,24,0.75,43.631318,3.861299
2026-02-16,20:10:15,2026-02-16T20:10:15+01:00,STATION,"Fac de Lettres",1,11,12,0.08333333333333333,43.630437,3.869539
2026-02-16,20:10:15,2026-02-16T20:10:15+01:00,STATION,"Aiguelongue",3,4,8,0.5,43.626163,3.882492
2026-02-16,20:10:15,2026-02-16T20:10:15+01:00,STATION,"Jeu de Mail des Abbés",6,2,8,0.75,43.619701,3.883831
2026-02-16,20:10:15,2026-02-16T20:10:15+01:00,STATION,"Euromédecine",3,5,8,0.375,43.639119,3.828199
2026-02-16,20:10:15,2026-02-16T20:10:15+01:00,STATION,"Marie Caizergues",1,7,8,0.125,43.619871,3.873812
2026-02-16,20:10:15,2026-02-16T20:10:15+01:00,STATION,"Sabines",0,8,8,0.0,43.584211,3.860031
2026-02-16,20:10:15,2026-02-16T20:10:15+01:00,STATION,"Celleneuve",4,4,8,0.5,43.61467,3.832624
2026-02-16,20:10:15,2026-02-16T20:10:15+01:00,STATION,"Jardin de la Lironde",8,0,8,1.0,43.60585,3.911576
2026-02-16,20:10:15,2026-02-16T20:10:15+01:00,STATION,"Père Soulas",2,6,8,0.25,43.621983,3.855603
2026-02-16,20:10:15,2026-02-16T20:10:15+01:00,STATION,"Place Viala",2,6,8,0.25,43.616812,3.855075
2026-02-16,20:10:15,2026-02-16T20:10:15+01:00,STATION,"Hôtel du Département",5,3,8,0.625,43.621682,3.83477
2026-02-16,20:10:15,2026-02-16T20:10:15+01:00,STATION,"Tonnelles",4,4,8,0.5,43.615155,3.839466
2026-02-16,20:10:15,2026-02-16T20:10:15+01:00,STATION,"Parvis Jules Ferry - Gare Saint-Roch",4,4,8,0.5,43.603889,3.879362
2026-02-16,20:10:15,2026-02-16T20:10:15+01:00,STATION,"Pont de Lattes - Gare Saint-Roch",4,8,12,0.3333333333333333,43.606036,3.882393
2026-02-16,20:10:15,2026-02-16T20:10:15+01:00,STATION,"Deux Ponts - Gare Saint-Roch",0,8,8,0.0,43.604319,3.880916
2026-02-16,20:10:15,2026-02-16T20:10:15+01:00,STATION,"Providence - Ovalie",1,7,8,0.125,43.588239,3.853421
2026-02-16,20:10:15,2026-02-16T20:10:15+01:00,STATION,"Pérols Etang de l Or",59,9,68,0.8676470588235294,43.558351,3.963412
2026-02-16,20:10:15,2026-02-16T20:10:15+01:00,STATION,"Albert 1er - Cathédrale",3,9,12,0.25,43.614005,3.873218
2026-02-16,20:10:15,2026-02-16T20:10:15+01:00,STATION,"Saint-Guilhem - Courreau",4,4,8,0.5,43.608996,3.872752
2026-02-16,20:10:15,2026-02-16T20:10:15+01:00,STATION,"Sud De France",7,1,8,0.875,43.59562,3.9235
2026-02-16,20:10:15,2026-02-16T20:10:15+01:00,STATION,"Comedie Baudin",0,8,8,0.0,43.608717,3.880787
2026-02-16,20:10:15,2026-02-16T20:10:15+01:00,STATION,"Jean de Beins",6,10,16,0.375,43.609857,3.883884
