date,heure,timestamp,type,nom,velos_dispo,bornes_libres,total,taux_occupation_places,lat,lon
2026-03-27,00:01:00,2026-03-27T00:01:00+01:00,STATION,"Rue Jules Ferry - Gare Saint-Roch",4,8,12,0.3333333333333333,43.605366,3.881346
2026-03-27,00:01:00,2026-03-27T00:01:00+01:00,STATION,"Comédie",17,3,20,0.85,43.608148,3.878778
2026-03-27,00:01:00,2026-03-27T00:01:00+01:00,STATION,"Hôtel de Ville",17,0,16,1.0,43.599088,3.894866
2026-03-27,00:01:00,2026-03-27T00:01:00+01:00,STATION,"Corum",10,1,12,0.9166666666666666,43.613989,3.8816
2026-03-27,00:01:00,2026-03-27T00:01:00+01:00,STATION,"Place Albert 1er - St Charles",9,18,27,0.3333333333333333,43.616768,3.873375
2026-03-27,00:01:00,2026-03-27T00:01:00+01:00,STATION,"Foch",2,6,8,0.25,43.610989,3.873345
2026-03-27,00:01:00,2026-03-27T00:01:00+01:00,STATION,"Halles Castellane",0,12,12,0.0,43.609935,3.877208
2026-03-27,00:01:00,2026-03-27T00:01:00+01:00,STATION,"Observatoire",5,2,8,0.75,43.606301,3.87724
2026-03-27,00:01:00,2026-03-27T00:01:00+01:00,STATION,"Rondelet",8,8,16,0.5,43.603038,3.875796
2026-03-27,00:01:00,2026-03-27T00:01:00+01:00,STATION,"Plan Cabanes",3,9,12,0.25,43.608491,3.868389
2026-03-27,00:01:00,2026-03-27T00:01:00+01:00,STATION,"Boutonnet",8,4,12,0.6666666666666666,43.622629,3.868375
2026-03-27,00:01:00,2026-03-27T00:01:00+01:00,STATION,"Emile Combes",6,2,8,0.75,43.616742,3.87998
2026-03-27,00:01:00,2026-03-27T00:01:00+01:00,STATION,"Beaux-Arts",7,9,16,0.4375,43.616698,3.884981
2026-03-27,00:01:00,2026-03-27T00:01:00+01:00,STATION,"Les Aubes",2,6,8,0.25,43.618692,3.893844
2026-03-27,00:01:00,2026-03-27T00:01:00+01:00,STATION,"Antigone centre",5,7,12,0.4166666666666667,43.607942,3.890634
2026-03-27,00:01:00,2026-03-27T00:01:00+01:00,STATION,"Médiathèque Emile Zola",10,6,16,0.625,43.608218,3.89314
2026-03-27,00:01:00,2026-03-27T00:01:00+01:00,STATION,"Nombre d Or",3,13,16,0.1875,43.607859,3.886644
2026-03-27,00:01:00,2026-03-27T00:01:00+01:00,STATION,"Louis Blanc",6,10,16,0.375,43.614642,3.877648
2026-03-27,00:01:00,2026-03-27T00:01:00+01:00,STATION,"Gambetta",6,2,8,0.75,43.607106,3.870693
2026-03-27,00:01:00,2026-03-27T00:01:00+01:00,STATION,"Port Marianne",9,7,16,0.5625,43.60032,3.89851
2026-03-27,00:01:00,2026-03-27T00:01:00+01:00,STATION,"Les Arceaux",3,5,8,0.375,43.612659,3.867734
2026-03-27,00:01:00,2026-03-27T00:01:00+01:00,STATION,"Cité Mion",3,3,8,0.625,43.601143,3.884373
2026-03-27,00:01:00,2026-03-27T00:01:00+01:00,STATION,"Nouveau Saint-Roch",7,1,8,0.875,43.599817,3.875757
2026-03-27,00:01:00,2026-03-27T00:01:00+01:00,STATION,"Renouvier",4,3,8,0.625,43.603553,3.867884
2026-03-27,00:01:00,2026-03-27T00:01:00+01:00,STATION,"Odysseum",0,8,8,0.0,43.603727,3.918979
2026-03-27,00:01:00,2026-03-27T00:01:00+01:00,STATION,"Saint-Denis",0,8,8,0.0,43.605021,3.875065
2026-03-27,00:01:00,2026-03-27T00:01:00+01:00,STATION,"Richter",8,8,16,0.5,43.603424,3.899263
2026-03-27,00:01:00,2026-03-27T00:01:00+01:00,STATION,"Charles Flahault",1,7,8,0.125,43.622038,3.86672
2026-03-27,00:01:00,2026-03-27T00:01:00+01:00,STATION,"Voltaire",5,3,8,0.625,43.603767,3.888659
2026-03-27,00:01:00,2026-03-27T00:01:00+01:00,STATION,"Prés d Arènes",3,5,8,0.375,43.59048,3.884611
2026-03-27,00:01:00,2026-03-27T00:01:00+01:00,STATION,"Garcia Lorca",5,3,8,0.625,43.590757,3.890616
2026-03-27,00:01:00,2026-03-27T00:01:00+01:00,STATION,"Vert Bois",6,10,16,0.375,43.63543,3.871179
2026-03-27,00:01:00,2026-03-27T00:01:00+01:00,STATION,"Malbosc",2,6,8,0.25,43.633679,3.832861
2026-03-27,00:01:00,2026-03-27T00:01:00+01:00,STATION,"Occitanie",0,32,32,0.0,43.635689,3.849597
2026-03-27,00:01:00,2026-03-27T00:01:00+01:00,STATION,"Fac des Sciences",3,21,24,0.125,43.631318,3.861299
2026-03-27,00:01:00,2026-03-27T00:01:00+01:00,STATION,"Fac de Lettres",8,4,12,0.6666666666666666,43.630437,3.869539
2026-03-27,00:01:00,2026-03-27T00:01:00+01:00,STATION,"Aiguelongue",4,3,8,0.625,43.626163,3.882492
2026-03-27,00:01:00,2026-03-27T00:01:00+01:00,STATION,"Jeu de Mail des Abbés",6,2,8,0.75,43.619701,3.883831
2026-03-27,00:01:00,2026-03-27T00:01:00+01:00,STATION,"Euromédecine",1,7,8,0.125,43.639119,3.828199
2026-03-27,00:01:00,2026-03-27T00:01:00+01:00,STATION,"Marie Caizergues",5,3,8,0.625,43.619871,3.873812
2026-03-27,00:01:00,2026-03-27T00:01:00+01:00,STATION,"Sabines",6,2,8,0.75,43.584211,3.860031
2026-03-27,00:01:00,2026-03-27T00:01:00+01:00,STATION,"Celleneuve",1,7,8,0.125,43.61467,3.832624
2026-03-27,00:01:00,2026-03-27T00:01:00+01:00,STATION,"Jardin de la Lironde",4,4,8,0.5,43.60585,3.911576
2026-03-27,00:01:00,2026-03-27T00:01:00+01:00,STATION,"Père Soulas",6,2,8,0.75,43.621983,3.855603
2026-03-27,00:01:00,2026-03-27T00:01:00+01:00,STATION,"Place Viala",5,3,8,0.625,43.616812,3.855075
2026-03-27,00:01:00,2026-03-27T00:01:00+01:00,STATION,"Hôtel du Département",3,5,8,0.375,43.621682,3.83477
2026-03-27,00:01:00,2026-03-27T00:01:00+01:00,STATION,"Tonnelles",0,8,8,0.0,43.615155,3.839466
2026-03-27,00:01:00,2026-03-27T00:01:00+01:00,STATION,"Parvis Jules Ferry - Gare Saint-Roch",5,3,8,0.625,43.603889,3.879362
2026-03-27,00:01:00,2026-03-27T00:01:00+01:00,STATION,"Pont de Lattes - Gare Saint-Roch",4,8,12,0.3333333333333333,43.606036,3.882393
2026-03-27,00:01:00,2026-03-27T00:01:00+01:00,STATION,"Deux Ponts - Gare Saint-Roch",0,8,8,0.0,43.604319,3.880916
2026-03-27,00:01:00,2026-03-27T00:01:00+01:00,STATION,"Providence - Ovalie",4,4,8,0.5,43.588239,3.853421
2026-03-27,00:01:00,2026-03-27T00:01:00+01:00,STATION,"Pérols Etang de l Or",42,26,68,0.6176470588235294,43.558351,3.963412
2026-03-27,00:01:00,2026-03-27T00:01:00+01:00,STATION,"Albert 1er - Cathédrale",4,8,12,0.3333333333333333,43.614005,3.873218
2026-03-27,00:01:00,2026-03-27T00:01:00+01:00,STATION,"Saint-Guilhem - Courreau",3,5,8,0.375,43.608996,3.872752
2026-03-27,00:01:00,2026-03-27T00:01:00+01:00,STATION,"Sud De France",2,6,8,0.25,43.59562,3.9235
2026-03-27,00:01:00,2026-03-27T00:01:00+01:00,STATION,"Comedie Baudin",0,8,8,0.0,43.608717,3.880787
2026-03-27,00:01:00,2026-03-27T00:01:00+01:00,STATION,"Jean de Beins",13,3,16,0.8125,43.609857,3.883884
2026-03-27,00:41:25,2026-03-27T00:41:25+01:00,STATION,"Rue Jules Ferry - Gare Saint-Roch",4,8,12,0.3333333333333333,43.605366,3.881346
2026-03-27,00:41:25,2026-03-27T00:41:25+01:00,STATION,"Comédie",18,2,20,0.9,43.608148,3.878778
2026-03-27,00:41:25,2026-03-27T00:41:25+01:00,STATION,"Hôtel de Ville",17,0,16,1.0,43.599088,3.894866
2026-03-27,00:41:25,2026-03-27T00:41:25+01:00,STATION,"Corum",10,1,12,0.9166666666666666,43.613989,3.8816
2026-03-27,00:41:25,2026-03-27T00:41:25+01:00,STATION,"Place Albert 1er - St Charles",10,17,27,0.37037037037037035,43.616768,3.873375
2026-03-27,00:41:25,2026-03-27T00:41:25+01:00,STATION,"Foch",2,6,8,0.25,43.610989,3.873345
2026-03-27,00:41:25,2026-03-27T00:41:25+01:00,STATION,"Halles Castellane",0,12,12,0.0,43.609935,3.877208
2026-03-27,00:41:25,2026-03-27T00:41:25+01:00,STATION,"Observatoire",5,2,8,0.75,43.606301,3.87724
2026-03-27,00:41:25,2026-03-27T00:41:25+01:00,STATION,"Rondelet",8,8,16,0.5,43.603038,3.875796
2026-03-27,00:41:25,2026-03-27T00:41:25+01:00,STATION,"Plan Cabanes",3,9,12,0.25,43.608491,3.868389
2026-03-27,00:41:25,2026-03-27T00:41:25+01:00,STATION,"Boutonnet",8,4,12,0.6666666666666666,43.622629,3.868375
2026-03-27,00:41:25,2026-03-27T00:41:25+01:00,STATION,"Emile Combes",6,2,8,0.75,43.616742,3.87998
2026-03-27,00:41:25,2026-03-27T00:41:25+01:00,STATION,"Beaux-Arts",7,9,16,0.4375,43.616698,3.884981
2026-03-27,00:41:25,2026-03-27T00:41:25+01:00,STATION,"Les Aubes",2,6,8,0.25,43.618692,3.893844
2026-03-27,00:41:25,2026-03-27T00:41:25+01:00,STATION,"Antigone centre",5,7,12,0.4166666666666667,43.607942,3.890634
2026-03-27,00:41:25,2026-03-27T00:41:25+01:00,STATION,"Médiathèque Emile Zola",10,6,16,0.625,43.608218,3.89314
2026-03-27,00:41:25,2026-03-27T00:41:25+01:00,STATION,"Nombre d Or",3,13,16,0.1875,43.607859,3.886644
2026-03-27,00:41:25,2026-03-27T00:41:25+01:00,STATION,"Louis Blanc",6,10,16,0.375,43.614642,3.877648
2026-03-27,00:41:25,2026-03-27T00:41:25+01:00,STATION,"Gambetta",6,2,8,0.75,43.607106,3.870693
2026-03-27,00:41:25,2026-03-27T00:41:25+01:00,STATION,"Port Marianne",9,7,16,0.5625,43.60032,3.89851
2026-03-27,00:41:25,2026-03-27T00:41:25+01:00,STATION,"Les Arceaux",3,5,8,0.375,43.612659,3.867734
2026-03-27,00:41:25,2026-03-27T00:41:25+01:00,STATION,"Cité Mion",3,3,8,0.625,43.601143,3.884373
2026-03-27,00:41:25,2026-03-27T00:41:25+01:00,STATION,"Nouveau Saint-Roch",7,1,8,0.875,43.599817,3.875757
2026-03-27,00:41:25,2026-03-27T00:41:25+01:00,STATION,"Renouvier",4,3,8,0.625,43.603553,3.867884
2026-03-27,00:41:25,2026-03-27T00:41:25+01:00,STATION,"Odysseum",0,8,8,0.0,43.603727,3.918979
2026-03-27,00:41:25,2026-03-27T00:41:25+01:00,STATION,"Saint-Denis",0,8,8,0.0,43.605021,3.875065
2026-03-27,00:41:25,2026-03-27T00:41:25+01:00,STATION,"Richter",8,8,16,0.5,43.603424,3.899263
2026-03-27,00:41:25,2026-03-27T00:41:25+01:00,STATION,"Charles Flahault",1,7,8,0.125,43.622038,3.86672
2026-03-27,00:41:25,2026-03-27T00:41:25+01:00,STATION,"Voltaire",5,3,8,0.625,43.603767,3.888659
2026-03-27,00:41:25,2026-03-27T00:41:25+01:00,STATION,"Prés d Arènes",3,5,8,0.375,43.59048,3.884611
2026-03-27,00:41:25,2026-03-27T00:41:25+01:00,STATION,"Garcia Lorca",5,3,8,0.625,43.590757,3.890616
2026-03-27,00:41:25,2026-03-27T00:41:25+01:00,STATION,"Vert Bois",6,10,16,0.375,43.63543,3.871179
2026-03-27,00:41:25,2026-03-27T00:41:25+01:00,STATION,"Malbosc",2,6,8,0.25,43.633679,3.832861
2026-03-27,00:41:25,2026-03-27T00:41:25+01:00,STATION,"Occitanie",0,32,32,0.0,43.635689,3.849597
2026-03-27,00:41:25,2026-03-27T00:41:25+01:00,STATION,"Fac des Sciences",3,21,24,0.125,43.631318,3.861299
2026-03-27,00:41:25,2026-03-27T00:41:25+01:00,STATION,"Fac de Lettres",8,4,12,0.6666666666666666,43.630437,3.869539
2026-03-27,00:41:25,2026-03-27T00:41:25+01:00,STATION,"Aiguelongue",4,3,8,0.625,43.626163,3.882492
2026-03-27,00:41:25,2026-03-27T00:41:25+01:00,STATION,"Jeu de Mail des Abbés",6,2,8,0.75,43.619701,3.883831
2026-03-27,00:41:25,2026-03-27T00:41:25+01:00,STATION,"Euromédecine",1,7,8,0.125,43.639119,3.828199
2026-03-27,00:41:25,2026-03-27T00:41:25+01:00,STATION,"Marie Caizergues",5,3,8,0.625,43.619871,3.873812
2026-03-27,00:41:25,2026-03-27T00:41:25+01:00,STATION,"Sabines",6,2,8,0.75,43.584211,3.860031
2026-03-27,00:41:25,2026-03-27T00:41:25+01:00,STATION,"Celleneuve",0,8,8,0.0,43.61467,3.832624
2026-03-27,00:41:25,2026-03-27T00:41:25+01:00,STATION,"Jardin de la Lironde",4,4,8,0.5,43.60585,3.911576
2026-03-27,00:41:25,2026-03-27T00:41:25+01:00,STATION,"Père Soulas",6,2,8,0.75,43.621983,3.855603
2026-03-27,00:41:25,2026-03-27T00:41:25+01:00,STATION,"Place Viala",5,3,8,0.625,43.616812,3.855075
2026-03-27,00:41:25,2026-03-27T00:41:25+01:00,STATION,"Hôtel du Département",3,5,8,0.375,43.621682,3.83477
2026-03-27,00:41:25,2026-03-27T00:41:25+01:00,STATION,"Tonnelles",0,8,8,0.0,43.615155,3.839466
2026-03-27,00:41:25,2026-03-27T00:41:25+01:00,STATION,"Parvis Jules Ferry - Gare Saint-Roch",5,3,8,0.625,43.603889,3.879362
2026-03-27,00:41:25,2026-03-27T00:41:25+01:00,STATION,"Pont de Lattes - Gare Saint-Roch",4,8,12,0.3333333333333333,43.606036,3.882393
2026-03-27,00:41:25,2026-03-27T00:41:25+01:00,STATION,"Deux Ponts - Gare Saint-Roch",0,8,8,0.0,43.604319,3.880916
2026-03-27,00:41:25,2026-03-27T00:41:25+01:00,STATION,"Providence - Ovalie",4,4,8,0.5,43.588239,3.853421
2026-03-27,00:41:25,2026-03-27T00:41:25+01:00,STATION,"Pérols Etang de l Or",42,26,68,0.6176470588235294,43.558351,3.963412
2026-03-27,00:41:25,2026-03-27T00:41:25+01:00,STATION,"Albert 1er - Cathédrale",4,8,12,0.3333333333333333,43.614005,3.873218
2026-03-27,00:41:25,2026-03-27T00:41:25+01:00,STATION,"Saint-Guilhem - Courreau",3,5,8,0.375,43.608996,3.872752
2026-03-27,00:41:25,2026-03-27T00:41:25+01:00,STATION,"Sud De France",2,6,8,0.25,43.59562,3.9235
2026-03-27,00:41:25,2026-03-27T00:41:25+01:00,STATION,"Comedie Baudin",0,8,8,0.0,43.608717,3.880787
2026-03-27,00:41:25,2026-03-27T00:41:25+01:00,STATION,"Jean de Beins",13,3,16,0.8125,43.609857,3.883884
2026-03-27,03:27:07,2026-03-27T03:27:07+01:00,STATION,"Rue Jules Ferry - Gare Saint-Roch",3,9,12,0.25,43.605366,3.881346
2026-03-27,03:27:07,2026-03-27T03:27:07+01:00,STATION,"Comédie",15,5,20,0.75,43.608148,3.878778
2026-03-27,03:27:07,2026-03-27T03:27:07+01:00,STATION,"Hôtel de Ville",17,0,16,1.0,43.599088,3.894866
2026-03-27,03:27:07,2026-03-27T03:27:07+01:00,STATION,"Corum",7,4,12,0.6666666666666666,43.613989,3.8816
2026-03-27,03:27:07,2026-03-27T03:27:07+01:00,STATION,"Place Albert 1er - St Charles",9,18,27,0.3333333333333333,43.616768,3.873375
2026-03-27,03:27:07,2026-03-27T03:27:07+01:00,STATION,"Foch",1,7,8,0.125,43.610989,3.873345
2026-03-27,03:27:07,2026-03-27T03:27:07+01:00,STATION,"Halles Castellane",0,12,12,0.0,43.609935,3.877208
2026-03-27,03:27:07,2026-03-27T03:27:07+01:00,STATION,"Observatoire",2,5,8,0.375,43.606301,3.87724
2026-03-27,03:27:07,2026-03-27T03:27:07+01:00,STATION,"Rondelet",8,8,16,0.5,43.603038,3.875796
2026-03-27,03:27:07,2026-03-27T03:27:07+01:00,STATION,"Plan Cabanes",4,8,12,0.3333333333333333,43.608491,3.868389
2026-03-27,03:27:07,2026-03-27T03:27:07+01:00,STATION,"Boutonnet",9,3,12,0.75,43.622629,3.868375
2026-03-27,03:27:07,2026-03-27T03:27:07+01:00,STATION,"Emile Combes",6,2,8,0.75,43.616742,3.87998
2026-03-27,03:27:07,2026-03-27T03:27:07+01:00,STATION,"Beaux-Arts",7,9,16,0.4375,43.616698,3.884981
2026-03-27,03:27:07,2026-03-27T03:27:07+01:00,STATION,"Les Aubes",3,5,8,0.375,43.618692,3.893844
2026-03-27,03:27:07,2026-03-27T03:27:07+01:00,STATION,"Antigone centre",5,7,12,0.4166666666666667,43.607942,3.890634
2026-03-27,03:27:07,2026-03-27T03:27:07+01:00,STATION,"Médiathèque Emile Zola",10,6,16,0.625,43.608218,3.89314
2026-03-27,03:27:07,2026-03-27T03:27:07+01:00,STATION,"Nombre d Or",3,13,16,0.1875,43.607859,3.886644
2026-03-27,03:27:07,2026-03-27T03:27:07+01:00,STATION,"Louis Blanc",3,13,16,0.1875,43.614642,3.877648
2026-03-27,03:27:07,2026-03-27T03:27:07+01:00,STATION,"Gambetta",6,2,8,0.75,43.607106,3.870693
2026-03-27,03:27:07,2026-03-27T03:27:07+01:00,STATION,"Port Marianne",9,7,16,0.5625,43.60032,3.89851
2026-03-27,03:27:07,2026-03-27T03:27:07+01:00,STATION,"Les Arceaux",4,4,8,0.5,43.612659,3.867734
2026-03-27,03:27:07,2026-03-27T03:27:07+01:00,STATION,"Cité Mion",1,5,8,0.375,43.601143,3.884373
2026-03-27,03:27:07,2026-03-27T03:27:07+01:00,STATION,"Nouveau Saint-Roch",8,0,8,1.0,43.599817,3.875757
2026-03-27,03:27:07,2026-03-27T03:27:07+01:00,STATION,"Renouvier",4,3,8,0.625,43.603553,3.867884
2026-03-27,03:27:07,2026-03-27T03:27:07+01:00,STATION,"Odysseum",0,8,8,0.0,43.603727,3.918979
2026-03-27,03:27:07,2026-03-27T03:27:07+01:00,STATION,"Saint-Denis",0,8,8,0.0,43.605021,3.875065
2026-03-27,03:27:07,2026-03-27T03:27:07+01:00,STATION,"Richter",10,6,16,0.625,43.603424,3.899263
2026-03-27,03:27:07,2026-03-27T03:27:07+01:00,STATION,"Charles Flahault",1,7,8,0.125,43.622038,3.86672
2026-03-27,03:27:07,2026-03-27T03:27:07+01:00,STATION,"Voltaire",5,3,8,0.625,43.603767,3.888659
2026-03-27,03:27:07,2026-03-27T03:27:07+01:00,STATION,"Prés d Arènes",3,5,8,0.375,43.59048,3.884611
2026-03-27,03:27:07,2026-03-27T03:27:07+01:00,STATION,"Garcia Lorca",5,3,8,0.625,43.590757,3.890616
2026-03-27,03:27:07,2026-03-27T03:27:07+01:00,STATION,"Vert Bois",5,11,16,0.3125,43.63543,3.871179
2026-03-27,03:27:07,2026-03-27T03:27:07+01:00,STATION,"Malbosc",2,6,8,0.25,43.633679,3.832861
2026-03-27,03:27:07,2026-03-27T03:27:07+01:00,STATION,"Occitanie",2,30,32,0.0625,43.635689,3.849597
2026-03-27,03:27:07,2026-03-27T03:27:07+01:00,STATION,"Fac des Sciences",6,18,24,0.25,43.631318,3.861299
2026-03-27,03:27:07,2026-03-27T03:27:07+01:00,STATION,"Fac de Lettres",9,3,12,0.75,43.630437,3.869539
2026-03-27,03:27:07,2026-03-27T03:27:07+01:00,STATION,"Aiguelongue",5,2,8,0.75,43.626163,3.882492
2026-03-27,03:27:07,2026-03-27T03:27:07+01:00,STATION,"Jeu de Mail des Abbés",6,2,8,0.75,43.619701,3.883831
2026-03-27,03:27:07,2026-03-27T03:27:07+01:00,STATION,"Euromédecine",1,7,8,0.125,43.639119,3.828199
2026-03-27,03:27:07,2026-03-27T03:27:07+01:00,STATION,"Marie Caizergues",5,3,8,0.625,43.619871,3.873812
2026-03-27,03:27:07,2026-03-27T03:27:07+01:00,STATION,"Sabines",7,1,8,0.875,43.584211,3.860031
2026-03-27,03:27:07,2026-03-27T03:27:07+01:00,STATION,"Celleneuve",1,7,8,0.125,43.61467,3.832624
2026-03-27,03:27:07,2026-03-27T03:27:07+01:00,STATION,"Jardin de la Lironde",4,4,8,0.5,43.60585,3.911576
2026-03-27,03:27:07,2026-03-27T03:27:07+01:00,STATION,"Père Soulas",6,2,8,0.75,43.621983,3.855603
2026-03-27,03:27:07,2026-03-27T03:27:07+01:00,STATION,"Place Viala",5,3,8,0.625,43.616812,3.855075
2026-03-27,03:27:07,2026-03-27T03:27:07+01:00,STATION,"Hôtel du Département",3,5,8,0.375,43.621682,3.83477
2026-03-27,03:27:07,2026-03-27T03:27:07+01:00,STATION,"Tonnelles",0,8,8,0.0,43.615155,3.839466
2026-03-27,03:27:07,2026-03-27T03:27:07+01:00,STATION,"Parvis Jules Ferry - Gare Saint-Roch",4,4,8,0.5,43.603889,3.879362
2026-03-27,03:27:07,2026-03-27T03:27:07+01:00,STATION,"Pont de Lattes - Gare Saint-Roch",2,10,12,0.16666666666666666,43.606036,3.882393
2026-03-27,03:27:07,2026-03-27T03:27:07+01:00,STATION,"Deux Ponts - Gare Saint-Roch",0,8,8,0.0,43.604319,3.880916
2026-03-27,03:27:07,2026-03-27T03:27:07+01:00,STATION,"Providence - Ovalie",4,4,8,0.5,43.588239,3.853421
2026-03-27,03:27:07,2026-03-27T03:27:07+01:00,STATION,"Pérols Etang de l Or",42,26,68,0.6176470588235294,43.558351,3.963412
2026-03-27,03:27:07,2026-03-27T03:27:07+01:00,STATION,"Albert 1er - Cathédrale",2,10,12,0.16666666666666666,43.614005,3.873218
2026-03-27,03:27:07,2026-03-27T03:27:07+01:00,STATION,"Saint-Guilhem - Courreau",3,5,8,0.375,43.608996,3.872752
2026-03-27,03:27:07,2026-03-27T03:27:07+01:00,STATION,"Sud De France",2,6,8,0.25,43.59562,3.9235
2026-03-27,03:27:07,2026-03-27T03:27:07+01:00,STATION,"Comedie Baudin",0,8,8,0.0,43.608717,3.880787
2026-03-27,03:27:07,2026-03-27T03:27:07+01:00,STATION,"Jean de Beins",13,3,16,0.8125,43.609857,3.883884
2026-03-27,05:57:49,2026-03-27T05:57:49+01:00,STATION,"Rue Jules Ferry - Gare Saint-Roch",3,9,12,0.25,43.605366,3.881346
2026-03-27,05:57:49,2026-03-27T05:57:49+01:00,STATION,"Comédie",16,4,20,0.8,43.608148,3.878778
2026-03-27,05:57:49,2026-03-27T05:57:49+01:00,STATION,"Hôtel de Ville",17,0,16,1.0,43.599088,3.894866
2026-03-27,05:57:49,2026-03-27T05:57:49+01:00,STATION,"Corum",9,2,12,0.8333333333333334,43.613989,3.8816
2026-03-27,05:57:49,2026-03-27T05:57:49+01:00,STATION,"Place Albert 1er - St Charles",5,22,27,0.18518518518518517,43.616768,3.873375
2026-03-27,05:57:49,2026-03-27T05:57:49+01:00,STATION,"Foch",1,7,8,0.125,43.610989,3.873345
2026-03-27,05:57:49,2026-03-27T05:57:49+01:00,STATION,"Halles Castellane",0,12,12,0.0,43.609935,3.877208
2026-03-27,05:57:49,2026-03-27T05:57:49+01:00,STATION,"Observatoire",2,5,8,0.375,43.606301,3.87724
2026-03-27,05:57:49,2026-03-27T05:57:49+01:00,STATION,"Rondelet",8,8,16,0.5,43.603038,3.875796
2026-03-27,05:57:49,2026-03-27T05:57:49+01:00,STATION,"Plan Cabanes",4,8,12,0.3333333333333333,43.608491,3.868389
2026-03-27,05:57:49,2026-03-27T05:57:49+01:00,STATION,"Boutonnet",10,2,12,0.8333333333333334,43.622629,3.868375
2026-03-27,05:57:49,2026-03-27T05:57:49+01:00,STATION,"Emile Combes",6,2,8,0.75,43.616742,3.87998
2026-03-27,05:57:49,2026-03-27T05:57:49+01:00,STATION,"Beaux-Arts",7,9,16,0.4375,43.616698,3.884981
2026-03-27,05:57:49,2026-03-27T05:57:49+01:00,STATION,"Les Aubes",2,6,8,0.25,43.618692,3.893844
2026-03-27,05:57:49,2026-03-27T05:57:49+01:00,STATION,"Antigone centre",5,7,12,0.4166666666666667,43.607942,3.890634
2026-03-27,05:57:49,2026-03-27T05:57:49+01:00,STATION,"Médiathèque Emile Zola",8,8,16,0.5,43.608218,3.89314
2026-03-27,05:57:49,2026-03-27T05:57:49+01:00,STATION,"Nombre d Or",3,13,16,0.1875,43.607859,3.886644
2026-03-27,05:57:49,2026-03-27T05:57:49+01:00,STATION,"Louis Blanc",3,13,16,0.1875,43.614642,3.877648
2026-03-27,05:57:49,2026-03-27T05:57:49+01:00,STATION,"Gambetta",6,2,8,0.75,43.607106,3.870693
2026-03-27,05:57:49,2026-03-27T05:57:49+01:00,STATION,"Port Marianne",9,7,16,0.5625,43.60032,3.89851
2026-03-27,05:57:49,2026-03-27T05:57:49+01:00,STATION,"Les Arceaux",6,2,8,0.75,43.612659,3.867734
2026-03-27,05:57:49,2026-03-27T05:57:49+01:00,STATION,"Cité Mion",1,5,8,0.375,43.601143,3.884373
2026-03-27,05:57:49,2026-03-27T05:57:49+01:00,STATION,"Nouveau Saint-Roch",6,2,8,0.75,43.599817,3.875757
2026-03-27,05:57:49,2026-03-27T05:57:49+01:00,STATION,"Renouvier",4,3,8,0.625,43.603553,3.867884
2026-03-27,05:57:49,2026-03-27T05:57:49+01:00,STATION,"Odysseum",0,8,8,0.0,43.603727,3.918979
2026-03-27,05:57:49,2026-03-27T05:57:49+01:00,STATION,"Saint-Denis",0,8,8,0.0,43.605021,3.875065
2026-03-27,05:57:49,2026-03-27T05:57:49+01:00,STATION,"Richter",10,6,16,0.625,43.603424,3.899263
2026-03-27,05:57:49,2026-03-27T05:57:49+01:00,STATION,"Charles Flahault",1,7,8,0.125,43.622038,3.86672
2026-03-27,05:57:49,2026-03-27T05:57:49+01:00,STATION,"Voltaire",5,3,8,0.625,43.603767,3.888659
2026-03-27,05:57:49,2026-03-27T05:57:49+01:00,STATION,"Prés d Arènes",3,5,8,0.375,43.59048,3.884611
2026-03-27,05:57:49,2026-03-27T05:57:49+01:00,STATION,"Garcia Lorca",5,3,8,0.625,43.590757,3.890616
2026-03-27,05:57:49,2026-03-27T05:57:49+01:00,STATION,"Vert Bois",5,11,16,0.3125,43.63543,3.871179
2026-03-27,05:57:49,2026-03-27T05:57:49+01:00,STATION,"Malbosc",2,6,8,0.25,43.633679,3.832861
2026-03-27,05:57:49,2026-03-27T05:57:49+01:00,STATION,"Occitanie",5,27,32,0.15625,43.635689,3.849597
2026-03-27,05:57:49,2026-03-27T05:57:49+01:00,STATION,"Fac des Sciences",7,17,24,0.2916666666666667,43.631318,3.861299
2026-03-27,05:57:49,2026-03-27T05:57:49+01:00,STATION,"Fac de Lettres",9,3,12,0.75,43.630437,3.869539
2026-03-27,05:57:49,2026-03-27T05:57:49+01:00,STATION,"Aiguelongue",5,2,8,0.75,43.626163,3.882492
2026-03-27,05:57:49,2026-03-27T05:57:49+01:00,STATION,"Jeu de Mail des Abbés",5,3,8,0.625,43.619701,3.883831
2026-03-27,05:57:49,2026-03-27T05:57:49+01:00,STATION,"Euromédecine",1,7,8,0.125,43.639119,3.828199
2026-03-27,05:57:49,2026-03-27T05:57:49+01:00,STATION,"Marie Caizergues",6,2,8,0.75,43.619871,3.873812
2026-03-27,05:57:49,2026-03-27T05:57:49+01:00,STATION,"Sabines",6,2,8,0.75,43.584211,3.860031
2026-03-27,05:57:49,2026-03-27T05:57:49+01:00,STATION,"Celleneuve",1,7,8,0.125,43.61467,3.832624
2026-03-27,05:57:49,2026-03-27T05:57:49+01:00,STATION,"Jardin de la Lironde",5,3,8,0.625,43.60585,3.911576
2026-03-27,05:57:49,2026-03-27T05:57:49+01:00,STATION,"Père Soulas",6,2,8,0.75,43.621983,3.855603
2026-03-27,05:57:49,2026-03-27T05:57:49+01:00,STATION,"Place Viala",5,3,8,0.625,43.616812,3.855075
2026-03-27,05:57:49,2026-03-27T05:57:49+01:00,STATION,"Hôtel du Département",3,5,8,0.375,43.621682,3.83477
2026-03-27,05:57:49,2026-03-27T05:57:49+01:00,STATION,"Tonnelles",0,8,8,0.0,43.615155,3.839466
2026-03-27,05:57:49,2026-03-27T05:57:49+01:00,STATION,"Parvis Jules Ferry - Gare Saint-Roch",4,4,8,0.5,43.603889,3.879362
2026-03-27,05:57:49,2026-03-27T05:57:49+01:00,STATION,"Pont de Lattes - Gare Saint-Roch",2,10,12,0.16666666666666666,43.606036,3.882393
2026-03-27,05:57:49,2026-03-27T05:57:49+01:00,STATION,"Deux Ponts - Gare Saint-Roch",0,8,8,0.0,43.604319,3.880916
2026-03-27,05:57:49,2026-03-27T05:57:49+01:00,STATION,"Providence - Ovalie",4,4,8,0.5,43.588239,3.853421
2026-03-27,05:57:49,2026-03-27T05:57:49+01:00,STATION,"Pérols Etang de l Or",42,26,68,0.6176470588235294,43.558351,3.963412
2026-03-27,05:57:49,2026-03-27T05:57:49+01:00,STATION,"Albert 1er - Cathédrale",2,10,12,0.16666666666666666,43.614005,3.873218
2026-03-27,05:57:49,2026-03-27T05:57:49+01:00,STATION,"Saint-Guilhem - Courreau",3,5,8,0.375,43.608996,3.872752
2026-03-27,05:57:49,2026-03-27T05:57:49+01:00,STATION,"Sud De France",2,6,8,0.25,43.59562,3.9235
2026-03-27,05:57:49,2026-03-27T05:57:49+01:00,STATION,"Comedie Baudin",0,8,8,0.0,43.608717,3.880787
2026-03-27,05:57:49,2026-03-27T05:57:49+01:00,STATION,"Jean de Beins",13,3,16,0.8125,43.609857,3.883884
2026-03-27,07:14:51,2026-03-27T07:14:51+01:00,STATION,"Rue Jules Ferry - Gare Saint-Roch",3,9,12,0.25,43.605366,3.881346
2026-03-27,07:14:51,2026-03-27T07:14:51+01:00,STATION,"Comédie",16,4,20,0.8,43.608148,3.878778
2026-03-27,07:14:51,2026-03-27T07:14:51+01:00,STATION,"Hôtel de Ville",17,0,16,1.0,43.599088,3.894866
2026-03-27,07:14:51,2026-03-27T07:14:51+01:00,STATION,"Corum",9,2,12,0.8333333333333334,43.613989,3.8816
2026-03-27,07:14:51,2026-03-27T07:14:51+01:00,STATION,"Place Albert 1er - St Charles",5,22,27,0.18518518518518517,43.616768,3.873375
2026-03-27,07:14:51,2026-03-27T07:14:51+01:00,STATION,"Foch",1,7,8,0.125,43.610989,3.873345
2026-03-27,07:14:51,2026-03-27T07:14:51+01:00,STATION,"Halles Castellane",0,12,12,0.0,43.609935,3.877208
2026-03-27,07:14:51,2026-03-27T07:14:51+01:00,STATION,"Observatoire",2,5,8,0.375,43.606301,3.87724
2026-03-27,07:14:51,2026-03-27T07:14:51+01:00,STATION,"Rondelet",7,9,16,0.4375,43.603038,3.875796
2026-03-27,07:14:51,2026-03-27T07:14:51+01:00,STATION,"Plan Cabanes",4,8,12,0.3333333333333333,43.608491,3.868389
2026-03-27,07:14:51,2026-03-27T07:14:51+01:00,STATION,"Boutonnet",10,2,12,0.8333333333333334,43.622629,3.868375
2026-03-27,07:14:51,2026-03-27T07:14:51+01:00,STATION,"Emile Combes",6,2,8,0.75,43.616742,3.87998
2026-03-27,07:14:51,2026-03-27T07:14:51+01:00,STATION,"Beaux-Arts",7,9,16,0.4375,43.616698,3.884981
2026-03-27,07:14:51,2026-03-27T07:14:51+01:00,STATION,"Les Aubes",2,6,8,0.25,43.618692,3.893844
2026-03-27,07:14:51,2026-03-27T07:14:51+01:00,STATION,"Antigone centre",5,7,12,0.4166666666666667,43.607942,3.890634
2026-03-27,07:14:51,2026-03-27T07:14:51+01:00,STATION,"Médiathèque Emile Zola",8,8,16,0.5,43.608218,3.89314
2026-03-27,07:14:51,2026-03-27T07:14:51+01:00,STATION,"Nombre d Or",3,13,16,0.1875,43.607859,3.886644
2026-03-27,07:14:51,2026-03-27T07:14:51+01:00,STATION,"Louis Blanc",3,13,16,0.1875,43.614642,3.877648
2026-03-27,07:14:51,2026-03-27T07:14:51+01:00,STATION,"Gambetta",6,2,8,0.75,43.607106,3.870693
2026-03-27,07:14:51,2026-03-27T07:14:51+01:00,STATION,"Port Marianne",9,7,16,0.5625,43.60032,3.89851
2026-03-27,07:14:51,2026-03-27T07:14:51+01:00,STATION,"Les Arceaux",6,2,8,0.75,43.612659,3.867734
2026-03-27,07:14:51,2026-03-27T07:14:51+01:00,STATION,"Cité Mion",1,5,8,0.375,43.601143,3.884373
2026-03-27,07:14:51,2026-03-27T07:14:51+01:00,STATION,"Nouveau Saint-Roch",6,2,8,0.75,43.599817,3.875757
2026-03-27,07:14:51,2026-03-27T07:14:51+01:00,STATION,"Renouvier",4,3,8,0.625,43.603553,3.867884
2026-03-27,07:14:51,2026-03-27T07:14:51+01:00,STATION,"Odysseum",0,8,8,0.0,43.603727,3.918979
2026-03-27,07:14:51,2026-03-27T07:14:51+01:00,STATION,"Saint-Denis",0,8,8,0.0,43.605021,3.875065
2026-03-27,07:14:51,2026-03-27T07:14:51+01:00,STATION,"Richter",10,6,16,0.625,43.603424,3.899263
2026-03-27,07:14:51,2026-03-27T07:14:51+01:00,STATION,"Charles Flahault",1,7,8,0.125,43.622038,3.86672
2026-03-27,07:14:51,2026-03-27T07:14:51+01:00,STATION,"Voltaire",5,3,8,0.625,43.603767,3.888659
2026-03-27,07:14:51,2026-03-27T07:14:51+01:00,STATION,"Prés d Arènes",3,5,8,0.375,43.59048,3.884611
2026-03-27,07:14:51,2026-03-27T07:14:51+01:00,STATION,"Garcia Lorca",5,3,8,0.625,43.590757,3.890616
2026-03-27,07:14:51,2026-03-27T07:14:51+01:00,STATION,"Vert Bois",5,11,16,0.3125,43.63543,3.871179
2026-03-27,07:14:51,2026-03-27T07:14:51+01:00,STATION,"Malbosc",2,6,8,0.25,43.633679,3.832861
2026-03-27,07:14:51,2026-03-27T07:14:51+01:00,STATION,"Occitanie",5,27,32,0.15625,43.635689,3.849597
2026-03-27,07:14:51,2026-03-27T07:14:51+01:00,STATION,"Fac des Sciences",7,17,24,0.2916666666666667,43.631318,3.861299
2026-03-27,07:14:51,2026-03-27T07:14:51+01:00,STATION,"Fac de Lettres",9,3,12,0.75,43.630437,3.869539
2026-03-27,07:14:51,2026-03-27T07:14:51+01:00,STATION,"Aiguelongue",5,2,8,0.75,43.626163,3.882492
2026-03-27,07:14:51,2026-03-27T07:14:51+01:00,STATION,"Jeu de Mail des Abbés",5,3,8,0.625,43.619701,3.883831
2026-03-27,07:14:51,2026-03-27T07:14:51+01:00,STATION,"Euromédecine",1,7,8,0.125,43.639119,3.828199
2026-03-27,07:14:51,2026-03-27T07:14:51+01:00,STATION,"Marie Caizergues",6,2,8,0.75,43.619871,3.873812
2026-03-27,07:14:51,2026-03-27T07:14:51+01:00,STATION,"Sabines",6,2,8,0.75,43.584211,3.860031
2026-03-27,07:14:51,2026-03-27T07:14:51+01:00,STATION,"Celleneuve",1,7,8,0.125,43.61467,3.832624
2026-03-27,07:14:51,2026-03-27T07:14:51+01:00,STATION,"Jardin de la Lironde",5,3,8,0.625,43.60585,3.911576
2026-03-27,07:14:51,2026-03-27T07:14:51+01:00,STATION,"Père Soulas",6,2,8,0.75,43.621983,3.855603
2026-03-27,07:14:51,2026-03-27T07:14:51+01:00,STATION,"Place Viala",5,3,8,0.625,43.616812,3.855075
2026-03-27,07:14:51,2026-03-27T07:14:51+01:00,STATION,"Hôtel du Département",3,5,8,0.375,43.621682,3.83477
2026-03-27,07:14:51,2026-03-27T07:14:51+01:00,STATION,"Tonnelles",0,8,8,0.0,43.615155,3.839466
2026-03-27,07:14:51,2026-03-27T07:14:51+01:00,STATION,"Parvis Jules Ferry - Gare Saint-Roch",4,4,8,0.5,43.603889,3.879362
2026-03-27,07:14:51,2026-03-27T07:14:51+01:00,STATION,"Pont de Lattes - Gare Saint-Roch",3,9,12,0.25,43.606036,3.882393
2026-03-27,07:14:51,2026-03-27T07:14:51+01:00,STATION,"Deux Ponts - Gare Saint-Roch",0,8,8,0.0,43.604319,3.880916
2026-03-27,07:14:51,2026-03-27T07:14:51+01:00,STATION,"Providence - Ovalie",4,4,8,0.5,43.588239,3.853421
2026-03-27,07:14:51,2026-03-27T07:14:51+01:00,STATION,"Pérols Etang de l Or",43,25,68,0.6323529411764706,43.558351,3.963412
2026-03-27,07:14:51,2026-03-27T07:14:51+01:00,STATION,"Albert 1er - Cathédrale",2,10,12,0.16666666666666666,43.614005,3.873218
2026-03-27,07:14:51,2026-03-27T07:14:51+01:00,STATION,"Saint-Guilhem - Courreau",3,5,8,0.375,43.608996,3.872752
2026-03-27,07:14:51,2026-03-27T07:14:51+01:00,STATION,"Sud De France",2,6,8,0.25,43.59562,3.9235
2026-03-27,07:14:51,2026-03-27T07:14:51+01:00,STATION,"Comedie Baudin",0,8,8,0.0,43.608717,3.880787
2026-03-27,07:14:51,2026-03-27T07:14:51+01:00,STATION,"Jean de Beins",13,3,16,0.8125,43.609857,3.883884
2026-03-27,08:44:12,2026-03-27T08:44:12+01:00,STATION,"Rue Jules Ferry - Gare Saint-Roch",3,9,12,0.25,43.605366,3.881346
2026-03-27,08:44:12,2026-03-27T08:44:12+01:00,STATION,"Comédie",16,4,20,0.8,43.608148,3.878778
2026-03-27,08:44:12,2026-03-27T08:44:12+01:00,STATION,"Hôtel de Ville",10,6,16,0.625,43.599088,3.894866
2026-03-27,08:44:12,2026-03-27T08:44:12+01:00,STATION,"Corum",9,2,12,0.8333333333333334,43.613989,3.8816
2026-03-27,08:44:12,2026-03-27T08:44:12+01:00,STATION,"Place Albert 1er - St Charles",5,22,27,0.18518518518518517,43.616768,3.873375
2026-03-27,08:44:12,2026-03-27T08:44:12+01:00,STATION,"Foch",1,7,8,0.125,43.610989,3.873345
2026-03-27,08:44:12,2026-03-27T08:44:12+01:00,STATION,"Halles Castellane",0,12,12,0.0,43.609935,3.877208
2026-03-27,08:44:12,2026-03-27T08:44:12+01:00,STATION,"Observatoire",2,5,8,0.375,43.606301,3.87724
2026-03-27,08:44:12,2026-03-27T08:44:12+01:00,STATION,"Rondelet",7,9,16,0.4375,43.603038,3.875796
2026-03-27,08:44:12,2026-03-27T08:44:12+01:00,STATION,"Plan Cabanes",4,8,12,0.3333333333333333,43.608491,3.868389
2026-03-27,08:44:12,2026-03-27T08:44:12+01:00,STATION,"Boutonnet",11,1,12,0.9166666666666666,43.622629,3.868375
2026-03-27,08:44:12,2026-03-27T08:44:12+01:00,STATION,"Emile Combes",6,2,8,0.75,43.616742,3.87998
2026-03-27,08:44:12,2026-03-27T08:44:12+01:00,STATION,"Beaux-Arts",7,9,16,0.4375,43.616698,3.884981
2026-03-27,08:44:12,2026-03-27T08:44:12+01:00,STATION,"Les Aubes",2,6,8,0.25,43.618692,3.893844
2026-03-27,08:44:12,2026-03-27T08:44:12+01:00,STATION,"Antigone centre",5,7,12,0.4166666666666667,43.607942,3.890634
2026-03-27,08:44:12,2026-03-27T08:44:12+01:00,STATION,"Médiathèque Emile Zola",8,8,16,0.5,43.608218,3.89314
2026-03-27,08:44:12,2026-03-27T08:44:12+01:00,STATION,"Nombre d Or",3,13,16,0.1875,43.607859,3.886644
2026-03-27,08:44:12,2026-03-27T08:44:12+01:00,STATION,"Louis Blanc",3,13,16,0.1875,43.614642,3.877648
2026-03-27,08:44:12,2026-03-27T08:44:12+01:00,STATION,"Gambetta",6,2,8,0.75,43.607106,3.870693
2026-03-27,08:44:12,2026-03-27T08:44:12+01:00,STATION,"Port Marianne",11,5,16,0.6875,43.60032,3.89851
2026-03-27,08:44:12,2026-03-27T08:44:12+01:00,STATION,"Les Arceaux",6,2,8,0.75,43.612659,3.867734
2026-03-27,08:44:12,2026-03-27T08:44:12+01:00,STATION,"Cité Mion",1,5,8,0.375,43.601143,3.884373
2026-03-27,08:44:12,2026-03-27T08:44:12+01:00,STATION,"Nouveau Saint-Roch",6,2,8,0.75,43.599817,3.875757
2026-03-27,08:44:12,2026-03-27T08:44:12+01:00,STATION,"Renouvier",3,4,8,0.5,43.603553,3.867884
2026-03-27,08:44:12,2026-03-27T08:44:12+01:00,STATION,"Odysseum",0,8,8,0.0,43.603727,3.918979
2026-03-27,08:44:12,2026-03-27T08:44:12+01:00,STATION,"Saint-Denis",0,8,8,0.0,43.605021,3.875065
2026-03-27,08:44:12,2026-03-27T08:44:12+01:00,STATION,"Richter",6,10,16,0.375,43.603424,3.899263
2026-03-27,08:44:12,2026-03-27T08:44:12+01:00,STATION,"Charles Flahault",0,8,8,0.0,43.622038,3.86672
2026-03-27,08:44:12,2026-03-27T08:44:12+01:00,STATION,"Voltaire",5,3,8,0.625,43.603767,3.888659
2026-03-27,08:44:12,2026-03-27T08:44:12+01:00,STATION,"Prés d Arènes",3,5,8,0.375,43.59048,3.884611
2026-03-27,08:44:12,2026-03-27T08:44:12+01:00,STATION,"Garcia Lorca",5,3,8,0.625,43.590757,3.890616
2026-03-27,08:44:12,2026-03-27T08:44:12+01:00,STATION,"Vert Bois",5,11,16,0.3125,43.63543,3.871179
2026-03-27,08:44:12,2026-03-27T08:44:12+01:00,STATION,"Malbosc",2,6,8,0.25,43.633679,3.832861
2026-03-27,08:44:12,2026-03-27T08:44:12+01:00,STATION,"Occitanie",5,27,32,0.15625,43.635689,3.849597
2026-03-27,08:44:12,2026-03-27T08:44:12+01:00,STATION,"Fac des Sciences",8,16,24,0.3333333333333333,43.631318,3.861299
2026-03-27,08:44:12,2026-03-27T08:44:12+01:00,STATION,"Fac de Lettres",9,3,12,0.75,43.630437,3.869539
2026-03-27,08:44:12,2026-03-27T08:44:12+01:00,STATION,"Aiguelongue",5,2,8,0.75,43.626163,3.882492
2026-03-27,08:44:12,2026-03-27T08:44:12+01:00,STATION,"Jeu de Mail des Abbés",5,3,8,0.625,43.619701,3.883831
2026-03-27,08:44:12,2026-03-27T08:44:12+01:00,STATION,"Euromédecine",1,7,8,0.125,43.639119,3.828199
2026-03-27,08:44:12,2026-03-27T08:44:12+01:00,STATION,"Marie Caizergues",6,2,8,0.75,43.619871,3.873812
2026-03-27,08:44:12,2026-03-27T08:44:12+01:00,STATION,"Sabines",6,2,8,0.75,43.584211,3.860031
2026-03-27,08:44:12,2026-03-27T08:44:12+01:00,STATION,"Celleneuve",1,7,8,0.125,43.61467,3.832624
2026-03-27,08:44:12,2026-03-27T08:44:12+01:00,STATION,"Jardin de la Lironde",5,3,8,0.625,43.60585,3.911576
2026-03-27,08:44:12,2026-03-27T08:44:12+01:00,STATION,"Père Soulas",6,2,8,0.75,43.621983,3.855603
2026-03-27,08:44:12,2026-03-27T08:44:12+01:00,STATION,"Place Viala",5,3,8,0.625,43.616812,3.855075
2026-03-27,08:44:12,2026-03-27T08:44:12+01:00,STATION,"Hôtel du Département",3,5,8,0.375,43.621682,3.83477
2026-03-27,08:44:12,2026-03-27T08:44:12+01:00,STATION,"Tonnelles",0,8,8,0.0,43.615155,3.839466
2026-03-27,08:44:12,2026-03-27T08:44:12+01:00,STATION,"Parvis Jules Ferry - Gare Saint-Roch",4,4,8,0.5,43.603889,3.879362
2026-03-27,08:44:12,2026-03-27T08:44:12+01:00,STATION,"Pont de Lattes - Gare Saint-Roch",3,9,12,0.25,43.606036,3.882393
2026-03-27,08:44:12,2026-03-27T08:44:12+01:00,STATION,"Deux Ponts - Gare Saint-Roch",0,8,8,0.0,43.604319,3.880916
2026-03-27,08:44:12,2026-03-27T08:44:12+01:00,STATION,"Providence - Ovalie",4,4,8,0.5,43.588239,3.853421
2026-03-27,08:44:12,2026-03-27T08:44:12+01:00,STATION,"Pérols Etang de l Or",43,25,68,0.6323529411764706,43.558351,3.963412
2026-03-27,08:44:12,2026-03-27T08:44:12+01:00,STATION,"Albert 1er - Cathédrale",2,10,12,0.16666666666666666,43.614005,3.873218
2026-03-27,08:44:12,2026-03-27T08:44:12+01:00,STATION,"Saint-Guilhem - Courreau",2,6,8,0.25,43.608996,3.872752
2026-03-27,08:44:12,2026-03-27T08:44:12+01:00,STATION,"Sud De France",2,6,8,0.25,43.59562,3.9235
2026-03-27,08:44:12,2026-03-27T08:44:12+01:00,STATION,"Comedie Baudin",0,8,8,0.0,43.608717,3.880787
2026-03-27,08:44:12,2026-03-27T08:44:12+01:00,STATION,"Jean de Beins",13,3,16,0.8125,43.609857,3.883884
2026-03-27,09:55:35,2026-03-27T09:55:35+01:00,STATION,"Rue Jules Ferry - Gare Saint-Roch",7,5,12,0.5833333333333334,43.605366,3.881346
2026-03-27,09:55:35,2026-03-27T09:55:35+01:00,STATION,"Comédie",10,10,20,0.5,43.608148,3.878778
2026-03-27,09:55:35,2026-03-27T09:55:35+01:00,STATION,"Hôtel de Ville",10,6,16,0.625,43.599088,3.894866
2026-03-27,09:55:35,2026-03-27T09:55:35+01:00,STATION,"Corum",9,2,12,0.8333333333333334,43.613989,3.8816
2026-03-27,09:55:35,2026-03-27T09:55:35+01:00,STATION,"Place Albert 1er - St Charles",6,21,27,0.2222222222222222,43.616768,3.873375
2026-03-27,09:55:35,2026-03-27T09:55:35+01:00,STATION,"Foch",1,7,8,0.125,43.610989,3.873345
2026-03-27,09:55:35,2026-03-27T09:55:35+01:00,STATION,"Halles Castellane",0,12,12,0.0,43.609935,3.877208
2026-03-27,09:55:35,2026-03-27T09:55:35+01:00,STATION,"Observatoire",2,5,8,0.375,43.606301,3.87724
2026-03-27,09:55:35,2026-03-27T09:55:35+01:00,STATION,"Rondelet",7,9,16,0.4375,43.603038,3.875796
2026-03-27,09:55:35,2026-03-27T09:55:35+01:00,STATION,"Plan Cabanes",4,8,12,0.3333333333333333,43.608491,3.868389
2026-03-27,09:55:35,2026-03-27T09:55:35+01:00,STATION,"Boutonnet",11,1,12,0.9166666666666666,43.622629,3.868375
2026-03-27,09:55:35,2026-03-27T09:55:35+01:00,STATION,"Emile Combes",6,2,8,0.75,43.616742,3.87998
2026-03-27,09:55:35,2026-03-27T09:55:35+01:00,STATION,"Beaux-Arts",7,9,16,0.4375,43.616698,3.884981
2026-03-27,09:55:35,2026-03-27T09:55:35+01:00,STATION,"Les Aubes",2,6,8,0.25,43.618692,3.893844
2026-03-27,09:55:35,2026-03-27T09:55:35+01:00,STATION,"Antigone centre",6,6,12,0.5,43.607942,3.890634
2026-03-27,09:55:35,2026-03-27T09:55:35+01:00,STATION,"Médiathèque Emile Zola",8,8,16,0.5,43.608218,3.89314
2026-03-27,09:55:35,2026-03-27T09:55:35+01:00,STATION,"Nombre d Or",3,13,16,0.1875,43.607859,3.886644
2026-03-27,09:55:35,2026-03-27T09:55:35+01:00,STATION,"Louis Blanc",7,9,16,0.4375,43.614642,3.877648
2026-03-27,09:55:35,2026-03-27T09:55:35+01:00,STATION,"Gambetta",6,2,8,0.75,43.607106,3.870693
2026-03-27,09:55:35,2026-03-27T09:55:35+01:00,STATION,"Port Marianne",11,5,16,0.6875,43.60032,3.89851
2026-03-27,09:55:35,2026-03-27T09:55:35+01:00,STATION,"Les Arceaux",6,2,8,0.75,43.612659,3.867734
2026-03-27,09:55:35,2026-03-27T09:55:35+01:00,STATION,"Cité Mion",1,5,8,0.375,43.601143,3.884373
2026-03-27,09:55:35,2026-03-27T09:55:35+01:00,STATION,"Nouveau Saint-Roch",5,3,8,0.625,43.599817,3.875757
2026-03-27,09:55:35,2026-03-27T09:55:35+01:00,STATION,"Renouvier",3,4,8,0.5,43.603553,3.867884
2026-03-27,09:55:35,2026-03-27T09:55:35+01:00,STATION,"Odysseum",0,8,8,0.0,43.603727,3.918979
2026-03-27,09:55:35,2026-03-27T09:55:35+01:00,STATION,"Saint-Denis",0,8,8,0.0,43.605021,3.875065
2026-03-27,09:55:35,2026-03-27T09:55:35+01:00,STATION,"Richter",6,10,16,0.375,43.603424,3.899263
2026-03-27,09:55:35,2026-03-27T09:55:35+01:00,STATION,"Charles Flahault",0,8,8,0.0,43.622038,3.86672
2026-03-27,09:55:35,2026-03-27T09:55:35+01:00,STATION,"Voltaire",5,3,8,0.625,43.603767,3.888659
2026-03-27,09:55:35,2026-03-27T09:55:35+01:00,STATION,"Prés d Arènes",3,5,8,0.375,43.59048,3.884611
2026-03-27,09:55:35,2026-03-27T09:55:35+01:00,STATION,"Garcia Lorca",5,3,8,0.625,43.590757,3.890616
2026-03-27,09:55:35,2026-03-27T09:55:35+01:00,STATION,"Vert Bois",5,11,16,0.3125,43.63543,3.871179
2026-03-27,09:55:35,2026-03-27T09:55:35+01:00,STATION,"Malbosc",2,6,8,0.25,43.633679,3.832861
2026-03-27,09:55:35,2026-03-27T09:55:35+01:00,STATION,"Occitanie",5,27,32,0.15625,43.635689,3.849597
2026-03-27,09:55:35,2026-03-27T09:55:35+01:00,STATION,"Fac des Sciences",8,16,24,0.3333333333333333,43.631318,3.861299
2026-03-27,09:55:35,2026-03-27T09:55:35+01:00,STATION,"Fac de Lettres",9,3,12,0.75,43.630437,3.869539
2026-03-27,09:55:35,2026-03-27T09:55:35+01:00,STATION,"Aiguelongue",6,1,8,0.875,43.626163,3.882492
2026-03-27,09:55:35,2026-03-27T09:55:35+01:00,STATION,"Jeu de Mail des Abbés",4,4,8,0.5,43.619701,3.883831
2026-03-27,09:55:35,2026-03-27T09:55:35+01:00,STATION,"Euromédecine",1,7,8,0.125,43.639119,3.828199
2026-03-27,09:55:35,2026-03-27T09:55:35+01:00,STATION,"Marie Caizergues",5,3,8,0.625,43.619871,3.873812
2026-03-27,09:55:35,2026-03-27T09:55:35+01:00,STATION,"Sabines",6,2,8,0.75,43.584211,3.860031
2026-03-27,09:55:35,2026-03-27T09:55:35+01:00,STATION,"Celleneuve",1,7,8,0.125,43.61467,3.832624
2026-03-27,09:55:35,2026-03-27T09:55:35+01:00,STATION,"Jardin de la Lironde",5,3,8,0.625,43.60585,3.911576
2026-03-27,09:55:35,2026-03-27T09:55:35+01:00,STATION,"Père Soulas",6,2,8,0.75,43.621983,3.855603
2026-03-27,09:55:35,2026-03-27T09:55:35+01:00,STATION,"Place Viala",5,3,8,0.625,43.616812,3.855075
2026-03-27,09:55:35,2026-03-27T09:55:35+01:00,STATION,"Hôtel du Département",3,5,8,0.375,43.621682,3.83477
2026-03-27,09:55:35,2026-03-27T09:55:35+01:00,STATION,"Tonnelles",0,8,8,0.0,43.615155,3.839466
2026-03-27,09:55:35,2026-03-27T09:55:35+01:00,STATION,"Parvis Jules Ferry - Gare Saint-Roch",3,5,8,0.375,43.603889,3.879362
2026-03-27,09:55:35,2026-03-27T09:55:35+01:00,STATION,"Pont de Lattes - Gare Saint-Roch",8,4,12,0.6666666666666666,43.606036,3.882393
2026-03-27,09:55:35,2026-03-27T09:55:35+01:00,STATION,"Deux Ponts - Gare Saint-Roch",0,8,8,0.0,43.604319,3.880916
2026-03-27,09:55:35,2026-03-27T09:55:35+01:00,STATION,"Providence - Ovalie",4,4,8,0.5,43.588239,3.853421
2026-03-27,09:55:35,2026-03-27T09:55:35+01:00,STATION,"Pérols Etang de l Or",43,25,68,0.6323529411764706,43.558351,3.963412
2026-03-27,09:55:35,2026-03-27T09:55:35+01:00,STATION,"Albert 1er - Cathédrale",6,6,12,0.5,43.614005,3.873218
2026-03-27,09:55:35,2026-03-27T09:55:35+01:00,STATION,"Saint-Guilhem - Courreau",2,6,8,0.25,43.608996,3.872752
2026-03-27,09:55:35,2026-03-27T09:55:35+01:00,STATION,"Sud De France",2,6,8,0.25,43.59562,3.9235
2026-03-27,09:55:35,2026-03-27T09:55:35+01:00,STATION,"Comedie Baudin",0,8,8,0.0,43.608717,3.880787
2026-03-27,09:55:35,2026-03-27T09:55:35+01:00,STATION,"Jean de Beins",13,3,16,0.8125,43.609857,3.883884
2026-03-27,10:56:57,2026-03-27T10:56:57+01:00,STATION,"Rue Jules Ferry - Gare Saint-Roch",6,6,12,0.5,43.605366,3.881346
2026-03-27,10:56:57,2026-03-27T10:56:57+01:00,STATION,"Comédie",11,9,20,0.55,43.608148,3.878778
2026-03-27,10:56:57,2026-03-27T10:56:57+01:00,STATION,"Hôtel de Ville",10,6,16,0.625,43.599088,3.894866
2026-03-27,10:56:57,2026-03-27T10:56:57+01:00,STATION,"Corum",9,2,12,0.8333333333333334,43.613989,3.8816
2026-03-27,10:56:57,2026-03-27T10:56:57+01:00,STATION,"Place Albert 1er - St Charles",6,21,27,0.2222222222222222,43.616768,3.873375
2026-03-27,10:56:57,2026-03-27T10:56:57+01:00,STATION,"Foch",1,7,8,0.125,43.610989,3.873345
2026-03-27,10:56:57,2026-03-27T10:56:57+01:00,STATION,"Halles Castellane",0,12,12,0.0,43.609935,3.877208
2026-03-27,10:56:57,2026-03-27T10:56:57+01:00,STATION,"Observatoire",2,5,8,0.375,43.606301,3.87724
2026-03-27,10:56:57,2026-03-27T10:56:57+01:00,STATION,"Rondelet",7,9,16,0.4375,43.603038,3.875796
2026-03-27,10:56:57,2026-03-27T10:56:57+01:00,STATION,"Plan Cabanes",4,8,12,0.3333333333333333,43.608491,3.868389
2026-03-27,10:56:57,2026-03-27T10:56:57+01:00,STATION,"Boutonnet",11,1,12,0.9166666666666666,43.622629,3.868375
2026-03-27,10:56:57,2026-03-27T10:56:57+01:00,STATION,"Emile Combes",6,2,8,0.75,43.616742,3.87998
2026-03-27,10:56:57,2026-03-27T10:56:57+01:00,STATION,"Beaux-Arts",6,10,16,0.375,43.616698,3.884981
2026-03-27,10:56:57,2026-03-27T10:56:57+01:00,STATION,"Les Aubes",2,6,8,0.25,43.618692,3.893844
2026-03-27,10:56:57,2026-03-27T10:56:57+01:00,STATION,"Antigone centre",6,6,12,0.5,43.607942,3.890634
2026-03-27,10:56:57,2026-03-27T10:56:57+01:00,STATION,"Médiathèque Emile Zola",8,8,16,0.5,43.608218,3.89314
2026-03-27,10:56:57,2026-03-27T10:56:57+01:00,STATION,"Nombre d Or",3,13,16,0.1875,43.607859,3.886644
2026-03-27,10:56:57,2026-03-27T10:56:57+01:00,STATION,"Louis Blanc",7,9,16,0.4375,43.614642,3.877648
2026-03-27,10:56:57,2026-03-27T10:56:57+01:00,STATION,"Gambetta",6,2,8,0.75,43.607106,3.870693
2026-03-27,10:56:57,2026-03-27T10:56:57+01:00,STATION,"Port Marianne",11,5,16,0.6875,43.60032,3.89851
2026-03-27,10:56:57,2026-03-27T10:56:57+01:00,STATION,"Les Arceaux",5,3,8,0.625,43.612659,3.867734
2026-03-27,10:56:57,2026-03-27T10:56:57+01:00,STATION,"Cité Mion",1,5,8,0.375,43.601143,3.884373
2026-03-27,10:56:57,2026-03-27T10:56:57+01:00,STATION,"Nouveau Saint-Roch",5,3,8,0.625,43.599817,3.875757
2026-03-27,10:56:57,2026-03-27T10:56:57+01:00,STATION,"Renouvier",3,4,8,0.5,43.603553,3.867884
2026-03-27,10:56:57,2026-03-27T10:56:57+01:00,STATION,"Odysseum",0,8,8,0.0,43.603727,3.918979
2026-03-27,10:56:57,2026-03-27T10:56:57+01:00,STATION,"Saint-Denis",0,8,8,0.0,43.605021,3.875065
2026-03-27,10:56:57,2026-03-27T10:56:57+01:00,STATION,"Richter",6,10,16,0.375,43.603424,3.899263
2026-03-27,10:56:57,2026-03-27T10:56:57+01:00,STATION,"Charles Flahault",0,8,8,0.0,43.622038,3.86672
2026-03-27,10:56:57,2026-03-27T10:56:57+01:00,STATION,"Voltaire",5,3,8,0.625,43.603767,3.888659
2026-03-27,10:56:57,2026-03-27T10:56:57+01:00,STATION,"Prés d Arènes",3,5,8,0.375,43.59048,3.884611
2026-03-27,10:56:57,2026-03-27T10:56:57+01:00,STATION,"Garcia Lorca",5,3,8,0.625,43.590757,3.890616
2026-03-27,10:56:57,2026-03-27T10:56:57+01:00,STATION,"Vert Bois",5,11,16,0.3125,43.63543,3.871179
2026-03-27,10:56:57,2026-03-27T10:56:57+01:00,STATION,"Malbosc",2,6,8,0.25,43.633679,3.832861
2026-03-27,10:56:57,2026-03-27T10:56:57+01:00,STATION,"Occitanie",5,27,32,0.15625,43.635689,3.849597
2026-03-27,10:56:57,2026-03-27T10:56:57+01:00,STATION,"Fac des Sciences",8,16,24,0.3333333333333333,43.631318,3.861299
2026-03-27,10:56:57,2026-03-27T10:56:57+01:00,STATION,"Fac de Lettres",9,3,12,0.75,43.630437,3.869539
2026-03-27,10:56:57,2026-03-27T10:56:57+01:00,STATION,"Aiguelongue",5,2,8,0.75,43.626163,3.882492
2026-03-27,10:56:57,2026-03-27T10:56:57+01:00,STATION,"Jeu de Mail des Abbés",4,4,8,0.5,43.619701,3.883831
2026-03-27,10:56:57,2026-03-27T10:56:57+01:00,STATION,"Euromédecine",1,7,8,0.125,43.639119,3.828199
2026-03-27,10:56:57,2026-03-27T10:56:57+01:00,STATION,"Marie Caizergues",5,3,8,0.625,43.619871,3.873812
2026-03-27,10:56:57,2026-03-27T10:56:57+01:00,STATION,"Sabines",7,1,8,0.875,43.584211,3.860031
2026-03-27,10:56:57,2026-03-27T10:56:57+01:00,STATION,"Celleneuve",1,7,8,0.125,43.61467,3.832624
2026-03-27,10:56:57,2026-03-27T10:56:57+01:00,STATION,"Jardin de la Lironde",5,3,8,0.625,43.60585,3.911576
2026-03-27,10:56:57,2026-03-27T10:56:57+01:00,STATION,"Père Soulas",6,2,8,0.75,43.621983,3.855603
2026-03-27,10:56:57,2026-03-27T10:56:57+01:00,STATION,"Place Viala",5,3,8,0.625,43.616812,3.855075
2026-03-27,10:56:57,2026-03-27T10:56:57+01:00,STATION,"Hôtel du Département",3,5,8,0.375,43.621682,3.83477
2026-03-27,10:56:57,2026-03-27T10:56:57+01:00,STATION,"Tonnelles",0,8,8,0.0,43.615155,3.839466
2026-03-27,10:56:57,2026-03-27T10:56:57+01:00,STATION,"Parvis Jules Ferry - Gare Saint-Roch",3,5,8,0.375,43.603889,3.879362
2026-03-27,10:56:57,2026-03-27T10:56:57+01:00,STATION,"Pont de Lattes - Gare Saint-Roch",8,4,12,0.6666666666666666,43.606036,3.882393
2026-03-27,10:56:57,2026-03-27T10:56:57+01:00,STATION,"Deux Ponts - Gare Saint-Roch",0,8,8,0.0,43.604319,3.880916
2026-03-27,10:56:57,2026-03-27T10:56:57+01:00,STATION,"Providence - Ovalie",4,4,8,0.5,43.588239,3.853421
2026-03-27,10:56:57,2026-03-27T10:56:57+01:00,STATION,"Pérols Etang de l Or",43,25,68,0.6323529411764706,43.558351,3.963412
2026-03-27,10:56:57,2026-03-27T10:56:57+01:00,STATION,"Albert 1er - Cathédrale",6,6,12,0.5,43.614005,3.873218
2026-03-27,10:56:57,2026-03-27T10:56:57+01:00,STATION,"Saint-Guilhem - Courreau",2,6,8,0.25,43.608996,3.872752
2026-03-27,10:56:57,2026-03-27T10:56:57+01:00,STATION,"Sud De France",2,6,8,0.25,43.59562,3.9235
2026-03-27,10:56:57,2026-03-27T10:56:57+01:00,STATION,"Comedie Baudin",0,8,8,0.0,43.608717,3.880787
2026-03-27,10:56:57,2026-03-27T10:56:57+01:00,STATION,"Jean de Beins",13,3,16,0.8125,43.609857,3.883884
2026-03-27,11:52:25,2026-03-27T11:52:25+01:00,STATION,"Rue Jules Ferry - Gare Saint-Roch",6,6,12,0.5,43.605366,3.881346
2026-03-27,11:52:25,2026-03-27T11:52:25+01:00,STATION,"Comédie",11,9,20,0.55,43.608148,3.878778
2026-03-27,11:52:25,2026-03-27T11:52:25+01:00,STATION,"Hôtel de Ville",10,6,16,0.625,43.599088,3.894866
2026-03-27,11:52:25,2026-03-27T11:52:25+01:00,STATION,"Corum",9,2,12,0.8333333333333334,43.613989,3.8816
2026-03-27,11:52:25,2026-03-27T11:52:25+01:00,STATION,"Place Albert 1er - St Charles",6,21,27,0.2222222222222222,43.616768,3.873375
2026-03-27,11:52:25,2026-03-27T11:52:25+01:00,STATION,"Foch",1,7,8,0.125,43.610989,3.873345
2026-03-27,11:52:25,2026-03-27T11:52:25+01:00,STATION,"Halles Castellane",0,12,12,0.0,43.609935,3.877208
2026-03-27,11:52:25,2026-03-27T11:52:25+01:00,STATION,"Observatoire",2,5,8,0.375,43.606301,3.87724
2026-03-27,11:52:25,2026-03-27T11:52:25+01:00,STATION,"Rondelet",8,8,16,0.5,43.603038,3.875796
2026-03-27,11:52:25,2026-03-27T11:52:25+01:00,STATION,"Plan Cabanes",4,8,12,0.3333333333333333,43.608491,3.868389
2026-03-27,11:52:25,2026-03-27T11:52:25+01:00,STATION,"Boutonnet",9,3,12,0.75,43.622629,3.868375
2026-03-27,11:52:25,2026-03-27T11:52:25+01:00,STATION,"Emile Combes",6,2,8,0.75,43.616742,3.87998
2026-03-27,11:52:25,2026-03-27T11:52:25+01:00,STATION,"Beaux-Arts",6,10,16,0.375,43.616698,3.884981
2026-03-27,11:52:25,2026-03-27T11:52:25+01:00,STATION,"Les Aubes",2,6,8,0.25,43.618692,3.893844
2026-03-27,11:52:25,2026-03-27T11:52:25+01:00,STATION,"Antigone centre",6,6,12,0.5,43.607942,3.890634
2026-03-27,11:52:25,2026-03-27T11:52:25+01:00,STATION,"Médiathèque Emile Zola",8,8,16,0.5,43.608218,3.89314
2026-03-27,11:52:25,2026-03-27T11:52:25+01:00,STATION,"Nombre d Or",3,13,16,0.1875,43.607859,3.886644
2026-03-27,11:52:25,2026-03-27T11:52:25+01:00,STATION,"Louis Blanc",7,9,16,0.4375,43.614642,3.877648
2026-03-27,11:52:25,2026-03-27T11:52:25+01:00,STATION,"Gambetta",6,2,8,0.75,43.607106,3.870693
2026-03-27,11:52:25,2026-03-27T11:52:25+01:00,STATION,"Port Marianne",11,5,16,0.6875,43.60032,3.89851
2026-03-27,11:52:25,2026-03-27T11:52:25+01:00,STATION,"Les Arceaux",6,2,8,0.75,43.612659,3.867734
2026-03-27,11:52:25,2026-03-27T11:52:25+01:00,STATION,"Cité Mion",1,5,8,0.375,43.601143,3.884373
2026-03-27,11:52:25,2026-03-27T11:52:25+01:00,STATION,"Nouveau Saint-Roch",5,3,8,0.625,43.599817,3.875757
2026-03-27,11:52:25,2026-03-27T11:52:25+01:00,STATION,"Renouvier",3,4,8,0.5,43.603553,3.867884
2026-03-27,11:52:25,2026-03-27T11:52:25+01:00,STATION,"Odysseum",0,8,8,0.0,43.603727,3.918979
2026-03-27,11:52:25,2026-03-27T11:52:25+01:00,STATION,"Saint-Denis",0,8,8,0.0,43.605021,3.875065
2026-03-27,11:52:25,2026-03-27T11:52:25+01:00,STATION,"Richter",7,9,16,0.4375,43.603424,3.899263
2026-03-27,11:52:25,2026-03-27T11:52:25+01:00,STATION,"Charles Flahault",0,8,8,0.0,43.622038,3.86672
2026-03-27,11:52:25,2026-03-27T11:52:25+01:00,STATION,"Voltaire",5,3,8,0.625,43.603767,3.888659
2026-03-27,11:52:25,2026-03-27T11:52:25+01:00,STATION,"Prés d Arènes",3,5,8,0.375,43.59048,3.884611
2026-03-27,11:52:25,2026-03-27T11:52:25+01:00,STATION,"Garcia Lorca",5,3,8,0.625,43.590757,3.890616
2026-03-27,11:52:25,2026-03-27T11:52:25+01:00,STATION,"Vert Bois",5,11,16,0.3125,43.63543,3.871179
2026-03-27,11:52:25,2026-03-27T11:52:25+01:00,STATION,"Malbosc",2,6,8,0.25,43.633679,3.832861
2026-03-27,11:52:25,2026-03-27T11:52:25+01:00,STATION,"Occitanie",5,27,32,0.15625,43.635689,3.849597
2026-03-27,11:52:25,2026-03-27T11:52:25+01:00,STATION,"Fac des Sciences",8,16,24,0.3333333333333333,43.631318,3.861299
2026-03-27,11:52:25,2026-03-27T11:52:25+01:00,STATION,"Fac de Lettres",6,6,12,0.5,43.630437,3.869539
2026-03-27,11:52:25,2026-03-27T11:52:25+01:00,STATION,"Aiguelongue",5,2,8,0.75,43.626163,3.882492
2026-03-27,11:52:25,2026-03-27T11:52:25+01:00,STATION,"Jeu de Mail des Abbés",4,4,8,0.5,43.619701,3.883831
2026-03-27,11:52:25,2026-03-27T11:52:25+01:00,STATION,"Euromédecine",1,7,8,0.125,43.639119,3.828199
2026-03-27,11:52:25,2026-03-27T11:52:25+01:00,STATION,"Marie Caizergues",5,3,8,0.625,43.619871,3.873812
2026-03-27,11:52:25,2026-03-27T11:52:25+01:00,STATION,"Sabines",7,1,8,0.875,43.584211,3.860031
2026-03-27,11:52:25,2026-03-27T11:52:25+01:00,STATION,"Celleneuve",1,7,8,0.125,43.61467,3.832624
2026-03-27,11:52:25,2026-03-27T11:52:25+01:00,STATION,"Jardin de la Lironde",5,3,8,0.625,43.60585,3.911576
2026-03-27,11:52:25,2026-03-27T11:52:25+01:00,STATION,"Père Soulas",6,2,8,0.75,43.621983,3.855603
2026-03-27,11:52:25,2026-03-27T11:52:25+01:00,STATION,"Place Viala",5,3,8,0.625,43.616812,3.855075
2026-03-27,11:52:25,2026-03-27T11:52:25+01:00,STATION,"Hôtel du Département",3,5,8,0.375,43.621682,3.83477
2026-03-27,11:52:25,2026-03-27T11:52:25+01:00,STATION,"Tonnelles",0,8,8,0.0,43.615155,3.839466
2026-03-27,11:52:25,2026-03-27T11:52:25+01:00,STATION,"Parvis Jules Ferry - Gare Saint-Roch",3,5,8,0.375,43.603889,3.879362
2026-03-27,11:52:25,2026-03-27T11:52:25+01:00,STATION,"Pont de Lattes - Gare Saint-Roch",8,4,12,0.6666666666666666,43.606036,3.882393
2026-03-27,11:52:25,2026-03-27T11:52:25+01:00,STATION,"Deux Ponts - Gare Saint-Roch",0,8,8,0.0,43.604319,3.880916
2026-03-27,11:52:25,2026-03-27T11:52:25+01:00,STATION,"Providence - Ovalie",4,4,8,0.5,43.588239,3.853421
2026-03-27,11:52:25,2026-03-27T11:52:25+01:00,STATION,"Pérols Etang de l Or",41,27,68,0.6029411764705882,43.558351,3.963412
2026-03-27,11:52:25,2026-03-27T11:52:25+01:00,STATION,"Albert 1er - Cathédrale",6,6,12,0.5,43.614005,3.873218
2026-03-27,11:52:25,2026-03-27T11:52:25+01:00,STATION,"Saint-Guilhem - Courreau",2,6,8,0.25,43.608996,3.872752
2026-03-27,11:52:25,2026-03-27T11:52:25+01:00,STATION,"Sud De France",2,6,8,0.25,43.59562,3.9235
2026-03-27,11:52:25,2026-03-27T11:52:25+01:00,STATION,"Comedie Baudin",0,8,8,0.0,43.608717,3.880787
2026-03-27,11:52:25,2026-03-27T11:52:25+01:00,STATION,"Jean de Beins",13,3,16,0.8125,43.609857,3.883884
2026-03-27,12:43:39,2026-03-27T12:43:39+01:00,STATION,"Rue Jules Ferry - Gare Saint-Roch",6,6,12,0.5,43.605366,3.881346
2026-03-27,12:43:39,2026-03-27T12:43:39+01:00,STATION,"Comédie",12,8,20,0.6,43.608148,3.878778
2026-03-27,12:43:39,2026-03-27T12:43:39+01:00,STATION,"Hôtel de Ville",10,6,16,0.625,43.599088,3.894866
2026-03-27,12:43:39,2026-03-27T12:43:39+01:00,STATION,"Corum",9,2,12,0.8333333333333334,43.613989,3.8816
2026-03-27,12:43:39,2026-03-27T12:43:39+01:00,STATION,"Place Albert 1er - St Charles",6,21,27,0.2222222222222222,43.616768,3.873375
2026-03-27,12:43:39,2026-03-27T12:43:39+01:00,STATION,"Foch",1,7,8,0.125,43.610989,3.873345
2026-03-27,12:43:39,2026-03-27T12:43:39+01:00,STATION,"Halles Castellane",0,12,12,0.0,43.609935,3.877208
2026-03-27,12:43:39,2026-03-27T12:43:39+01:00,STATION,"Observatoire",2,5,8,0.375,43.606301,3.87724
2026-03-27,12:43:39,2026-03-27T12:43:39+01:00,STATION,"Rondelet",8,8,16,0.5,43.603038,3.875796
2026-03-27,12:43:39,2026-03-27T12:43:39+01:00,STATION,"Plan Cabanes",4,8,12,0.3333333333333333,43.608491,3.868389
2026-03-27,12:43:39,2026-03-27T12:43:39+01:00,STATION,"Boutonnet",10,2,12,0.8333333333333334,43.622629,3.868375
2026-03-27,12:43:39,2026-03-27T12:43:39+01:00,STATION,"Emile Combes",8,0,8,1.0,43.616742,3.87998
2026-03-27,12:43:39,2026-03-27T12:43:39+01:00,STATION,"Beaux-Arts",6,10,16,0.375,43.616698,3.884981
2026-03-27,12:43:39,2026-03-27T12:43:39+01:00,STATION,"Les Aubes",1,7,8,0.125,43.618692,3.893844
2026-03-27,12:43:39,2026-03-27T12:43:39+01:00,STATION,"Antigone centre",6,6,12,0.5,43.607942,3.890634
2026-03-27,12:43:39,2026-03-27T12:43:39+01:00,STATION,"Médiathèque Emile Zola",7,9,16,0.4375,43.608218,3.89314
2026-03-27,12:43:39,2026-03-27T12:43:39+01:00,STATION,"Nombre d Or",3,13,16,0.1875,43.607859,3.886644
2026-03-27,12:43:39,2026-03-27T12:43:39+01:00,STATION,"Louis Blanc",8,8,16,0.5,43.614642,3.877648
2026-03-27,12:43:39,2026-03-27T12:43:39+01:00,STATION,"Gambetta",6,2,8,0.75,43.607106,3.870693
2026-03-27,12:43:39,2026-03-27T12:43:39+01:00,STATION,"Port Marianne",11,5,16,0.6875,43.60032,3.89851
2026-03-27,12:43:39,2026-03-27T12:43:39+01:00,STATION,"Les Arceaux",8,0,8,1.0,43.612659,3.867734
2026-03-27,12:43:39,2026-03-27T12:43:39+01:00,STATION,"Cité Mion",1,5,8,0.375,43.601143,3.884373
2026-03-27,12:43:39,2026-03-27T12:43:39+01:00,STATION,"Nouveau Saint-Roch",5,3,8,0.625,43.599817,3.875757
2026-03-27,12:43:39,2026-03-27T12:43:39+01:00,STATION,"Renouvier",3,4,8,0.5,43.603553,3.867884
2026-03-27,12:43:39,2026-03-27T12:43:39+01:00,STATION,"Odysseum",0,8,8,0.0,43.603727,3.918979
2026-03-27,12:43:39,2026-03-27T12:43:39+01:00,STATION,"Saint-Denis",0,8,8,0.0,43.605021,3.875065
2026-03-27,12:43:39,2026-03-27T12:43:39+01:00,STATION,"Richter",7,9,16,0.4375,43.603424,3.899263
2026-03-27,12:43:39,2026-03-27T12:43:39+01:00,STATION,"Charles Flahault",0,8,8,0.0,43.622038,3.86672
2026-03-27,12:43:39,2026-03-27T12:43:39+01:00,STATION,"Voltaire",5,3,8,0.625,43.603767,3.888659
2026-03-27,12:43:39,2026-03-27T12:43:39+01:00,STATION,"Prés d Arènes",3,5,8,0.375,43.59048,3.884611
2026-03-27,12:43:39,2026-03-27T12:43:39+01:00,STATION,"Garcia Lorca",5,3,8,0.625,43.590757,3.890616
2026-03-27,12:43:39,2026-03-27T12:43:39+01:00,STATION,"Vert Bois",5,11,16,0.3125,43.63543,3.871179
2026-03-27,12:43:39,2026-03-27T12:43:39+01:00,STATION,"Malbosc",2,6,8,0.25,43.633679,3.832861
2026-03-27,12:43:39,2026-03-27T12:43:39+01:00,STATION,"Occitanie",5,27,32,0.15625,43.635689,3.849597
2026-03-27,12:43:39,2026-03-27T12:43:39+01:00,STATION,"Fac des Sciences",8,16,24,0.3333333333333333,43.631318,3.861299
2026-03-27,12:43:39,2026-03-27T12:43:39+01:00,STATION,"Fac de Lettres",6,6,12,0.5,43.630437,3.869539
2026-03-27,12:43:39,2026-03-27T12:43:39+01:00,STATION,"Aiguelongue",5,2,8,0.75,43.626163,3.882492
2026-03-27,12:43:39,2026-03-27T12:43:39+01:00,STATION,"Jeu de Mail des Abbés",4,4,8,0.5,43.619701,3.883831
2026-03-27,12:43:39,2026-03-27T12:43:39+01:00,STATION,"Euromédecine",1,7,8,0.125,43.639119,3.828199
2026-03-27,12:43:39,2026-03-27T12:43:39+01:00,STATION,"Marie Caizergues",5,3,8,0.625,43.619871,3.873812
2026-03-27,12:43:39,2026-03-27T12:43:39+01:00,STATION,"Sabines",7,1,8,0.875,43.584211,3.860031
2026-03-27,12:43:39,2026-03-27T12:43:39+01:00,STATION,"Celleneuve",1,7,8,0.125,43.61467,3.832624
2026-03-27,12:43:39,2026-03-27T12:43:39+01:00,STATION,"Jardin de la Lironde",5,3,8,0.625,43.60585,3.911576
2026-03-27,12:43:39,2026-03-27T12:43:39+01:00,STATION,"Père Soulas",6,2,8,0.75,43.621983,3.855603
2026-03-27,12:43:39,2026-03-27T12:43:39+01:00,STATION,"Place Viala",3,5,8,0.375,43.616812,3.855075
2026-03-27,12:43:39,2026-03-27T12:43:39+01:00,STATION,"Hôtel du Département",3,5,8,0.375,43.621682,3.83477
2026-03-27,12:43:39,2026-03-27T12:43:39+01:00,STATION,"Tonnelles",0,8,8,0.0,43.615155,3.839466
2026-03-27,12:43:39,2026-03-27T12:43:39+01:00,STATION,"Parvis Jules Ferry - Gare Saint-Roch",3,5,8,0.375,43.603889,3.879362
2026-03-27,12:43:39,2026-03-27T12:43:39+01:00,STATION,"Pont de Lattes - Gare Saint-Roch",8,4,12,0.6666666666666666,43.606036,3.882393
2026-03-27,12:43:39,2026-03-27T12:43:39+01:00,STATION,"Deux Ponts - Gare Saint-Roch",0,8,8,0.0,43.604319,3.880916
2026-03-27,12:43:39,2026-03-27T12:43:39+01:00,STATION,"Providence - Ovalie",4,4,8,0.5,43.588239,3.853421
2026-03-27,12:43:39,2026-03-27T12:43:39+01:00,STATION,"Pérols Etang de l Or",43,25,68,0.6323529411764706,43.558351,3.963412
2026-03-27,12:43:39,2026-03-27T12:43:39+01:00,STATION,"Albert 1er - Cathédrale",6,6,12,0.5,43.614005,3.873218
2026-03-27,12:43:39,2026-03-27T12:43:39+01:00,STATION,"Saint-Guilhem - Courreau",2,6,8,0.25,43.608996,3.872752
2026-03-27,12:43:39,2026-03-27T12:43:39+01:00,STATION,"Sud De France",2,6,8,0.25,43.59562,3.9235
2026-03-27,12:43:39,2026-03-27T12:43:39+01:00,STATION,"Comedie Baudin",0,8,8,0.0,43.608717,3.880787
2026-03-27,12:43:39,2026-03-27T12:43:39+01:00,STATION,"Jean de Beins",13,3,16,0.8125,43.609857,3.883884
2026-03-27,14:08:29,2026-03-27T14:08:29+01:00,STATION,"Rue Jules Ferry - Gare Saint-Roch",6,6,12,0.5,43.605366,3.881346
2026-03-27,14:08:29,2026-03-27T14:08:29+01:00,STATION,"Comédie",12,8,20,0.6,43.608148,3.878778
2026-03-27,14:08:29,2026-03-27T14:08:29+01:00,STATION,"Hôtel de Ville",10,6,16,0.625,43.599088,3.894866
2026-03-27,14:08:29,2026-03-27T14:08:29+01:00,STATION,"Corum",10,1,12,0.9166666666666666,43.613989,3.8816
2026-03-27,14:08:29,2026-03-27T14:08:29+01:00,STATION,"Place Albert 1er - St Charles",6,21,27,0.2222222222222222,43.616768,3.873375
2026-03-27,14:08:29,2026-03-27T14:08:29+01:00,STATION,"Foch",2,6,8,0.25,43.610989,3.873345
2026-03-27,14:08:29,2026-03-27T14:08:29+01:00,STATION,"Halles Castellane",0,12,12,0.0,43.609935,3.877208
2026-03-27,14:08:29,2026-03-27T14:08:29+01:00,STATION,"Observatoire",2,5,8,0.375,43.606301,3.87724
2026-03-27,14:08:29,2026-03-27T14:08:29+01:00,STATION,"Rondelet",8,8,16,0.5,43.603038,3.875796
2026-03-27,14:08:29,2026-03-27T14:08:29+01:00,STATION,"Plan Cabanes",4,8,12,0.3333333333333333,43.608491,3.868389
2026-03-27,14:08:29,2026-03-27T14:08:29+01:00,STATION,"Boutonnet",11,1,12,0.9166666666666666,43.622629,3.868375
2026-03-27,14:08:29,2026-03-27T14:08:29+01:00,STATION,"Emile Combes",8,0,8,1.0,43.616742,3.87998
2026-03-27,14:08:29,2026-03-27T14:08:29+01:00,STATION,"Beaux-Arts",6,10,16,0.375,43.616698,3.884981
2026-03-27,14:08:29,2026-03-27T14:08:29+01:00,STATION,"Les Aubes",1,7,8,0.125,43.618692,3.893844
2026-03-27,14:08:29,2026-03-27T14:08:29+01:00,STATION,"Antigone centre",6,6,12,0.5,43.607942,3.890634
2026-03-27,14:08:29,2026-03-27T14:08:29+01:00,STATION,"Médiathèque Emile Zola",6,10,16,0.375,43.608218,3.89314
2026-03-27,14:08:29,2026-03-27T14:08:29+01:00,STATION,"Nombre d Or",3,13,16,0.1875,43.607859,3.886644
2026-03-27,14:08:29,2026-03-27T14:08:29+01:00,STATION,"Louis Blanc",9,7,16,0.5625,43.614642,3.877648
2026-03-27,14:08:29,2026-03-27T14:08:29+01:00,STATION,"Gambetta",6,2,8,0.75,43.607106,3.870693
2026-03-27,14:08:29,2026-03-27T14:08:29+01:00,STATION,"Port Marianne",11,5,16,0.6875,43.60032,3.89851
2026-03-27,14:08:29,2026-03-27T14:08:29+01:00,STATION,"Les Arceaux",6,2,8,0.75,43.612659,3.867734
2026-03-27,14:08:29,2026-03-27T14:08:29+01:00,STATION,"Cité Mion",2,4,8,0.5,43.601143,3.884373
2026-03-27,14:08:29,2026-03-27T14:08:29+01:00,STATION,"Nouveau Saint-Roch",5,3,8,0.625,43.599817,3.875757
2026-03-27,14:08:29,2026-03-27T14:08:29+01:00,STATION,"Renouvier",4,3,8,0.625,43.603553,3.867884
2026-03-27,14:08:29,2026-03-27T14:08:29+01:00,STATION,"Odysseum",0,8,8,0.0,43.603727,3.918979
2026-03-27,14:08:29,2026-03-27T14:08:29+01:00,STATION,"Saint-Denis",0,8,8,0.0,43.605021,3.875065
2026-03-27,14:08:29,2026-03-27T14:08:29+01:00,STATION,"Richter",8,8,16,0.5,43.603424,3.899263
2026-03-27,14:08:29,2026-03-27T14:08:29+01:00,STATION,"Charles Flahault",0,8,8,0.0,43.622038,3.86672
2026-03-27,14:08:29,2026-03-27T14:08:29+01:00,STATION,"Voltaire",5,3,8,0.625,43.603767,3.888659
2026-03-27,14:08:29,2026-03-27T14:08:29+01:00,STATION,"Prés d Arènes",3,5,8,0.375,43.59048,3.884611
2026-03-27,14:08:29,2026-03-27T14:08:29+01:00,STATION,"Garcia Lorca",5,3,8,0.625,43.590757,3.890616
2026-03-27,14:08:29,2026-03-27T14:08:29+01:00,STATION,"Vert Bois",4,12,16,0.25,43.63543,3.871179
2026-03-27,14:08:29,2026-03-27T14:08:29+01:00,STATION,"Malbosc",2,6,8,0.25,43.633679,3.832861
2026-03-27,14:08:29,2026-03-27T14:08:29+01:00,STATION,"Occitanie",4,28,32,0.125,43.635689,3.849597
2026-03-27,14:08:29,2026-03-27T14:08:29+01:00,STATION,"Fac des Sciences",8,16,24,0.3333333333333333,43.631318,3.861299
2026-03-27,14:08:29,2026-03-27T14:08:29+01:00,STATION,"Fac de Lettres",6,6,12,0.5,43.630437,3.869539
2026-03-27,14:08:29,2026-03-27T14:08:29+01:00,STATION,"Aiguelongue",4,3,8,0.625,43.626163,3.882492
2026-03-27,14:08:29,2026-03-27T14:08:29+01:00,STATION,"Jeu de Mail des Abbés",4,4,8,0.5,43.619701,3.883831
2026-03-27,14:08:29,2026-03-27T14:08:29+01:00,STATION,"Euromédecine",1,7,8,0.125,43.639119,3.828199
2026-03-27,14:08:29,2026-03-27T14:08:29+01:00,STATION,"Marie Caizergues",4,4,8,0.5,43.619871,3.873812
2026-03-27,14:08:29,2026-03-27T14:08:29+01:00,STATION,"Sabines",7,1,8,0.875,43.584211,3.860031
2026-03-27,14:08:29,2026-03-27T14:08:29+01:00,STATION,"Celleneuve",1,7,8,0.125,43.61467,3.832624
2026-03-27,14:08:29,2026-03-27T14:08:29+01:00,STATION,"Jardin de la Lironde",5,3,8,0.625,43.60585,3.911576
2026-03-27,14:08:29,2026-03-27T14:08:29+01:00,STATION,"Père Soulas",6,2,8,0.75,43.621983,3.855603
2026-03-27,14:08:29,2026-03-27T14:08:29+01:00,STATION,"Place Viala",3,5,8,0.375,43.616812,3.855075
2026-03-27,14:08:29,2026-03-27T14:08:29+01:00,STATION,"Hôtel du Département",3,5,8,0.375,43.621682,3.83477
2026-03-27,14:08:29,2026-03-27T14:08:29+01:00,STATION,"Tonnelles",0,8,8,0.0,43.615155,3.839466
2026-03-27,14:08:29,2026-03-27T14:08:29+01:00,STATION,"Parvis Jules Ferry - Gare Saint-Roch",3,5,8,0.375,43.603889,3.879362
2026-03-27,14:08:29,2026-03-27T14:08:29+01:00,STATION,"Pont de Lattes - Gare Saint-Roch",8,4,12,0.6666666666666666,43.606036,3.882393
2026-03-27,14:08:29,2026-03-27T14:08:29+01:00,STATION,"Deux Ponts - Gare Saint-Roch",0,8,8,0.0,43.604319,3.880916
2026-03-27,14:08:29,2026-03-27T14:08:29+01:00,STATION,"Providence - Ovalie",4,4,8,0.5,43.588239,3.853421
2026-03-27,14:08:29,2026-03-27T14:08:29+01:00,STATION,"Pérols Etang de l Or",39,29,68,0.5735294117647058,43.558351,3.963412
2026-03-27,14:08:29,2026-03-27T14:08:29+01:00,STATION,"Albert 1er - Cathédrale",6,6,12,0.5,43.614005,3.873218
2026-03-27,14:08:29,2026-03-27T14:08:29+01:00,STATION,"Saint-Guilhem - Courreau",2,6,8,0.25,43.608996,3.872752
2026-03-27,14:08:29,2026-03-27T14:08:29+01:00,STATION,"Sud De France",2,6,8,0.25,43.59562,3.9235
2026-03-27,14:08:29,2026-03-27T14:08:29+01:00,STATION,"Comedie Baudin",0,8,8,0.0,43.608717,3.880787
2026-03-27,14:08:29,2026-03-27T14:08:29+01:00,STATION,"Jean de Beins",13,3,16,0.8125,43.609857,3.883884
2026-03-27,15:33:06,2026-03-27T15:33:06+01:00,STATION,"Rue Jules Ferry - Gare Saint-Roch",6,6,12,0.5,43.605366,3.881346
2026-03-27,15:33:06,2026-03-27T15:33:06+01:00,STATION,"Comédie",12,8,20,0.6,43.608148,3.878778
2026-03-27,15:33:06,2026-03-27T15:33:06+01:00,STATION,"Hôtel de Ville",10,6,16,0.625,43.599088,3.894866
2026-03-27,15:33:06,2026-03-27T15:33:06+01:00,STATION,"Corum",10,1,12,0.9166666666666666,43.613989,3.8816
2026-03-27,15:33:06,2026-03-27T15:33:06+01:00,STATION,"Place Albert 1er - St Charles",6,21,27,0.2222222222222222,43.616768,3.873375
2026-03-27,15:33:06,2026-03-27T15:33:06+01:00,STATION,"Foch",2,6,8,0.25,43.610989,3.873345
2026-03-27,15:33:06,2026-03-27T15:33:06+01:00,STATION,"Halles Castellane",0,12,12,0.0,43.609935,3.877208
2026-03-27,15:33:06,2026-03-27T15:33:06+01:00,STATION,"Observatoire",3,4,8,0.5,43.606301,3.87724
2026-03-27,15:33:06,2026-03-27T15:33:06+01:00,STATION,"Rondelet",8,8,16,0.5,43.603038,3.875796
2026-03-27,15:33:06,2026-03-27T15:33:06+01:00,STATION,"Plan Cabanes",4,8,12,0.3333333333333333,43.608491,3.868389
2026-03-27,15:33:06,2026-03-27T15:33:06+01:00,STATION,"Boutonnet",11,1,12,0.9166666666666666,43.622629,3.868375
2026-03-27,15:33:06,2026-03-27T15:33:06+01:00,STATION,"Emile Combes",8,0,8,1.0,43.616742,3.87998
2026-03-27,15:33:06,2026-03-27T15:33:06+01:00,STATION,"Beaux-Arts",6,10,16,0.375,43.616698,3.884981
2026-03-27,15:33:06,2026-03-27T15:33:06+01:00,STATION,"Les Aubes",2,6,8,0.25,43.618692,3.893844
2026-03-27,15:33:06,2026-03-27T15:33:06+01:00,STATION,"Antigone centre",6,6,12,0.5,43.607942,3.890634
2026-03-27,15:33:06,2026-03-27T15:33:06+01:00,STATION,"Médiathèque Emile Zola",6,10,16,0.375,43.608218,3.89314
2026-03-27,15:33:06,2026-03-27T15:33:06+01:00,STATION,"Nombre d Or",3,13,16,0.1875,43.607859,3.886644
2026-03-27,15:33:06,2026-03-27T15:33:06+01:00,STATION,"Louis Blanc",9,7,16,0.5625,43.614642,3.877648
2026-03-27,15:33:06,2026-03-27T15:33:06+01:00,STATION,"Gambetta",6,2,8,0.75,43.607106,3.870693
2026-03-27,15:33:06,2026-03-27T15:33:06+01:00,STATION,"Port Marianne",12,4,16,0.75,43.60032,3.89851
2026-03-27,15:33:06,2026-03-27T15:33:06+01:00,STATION,"Les Arceaux",7,1,8,0.875,43.612659,3.867734
2026-03-27,15:33:06,2026-03-27T15:33:06+01:00,STATION,"Cité Mion",2,4,8,0.5,43.601143,3.884373
2026-03-27,15:33:06,2026-03-27T15:33:06+01:00,STATION,"Nouveau Saint-Roch",5,3,8,0.625,43.599817,3.875757
2026-03-27,15:33:06,2026-03-27T15:33:06+01:00,STATION,"Renouvier",4,3,8,0.625,43.603553,3.867884
2026-03-27,15:33:06,2026-03-27T15:33:06+01:00,STATION,"Odysseum",0,8,8,0.0,43.603727,3.918979
2026-03-27,15:33:06,2026-03-27T15:33:06+01:00,STATION,"Saint-Denis",0,8,8,0.0,43.605021,3.875065
2026-03-27,15:33:06,2026-03-27T15:33:06+01:00,STATION,"Richter",8,8,16,0.5,43.603424,3.899263
2026-03-27,15:33:06,2026-03-27T15:33:06+01:00,STATION,"Charles Flahault",0,8,8,0.0,43.622038,3.86672
2026-03-27,15:33:06,2026-03-27T15:33:06+01:00,STATION,"Voltaire",4,4,8,0.5,43.603767,3.888659
2026-03-27,15:33:06,2026-03-27T15:33:06+01:00,STATION,"Prés d Arènes",2,6,8,0.25,43.59048,3.884611
2026-03-27,15:33:06,2026-03-27T15:33:06+01:00,STATION,"Garcia Lorca",5,3,8,0.625,43.590757,3.890616
2026-03-27,15:33:06,2026-03-27T15:33:06+01:00,STATION,"Vert Bois",3,13,16,0.1875,43.63543,3.871179
2026-03-27,15:33:06,2026-03-27T15:33:06+01:00,STATION,"Malbosc",2,6,8,0.25,43.633679,3.832861
2026-03-27,15:33:06,2026-03-27T15:33:06+01:00,STATION,"Occitanie",5,27,32,0.15625,43.635689,3.849597
2026-03-27,15:33:06,2026-03-27T15:33:06+01:00,STATION,"Fac des Sciences",9,15,24,0.375,43.631318,3.861299
2026-03-27,15:33:06,2026-03-27T15:33:06+01:00,STATION,"Fac de Lettres",6,6,12,0.5,43.630437,3.869539
2026-03-27,15:33:06,2026-03-27T15:33:06+01:00,STATION,"Aiguelongue",4,3,8,0.625,43.626163,3.882492
2026-03-27,15:33:06,2026-03-27T15:33:06+01:00,STATION,"Jeu de Mail des Abbés",4,4,8,0.5,43.619701,3.883831
2026-03-27,15:33:06,2026-03-27T15:33:06+01:00,STATION,"Euromédecine",0,8,8,0.0,43.639119,3.828199
2026-03-27,15:33:06,2026-03-27T15:33:06+01:00,STATION,"Marie Caizergues",4,4,8,0.5,43.619871,3.873812
2026-03-27,15:33:06,2026-03-27T15:33:06+01:00,STATION,"Sabines",7,1,8,0.875,43.584211,3.860031
2026-03-27,15:33:06,2026-03-27T15:33:06+01:00,STATION,"Celleneuve",1,7,8,0.125,43.61467,3.832624
2026-03-27,15:33:06,2026-03-27T15:33:06+01:00,STATION,"Jardin de la Lironde",5,3,8,0.625,43.60585,3.911576
2026-03-27,15:33:06,2026-03-27T15:33:06+01:00,STATION,"Père Soulas",6,2,8,0.75,43.621983,3.855603
2026-03-27,15:33:06,2026-03-27T15:33:06+01:00,STATION,"Place Viala",3,5,8,0.375,43.616812,3.855075
2026-03-27,15:33:06,2026-03-27T15:33:06+01:00,STATION,"Hôtel du Département",3,5,8,0.375,43.621682,3.83477
2026-03-27,15:33:06,2026-03-27T15:33:06+01:00,STATION,"Tonnelles",0,8,8,0.0,43.615155,3.839466
2026-03-27,15:33:06,2026-03-27T15:33:06+01:00,STATION,"Parvis Jules Ferry - Gare Saint-Roch",4,4,8,0.5,43.603889,3.879362
2026-03-27,15:33:06,2026-03-27T15:33:06+01:00,STATION,"Pont de Lattes - Gare Saint-Roch",9,3,12,0.75,43.606036,3.882393
2026-03-27,15:33:06,2026-03-27T15:33:06+01:00,STATION,"Deux Ponts - Gare Saint-Roch",0,8,8,0.0,43.604319,3.880916
2026-03-27,15:33:06,2026-03-27T15:33:06+01:00,STATION,"Providence - Ovalie",4,4,8,0.5,43.588239,3.853421
2026-03-27,15:33:06,2026-03-27T15:33:06+01:00,STATION,"Pérols Etang de l Or",25,43,68,0.36764705882352944,43.558351,3.963412
2026-03-27,15:33:06,2026-03-27T15:33:06+01:00,STATION,"Albert 1er - Cathédrale",6,6,12,0.5,43.614005,3.873218
2026-03-27,15:33:06,2026-03-27T15:33:06+01:00,STATION,"Saint-Guilhem - Courreau",2,6,8,0.25,43.608996,3.872752
2026-03-27,15:33:06,2026-03-27T15:33:06+01:00,STATION,"Sud De France",2,6,8,0.25,43.59562,3.9235
2026-03-27,15:33:06,2026-03-27T15:33:06+01:00,STATION,"Comedie Baudin",0,8,8,0.0,43.608717,3.880787
2026-03-27,15:33:06,2026-03-27T15:33:06+01:00,STATION,"Jean de Beins",13,3,16,0.8125,43.609857,3.883884
2026-03-27,16:55:30,2026-03-27T16:55:30+01:00,STATION,"Rue Jules Ferry - Gare Saint-Roch",7,5,12,0.5833333333333334,43.605366,3.881346
2026-03-27,16:55:30,2026-03-27T16:55:30+01:00,STATION,"Comédie",12,8,20,0.6,43.608148,3.878778
2026-03-27,16:55:30,2026-03-27T16:55:30+01:00,STATION,"Hôtel de Ville",10,6,16,0.625,43.599088,3.894866
2026-03-27,16:55:30,2026-03-27T16:55:30+01:00,STATION,"Corum",10,1,12,0.9166666666666666,43.613989,3.8816
2026-03-27,16:55:30,2026-03-27T16:55:30+01:00,STATION,"Place Albert 1er - St Charles",6,21,27,0.2222222222222222,43.616768,3.873375
2026-03-27,16:55:30,2026-03-27T16:55:30+01:00,STATION,"Foch",2,6,8,0.25,43.610989,3.873345
2026-03-27,16:55:30,2026-03-27T16:55:30+01:00,STATION,"Halles Castellane",0,12,12,0.0,43.609935,3.877208
2026-03-27,16:55:30,2026-03-27T16:55:30+01:00,STATION,"Observatoire",3,4,8,0.5,43.606301,3.87724
2026-03-27,16:55:30,2026-03-27T16:55:30+01:00,STATION,"Rondelet",8,8,16,0.5,43.603038,3.875796
2026-03-27,16:55:30,2026-03-27T16:55:30+01:00,STATION,"Plan Cabanes",4,8,12,0.3333333333333333,43.608491,3.868389
2026-03-27,16:55:30,2026-03-27T16:55:30+01:00,STATION,"Boutonnet",10,2,12,0.8333333333333334,43.622629,3.868375
2026-03-27,16:55:30,2026-03-27T16:55:30+01:00,STATION,"Emile Combes",8,0,8,1.0,43.616742,3.87998
2026-03-27,16:55:30,2026-03-27T16:55:30+01:00,STATION,"Beaux-Arts",6,10,16,0.375,43.616698,3.884981
2026-03-27,16:55:30,2026-03-27T16:55:30+01:00,STATION,"Les Aubes",2,6,8,0.25,43.618692,3.893844
2026-03-27,16:55:30,2026-03-27T16:55:30+01:00,STATION,"Antigone centre",6,6,12,0.5,43.607942,3.890634
2026-03-27,16:55:30,2026-03-27T16:55:30+01:00,STATION,"Médiathèque Emile Zola",7,9,16,0.4375,43.608218,3.89314
2026-03-27,16:55:30,2026-03-27T16:55:30+01:00,STATION,"Nombre d Or",3,13,16,0.1875,43.607859,3.886644
2026-03-27,16:55:30,2026-03-27T16:55:30+01:00,STATION,"Louis Blanc",9,7,16,0.5625,43.614642,3.877648
2026-03-27,16:55:30,2026-03-27T16:55:30+01:00,STATION,"Gambetta",6,2,8,0.75,43.607106,3.870693
2026-03-27,16:55:30,2026-03-27T16:55:30+01:00,STATION,"Port Marianne",11,5,16,0.6875,43.60032,3.89851
2026-03-27,16:55:30,2026-03-27T16:55:30+01:00,STATION,"Les Arceaux",7,1,8,0.875,43.612659,3.867734
2026-03-27,16:55:30,2026-03-27T16:55:30+01:00,STATION,"Cité Mion",2,4,8,0.5,43.601143,3.884373
2026-03-27,16:55:30,2026-03-27T16:55:30+01:00,STATION,"Nouveau Saint-Roch",6,2,8,0.75,43.599817,3.875757
2026-03-27,16:55:30,2026-03-27T16:55:30+01:00,STATION,"Renouvier",4,3,8,0.625,43.603553,3.867884
2026-03-27,16:55:30,2026-03-27T16:55:30+01:00,STATION,"Odysseum",0,8,8,0.0,43.603727,3.918979
2026-03-27,16:55:30,2026-03-27T16:55:30+01:00,STATION,"Saint-Denis",0,8,8,0.0,43.605021,3.875065
2026-03-27,16:55:30,2026-03-27T16:55:30+01:00,STATION,"Richter",8,8,16,0.5,43.603424,3.899263
2026-03-27,16:55:30,2026-03-27T16:55:30+01:00,STATION,"Charles Flahault",0,8,8,0.0,43.622038,3.86672
2026-03-27,16:55:30,2026-03-27T16:55:30+01:00,STATION,"Voltaire",4,4,8,0.5,43.603767,3.888659
2026-03-27,16:55:30,2026-03-27T16:55:30+01:00,STATION,"Prés d Arènes",2,6,8,0.25,43.59048,3.884611
2026-03-27,16:55:30,2026-03-27T16:55:30+01:00,STATION,"Garcia Lorca",6,2,8,0.75,43.590757,3.890616
2026-03-27,16:55:30,2026-03-27T16:55:30+01:00,STATION,"Vert Bois",5,11,16,0.3125,43.63543,3.871179
2026-03-27,16:55:30,2026-03-27T16:55:30+01:00,STATION,"Malbosc",2,6,8,0.25,43.633679,3.832861
2026-03-27,16:55:30,2026-03-27T16:55:30+01:00,STATION,"Occitanie",13,19,32,0.40625,43.635689,3.849597
2026-03-27,16:55:30,2026-03-27T16:55:30+01:00,STATION,"Fac des Sciences",9,15,24,0.375,43.631318,3.861299
2026-03-27,16:55:30,2026-03-27T16:55:30+01:00,STATION,"Fac de Lettres",5,7,12,0.4166666666666667,43.630437,3.869539
2026-03-27,16:55:30,2026-03-27T16:55:30+01:00,STATION,"Aiguelongue",3,4,8,0.5,43.626163,3.882492
2026-03-27,16:55:30,2026-03-27T16:55:30+01:00,STATION,"Jeu de Mail des Abbés",5,3,8,0.625,43.619701,3.883831
2026-03-27,16:55:30,2026-03-27T16:55:30+01:00,STATION,"Euromédecine",0,8,8,0.0,43.639119,3.828199
2026-03-27,16:55:30,2026-03-27T16:55:30+01:00,STATION,"Marie Caizergues",5,3,8,0.625,43.619871,3.873812
2026-03-27,16:55:30,2026-03-27T16:55:30+01:00,STATION,"Sabines",7,1,8,0.875,43.584211,3.860031
2026-03-27,16:55:30,2026-03-27T16:55:30+01:00,STATION,"Celleneuve",1,7,8,0.125,43.61467,3.832624
2026-03-27,16:55:30,2026-03-27T16:55:30+01:00,STATION,"Jardin de la Lironde",5,3,8,0.625,43.60585,3.911576
2026-03-27,16:55:30,2026-03-27T16:55:30+01:00,STATION,"Père Soulas",6,2,8,0.75,43.621983,3.855603
2026-03-27,16:55:30,2026-03-27T16:55:30+01:00,STATION,"Place Viala",2,6,8,0.25,43.616812,3.855075
2026-03-27,16:55:30,2026-03-27T16:55:30+01:00,STATION,"Hôtel du Département",3,5,8,0.375,43.621682,3.83477
2026-03-27,16:55:30,2026-03-27T16:55:30+01:00,STATION,"Tonnelles",0,8,8,0.0,43.615155,3.839466
2026-03-27,16:55:30,2026-03-27T16:55:30+01:00,STATION,"Parvis Jules Ferry - Gare Saint-Roch",4,4,8,0.5,43.603889,3.879362
2026-03-27,16:55:30,2026-03-27T16:55:30+01:00,STATION,"Pont de Lattes - Gare Saint-Roch",9,3,12,0.75,43.606036,3.882393
2026-03-27,16:55:30,2026-03-27T16:55:30+01:00,STATION,"Deux Ponts - Gare Saint-Roch",0,8,8,0.0,43.604319,3.880916
2026-03-27,16:55:30,2026-03-27T16:55:30+01:00,STATION,"Providence - Ovalie",3,5,8,0.375,43.588239,3.853421
2026-03-27,16:55:30,2026-03-27T16:55:30+01:00,STATION,"Pérols Etang de l Or",28,40,68,0.4117647058823529,43.558351,3.963412
2026-03-27,16:55:30,2026-03-27T16:55:30+01:00,STATION,"Albert 1er - Cathédrale",6,6,12,0.5,43.614005,3.873218
2026-03-27,16:55:30,2026-03-27T16:55:30+01:00,STATION,"Saint-Guilhem - Courreau",2,6,8,0.25,43.608996,3.872752
2026-03-27,16:55:30,2026-03-27T16:55:30+01:00,STATION,"Sud De France",1,7,8,0.125,43.59562,3.9235
2026-03-27,16:55:30,2026-03-27T16:55:30+01:00,STATION,"Comedie Baudin",0,8,8,0.0,43.608717,3.880787
2026-03-27,16:55:30,2026-03-27T16:55:30+01:00,STATION,"Jean de Beins",14,2,16,0.875,43.609857,3.883884
2026-03-27,17:57:40,2026-03-27T17:57:40+01:00,STATION,"Rue Jules Ferry - Gare Saint-Roch",8,4,12,0.6666666666666666,43.605366,3.881346
2026-03-27,17:57:40,2026-03-27T17:57:40+01:00,STATION,"Comédie",14,6,20,0.7,43.608148,3.878778
2026-03-27,17:57:40,2026-03-27T17:57:40+01:00,STATION,"Hôtel de Ville",10,6,16,0.625,43.599088,3.894866
2026-03-27,17:57:40,2026-03-27T17:57:40+01:00,STATION,"Corum",9,2,12,0.8333333333333334,43.613989,3.8816
2026-03-27,17:57:40,2026-03-27T17:57:40+01:00,STATION,"Place Albert 1er - St Charles",6,21,27,0.2222222222222222,43.616768,3.873375
2026-03-27,17:57:40,2026-03-27T17:57:40+01:00,STATION,"Foch",2,6,8,0.25,43.610989,3.873345
2026-03-27,17:57:40,2026-03-27T17:57:40+01:00,STATION,"Halles Castellane",0,12,12,0.0,43.609935,3.877208
2026-03-27,17:57:40,2026-03-27T17:57:40+01:00,STATION,"Observatoire",3,4,8,0.5,43.606301,3.87724
2026-03-27,17:57:40,2026-03-27T17:57:40+01:00,STATION,"Rondelet",8,8,16,0.5,43.603038,3.875796
2026-03-27,17:57:40,2026-03-27T17:57:40+01:00,STATION,"Plan Cabanes",5,7,12,0.4166666666666667,43.608491,3.868389
2026-03-27,17:57:40,2026-03-27T17:57:40+01:00,STATION,"Boutonnet",10,2,12,0.8333333333333334,43.622629,3.868375
2026-03-27,17:57:40,2026-03-27T17:57:40+01:00,STATION,"Emile Combes",8,0,8,1.0,43.616742,3.87998
2026-03-27,17:57:40,2026-03-27T17:57:40+01:00,STATION,"Beaux-Arts",6,10,16,0.375,43.616698,3.884981
2026-03-27,17:57:40,2026-03-27T17:57:40+01:00,STATION,"Les Aubes",2,6,8,0.25,43.618692,3.893844
2026-03-27,17:57:40,2026-03-27T17:57:40+01:00,STATION,"Antigone centre",5,7,12,0.4166666666666667,43.607942,3.890634
2026-03-27,17:57:40,2026-03-27T17:57:40+01:00,STATION,"Médiathèque Emile Zola",6,10,16,0.375,43.608218,3.89314
2026-03-27,17:57:40,2026-03-27T17:57:40+01:00,STATION,"Nombre d Or",3,13,16,0.1875,43.607859,3.886644
2026-03-27,17:57:40,2026-03-27T17:57:40+01:00,STATION,"Louis Blanc",8,8,16,0.5,43.614642,3.877648
2026-03-27,17:57:40,2026-03-27T17:57:40+01:00,STATION,"Gambetta",6,2,8,0.75,43.607106,3.870693
2026-03-27,17:57:40,2026-03-27T17:57:40+01:00,STATION,"Port Marianne",12,4,16,0.75,43.60032,3.89851
2026-03-27,17:57:40,2026-03-27T17:57:40+01:00,STATION,"Les Arceaux",8,0,8,1.0,43.612659,3.867734
2026-03-27,17:57:40,2026-03-27T17:57:40+01:00,STATION,"Cité Mion",1,5,8,0.375,43.601143,3.884373
2026-03-27,17:57:40,2026-03-27T17:57:40+01:00,STATION,"Nouveau Saint-Roch",7,1,8,0.875,43.599817,3.875757
2026-03-27,17:57:40,2026-03-27T17:57:40+01:00,STATION,"Renouvier",4,3,8,0.625,43.603553,3.867884
2026-03-27,17:57:40,2026-03-27T17:57:40+01:00,STATION,"Odysseum",0,8,8,0.0,43.603727,3.918979
2026-03-27,17:57:40,2026-03-27T17:57:40+01:00,STATION,"Saint-Denis",0,8,8,0.0,43.605021,3.875065
2026-03-27,17:57:40,2026-03-27T17:57:40+01:00,STATION,"Richter",8,8,16,0.5,43.603424,3.899263
2026-03-27,17:57:40,2026-03-27T17:57:40+01:00,STATION,"Charles Flahault",0,8,8,0.0,43.622038,3.86672
2026-03-27,17:57:40,2026-03-27T17:57:40+01:00,STATION,"Voltaire",4,4,8,0.5,43.603767,3.888659
2026-03-27,17:57:40,2026-03-27T17:57:40+01:00,STATION,"Prés d Arènes",2,6,8,0.25,43.59048,3.884611
2026-03-27,17:57:40,2026-03-27T17:57:40+01:00,STATION,"Garcia Lorca",6,2,8,0.75,43.590757,3.890616
2026-03-27,17:57:40,2026-03-27T17:57:40+01:00,STATION,"Vert Bois",5,11,16,0.3125,43.63543,3.871179
2026-03-27,17:57:40,2026-03-27T17:57:40+01:00,STATION,"Malbosc",2,6,8,0.25,43.633679,3.832861
2026-03-27,17:57:40,2026-03-27T17:57:40+01:00,STATION,"Occitanie",11,21,32,0.34375,43.635689,3.849597
2026-03-27,17:57:40,2026-03-27T17:57:40+01:00,STATION,"Fac des Sciences",9,15,24,0.375,43.631318,3.861299
2026-03-27,17:57:40,2026-03-27T17:57:40+01:00,STATION,"Fac de Lettres",5,7,12,0.4166666666666667,43.630437,3.869539
2026-03-27,17:57:40,2026-03-27T17:57:40+01:00,STATION,"Aiguelongue",2,5,8,0.375,43.626163,3.882492
2026-03-27,17:57:40,2026-03-27T17:57:40+01:00,STATION,"Jeu de Mail des Abbés",5,3,8,0.625,43.619701,3.883831
2026-03-27,17:57:40,2026-03-27T17:57:40+01:00,STATION,"Euromédecine",0,8,8,0.0,43.639119,3.828199
2026-03-27,17:57:40,2026-03-27T17:57:40+01:00,STATION,"Marie Caizergues",6,2,8,0.75,43.619871,3.873812
2026-03-27,17:57:40,2026-03-27T17:57:40+01:00,STATION,"Sabines",7,1,8,0.875,43.584211,3.860031
2026-03-27,17:57:40,2026-03-27T17:57:40+01:00,STATION,"Celleneuve",1,7,8,0.125,43.61467,3.832624
2026-03-27,17:57:40,2026-03-27T17:57:40+01:00,STATION,"Jardin de la Lironde",5,3,8,0.625,43.60585,3.911576
2026-03-27,17:57:40,2026-03-27T17:57:40+01:00,STATION,"Père Soulas",6,2,8,0.75,43.621983,3.855603
2026-03-27,17:57:40,2026-03-27T17:57:40+01:00,STATION,"Place Viala",1,7,8,0.125,43.616812,3.855075
2026-03-27,17:57:40,2026-03-27T17:57:40+01:00,STATION,"Hôtel du Département",3,5,8,0.375,43.621682,3.83477
2026-03-27,17:57:40,2026-03-27T17:57:40+01:00,STATION,"Tonnelles",0,8,8,0.0,43.615155,3.839466
2026-03-27,17:57:40,2026-03-27T17:57:40+01:00,STATION,"Parvis Jules Ferry - Gare Saint-Roch",4,4,8,0.5,43.603889,3.879362
2026-03-27,17:57:40,2026-03-27T17:57:40+01:00,STATION,"Pont de Lattes - Gare Saint-Roch",9,3,12,0.75,43.606036,3.882393
2026-03-27,17:57:40,2026-03-27T17:57:40+01:00,STATION,"Deux Ponts - Gare Saint-Roch",0,8,8,0.0,43.604319,3.880916
2026-03-27,17:57:40,2026-03-27T17:57:40+01:00,STATION,"Providence - Ovalie",3,5,8,0.375,43.588239,3.853421
2026-03-27,17:57:40,2026-03-27T17:57:40+01:00,STATION,"Pérols Etang de l Or",30,38,68,0.4411764705882353,43.558351,3.963412
2026-03-27,17:57:40,2026-03-27T17:57:40+01:00,STATION,"Albert 1er - Cathédrale",6,6,12,0.5,43.614005,3.873218
2026-03-27,17:57:40,2026-03-27T17:57:40+01:00,STATION,"Saint-Guilhem - Courreau",1,7,8,0.125,43.608996,3.872752
2026-03-27,17:57:40,2026-03-27T17:57:40+01:00,STATION,"Sud De France",1,7,8,0.125,43.59562,3.9235
2026-03-27,17:57:40,2026-03-27T17:57:40+01:00,STATION,"Comedie Baudin",0,8,8,0.0,43.608717,3.880787
2026-03-27,17:57:40,2026-03-27T17:57:40+01:00,STATION,"Jean de Beins",14,2,16,0.875,43.609857,3.883884
2026-03-27,18:52:49,2026-03-27T18:52:49+01:00,STATION,"Rue Jules Ferry - Gare Saint-Roch",7,5,12,0.5833333333333334,43.605366,3.881346
2026-03-27,18:52:49,2026-03-27T18:52:49+01:00,STATION,"Comédie",16,4,20,0.8,43.608148,3.878778
2026-03-27,18:52:49,2026-03-27T18:52:49+01:00,STATION,"Hôtel de Ville",10,6,16,0.625,43.599088,3.894866
2026-03-27,18:52:49,2026-03-27T18:52:49+01:00,STATION,"Corum",9,2,12,0.8333333333333334,43.613989,3.8816
2026-03-27,18:52:49,2026-03-27T18:52:49+01:00,STATION,"Place Albert 1er - St Charles",6,21,27,0.2222222222222222,43.616768,3.873375
2026-03-27,18:52:49,2026-03-27T18:52:49+01:00,STATION,"Foch",2,6,8,0.25,43.610989,3.873345
2026-03-27,18:52:49,2026-03-27T18:52:49+01:00,STATION,"Halles Castellane",0,12,12,0.0,43.609935,3.877208
2026-03-27,18:52:49,2026-03-27T18:52:49+01:00,STATION,"Observatoire",3,4,8,0.5,43.606301,3.87724
2026-03-27,18:52:49,2026-03-27T18:52:49+01:00,STATION,"Rondelet",8,8,16,0.5,43.603038,3.875796
2026-03-27,18:52:49,2026-03-27T18:52:49+01:00,STATION,"Plan Cabanes",5,7,12,0.4166666666666667,43.608491,3.868389
2026-03-27,18:52:49,2026-03-27T18:52:49+01:00,STATION,"Boutonnet",10,2,12,0.8333333333333334,43.622629,3.868375
2026-03-27,18:52:49,2026-03-27T18:52:49+01:00,STATION,"Emile Combes",8,0,8,1.0,43.616742,3.87998
2026-03-27,18:52:49,2026-03-27T18:52:49+01:00,STATION,"Beaux-Arts",6,10,16,0.375,43.616698,3.884981
2026-03-27,18:52:49,2026-03-27T18:52:49+01:00,STATION,"Les Aubes",2,6,8,0.25,43.618692,3.893844
2026-03-27,18:52:49,2026-03-27T18:52:49+01:00,STATION,"Antigone centre",5,7,12,0.4166666666666667,43.607942,3.890634
2026-03-27,18:52:49,2026-03-27T18:52:49+01:00,STATION,"Médiathèque Emile Zola",5,11,16,0.3125,43.608218,3.89314
2026-03-27,18:52:49,2026-03-27T18:52:49+01:00,STATION,"Nombre d Or",3,13,16,0.1875,43.607859,3.886644
2026-03-27,18:52:49,2026-03-27T18:52:49+01:00,STATION,"Louis Blanc",8,8,16,0.5,43.614642,3.877648
2026-03-27,18:52:49,2026-03-27T18:52:49+01:00,STATION,"Gambetta",6,2,8,0.75,43.607106,3.870693
2026-03-27,18:52:49,2026-03-27T18:52:49+01:00,STATION,"Port Marianne",13,3,16,0.8125,43.60032,3.89851
2026-03-27,18:52:49,2026-03-27T18:52:49+01:00,STATION,"Les Arceaux",8,0,8,1.0,43.612659,3.867734
2026-03-27,18:52:49,2026-03-27T18:52:49+01:00,STATION,"Cité Mion",1,5,8,0.375,43.601143,3.884373
2026-03-27,18:52:49,2026-03-27T18:52:49+01:00,STATION,"Nouveau Saint-Roch",6,2,8,0.75,43.599817,3.875757
2026-03-27,18:52:49,2026-03-27T18:52:49+01:00,STATION,"Renouvier",4,3,8,0.625,43.603553,3.867884
2026-03-27,18:52:49,2026-03-27T18:52:49+01:00,STATION,"Odysseum",0,8,8,0.0,43.603727,3.918979
2026-03-27,18:52:49,2026-03-27T18:52:49+01:00,STATION,"Saint-Denis",0,8,8,0.0,43.605021,3.875065
2026-03-27,18:52:49,2026-03-27T18:52:49+01:00,STATION,"Richter",8,8,16,0.5,43.603424,3.899263
2026-03-27,18:52:49,2026-03-27T18:52:49+01:00,STATION,"Charles Flahault",0,8,8,0.0,43.622038,3.86672
2026-03-27,18:52:49,2026-03-27T18:52:49+01:00,STATION,"Voltaire",4,4,8,0.5,43.603767,3.888659
2026-03-27,18:52:49,2026-03-27T18:52:49+01:00,STATION,"Prés d Arènes",2,6,8,0.25,43.59048,3.884611
2026-03-27,18:52:49,2026-03-27T18:52:49+01:00,STATION,"Garcia Lorca",6,2,8,0.75,43.590757,3.890616
2026-03-27,18:52:49,2026-03-27T18:52:49+01:00,STATION,"Vert Bois",5,11,16,0.3125,43.63543,3.871179
2026-03-27,18:52:49,2026-03-27T18:52:49+01:00,STATION,"Malbosc",2,6,8,0.25,43.633679,3.832861
2026-03-27,18:52:49,2026-03-27T18:52:49+01:00,STATION,"Occitanie",10,22,32,0.3125,43.635689,3.849597
2026-03-27,18:52:49,2026-03-27T18:52:49+01:00,STATION,"Fac des Sciences",9,15,24,0.375,43.631318,3.861299
2026-03-27,18:52:49,2026-03-27T18:52:49+01:00,STATION,"Fac de Lettres",5,7,12,0.4166666666666667,43.630437,3.869539
2026-03-27,18:52:49,2026-03-27T18:52:49+01:00,STATION,"Aiguelongue",3,4,8,0.5,43.626163,3.882492
2026-03-27,18:52:49,2026-03-27T18:52:49+01:00,STATION,"Jeu de Mail des Abbés",5,3,8,0.625,43.619701,3.883831
2026-03-27,18:52:49,2026-03-27T18:52:49+01:00,STATION,"Euromédecine",0,8,8,0.0,43.639119,3.828199
2026-03-27,18:52:49,2026-03-27T18:52:49+01:00,STATION,"Marie Caizergues",6,2,8,0.75,43.619871,3.873812
2026-03-27,18:52:49,2026-03-27T18:52:49+01:00,STATION,"Sabines",7,1,8,0.875,43.584211,3.860031
2026-03-27,18:52:49,2026-03-27T18:52:49+01:00,STATION,"Celleneuve",1,7,8,0.125,43.61467,3.832624
2026-03-27,18:52:49,2026-03-27T18:52:49+01:00,STATION,"Jardin de la Lironde",4,4,8,0.5,43.60585,3.911576
2026-03-27,18:52:49,2026-03-27T18:52:49+01:00,STATION,"Père Soulas",6,2,8,0.75,43.621983,3.855603
2026-03-27,18:52:49,2026-03-27T18:52:49+01:00,STATION,"Place Viala",2,6,8,0.25,43.616812,3.855075
2026-03-27,18:52:49,2026-03-27T18:52:49+01:00,STATION,"Hôtel du Département",2,6,8,0.25,43.621682,3.83477
2026-03-27,18:52:49,2026-03-27T18:52:49+01:00,STATION,"Tonnelles",0,8,8,0.0,43.615155,3.839466
2026-03-27,18:52:49,2026-03-27T18:52:49+01:00,STATION,"Parvis Jules Ferry - Gare Saint-Roch",5,3,8,0.625,43.603889,3.879362
2026-03-27,18:52:49,2026-03-27T18:52:49+01:00,STATION,"Pont de Lattes - Gare Saint-Roch",9,3,12,0.75,43.606036,3.882393
2026-03-27,18:52:49,2026-03-27T18:52:49+01:00,STATION,"Deux Ponts - Gare Saint-Roch",0,8,8,0.0,43.604319,3.880916
2026-03-27,18:52:49,2026-03-27T18:52:49+01:00,STATION,"Providence - Ovalie",3,5,8,0.375,43.588239,3.853421
2026-03-27,18:52:49,2026-03-27T18:52:49+01:00,STATION,"Pérols Etang de l Or",30,38,68,0.4411764705882353,43.558351,3.963412
2026-03-27,18:52:49,2026-03-27T18:52:49+01:00,STATION,"Albert 1er - Cathédrale",6,6,12,0.5,43.614005,3.873218
2026-03-27,18:52:49,2026-03-27T18:52:49+01:00,STATION,"Saint-Guilhem - Courreau",1,7,8,0.125,43.608996,3.872752
2026-03-27,18:52:49,2026-03-27T18:52:49+01:00,STATION,"Sud De France",1,7,8,0.125,43.59562,3.9235
2026-03-27,18:52:49,2026-03-27T18:52:49+01:00,STATION,"Comedie Baudin",0,8,8,0.0,43.608717,3.880787
2026-03-27,18:52:49,2026-03-27T18:52:49+01:00,STATION,"Jean de Beins",14,2,16,0.875,43.609857,3.883884
2026-03-27,19:58:05,2026-03-27T19:58:05+01:00,STATION,"Rue Jules Ferry - Gare Saint-Roch",7,5,12,0.5833333333333334,43.605366,3.881346
2026-03-27,19:58:05,2026-03-27T19:58:05+01:00,STATION,"Comédie",17,3,20,0.85,43.608148,3.878778
2026-03-27,19:58:05,2026-03-27T19:58:05+01:00,STATION,"Hôtel de Ville",10,6,16,0.625,43.599088,3.894866
2026-03-27,19:58:05,2026-03-27T19:58:05+01:00,STATION,"Corum",9,2,12,0.8333333333333334,43.613989,3.8816
2026-03-27,19:58:05,2026-03-27T19:58:05+01:00,STATION,"Place Albert 1er - St Charles",6,21,27,0.2222222222222222,43.616768,3.873375
2026-03-27,19:58:05,2026-03-27T19:58:05+01:00,STATION,"Foch",4,4,8,0.5,43.610989,3.873345
2026-03-27,19:58:05,2026-03-27T19:58:05+01:00,STATION,"Halles Castellane",0,12,12,0.0,43.609935,3.877208
2026-03-27,19:58:05,2026-03-27T19:58:05+01:00,STATION,"Observatoire",5,2,8,0.75,43.606301,3.87724
2026-03-27,19:58:05,2026-03-27T19:58:05+01:00,STATION,"Rondelet",8,8,16,0.5,43.603038,3.875796
2026-03-27,19:58:05,2026-03-27T19:58:05+01:00,STATION,"Plan Cabanes",3,9,12,0.25,43.608491,3.868389
2026-03-27,19:58:05,2026-03-27T19:58:05+01:00,STATION,"Boutonnet",11,1,12,0.9166666666666666,43.622629,3.868375
2026-03-27,19:58:05,2026-03-27T19:58:05+01:00,STATION,"Emile Combes",8,0,8,1.0,43.616742,3.87998
2026-03-27,19:58:05,2026-03-27T19:58:05+01:00,STATION,"Beaux-Arts",6,10,16,0.375,43.616698,3.884981
2026-03-27,19:58:05,2026-03-27T19:58:05+01:00,STATION,"Les Aubes",3,5,8,0.375,43.618692,3.893844
2026-03-27,19:58:05,2026-03-27T19:58:05+01:00,STATION,"Antigone centre",5,7,12,0.4166666666666667,43.607942,3.890634
2026-03-27,19:58:05,2026-03-27T19:58:05+01:00,STATION,"Médiathèque Emile Zola",5,11,16,0.3125,43.608218,3.89314
2026-03-27,19:58:05,2026-03-27T19:58:05+01:00,STATION,"Nombre d Or",4,12,16,0.25,43.607859,3.886644
2026-03-27,19:58:05,2026-03-27T19:58:05+01:00,STATION,"Louis Blanc",8,8,16,0.5,43.614642,3.877648
2026-03-27,19:58:05,2026-03-27T19:58:05+01:00,STATION,"Gambetta",6,2,8,0.75,43.607106,3.870693
2026-03-27,19:58:05,2026-03-27T19:58:05+01:00,STATION,"Port Marianne",11,5,16,0.6875,43.60032,3.89851
2026-03-27,19:58:05,2026-03-27T19:58:05+01:00,STATION,"Les Arceaux",8,0,8,1.0,43.612659,3.867734
2026-03-27,19:58:05,2026-03-27T19:58:05+01:00,STATION,"Cité Mion",1,5,8,0.375,43.601143,3.884373
2026-03-27,19:58:05,2026-03-27T19:58:05+01:00,STATION,"Nouveau Saint-Roch",6,2,8,0.75,43.599817,3.875757
2026-03-27,19:58:05,2026-03-27T19:58:05+01:00,STATION,"Renouvier",4,3,8,0.625,43.603553,3.867884
2026-03-27,19:58:05,2026-03-27T19:58:05+01:00,STATION,"Odysseum",0,8,8,0.0,43.603727,3.918979
2026-03-27,19:58:05,2026-03-27T19:58:05+01:00,STATION,"Saint-Denis",0,8,8,0.0,43.605021,3.875065
2026-03-27,19:58:05,2026-03-27T19:58:05+01:00,STATION,"Richter",9,7,16,0.5625,43.603424,3.899263
2026-03-27,19:58:05,2026-03-27T19:58:05+01:00,STATION,"Charles Flahault",1,7,8,0.125,43.622038,3.86672
2026-03-27,19:58:05,2026-03-27T19:58:05+01:00,STATION,"Voltaire",4,4,8,0.5,43.603767,3.888659
2026-03-27,19:58:05,2026-03-27T19:58:05+01:00,STATION,"Prés d Arènes",2,6,8,0.25,43.59048,3.884611
2026-03-27,19:58:05,2026-03-27T19:58:05+01:00,STATION,"Garcia Lorca",6,2,8,0.75,43.590757,3.890616
2026-03-27,19:58:05,2026-03-27T19:58:05+01:00,STATION,"Vert Bois",5,11,16,0.3125,43.63543,3.871179
2026-03-27,19:58:05,2026-03-27T19:58:05+01:00,STATION,"Malbosc",2,6,8,0.25,43.633679,3.832861
2026-03-27,19:58:05,2026-03-27T19:58:05+01:00,STATION,"Occitanie",9,23,32,0.28125,43.635689,3.849597
2026-03-27,19:58:05,2026-03-27T19:58:05+01:00,STATION,"Fac des Sciences",9,15,24,0.375,43.631318,3.861299
2026-03-27,19:58:05,2026-03-27T19:58:05+01:00,STATION,"Fac de Lettres",3,9,12,0.25,43.630437,3.869539
2026-03-27,19:58:05,2026-03-27T19:58:05+01:00,STATION,"Aiguelongue",4,3,8,0.625,43.626163,3.882492
2026-03-27,19:58:05,2026-03-27T19:58:05+01:00,STATION,"Jeu de Mail des Abbés",4,4,8,0.5,43.619701,3.883831
2026-03-27,19:58:05,2026-03-27T19:58:05+01:00,STATION,"Euromédecine",0,8,8,0.0,43.639119,3.828199
2026-03-27,19:58:05,2026-03-27T19:58:05+01:00,STATION,"Marie Caizergues",5,3,8,0.625,43.619871,3.873812
2026-03-27,19:58:05,2026-03-27T19:58:05+01:00,STATION,"Sabines",7,1,8,0.875,43.584211,3.860031
2026-03-27,19:58:05,2026-03-27T19:58:05+01:00,STATION,"Celleneuve",1,7,8,0.125,43.61467,3.832624
2026-03-27,19:58:05,2026-03-27T19:58:05+01:00,STATION,"Jardin de la Lironde",4,4,8,0.5,43.60585,3.911576
2026-03-27,19:58:05,2026-03-27T19:58:05+01:00,STATION,"Père Soulas",6,2,8,0.75,43.621983,3.855603
2026-03-27,19:58:05,2026-03-27T19:58:05+01:00,STATION,"Place Viala",2,6,8,0.25,43.616812,3.855075
2026-03-27,19:58:05,2026-03-27T19:58:05+01:00,STATION,"Hôtel du Département",2,6,8,0.25,43.621682,3.83477
2026-03-27,19:58:05,2026-03-27T19:58:05+01:00,STATION,"Tonnelles",0,8,8,0.0,43.615155,3.839466
2026-03-27,19:58:05,2026-03-27T19:58:05+01:00,STATION,"Parvis Jules Ferry - Gare Saint-Roch",5,3,8,0.625,43.603889,3.879362
2026-03-27,19:58:05,2026-03-27T19:58:05+01:00,STATION,"Pont de Lattes - Gare Saint-Roch",9,3,12,0.75,43.606036,3.882393
2026-03-27,19:58:05,2026-03-27T19:58:05+01:00,STATION,"Deux Ponts - Gare Saint-Roch",0,8,8,0.0,43.604319,3.880916
2026-03-27,19:58:05,2026-03-27T19:58:05+01:00,STATION,"Providence - Ovalie",3,5,8,0.375,43.588239,3.853421
2026-03-27,19:58:05,2026-03-27T19:58:05+01:00,STATION,"Pérols Etang de l Or",31,37,68,0.45588235294117646,43.558351,3.963412
2026-03-27,19:58:05,2026-03-27T19:58:05+01:00,STATION,"Albert 1er - Cathédrale",7,5,12,0.5833333333333334,43.614005,3.873218
2026-03-27,19:58:05,2026-03-27T19:58:05+01:00,STATION,"Saint-Guilhem - Courreau",1,7,8,0.125,43.608996,3.872752
2026-03-27,19:58:05,2026-03-27T19:58:05+01:00,STATION,"Sud De France",1,7,8,0.125,43.59562,3.9235
2026-03-27,19:58:05,2026-03-27T19:58:05+01:00,STATION,"Comedie Baudin",0,8,8,0.0,43.608717,3.880787
2026-03-27,19:58:05,2026-03-27T19:58:05+01:00,STATION,"Jean de Beins",14,2,16,0.875,43.609857,3.883884
2026-03-27,20:43:26,2026-03-27T20:43:26+01:00,STATION,"Rue Jules Ferry - Gare Saint-Roch",7,5,12,0.5833333333333334,43.605366,3.881346
2026-03-27,20:43:26,2026-03-27T20:43:26+01:00,STATION,"Comédie",17,3,20,0.85,43.608148,3.878778
2026-03-27,20:43:26,2026-03-27T20:43:26+01:00,STATION,"Hôtel de Ville",10,6,16,0.625,43.599088,3.894866
2026-03-27,20:43:26,2026-03-27T20:43:26+01:00,STATION,"Corum",9,2,12,0.8333333333333334,43.613989,3.8816
2026-03-27,20:43:26,2026-03-27T20:43:26+01:00,STATION,"Place Albert 1er - St Charles",6,21,27,0.2222222222222222,43.616768,3.873375
2026-03-27,20:43:26,2026-03-27T20:43:26+01:00,STATION,"Foch",3,5,8,0.375,43.610989,3.873345
2026-03-27,20:43:26,2026-03-27T20:43:26+01:00,STATION,"Halles Castellane",0,12,12,0.0,43.609935,3.877208
2026-03-27,20:43:26,2026-03-27T20:43:26+01:00,STATION,"Observatoire",5,2,8,0.75,43.606301,3.87724
2026-03-27,20:43:26,2026-03-27T20:43:26+01:00,STATION,"Rondelet",8,8,16,0.5,43.603038,3.875796
2026-03-27,20:43:26,2026-03-27T20:43:26+01:00,STATION,"Plan Cabanes",3,9,12,0.25,43.608491,3.868389
2026-03-27,20:43:26,2026-03-27T20:43:26+01:00,STATION,"Boutonnet",11,1,12,0.9166666666666666,43.622629,3.868375
2026-03-27,20:43:26,2026-03-27T20:43:26+01:00,STATION,"Emile Combes",8,0,8,1.0,43.616742,3.87998
2026-03-27,20:43:26,2026-03-27T20:43:26+01:00,STATION,"Beaux-Arts",6,10,16,0.375,43.616698,3.884981
2026-03-27,20:43:26,2026-03-27T20:43:26+01:00,STATION,"Les Aubes",2,6,8,0.25,43.618692,3.893844
2026-03-27,20:43:26,2026-03-27T20:43:26+01:00,STATION,"Antigone centre",5,7,12,0.4166666666666667,43.607942,3.890634
2026-03-27,20:43:26,2026-03-27T20:43:26+01:00,STATION,"Médiathèque Emile Zola",5,11,16,0.3125,43.608218,3.89314
2026-03-27,20:43:26,2026-03-27T20:43:26+01:00,STATION,"Nombre d Or",4,12,16,0.25,43.607859,3.886644
2026-03-27,20:43:26,2026-03-27T20:43:26+01:00,STATION,"Louis Blanc",8,8,16,0.5,43.614642,3.877648
2026-03-27,20:43:26,2026-03-27T20:43:26+01:00,STATION,"Gambetta",6,2,8,0.75,43.607106,3.870693
2026-03-27,20:43:26,2026-03-27T20:43:26+01:00,STATION,"Port Marianne",12,4,16,0.75,43.60032,3.89851
2026-03-27,20:43:26,2026-03-27T20:43:26+01:00,STATION,"Les Arceaux",8,0,8,1.0,43.612659,3.867734
2026-03-27,20:43:26,2026-03-27T20:43:26+01:00,STATION,"Cité Mion",1,5,8,0.375,43.601143,3.884373
2026-03-27,20:43:26,2026-03-27T20:43:26+01:00,STATION,"Nouveau Saint-Roch",6,2,8,0.75,43.599817,3.875757
2026-03-27,20:43:26,2026-03-27T20:43:26+01:00,STATION,"Renouvier",4,3,8,0.625,43.603553,3.867884
2026-03-27,20:43:26,2026-03-27T20:43:26+01:00,STATION,"Odysseum",0,8,8,0.0,43.603727,3.918979
2026-03-27,20:43:26,2026-03-27T20:43:26+01:00,STATION,"Saint-Denis",0,8,8,0.0,43.605021,3.875065
2026-03-27,20:43:26,2026-03-27T20:43:26+01:00,STATION,"Richter",9,7,16,0.5625,43.603424,3.899263
2026-03-27,20:43:26,2026-03-27T20:43:26+01:00,STATION,"Charles Flahault",1,7,8,0.125,43.622038,3.86672
2026-03-27,20:43:26,2026-03-27T20:43:26+01:00,STATION,"Voltaire",3,5,8,0.375,43.603767,3.888659
2026-03-27,20:43:26,2026-03-27T20:43:26+01:00,STATION,"Prés d Arènes",1,7,8,0.125,43.59048,3.884611
2026-03-27,20:43:26,2026-03-27T20:43:26+01:00,STATION,"Garcia Lorca",7,1,8,0.875,43.590757,3.890616
2026-03-27,20:43:26,2026-03-27T20:43:26+01:00,STATION,"Vert Bois",5,11,16,0.3125,43.63543,3.871179
2026-03-27,20:43:26,2026-03-27T20:43:26+01:00,STATION,"Malbosc",2,6,8,0.25,43.633679,3.832861
2026-03-27,20:43:26,2026-03-27T20:43:26+01:00,STATION,"Occitanie",9,23,32,0.28125,43.635689,3.849597
2026-03-27,20:43:26,2026-03-27T20:43:26+01:00,STATION,"Fac des Sciences",9,15,24,0.375,43.631318,3.861299
2026-03-27,20:43:26,2026-03-27T20:43:26+01:00,STATION,"Fac de Lettres",3,9,12,0.25,43.630437,3.869539
2026-03-27,20:43:26,2026-03-27T20:43:26+01:00,STATION,"Aiguelongue",4,3,8,0.625,43.626163,3.882492
2026-03-27,20:43:26,2026-03-27T20:43:26+01:00,STATION,"Jeu de Mail des Abbés",4,4,8,0.5,43.619701,3.883831
2026-03-27,20:43:26,2026-03-27T20:43:26+01:00,STATION,"Euromédecine",0,8,8,0.0,43.639119,3.828199
2026-03-27,20:43:26,2026-03-27T20:43:26+01:00,STATION,"Marie Caizergues",5,3,8,0.625,43.619871,3.873812
2026-03-27,20:43:26,2026-03-27T20:43:26+01:00,STATION,"Sabines",7,1,8,0.875,43.584211,3.860031
2026-03-27,20:43:26,2026-03-27T20:43:26+01:00,STATION,"Celleneuve",1,7,8,0.125,43.61467,3.832624
2026-03-27,20:43:26,2026-03-27T20:43:26+01:00,STATION,"Jardin de la Lironde",3,5,8,0.375,43.60585,3.911576
2026-03-27,20:43:26,2026-03-27T20:43:26+01:00,STATION,"Père Soulas",6,2,8,0.75,43.621983,3.855603
2026-03-27,20:43:26,2026-03-27T20:43:26+01:00,STATION,"Place Viala",3,5,8,0.375,43.616812,3.855075
2026-03-27,20:43:26,2026-03-27T20:43:26+01:00,STATION,"Hôtel du Département",2,6,8,0.25,43.621682,3.83477
2026-03-27,20:43:26,2026-03-27T20:43:26+01:00,STATION,"Tonnelles",0,8,8,0.0,43.615155,3.839466
2026-03-27,20:43:26,2026-03-27T20:43:26+01:00,STATION,"Parvis Jules Ferry - Gare Saint-Roch",5,3,8,0.625,43.603889,3.879362
2026-03-27,20:43:26,2026-03-27T20:43:26+01:00,STATION,"Pont de Lattes - Gare Saint-Roch",9,3,12,0.75,43.606036,3.882393
2026-03-27,20:43:26,2026-03-27T20:43:26+01:00,STATION,"Deux Ponts - Gare Saint-Roch",0,8,8,0.0,43.604319,3.880916
2026-03-27,20:43:26,2026-03-27T20:43:26+01:00,STATION,"Providence - Ovalie",3,5,8,0.375,43.588239,3.853421
2026-03-27,20:43:26,2026-03-27T20:43:26+01:00,STATION,"Pérols Etang de l Or",31,37,68,0.45588235294117646,43.558351,3.963412
2026-03-27,20:43:26,2026-03-27T20:43:26+01:00,STATION,"Albert 1er - Cathédrale",8,4,12,0.6666666666666666,43.614005,3.873218
2026-03-27,20:43:26,2026-03-27T20:43:26+01:00,STATION,"Saint-Guilhem - Courreau",1,7,8,0.125,43.608996,3.872752
2026-03-27,20:43:26,2026-03-27T20:43:26+01:00,STATION,"Sud De France",1,7,8,0.125,43.59562,3.9235
2026-03-27,20:43:26,2026-03-27T20:43:26+01:00,STATION,"Comedie Baudin",0,8,8,0.0,43.608717,3.880787
2026-03-27,20:43:26,2026-03-27T20:43:26+01:00,STATION,"Jean de Beins",14,2,16,0.875,43.609857,3.883884
2026-03-27,21:41:04,2026-03-27T21:41:04+01:00,STATION,"Rue Jules Ferry - Gare Saint-Roch",7,5,12,0.5833333333333334,43.605366,3.881346
2026-03-27,21:41:04,2026-03-27T21:41:04+01:00,STATION,"Comédie",18,2,20,0.9,43.608148,3.878778
2026-03-27,21:41:04,2026-03-27T21:41:04+01:00,STATION,"Hôtel de Ville",10,6,16,0.625,43.599088,3.894866
2026-03-27,21:41:04,2026-03-27T21:41:04+01:00,STATION,"Corum",10,1,12,0.9166666666666666,43.613989,3.8816
2026-03-27,21:41:04,2026-03-27T21:41:04+01:00,STATION,"Place Albert 1er - St Charles",5,22,27,0.18518518518518517,43.616768,3.873375
2026-03-27,21:41:04,2026-03-27T21:41:04+01:00,STATION,"Foch",3,5,8,0.375,43.610989,3.873345
2026-03-27,21:41:04,2026-03-27T21:41:04+01:00,STATION,"Halles Castellane",0,12,12,0.0,43.609935,3.877208
2026-03-27,21:41:04,2026-03-27T21:41:04+01:00,STATION,"Observatoire",5,2,8,0.75,43.606301,3.87724
2026-03-27,21:41:04,2026-03-27T21:41:04+01:00,STATION,"Rondelet",8,8,16,0.5,43.603038,3.875796
2026-03-27,21:41:04,2026-03-27T21:41:04+01:00,STATION,"Plan Cabanes",3,9,12,0.25,43.608491,3.868389
2026-03-27,21:41:04,2026-03-27T21:41:04+01:00,STATION,"Boutonnet",11,1,12,0.9166666666666666,43.622629,3.868375
2026-03-27,21:41:04,2026-03-27T21:41:04+01:00,STATION,"Emile Combes",8,0,8,1.0,43.616742,3.87998
2026-03-27,21:41:04,2026-03-27T21:41:04+01:00,STATION,"Beaux-Arts",6,10,16,0.375,43.616698,3.884981
2026-03-27,21:41:04,2026-03-27T21:41:04+01:00,STATION,"Les Aubes",2,6,8,0.25,43.618692,3.893844
2026-03-27,21:41:04,2026-03-27T21:41:04+01:00,STATION,"Antigone centre",5,7,12,0.4166666666666667,43.607942,3.890634
2026-03-27,21:41:04,2026-03-27T21:41:04+01:00,STATION,"Médiathèque Emile Zola",5,11,16,0.3125,43.608218,3.89314
2026-03-27,21:41:04,2026-03-27T21:41:04+01:00,STATION,"Nombre d Or",4,12,16,0.25,43.607859,3.886644
2026-03-27,21:41:04,2026-03-27T21:41:04+01:00,STATION,"Louis Blanc",8,8,16,0.5,43.614642,3.877648
2026-03-27,21:41:04,2026-03-27T21:41:04+01:00,STATION,"Gambetta",6,2,8,0.75,43.607106,3.870693
2026-03-27,21:41:04,2026-03-27T21:41:04+01:00,STATION,"Port Marianne",12,4,16,0.75,43.60032,3.89851
2026-03-27,21:41:04,2026-03-27T21:41:04+01:00,STATION,"Les Arceaux",8,0,8,1.0,43.612659,3.867734
2026-03-27,21:41:04,2026-03-27T21:41:04+01:00,STATION,"Cité Mion",1,5,8,0.375,43.601143,3.884373
2026-03-27,21:41:04,2026-03-27T21:41:04+01:00,STATION,"Nouveau Saint-Roch",7,1,8,0.875,43.599817,3.875757
2026-03-27,21:41:04,2026-03-27T21:41:04+01:00,STATION,"Renouvier",4,3,8,0.625,43.603553,3.867884
2026-03-27,21:41:04,2026-03-27T21:41:04+01:00,STATION,"Odysseum",0,8,8,0.0,43.603727,3.918979
2026-03-27,21:41:04,2026-03-27T21:41:04+01:00,STATION,"Saint-Denis",0,8,8,0.0,43.605021,3.875065
2026-03-27,21:41:04,2026-03-27T21:41:04+01:00,STATION,"Richter",9,7,16,0.5625,43.603424,3.899263
2026-03-27,21:41:04,2026-03-27T21:41:04+01:00,STATION,"Charles Flahault",1,7,8,0.125,43.622038,3.86672
2026-03-27,21:41:04,2026-03-27T21:41:04+01:00,STATION,"Voltaire",3,5,8,0.375,43.603767,3.888659
2026-03-27,21:41:04,2026-03-27T21:41:04+01:00,STATION,"Prés d Arènes",1,7,8,0.125,43.59048,3.884611
2026-03-27,21:41:04,2026-03-27T21:41:04+01:00,STATION,"Garcia Lorca",7,1,8,0.875,43.590757,3.890616
2026-03-27,21:41:04,2026-03-27T21:41:04+01:00,STATION,"Vert Bois",5,11,16,0.3125,43.63543,3.871179
2026-03-27,21:41:04,2026-03-27T21:41:04+01:00,STATION,"Malbosc",2,6,8,0.25,43.633679,3.832861
2026-03-27,21:41:04,2026-03-27T21:41:04+01:00,STATION,"Occitanie",9,23,32,0.28125,43.635689,3.849597
2026-03-27,21:41:04,2026-03-27T21:41:04+01:00,STATION,"Fac des Sciences",6,18,24,0.25,43.631318,3.861299
2026-03-27,21:41:04,2026-03-27T21:41:04+01:00,STATION,"Fac de Lettres",3,9,12,0.25,43.630437,3.869539
2026-03-27,21:41:04,2026-03-27T21:41:04+01:00,STATION,"Aiguelongue",7,0,8,1.0,43.626163,3.882492
2026-03-27,21:41:04,2026-03-27T21:41:04+01:00,STATION,"Jeu de Mail des Abbés",4,4,8,0.5,43.619701,3.883831
2026-03-27,21:41:04,2026-03-27T21:41:04+01:00,STATION,"Euromédecine",0,8,8,0.0,43.639119,3.828199
2026-03-27,21:41:04,2026-03-27T21:41:04+01:00,STATION,"Marie Caizergues",5,3,8,0.625,43.619871,3.873812
2026-03-27,21:41:04,2026-03-27T21:41:04+01:00,STATION,"Sabines",7,1,8,0.875,43.584211,3.860031
2026-03-27,21:41:04,2026-03-27T21:41:04+01:00,STATION,"Celleneuve",1,7,8,0.125,43.61467,3.832624
2026-03-27,21:41:04,2026-03-27T21:41:04+01:00,STATION,"Jardin de la Lironde",3,5,8,0.375,43.60585,3.911576
2026-03-27,21:41:04,2026-03-27T21:41:04+01:00,STATION,"Père Soulas",6,2,8,0.75,43.621983,3.855603
2026-03-27,21:41:04,2026-03-27T21:41:04+01:00,STATION,"Place Viala",2,6,8,0.25,43.616812,3.855075
2026-03-27,21:41:04,2026-03-27T21:41:04+01:00,STATION,"Hôtel du Département",2,6,8,0.25,43.621682,3.83477
2026-03-27,21:41:04,2026-03-27T21:41:04+01:00,STATION,"Tonnelles",0,8,8,0.0,43.615155,3.839466
2026-03-27,21:41:04,2026-03-27T21:41:04+01:00,STATION,"Parvis Jules Ferry - Gare Saint-Roch",5,3,8,0.625,43.603889,3.879362
2026-03-27,21:41:04,2026-03-27T21:41:04+01:00,STATION,"Pont de Lattes - Gare Saint-Roch",9,3,12,0.75,43.606036,3.882393
2026-03-27,21:41:04,2026-03-27T21:41:04+01:00,STATION,"Deux Ponts - Gare Saint-Roch",0,8,8,0.0,43.604319,3.880916
2026-03-27,21:41:04,2026-03-27T21:41:04+01:00,STATION,"Providence - Ovalie",3,5,8,0.375,43.588239,3.853421
2026-03-27,21:41:04,2026-03-27T21:41:04+01:00,STATION,"Pérols Etang de l Or",31,37,68,0.45588235294117646,43.558351,3.963412
2026-03-27,21:41:04,2026-03-27T21:41:04+01:00,STATION,"Albert 1er - Cathédrale",8,4,12,0.6666666666666666,43.614005,3.873218
2026-03-27,21:41:04,2026-03-27T21:41:04+01:00,STATION,"Saint-Guilhem - Courreau",0,8,8,0.0,43.608996,3.872752
2026-03-27,21:41:04,2026-03-27T21:41:04+01:00,STATION,"Sud De France",1,7,8,0.125,43.59562,3.9235
2026-03-27,21:41:04,2026-03-27T21:41:04+01:00,STATION,"Comedie Baudin",0,8,8,0.0,43.608717,3.880787
2026-03-27,21:41:04,2026-03-27T21:41:04+01:00,STATION,"Jean de Beins",14,2,16,0.875,43.609857,3.883884
2026-03-27,22:36:32,2026-03-27T22:36:32+01:00,STATION,"Rue Jules Ferry - Gare Saint-Roch",6,6,12,0.5,43.605366,3.881346
2026-03-27,22:36:32,2026-03-27T22:36:32+01:00,STATION,"Comédie",15,5,20,0.75,43.608148,3.878778
2026-03-27,22:36:32,2026-03-27T22:36:32+01:00,STATION,"Hôtel de Ville",10,6,16,0.625,43.599088,3.894866
2026-03-27,22:36:32,2026-03-27T22:36:32+01:00,STATION,"Corum",10,1,12,0.9166666666666666,43.613989,3.8816
2026-03-27,22:36:32,2026-03-27T22:36:32+01:00,STATION,"Place Albert 1er - St Charles",3,24,27,0.1111111111111111,43.616768,3.873375
2026-03-27,22:36:32,2026-03-27T22:36:32+01:00,STATION,"Foch",3,5,8,0.375,43.610989,3.873345
2026-03-27,22:36:32,2026-03-27T22:36:32+01:00,STATION,"Halles Castellane",0,12,12,0.0,43.609935,3.877208
2026-03-27,22:36:32,2026-03-27T22:36:32+01:00,STATION,"Observatoire",5,2,8,0.75,43.606301,3.87724
2026-03-27,22:36:32,2026-03-27T22:36:32+01:00,STATION,"Rondelet",8,8,16,0.5,43.603038,3.875796
2026-03-27,22:36:32,2026-03-27T22:36:32+01:00,STATION,"Plan Cabanes",4,8,12,0.3333333333333333,43.608491,3.868389
2026-03-27,22:36:32,2026-03-27T22:36:32+01:00,STATION,"Boutonnet",11,1,12,0.9166666666666666,43.622629,3.868375
2026-03-27,22:36:32,2026-03-27T22:36:32+01:00,STATION,"Emile Combes",8,0,8,1.0,43.616742,3.87998
2026-03-27,22:36:32,2026-03-27T22:36:32+01:00,STATION,"Beaux-Arts",6,10,16,0.375,43.616698,3.884981
2026-03-27,22:36:32,2026-03-27T22:36:32+01:00,STATION,"Les Aubes",2,6,8,0.25,43.618692,3.893844
2026-03-27,22:36:32,2026-03-27T22:36:32+01:00,STATION,"Antigone centre",5,7,12,0.4166666666666667,43.607942,3.890634
2026-03-27,22:36:32,2026-03-27T22:36:32+01:00,STATION,"Médiathèque Emile Zola",5,11,16,0.3125,43.608218,3.89314
2026-03-27,22:36:32,2026-03-27T22:36:32+01:00,STATION,"Nombre d Or",4,12,16,0.25,43.607859,3.886644
2026-03-27,22:36:32,2026-03-27T22:36:32+01:00,STATION,"Louis Blanc",8,8,16,0.5,43.614642,3.877648
2026-03-27,22:36:32,2026-03-27T22:36:32+01:00,STATION,"Gambetta",6,2,8,0.75,43.607106,3.870693
2026-03-27,22:36:32,2026-03-27T22:36:32+01:00,STATION,"Port Marianne",12,4,16,0.75,43.60032,3.89851
2026-03-27,22:36:32,2026-03-27T22:36:32+01:00,STATION,"Les Arceaux",8,0,8,1.0,43.612659,3.867734
2026-03-27,22:36:32,2026-03-27T22:36:32+01:00,STATION,"Cité Mion",1,5,8,0.375,43.601143,3.884373
2026-03-27,22:36:32,2026-03-27T22:36:32+01:00,STATION,"Nouveau Saint-Roch",7,1,8,0.875,43.599817,3.875757
2026-03-27,22:36:32,2026-03-27T22:36:32+01:00,STATION,"Renouvier",4,3,8,0.625,43.603553,3.867884
2026-03-27,22:36:32,2026-03-27T22:36:32+01:00,STATION,"Odysseum",0,8,8,0.0,43.603727,3.918979
2026-03-27,22:36:32,2026-03-27T22:36:32+01:00,STATION,"Saint-Denis",0,8,8,0.0,43.605021,3.875065
2026-03-27,22:36:32,2026-03-27T22:36:32+01:00,STATION,"Richter",9,7,16,0.5625,43.603424,3.899263
2026-03-27,22:36:32,2026-03-27T22:36:32+01:00,STATION,"Charles Flahault",1,7,8,0.125,43.622038,3.86672
2026-03-27,22:36:32,2026-03-27T22:36:32+01:00,STATION,"Voltaire",3,5,8,0.375,43.603767,3.888659
2026-03-27,22:36:32,2026-03-27T22:36:32+01:00,STATION,"Prés d Arènes",1,7,8,0.125,43.59048,3.884611
2026-03-27,22:36:32,2026-03-27T22:36:32+01:00,STATION,"Garcia Lorca",7,1,8,0.875,43.590757,3.890616
2026-03-27,22:36:32,2026-03-27T22:36:32+01:00,STATION,"Vert Bois",5,11,16,0.3125,43.63543,3.871179
2026-03-27,22:36:32,2026-03-27T22:36:32+01:00,STATION,"Malbosc",2,6,8,0.25,43.633679,3.832861
2026-03-27,22:36:32,2026-03-27T22:36:32+01:00,STATION,"Occitanie",9,23,32,0.28125,43.635689,3.849597
2026-03-27,22:36:32,2026-03-27T22:36:32+01:00,STATION,"Fac des Sciences",6,18,24,0.25,43.631318,3.861299
2026-03-27,22:36:32,2026-03-27T22:36:32+01:00,STATION,"Fac de Lettres",3,9,12,0.25,43.630437,3.869539
2026-03-27,22:36:32,2026-03-27T22:36:32+01:00,STATION,"Aiguelongue",7,0,8,1.0,43.626163,3.882492
2026-03-27,22:36:32,2026-03-27T22:36:32+01:00,STATION,"Jeu de Mail des Abbés",4,4,8,0.5,43.619701,3.883831
2026-03-27,22:36:32,2026-03-27T22:36:32+01:00,STATION,"Euromédecine",0,8,8,0.0,43.639119,3.828199
2026-03-27,22:36:32,2026-03-27T22:36:32+01:00,STATION,"Marie Caizergues",5,3,8,0.625,43.619871,3.873812
2026-03-27,22:36:32,2026-03-27T22:36:32+01:00,STATION,"Sabines",7,1,8,0.875,43.584211,3.860031
2026-03-27,22:36:32,2026-03-27T22:36:32+01:00,STATION,"Celleneuve",1,7,8,0.125,43.61467,3.832624
2026-03-27,22:36:32,2026-03-27T22:36:32+01:00,STATION,"Jardin de la Lironde",3,5,8,0.375,43.60585,3.911576
2026-03-27,22:36:32,2026-03-27T22:36:32+01:00,STATION,"Père Soulas",6,2,8,0.75,43.621983,3.855603
2026-03-27,22:36:32,2026-03-27T22:36:32+01:00,STATION,"Place Viala",3,5,8,0.375,43.616812,3.855075
2026-03-27,22:36:32,2026-03-27T22:36:32+01:00,STATION,"Hôtel du Département",2,6,8,0.25,43.621682,3.83477
2026-03-27,22:36:32,2026-03-27T22:36:32+01:00,STATION,"Tonnelles",0,8,8,0.0,43.615155,3.839466
2026-03-27,22:36:32,2026-03-27T22:36:32+01:00,STATION,"Parvis Jules Ferry - Gare Saint-Roch",5,3,8,0.625,43.603889,3.879362
2026-03-27,22:36:32,2026-03-27T22:36:32+01:00,STATION,"Pont de Lattes - Gare Saint-Roch",9,3,12,0.75,43.606036,3.882393
2026-03-27,22:36:32,2026-03-27T22:36:32+01:00,STATION,"Deux Ponts - Gare Saint-Roch",0,8,8,0.0,43.604319,3.880916
2026-03-27,22:36:32,2026-03-27T22:36:32+01:00,STATION,"Providence - Ovalie",3,5,8,0.375,43.588239,3.853421
2026-03-27,22:36:32,2026-03-27T22:36:32+01:00,STATION,"Pérols Etang de l Or",31,37,68,0.45588235294117646,43.558351,3.963412
2026-03-27,22:36:32,2026-03-27T22:36:32+01:00,STATION,"Albert 1er - Cathédrale",8,4,12,0.6666666666666666,43.614005,3.873218
2026-03-27,22:36:32,2026-03-27T22:36:32+01:00,STATION,"Saint-Guilhem - Courreau",0,8,8,0.0,43.608996,3.872752
2026-03-27,22:36:32,2026-03-27T22:36:32+01:00,STATION,"Sud De France",1,7,8,0.125,43.59562,3.9235
2026-03-27,22:36:32,2026-03-27T22:36:32+01:00,STATION,"Comedie Baudin",0,8,8,0.0,43.608717,3.880787
2026-03-27,22:36:32,2026-03-27T22:36:32+01:00,STATION,"Jean de Beins",14,2,16,0.875,43.609857,3.883884
2026-03-27,23:34:39,2026-03-27T23:34:39+01:00,STATION,"Rue Jules Ferry - Gare Saint-Roch",2,10,12,0.16666666666666666,43.605366,3.881346
2026-03-27,23:34:39,2026-03-27T23:34:39+01:00,STATION,"Comédie",15,5,20,0.75,43.608148,3.878778
2026-03-27,23:34:39,2026-03-27T23:34:39+01:00,STATION,"Hôtel de Ville",12,4,16,0.75,43.599088,3.894866
2026-03-27,23:34:39,2026-03-27T23:34:39+01:00,STATION,"Corum",8,3,12,0.75,43.613989,3.8816
2026-03-27,23:34:39,2026-03-27T23:34:39+01:00,STATION,"Place Albert 1er - St Charles",3,24,27,0.1111111111111111,43.616768,3.873375
2026-03-27,23:34:39,2026-03-27T23:34:39+01:00,STATION,"Foch",3,5,8,0.375,43.610989,3.873345
2026-03-27,23:34:39,2026-03-27T23:34:39+01:00,STATION,"Halles Castellane",0,12,12,0.0,43.609935,3.877208
2026-03-27,23:34:39,2026-03-27T23:34:39+01:00,STATION,"Observatoire",5,2,8,0.75,43.606301,3.87724
2026-03-27,23:34:39,2026-03-27T23:34:39+01:00,STATION,"Rondelet",8,8,16,0.5,43.603038,3.875796
2026-03-27,23:34:39,2026-03-27T23:34:39+01:00,STATION,"Plan Cabanes",3,9,12,0.25,43.608491,3.868389
2026-03-27,23:34:39,2026-03-27T23:34:39+01:00,STATION,"Boutonnet",11,1,12,0.9166666666666666,43.622629,3.868375
2026-03-27,23:34:39,2026-03-27T23:34:39+01:00,STATION,"Emile Combes",8,0,8,1.0,43.616742,3.87998
2026-03-27,23:34:39,2026-03-27T23:34:39+01:00,STATION,"Beaux-Arts",6,10,16,0.375,43.616698,3.884981
2026-03-27,23:34:39,2026-03-27T23:34:39+01:00,STATION,"Les Aubes",2,6,8,0.25,43.618692,3.893844
2026-03-27,23:34:39,2026-03-27T23:34:39+01:00,STATION,"Antigone centre",6,6,12,0.5,43.607942,3.890634
2026-03-27,23:34:39,2026-03-27T23:34:39+01:00,STATION,"Médiathèque Emile Zola",5,11,16,0.3125,43.608218,3.89314
2026-03-27,23:34:39,2026-03-27T23:34:39+01:00,STATION,"Nombre d Or",4,12,16,0.25,43.607859,3.886644
2026-03-27,23:34:39,2026-03-27T23:34:39+01:00,STATION,"Louis Blanc",8,8,16,0.5,43.614642,3.877648
2026-03-27,23:34:39,2026-03-27T23:34:39+01:00,STATION,"Gambetta",6,2,8,0.75,43.607106,3.870693
2026-03-27,23:34:39,2026-03-27T23:34:39+01:00,STATION,"Port Marianne",12,4,16,0.75,43.60032,3.89851
2026-03-27,23:34:39,2026-03-27T23:34:39+01:00,STATION,"Les Arceaux",8,0,8,1.0,43.612659,3.867734
2026-03-27,23:34:39,2026-03-27T23:34:39+01:00,STATION,"Cité Mion",1,5,8,0.375,43.601143,3.884373
2026-03-27,23:34:39,2026-03-27T23:34:39+01:00,STATION,"Nouveau Saint-Roch",7,1,8,0.875,43.599817,3.875757
2026-03-27,23:34:39,2026-03-27T23:34:39+01:00,STATION,"Renouvier",4,3,8,0.625,43.603553,3.867884
2026-03-27,23:34:39,2026-03-27T23:34:39+01:00,STATION,"Odysseum",0,8,8,0.0,43.603727,3.918979
2026-03-27,23:34:39,2026-03-27T23:34:39+01:00,STATION,"Saint-Denis",0,8,8,0.0,43.605021,3.875065
2026-03-27,23:34:39,2026-03-27T23:34:39+01:00,STATION,"Richter",9,7,16,0.5625,43.603424,3.899263
2026-03-27,23:34:39,2026-03-27T23:34:39+01:00,STATION,"Charles Flahault",1,7,8,0.125,43.622038,3.86672
2026-03-27,23:34:39,2026-03-27T23:34:39+01:00,STATION,"Voltaire",3,5,8,0.375,43.603767,3.888659
2026-03-27,23:34:39,2026-03-27T23:34:39+01:00,STATION,"Prés d Arènes",4,4,8,0.5,43.59048,3.884611
2026-03-27,23:34:39,2026-03-27T23:34:39+01:00,STATION,"Garcia Lorca",7,1,8,0.875,43.590757,3.890616
2026-03-27,23:34:39,2026-03-27T23:34:39+01:00,STATION,"Vert Bois",5,11,16,0.3125,43.63543,3.871179
2026-03-27,23:34:39,2026-03-27T23:34:39+01:00,STATION,"Malbosc",2,6,8,0.25,43.633679,3.832861
2026-03-27,23:34:39,2026-03-27T23:34:39+01:00,STATION,"Occitanie",9,23,32,0.28125,43.635689,3.849597
2026-03-27,23:34:39,2026-03-27T23:34:39+01:00,STATION,"Fac des Sciences",6,18,24,0.25,43.631318,3.861299
2026-03-27,23:34:39,2026-03-27T23:34:39+01:00,STATION,"Fac de Lettres",6,6,12,0.5,43.630437,3.869539
2026-03-27,23:34:39,2026-03-27T23:34:39+01:00,STATION,"Aiguelongue",7,0,8,1.0,43.626163,3.882492
2026-03-27,23:34:39,2026-03-27T23:34:39+01:00,STATION,"Jeu de Mail des Abbés",4,4,8,0.5,43.619701,3.883831
2026-03-27,23:34:39,2026-03-27T23:34:39+01:00,STATION,"Euromédecine",0,8,8,0.0,43.639119,3.828199
2026-03-27,23:34:39,2026-03-27T23:34:39+01:00,STATION,"Marie Caizergues",5,3,8,0.625,43.619871,3.873812
2026-03-27,23:34:39,2026-03-27T23:34:39+01:00,STATION,"Sabines",7,1,8,0.875,43.584211,3.860031
2026-03-27,23:34:39,2026-03-27T23:34:39+01:00,STATION,"Celleneuve",0,8,8,0.0,43.61467,3.832624
2026-03-27,23:34:39,2026-03-27T23:34:39+01:00,STATION,"Jardin de la Lironde",3,5,8,0.375,43.60585,3.911576
2026-03-27,23:34:39,2026-03-27T23:34:39+01:00,STATION,"Père Soulas",6,2,8,0.75,43.621983,3.855603
2026-03-27,23:34:39,2026-03-27T23:34:39+01:00,STATION,"Place Viala",3,5,8,0.375,43.616812,3.855075
2026-03-27,23:34:39,2026-03-27T23:34:39+01:00,STATION,"Hôtel du Département",2,6,8,0.25,43.621682,3.83477
2026-03-27,23:34:39,2026-03-27T23:34:39+01:00,STATION,"Tonnelles",2,6,8,0.25,43.615155,3.839466
2026-03-27,23:34:39,2026-03-27T23:34:39+01:00,STATION,"Parvis Jules Ferry - Gare Saint-Roch",5,3,8,0.625,43.603889,3.879362
2026-03-27,23:34:39,2026-03-27T23:34:39+01:00,STATION,"Pont de Lattes - Gare Saint-Roch",9,3,12,0.75,43.606036,3.882393
2026-03-27,23:34:39,2026-03-27T23:34:39+01:00,STATION,"Deux Ponts - Gare Saint-Roch",0,8,8,0.0,43.604319,3.880916
2026-03-27,23:34:39,2026-03-27T23:34:39+01:00,STATION,"Providence - Ovalie",3,5,8,0.375,43.588239,3.853421
2026-03-27,23:34:39,2026-03-27T23:34:39+01:00,STATION,"Pérols Etang de l Or",31,37,68,0.45588235294117646,43.558351,3.963412
2026-03-27,23:34:39,2026-03-27T23:34:39+01:00,STATION,"Albert 1er - Cathédrale",8,4,12,0.6666666666666666,43.614005,3.873218
2026-03-27,23:34:39,2026-03-27T23:34:39+01:00,STATION,"Saint-Guilhem - Courreau",0,8,8,0.0,43.608996,3.872752
2026-03-27,23:34:39,2026-03-27T23:34:39+01:00,STATION,"Sud De France",1,7,8,0.125,43.59562,3.9235
2026-03-27,23:34:39,2026-03-27T23:34:39+01:00,STATION,"Comedie Baudin",0,8,8,0.0,43.608717,3.880787
2026-03-27,23:34:39,2026-03-27T23:34:39+01:00,STATION,"Jean de Beins",14,2,16,0.875,43.609857,3.883884
